Model,PLSComponents,Preprocessing,Modality,Split,Repeat,Fold,SampleId,ActualGroup,PredictedGroup,Correct,DecisionMargin
PLS-DA,10,AsLS + SNV,250 nm,1,1,1,3,G1,G4,False,0.8919165369791403
PLS-DA,10,AsLS + SNV,250 nm,1,1,1,4,G2,G9,False,0.01063056559818959
PLS-DA,10,AsLS + SNV,250 nm,1,1,1,6,G2,G3,False,0.3317587751781172
PLS-DA,10,AsLS + SNV,250 nm,1,1,1,7,G2,G2,True,0.15518545529309202
PLS-DA,10,AsLS + SNV,250 nm,1,1,1,9,G3,G3,True,0.25952389806315607
PLS-DA,10,AsLS + SNV,250 nm,1,1,1,11,G3,G4,False,0.23192998203751147
PLS-DA,10,AsLS + SNV,250 nm,1,1,1,14,G4,G4,True,0.6061903161136639
PLS-DA,10,AsLS + SNV,250 nm,1,1,1,17,G4,G6,False,0.2219234306440927
PLS-DA,10,AsLS + SNV,250 nm,1,1,1,18,G4,G8,False,0.8509567066510151
PLS-DA,10,AsLS + SNV,250 nm,1,1,1,21,G5,G1,False,1.3380473890584115
PLS-DA,10,AsLS + SNV,250 nm,1,1,1,22,G5,G4,False,0.021025160417668
PLS-DA,10,AsLS + SNV,250 nm,1,1,1,24,G6,G3,False,0.7761391014766066
PLS-DA,10,AsLS + SNV,250 nm,1,1,1,27,G6,G9,False,0.02017668038835585
PLS-DA,10,AsLS + SNV,250 nm,1,1,1,28,G6,G3,False,0.01529490198883876
PLS-DA,10,AsLS + SNV,250 nm,1,1,1,32,G6,G6,True,0.07314767841620573
PLS-DA,10,AsLS + SNV,250 nm,1,1,1,34,G7,G9,False,0.06772517885314339
PLS-DA,10,AsLS + SNV,250 nm,1,1,1,37,G8,G3,False,0.7246186271008382
PLS-DA,10,AsLS + SNV,250 nm,1,1,1,39,G9,G1,False,0.11227424956896842
PLS-DA,10,AsLS + SNV,250 nm,1,1,1,42,G10,G2,False,0.15741582184151776
PLS-DA,10,AsLS + SNV,250 nm,1,1,1,44,G11,G11,True,0.12980290755941892
PLS-DA,10,AsLS + SNV,250 nm,2,1,2,1,G1,G2,False,0.2543818987369868
PLS-DA,10,AsLS + SNV,250 nm,2,1,2,5,G2,G2,True,0.11922654787303849
PLS-DA,10,AsLS + SNV,250 nm,2,1,2,8,G2,G6,False,0.21802674140825895
PLS-DA,10,AsLS + SNV,250 nm,2,1,2,10,G3,G8,False,0.1380308217872857
PLS-DA,10,AsLS + SNV,250 nm,2,1,2,12,G3,G4,False,0.03280471255621781
PLS-DA,10,AsLS + SNV,250 nm,2,1,2,13,G4,G6,False,0.015166357918163786
PLS-DA,10,AsLS + SNV,250 nm,2,1,2,15,G4,G1,False,0.2651511314154801
PLS-DA,10,AsLS + SNV,250 nm,2,1,2,16,G4,G1,False,0.2193749206495661
PLS-DA,10,AsLS + SNV,250 nm,2,1,2,19,G4,G3,False,0.3775851329267368
PLS-DA,10,AsLS + SNV,250 nm,2,1,2,20,G5,G3,False,0.13074834488323184
PLS-DA,10,AsLS + SNV,250 nm,2,1,2,23,G5,G11,False,0.2773963985656831
PLS-DA,10,AsLS + SNV,250 nm,2,1,2,26,G6,G6,True,0.5593354773067636
PLS-DA,10,AsLS + SNV,250 nm,2,1,2,30,G6,G6,True,0.33303229056968875
PLS-DA,10,AsLS + SNV,250 nm,2,1,2,31,G6,G3,False,0.11240891058477753
PLS-DA,10,AsLS + SNV,250 nm,2,1,2,33,G6,G6,True,0.2808888927620098
PLS-DA,10,AsLS + SNV,250 nm,2,1,2,36,G7,G8,False,0.053198681827006544
PLS-DA,10,AsLS + SNV,250 nm,2,1,2,38,G8,G4,False,0.494933652227474
PLS-DA,10,AsLS + SNV,250 nm,2,1,2,40,G9,G2,False,0.05348540505527266
PLS-DA,10,AsLS + SNV,250 nm,2,1,2,41,G10,G11,False,0.04910083734374082
PLS-DA,10,AsLS + SNV,250 nm,2,1,2,43,G11,G11,True,0.872011162417302
PLS-DA,10,AsLS + SNV,250 nm,3,2,1,1,G1,G6,False,0.20633127717327382
PLS-DA,10,AsLS + SNV,250 nm,3,2,1,4,G2,G8,False,0.06336110383849397
PLS-DA,10,AsLS + SNV,250 nm,3,2,1,6,G2,G2,True,0.3817688829047402
PLS-DA,10,AsLS + SNV,250 nm,3,2,1,8,G2,G2,True,0.3750746023775055
PLS-DA,10,AsLS + SNV,250 nm,3,2,1,9,G3,G6,False,0.053460219588855495
PLS-DA,10,AsLS + SNV,250 nm,3,2,1,12,G3,G4,False,0.34518193883753334
PLS-DA,10,AsLS + SNV,250 nm,3,2,1,13,G4,G3,False,1.2629766746657842
PLS-DA,10,AsLS + SNV,250 nm,3,2,1,18,G4,G4,True,0.5529822045918324
PLS-DA,10,AsLS + SNV,250 nm,3,2,1,19,G4,G3,False,0.10579075618477218
PLS-DA,10,AsLS + SNV,250 nm,3,2,1,20,G5,G6,False,0.35374795400947623
PLS-DA,10,AsLS + SNV,250 nm,3,2,1,23,G5,G11,False,0.4230768413277195
PLS-DA,10,AsLS + SNV,250 nm,3,2,1,24,G6,G3,False,0.07627187490145848
PLS-DA,10,AsLS + SNV,250 nm,3,2,1,30,G6,G2,False,0.11992880651976912
PLS-DA,10,AsLS + SNV,250 nm,3,2,1,32,G6,G2,False,0.3120399015405335
PLS-DA,10,AsLS + SNV,250 nm,3,2,1,33,G6,G4,False,0.16103280237204798
PLS-DA,10,AsLS + SNV,250 nm,3,2,1,36,G7,G8,False,0.10272030887248912
PLS-DA,10,AsLS + SNV,250 nm,3,2,1,38,G8,G4,False,0.25930403770539007
PLS-DA,10,AsLS + SNV,250 nm,3,2,1,40,G9,G7,False,0.022184059577929405
PLS-DA,10,AsLS + SNV,250 nm,3,2,1,42,G10,G2,False,0.3804410848234954
PLS-DA,10,AsLS + SNV,250 nm,3,2,1,43,G11,G11,True,0.9653785166015281
PLS-DA,10,AsLS + SNV,250 nm,4,2,2,3,G1,G8,False,0.4195664235073381
PLS-DA,10,AsLS + SNV,250 nm,4,2,2,5,G2,G2,True,0.10020107431456726
PLS-DA,10,AsLS + SNV,250 nm,4,2,2,7,G2,G2,True,0.5637616129964997
PLS-DA,10,AsLS + SNV,250 nm,4,2,2,10,G3,G4,False,0.29073516258133175
PLS-DA,10,AsLS + SNV,250 nm,4,2,2,11,G3,G4,False,0.7865465562761741
PLS-DA,10,AsLS + SNV,250 nm,4,2,2,14,G4,G8,False,0.47831779079728465
PLS-DA,10,AsLS + SNV,250 nm,4,2,2,15,G4,G8,False,0.1861273732980775
PLS-DA,10,AsLS + SNV,250 nm,4,2,2,16,G4,G8,False,0.3316839701775869
PLS-DA,10,AsLS + SNV,250 nm,4,2,2,17,G4,G4,True,0.2832485471030338
PLS-DA,10,AsLS + SNV,250 nm,4,2,2,21,G5,G1,False,1.3278315458544174
PLS-DA,10,AsLS + SNV,250 nm,4,2,2,22,G5,G4,False,0.5057822457607315
PLS-DA,10,AsLS + SNV,250 nm,4,2,2,26,G6,G5,False,0.38947735985428145
PLS-DA,10,AsLS + SNV,250 nm,4,2,2,27,G6,G5,False,0.08167565534033
PLS-DA,10,AsLS + SNV,250 nm,4,2,2,28,G6,G5,False,0.2899358736825198
PLS-DA,10,AsLS + SNV,250 nm,4,2,2,31,G6,G4,False,0.6938318251323983
PLS-DA,10,AsLS + SNV,250 nm,4,2,2,34,G7,G2,False,0.0563655312435451
PLS-DA,10,AsLS + SNV,250 nm,4,2,2,37,G8,G6,False,0.1670257236697401
PLS-DA,10,AsLS + SNV,250 nm,4,2,2,39,G9,G4,False,0.07450823827169828
PLS-DA,10,AsLS + SNV,250 nm,4,2,2,41,G10,G2,False,0.00936858809892549
PLS-DA,10,AsLS + SNV,250 nm,4,2,2,44,G11,G11,True,0.15316976198547477
PLS-DA,10,AsLS + SNV,250 nm,5,3,1,1,G1,G2,False,0.029030520019539263
PLS-DA,10,AsLS + SNV,250 nm,5,3,1,5,G2,G10,False,0.09021794847029746
PLS-DA,10,AsLS + SNV,250 nm,5,3,1,6,G2,G2,True,0.25305172433934187
PLS-DA,10,AsLS + SNV,250 nm,5,3,1,8,G2,G6,False,0.26092167046878323
PLS-DA,10,AsLS + SNV,250 nm,5,3,1,11,G3,G4,False,0.3067625619802754
PLS-DA,10,AsLS + SNV,250 nm,5,3,1,12,G3,G6,False,0.029299657152458303
PLS-DA,10,AsLS + SNV,250 nm,5,3,1,13,G4,G3,False,0.17637728224652194
PLS-DA,10,AsLS + SNV,250 nm,5,3,1,15,G4,G4,True,0.339164716473613
PLS-DA,10,AsLS + SNV,250 nm,5,3,1,18,G4,G8,False,0.6680367221827883
PLS-DA,10,AsLS + SNV,250 nm,5,3,1,21,G5,G1,False,1.6688098826058448
PLS-DA,10,AsLS + SNV,250 nm,5,3,1,22,G5,G6,False,0.07731840361366782
PLS-DA,10,AsLS + SNV,250 nm,5,3,1,27,G6,G6,True,0.1450766287128331
PLS-DA,10,AsLS + SNV,250 nm,5,3,1,28,G6,G5,False,0.11027220399836174
PLS-DA,10,AsLS + SNV,250 nm,5,3,1,30,G6,G6,True,0.5787434667334446
PLS-DA,10,AsLS + SNV,250 nm,5,3,1,32,G6,G6,True,0.39987918991347027
PLS-DA,10,AsLS + SNV,250 nm,5,3,1,34,G7,G9,False,0.029773335267494705
PLS-DA,10,AsLS + SNV,250 nm,5,3,1,37,G8,G6,False,0.10008200683265056
PLS-DA,10,AsLS + SNV,250 nm,5,3,1,39,G9,G9,True,0.3969592746593044
PLS-DA,10,AsLS + SNV,250 nm,5,3,1,41,G10,G10,True,0.1684355473993584
PLS-DA,10,AsLS + SNV,250 nm,5,3,1,43,G11,G11,True,0.015082119147424522
PLS-DA,10,AsLS + SNV,250 nm,6,3,2,3,G1,G4,False,0.6413680330436974
PLS-DA,10,AsLS + SNV,250 nm,6,3,2,4,G2,G8,False,0.1031831574715914
PLS-DA,10,AsLS + SNV,250 nm,6,3,2,7,G2,G2,True,0.7103504798266759
PLS-DA,10,AsLS + SNV,250 nm,6,3,2,9,G3,G6,False,0.12187853384113012
PLS-DA,10,AsLS + SNV,250 nm,6,3,2,10,G3,G4,False,0.09268329624934113
PLS-DA,10,AsLS + SNV,250 nm,6,3,2,14,G4,G4,True,0.5376700431410724
PLS-DA,10,AsLS + SNV,250 nm,6,3,2,16,G4,G4,True,0.7366067535279154
PLS-DA,10,AsLS + SNV,250 nm,6,3,2,17,G4,G3,False,0.44973547067076
PLS-DA,10,AsLS + SNV,250 nm,6,3,2,19,G4,G3,False,0.3168318220598932
PLS-DA,10,AsLS + SNV,250 nm,6,3,2,20,G5,G6,False,0.5656843120285331
PLS-DA,10,AsLS + SNV,250 nm,6,3,2,23,G5,G11,False,0.06392826212723263
PLS-DA,10,AsLS + SNV,250 nm,6,3,2,24,G6,G6,True,0.1465093695744244
PLS-DA,10,AsLS + SNV,250 nm,6,3,2,26,G6,G6,True,0.598646468939781
PLS-DA,10,AsLS + SNV,250 nm,6,3,2,31,G6,G3,False,0.10533319396149465
PLS-DA,10,AsLS + SNV,250 nm,6,3,2,33,G6,G6,True,0.3900620043390419
PLS-DA,10,AsLS + SNV,250 nm,6,3,2,36,G7,G6,False,0.047524488385164376
PLS-DA,10,AsLS + SNV,250 nm,6,3,2,38,G8,G4,False,0.02137475936740496
PLS-DA,10,AsLS + SNV,250 nm,6,3,2,40,G9,G2,False,0.008648849668178304
PLS-DA,10,AsLS + SNV,250 nm,6,3,2,42,G10,G2,False,0.32261677674292055
PLS-DA,10,AsLS + SNV,250 nm,6,3,2,44,G11,G11,True,0.3183224268704065
PLS-DA,10,AsLS + SNV,250 nm,7,4,1,1,G1,G9,False,0.0582568710345851
PLS-DA,10,AsLS + SNV,250 nm,7,4,1,5,G2,G10,False,0.012178655066525046
PLS-DA,10,AsLS + SNV,250 nm,7,4,1,6,G2,G2,True,0.05799587038877485
PLS-DA,10,AsLS + SNV,250 nm,7,4,1,7,G2,G2,True,0.1619844009310168
PLS-DA,10,AsLS + SNV,250 nm,7,4,1,9,G3,G5,False,0.057623638377460956
PLS-DA,10,AsLS + SNV,250 nm,7,4,1,12,G3,G4,False,0.00461165283830961
PLS-DA,10,AsLS + SNV,250 nm,7,4,1,13,G4,G3,False,0.8673412785235138
PLS-DA,10,AsLS + SNV,250 nm,7,4,1,15,G4,G4,True,0.07016990572561976
PLS-DA,10,AsLS + SNV,250 nm,7,4,1,19,G4,G3,False,0.36181273760221777
PLS-DA,10,AsLS + SNV,250 nm,7,4,1,21,G5,G9,False,0.49305342899324023
PLS-DA,10,AsLS + SNV,250 nm,7,4,1,22,G5,G3,False,0.06966243400707584
PLS-DA,10,AsLS + SNV,250 nm,7,4,1,24,G6,G3,False,0.021272683561683436
PLS-DA,10,AsLS + SNV,250 nm,7,4,1,26,G6,G5,False,0.11094002173085271
PLS-DA,10,AsLS + SNV,250 nm,7,4,1,32,G6,G6,True,0.08182595159801126
PLS-DA,10,AsLS + SNV,250 nm,7,4,1,33,G6,G4,False,0.10162260902940029
PLS-DA,10,AsLS + SNV,250 nm,7,4,1,36,G7,G6,False,0.03348170757948976
PLS-DA,10,AsLS + SNV,250 nm,7,4,1,38,G8,G4,False,0.3121716135679736
PLS-DA,10,AsLS + SNV,250 nm,7,4,1,39,G9,G9,True,0.42923504897923814
PLS-DA,10,AsLS + SNV,250 nm,7,4,1,41,G10,G10,True,0.03997064628072006
PLS-DA,10,AsLS + SNV,250 nm,7,4,1,44,G11,G11,True,0.2333626267986273
PLS-DA,10,AsLS + SNV,250 nm,8,4,2,3,G1,G4,False,0.826994925580109
PLS-DA,10,AsLS + SNV,250 nm,8,4,2,4,G2,G3,False,0.08326127165820782
PLS-DA,10,AsLS + SNV,250 nm,8,4,2,8,G2,G6,False,0.31665179793680187
PLS-DA,10,AsLS + SNV,250 nm,8,4,2,10,G3,G4,False,0.23251699588353153
PLS-DA,10,AsLS + SNV,250 nm,8,4,2,11,G3,G4,False,0.4445213140369676
PLS-DA,10,AsLS + SNV,250 nm,8,4,2,14,G4,G4,True,0.4966449983277656
PLS-DA,10,AsLS + SNV,250 nm,8,4,2,16,G4,G4,True,0.9066550699327813
PLS-DA,10,AsLS + SNV,250 nm,8,4,2,17,G4,G4,True,0.5152712145513602
PLS-DA,10,AsLS + SNV,250 nm,8,4,2,18,G4,G8,False,0.8851061635546776
PLS-DA,10,AsLS + SNV,250 nm,8,4,2,20,G5,G3,False,0.16569980082766517
PLS-DA,10,AsLS + SNV,250 nm,8,4,2,23,G5,G11,False,0.13518689767975345
PLS-DA,10,AsLS + SNV,250 nm,8,4,2,27,G6,G6,True,0.2007271831195894
PLS-DA,10,AsLS + SNV,250 nm,8,4,2,28,G6,G6,True,0.14809872445519678
PLS-DA,10,AsLS + SNV,250 nm,8,4,2,30,G6,G6,True,0.7001066299921803
PLS-DA,10,AsLS + SNV,250 nm,8,4,2,31,G6,G4,False,0.16315865260682938
PLS-DA,10,AsLS + SNV,250 nm,8,4,2,34,G7,G6,False,0.03423974950353842
PLS-DA,10,AsLS + SNV,250 nm,8,4,2,37,G8,G4,False,0.12318050685959048
PLS-DA,10,AsLS + SNV,250 nm,8,4,2,40,G9,G3,False,0.3037878825032609
PLS-DA,10,AsLS + SNV,250 nm,8,4,2,42,G10,G2,False,0.23067208992106042
PLS-DA,10,AsLS + SNV,250 nm,8,4,2,43,G11,G11,True,0.4629787576277598
PLS-DA,10,AsLS + SNV,250 nm,9,5,1,1,G1,G9,False,0.371231418939639
PLS-DA,10,AsLS + SNV,250 nm,9,5,1,4,G2,G9,False,0.16468497795126052
PLS-DA,10,AsLS + SNV,250 nm,9,5,1,5,G2,G10,False,0.6834724514822784
PLS-DA,10,AsLS + SNV,250 nm,9,5,1,6,G2,G2,True,0.30266927933748644
PLS-DA,10,AsLS + SNV,250 nm,9,5,1,9,G3,G6,False,0.11206993600464904
PLS-DA,10,AsLS + SNV,250 nm,9,5,1,12,G3,G4,False,0.15317308688621611
PLS-DA,10,AsLS + SNV,250 nm,9,5,1,13,G4,G3,False,0.7495884364505132
PLS-DA,10,AsLS + SNV,250 nm,9,5,1,14,G4,G4,True,0.3125103874706195
PLS-DA,10,AsLS + SNV,250 nm,9,5,1,19,G4,G3,False,0.18453838074522028
PLS-DA,10,AsLS + SNV,250 nm,9,5,1,20,G5,G6,False,0.37999715035890064
PLS-DA,10,AsLS + SNV,250 nm,9,5,1,21,G5,G10,False,0.05955125449361498
PLS-DA,10,AsLS + SNV,250 nm,9,5,1,24,G6,G6,True,0.06156005147093624
PLS-DA,10,AsLS + SNV,250 nm,9,5,1,26,G6,G6,True,0.3565866504681394
PLS-DA,10,AsLS + SNV,250 nm,9,5,1,32,G6,G2,False,0.0026267912274969274
PLS-DA,10,AsLS + SNV,250 nm,9,5,1,33,G6,G6,True,0.12803064644823542
PLS-DA,10,AsLS + SNV,250 nm,9,5,1,34,G7,G6,False,0.4034539153272303
PLS-DA,10,AsLS + SNV,250 nm,9,5,1,38,G8,G4,False,0.25660832127872435
PLS-DA,10,AsLS + SNV,250 nm,9,5,1,39,G9,G9,True,0.7989717037387056
PLS-DA,10,AsLS + SNV,250 nm,9,5,1,42,G10,G10,True,0.05825995201829742
PLS-DA,10,AsLS + SNV,250 nm,9,5,1,43,G11,G11,True,0.38118425364218755
PLS-DA,10,AsLS + SNV,250 nm,10,5,2,3,G1,G4,False,0.9797171966506899
PLS-DA,10,AsLS + SNV,250 nm,10,5,2,7,G2,G2,True,0.3640914415095353
PLS-DA,10,AsLS + SNV,250 nm,10,5,2,8,G2,G6,False,0.340916949473292
PLS-DA,10,AsLS + SNV,250 nm,10,5,2,10,G3,G4,False,0.32931697195656584
PLS-DA,10,AsLS + SNV,250 nm,10,5,2,11,G3,G4,False,0.6607712393997281
PLS-DA,10,AsLS + SNV,250 nm,10,5,2,15,G4,G4,True,0.9460524743507841
PLS-DA,10,AsLS + SNV,250 nm,10,5,2,16,G4,G4,True,0.908863252444974
PLS-DA,10,AsLS + SNV,250 nm,10,5,2,17,G4,G4,True,0.6336391621650538
PLS-DA,10,AsLS + SNV,250 nm,10,5,2,18,G4,G8,False,0.9294222339675386
PLS-DA,10,AsLS + SNV,250 nm,10,5,2,22,G5,G4,False,0.5117569981446608
PLS-DA,10,AsLS + SNV,250 nm,10,5,2,23,G5,G6,False,0.11977320686672183
PLS-DA,10,AsLS + SNV,250 nm,10,5,2,27,G6,G6,True,0.2346447559115138
PLS-DA,10,AsLS + SNV,250 nm,10,5,2,28,G6,G6,True,0.018822396328392554
PLS-DA,10,AsLS + SNV,250 nm,10,5,2,30,G6,G6,True,0.37932050932756634
PLS-DA,10,AsLS + SNV,250 nm,10,5,2,31,G6,G4,False,0.6625801789560721
PLS-DA,10,AsLS + SNV,250 nm,10,5,2,36,G7,G2,False,0.026229140510928506
PLS-DA,10,AsLS + SNV,250 nm,10,5,2,37,G8,G6,False,0.020499649733046077
PLS-DA,10,AsLS + SNV,250 nm,10,5,2,40,G9,G3,False,0.07899263442467508
PLS-DA,10,AsLS + SNV,250 nm,10,5,2,41,G10,G2,False,0.2308911915968861
PLS-DA,10,AsLS + SNV,250 nm,10,5,2,44,G11,G11,True,0.26393625893007
PLS-DA,10,AsLS + SNV,250 nm,11,6,1,3,G1,G4,False,0.6596351607279479
PLS-DA,10,AsLS + SNV,250 nm,11,6,1,4,G2,G9,False,0.005771194643311439
PLS-DA,10,AsLS + SNV,250 nm,11,6,1,6,G2,G2,True,0.08318748550502986
PLS-DA,10,AsLS + SNV,250 nm,11,6,1,8,G2,G6,False,0.5945280426785368
PLS-DA,10,AsLS + SNV,250 nm,11,6,1,9,G3,G6,False,0.21760625904648911
PLS-DA,10,AsLS + SNV,250 nm,11,6,1,10,G3,G4,False,0.1263553271341653
PLS-DA,10,AsLS + SNV,250 nm,11,6,1,14,G4,G4,True,0.10241853751768337
PLS-DA,10,AsLS + SNV,250 nm,11,6,1,15,G4,G4,True,0.7335266548358536
PLS-DA,10,AsLS + SNV,250 nm,11,6,1,17,G4,G3,False,0.053693324521334684
PLS-DA,10,AsLS + SNV,250 nm,11,6,1,20,G5,G1,False,0.009837188599320645
PLS-DA,10,AsLS + SNV,250 nm,11,6,1,22,G5,G6,False,0.011450047465003
PLS-DA,10,AsLS + SNV,250 nm,11,6,1,26,G6,G9,False,0.015898657275604133
PLS-DA,10,AsLS + SNV,250 nm,11,6,1,27,G6,G9,False,0.008876709647357317
PLS-DA,10,AsLS + SNV,250 nm,11,6,1,28,G6,G1,False,0.0969923177886764
PLS-DA,10,AsLS + SNV,250 nm,11,6,1,30,G6,G6,True,0.7352206725718393
PLS-DA,10,AsLS + SNV,250 nm,11,6,1,36,G7,G9,False,0.03255201652137957
PLS-DA,10,AsLS + SNV,250 nm,11,6,1,38,G8,G4,False,0.24844941196154013
PLS-DA,10,AsLS + SNV,250 nm,11,6,1,39,G9,G9,True,0.0265498265507616
PLS-DA,10,AsLS + SNV,250 nm,11,6,1,42,G10,G2,False,0.12098462818550243
PLS-DA,10,AsLS + SNV,250 nm,11,6,1,44,G11,G11,True,0.20308008130370236
PLS-DA,10,AsLS + SNV,250 nm,12,6,2,1,G1,G9,False,0.05930063556471449
PLS-DA,10,AsLS + SNV,250 nm,12,6,2,5,G2,G10,False,0.018182399581126274
PLS-DA,10,AsLS + SNV,250 nm,12,6,2,7,G2,G2,True,0.36116778373554065
PLS-DA,10,AsLS + SNV,250 nm,12,6,2,11,G3,G5,False,0.47298773812017614
PLS-DA,10,AsLS + SNV,250 nm,12,6,2,12,G3,G6,False,0.016839669639418353
PLS-DA,10,AsLS + SNV,250 nm,12,6,2,13,G4,G3,False,0.25362133481553073
PLS-DA,10,AsLS + SNV,250 nm,12,6,2,16,G4,G4,True,0.2759144719228835
PLS-DA,10,AsLS + SNV,250 nm,12,6,2,18,G4,G8,False,0.8397496223885357
PLS-DA,10,AsLS + SNV,250 nm,12,6,2,19,G4,G5,False,0.35170395289365597
PLS-DA,10,AsLS + SNV,250 nm,12,6,2,21,G5,G10,False,0.30799548851864533
PLS-DA,10,AsLS + SNV,250 nm,12,6,2,23,G5,G11,False,0.4075464409492929
PLS-DA,10,AsLS + SNV,250 nm,12,6,2,24,G6,G3,False,0.41720907434928256
PLS-DA,10,AsLS + SNV,250 nm,12,6,2,31,G6,G5,False,0.3698161114898868
PLS-DA,10,AsLS + SNV,250 nm,12,6,2,32,G6,G2,False,0.008019539946408027
PLS-DA,10,AsLS + SNV,250 nm,12,6,2,33,G6,G6,True,0.12642630741999838
PLS-DA,10,AsLS + SNV,250 nm,12,6,2,34,G7,G6,False,0.48410397850474957
PLS-DA,10,AsLS + SNV,250 nm,12,6,2,37,G8,G3,False,0.6000882884232639
PLS-DA,10,AsLS + SNV,250 nm,12,6,2,40,G9,G2,False,0.022055921818766783
PLS-DA,10,AsLS + SNV,250 nm,12,6,2,41,G10,G10,True,0.11770727263902553
PLS-DA,10,AsLS + SNV,250 nm,12,6,2,43,G11,G11,True,0.8945896403353777
PLS-DA,10,AsLS + SNV,250 nm,13,7,1,3,G1,G4,False,0.508023755846466
PLS-DA,10,AsLS + SNV,250 nm,13,7,1,5,G2,G2,True,0.02596575413187352
PLS-DA,10,AsLS + SNV,250 nm,13,7,1,6,G2,G2,True,0.07481983200994591
PLS-DA,10,AsLS + SNV,250 nm,13,7,1,8,G2,G6,False,0.28465235655708576
PLS-DA,10,AsLS + SNV,250 nm,13,7,1,9,G3,G6,False,0.18353096927047013
PLS-DA,10,AsLS + SNV,250 nm,13,7,1,10,G3,G4,False,0.33731967810242036
PLS-DA,10,AsLS + SNV,250 nm,13,7,1,14,G4,G4,True,0.37279815299820057
PLS-DA,10,AsLS + SNV,250 nm,13,7,1,15,G4,G4,True,0.3502754106717575
PLS-DA,10,AsLS + SNV,250 nm,13,7,1,16,G4,G4,True,0.3843654406272623
PLS-DA,10,AsLS + SNV,250 nm,13,7,1,20,G5,G6,False,0.684613522129867
PLS-DA,10,AsLS + SNV,250 nm,13,7,1,22,G5,G3,False,0.05662821677164587
PLS-DA,10,AsLS + SNV,250 nm,13,7,1,24,G6,G6,True,0.10548147948492415
PLS-DA,10,AsLS + SNV,250 nm,13,7,1,26,G6,G6,True,0.40802015017465754
PLS-DA,10,AsLS + SNV,250 nm,13,7,1,31,G6,G4,False,0.3436737244061686
PLS-DA,10,AsLS + SNV,250 nm,13,7,1,33,G6,G6,True,0.4079222786838652
PLS-DA,10,AsLS + SNV,250 nm,13,7,1,36,G7,G9,False,0.005259088381323884
PLS-DA,10,AsLS + SNV,250 nm,13,7,1,37,G8,G4,False,0.1951900929783582
PLS-DA,10,AsLS + SNV,250 nm,13,7,1,39,G9,G9,True,0.17913568331530005
PLS-DA,10,AsLS + SNV,250 nm,13,7,1,41,G10,G10,True,0.12147221196384095
PLS-DA,10,AsLS + SNV,250 nm,13,7,1,43,G11,G11,True,0.17242017971544898
PLS-DA,10,AsLS + SNV,250 nm,14,7,2,1,G1,G9,False,0.18196718251602587
PLS-DA,10,AsLS + SNV,250 nm,14,7,2,4,G2,G8,False,0.06971658739749187
PLS-DA,10,AsLS + SNV,250 nm,14,7,2,7,G2,G2,True,0.750617941244656
PLS-DA,10,AsLS + SNV,250 nm,14,7,2,11,G3,G5,False,0.11273666683410483
PLS-DA,10,AsLS + SNV,250 nm,14,7,2,12,G3,G6,False,0.33009937696029823
PLS-DA,10,AsLS + SNV,250 nm,14,7,2,13,G4,G3,False,0.04428114537032879
PLS-DA,10,AsLS + SNV,250 nm,14,7,2,17,G4,G6,False,1.0466360147978482
PLS-DA,10,AsLS + SNV,250 nm,14,7,2,18,G4,G6,False,0.37579210261032064
PLS-DA,10,AsLS + SNV,250 nm,14,7,2,19,G4,G6,False,0.03511861490042645
PLS-DA,10,AsLS + SNV,250 nm,14,7,2,21,G5,G1,False,0.17527647815354186
PLS-DA,10,AsLS + SNV,250 nm,14,7,2,23,G5,G11,False,0.056889753906362306
PLS-DA,10,AsLS + SNV,250 nm,14,7,2,27,G6,G7,False,0.01138222263122185
PLS-DA,10,AsLS + SNV,250 nm,14,7,2,28,G6,G6,True,0.266428227059163
PLS-DA,10,AsLS + SNV,250 nm,14,7,2,30,G6,G6,True,0.376712264528167
PLS-DA,10,AsLS + SNV,250 nm,14,7,2,32,G6,G2,False,0.108901592849806
PLS-DA,10,AsLS + SNV,250 nm,14,7,2,34,G7,G7,True,0.0859352479777542
PLS-DA,10,AsLS + SNV,250 nm,14,7,2,38,G8,G6,False,0.33378118303576193
PLS-DA,10,AsLS + SNV,250 nm,14,7,2,40,G9,G3,False,0.041334138409868326
PLS-DA,10,AsLS + SNV,250 nm,14,7,2,42,G10,G2,False,0.2063325379340376
PLS-DA,10,AsLS + SNV,250 nm,14,7,2,44,G11,G11,True,0.4030661835485623
PLS-DA,10,AsLS + SNV,250 nm,15,8,1,3,G1,G4,False,0.9567168400699463
PLS-DA,10,AsLS + SNV,250 nm,15,8,1,5,G2,G10,False,0.31858420833959883
PLS-DA,10,AsLS + SNV,250 nm,15,8,1,6,G2,G3,False,0.008596857538643476
PLS-DA,10,AsLS + SNV,250 nm,15,8,1,8,G2,G6,False,0.20397321194277662
PLS-DA,10,AsLS + SNV,250 nm,15,8,1,9,G3,G3,True,0.012464071013954303
PLS-DA,10,AsLS + SNV,250 nm,15,8,1,11,G3,G4,False,0.29581310591213755
PLS-DA,10,AsLS + SNV,250 nm,15,8,1,16,G4,G4,True,0.9604771103738832
PLS-DA,10,AsLS + SNV,250 nm,15,8,1,18,G4,G8,False,0.8452986084540464
PLS-DA,10,AsLS + SNV,250 nm,15,8,1,19,G4,G4,True,0.26422898229417197
PLS-DA,10,AsLS + SNV,250 nm,15,8,1,20,G5,G6,False,0.39340874115680835
PLS-DA,10,AsLS + SNV,250 nm,15,8,1,23,G5,G11,False,0.14172246608917483
PLS-DA,10,AsLS + SNV,250 nm,15,8,1,24,G6,G3,False,0.42033258869462964
PLS-DA,10,AsLS + SNV,250 nm,15,8,1,30,G6,G6,True,0.030100695928305166
PLS-DA,10,AsLS + SNV,250 nm,15,8,1,31,G6,G4,False,0.3323340096774622
PLS-DA,10,AsLS + SNV,250 nm,15,8,1,33,G6,G6,True,0.0890022765089673
PLS-DA,10,AsLS + SNV,250 nm,15,8,1,36,G7,G9,False,0.06043732192221857
PLS-DA,10,AsLS + SNV,250 nm,15,8,1,37,G8,G3,False,0.4075163190728115
PLS-DA,10,AsLS + SNV,250 nm,15,8,1,39,G9,G1,False,0.0018429608883974158
PLS-DA,10,AsLS + SNV,250 nm,15,8,1,42,G10,G10,True,0.09777682770946383
PLS-DA,10,AsLS + SNV,250 nm,15,8,1,44,G11,G11,True,0.5266114465555403
PLS-DA,10,AsLS + SNV,250 nm,16,8,2,1,G1,G9,False,0.05154467673091312
PLS-DA,10,AsLS + SNV,250 nm,16,8,2,4,G2,G8,False,0.014550034427052883
PLS-DA,10,AsLS + SNV,250 nm,16,8,2,7,G2,G2,True,0.640549695787329
PLS-DA,10,AsLS + SNV,250 nm,16,8,2,10,G3,G8,False,0.04421245062606677
PLS-DA,10,AsLS + SNV,250 nm,16,8,2,12,G3,G6,False,0.5382576087649216
PLS-DA,10,AsLS + SNV,250 nm,16,8,2,13,G4,G7,False,0.1570632696673523
PLS-DA,10,AsLS + SNV,250 nm,16,8,2,14,G4,G4,True,0.02046224681687442
PLS-DA,10,AsLS + SNV,250 nm,16,8,2,15,G4,G1,False,0.09554661386109797
PLS-DA,10,AsLS + SNV,250 nm,16,8,2,17,G4,G6,False,0.5810800034479319
PLS-DA,10,AsLS + SNV,250 nm,16,8,2,21,G5,G2,False,0.022317608044471582
PLS-DA,10,AsLS + SNV,250 nm,16,8,2,22,G5,G3,False,0.004283444456041452
PLS-DA,10,AsLS + SNV,250 nm,16,8,2,26,G6,G5,False,0.2560104219918802
PLS-DA,10,AsLS + SNV,250 nm,16,8,2,27,G6,G7,False,0.13948942054880586
PLS-DA,10,AsLS + SNV,250 nm,16,8,2,28,G6,G5,False,0.5893683378304779
PLS-DA,10,AsLS + SNV,250 nm,16,8,2,32,G6,G6,True,0.2115109028398779
PLS-DA,10,AsLS + SNV,250 nm,16,8,2,34,G7,G7,True,0.27638076807659295
PLS-DA,10,AsLS + SNV,250 nm,16,8,2,38,G8,G4,False,0.4861488858088881
PLS-DA,10,AsLS + SNV,250 nm,16,8,2,40,G9,G7,False,0.21600678846852311
PLS-DA,10,AsLS + SNV,250 nm,16,8,2,41,G10,G2,False,0.512938840107299
PLS-DA,10,AsLS + SNV,250 nm,16,8,2,43,G11,G11,True,0.07104232481545558
PLS-DA,10,AsLS + SNV,250 nm,17,9,1,1,G1,G9,False,0.09739167513752817
PLS-DA,10,AsLS + SNV,250 nm,17,9,1,5,G2,G10,False,0.337592263553122
PLS-DA,10,AsLS + SNV,250 nm,17,9,1,6,G2,G3,False,0.2557674274816216
PLS-DA,10,AsLS + SNV,250 nm,17,9,1,7,G2,G10,False,0.23769431218320025
PLS-DA,10,AsLS + SNV,250 nm,17,9,1,9,G3,G5,False,0.05401953989276287
PLS-DA,10,AsLS + SNV,250 nm,17,9,1,10,G3,G6,False,0.06504627541684294
PLS-DA,10,AsLS + SNV,250 nm,17,9,1,13,G4,G6,False,0.32921654248609056
PLS-DA,10,AsLS + SNV,250 nm,17,9,1,15,G4,G4,True,0.11160069571975811
PLS-DA,10,AsLS + SNV,250 nm,17,9,1,18,G4,G8,False,0.7266438397589139
PLS-DA,10,AsLS + SNV,250 nm,17,9,1,21,G5,G3,False,0.45038441311477717
PLS-DA,10,AsLS + SNV,250 nm,17,9,1,23,G5,G11,False,0.537717699122474
PLS-DA,10,AsLS + SNV,250 nm,17,9,1,27,G6,G6,True,0.18919256608491125
PLS-DA,10,AsLS + SNV,250 nm,17,9,1,31,G6,G4,False,0.26313139881718
PLS-DA,10,AsLS + SNV,250 nm,17,9,1,32,G6,G2,False,0.05303688381257615
PLS-DA,10,AsLS + SNV,250 nm,17,9,1,33,G6,G6,True,0.007489854827740228
PLS-DA,10,AsLS + SNV,250 nm,17,9,1,36,G7,G9,False,0.026179793941929097
PLS-DA,10,AsLS + SNV,250 nm,17,9,1,37,G8,G6,False,0.22534026882572844
PLS-DA,10,AsLS + SNV,250 nm,17,9,1,39,G9,G4,False,0.10190310813286607
PLS-DA,10,AsLS + SNV,250 nm,17,9,1,41,G10,G10,True,0.48168806806285197
PLS-DA,10,AsLS + SNV,250 nm,17,9,1,43,G11,G11,True,0.9759757990809795
PLS-DA,10,AsLS + SNV,250 nm,18,9,2,3,G1,G4,False,0.8097162948996741
PLS-DA,10,AsLS + SNV,250 nm,18,9,2,4,G2,G8,False,0.0650301964699729
PLS-DA,10,AsLS + SNV,250 nm,18,9,2,8,G2,G6,False,0.23347773182709697
PLS-DA,10,AsLS + SNV,250 nm,18,9,2,11,G3,G6,False,0.26336422399687065
PLS-DA,10,AsLS + SNV,250 nm,18,9,2,12,G3,G6,False,0.6329022260324203
PLS-DA,10,AsLS + SNV,250 nm,18,9,2,14,G4,G4,True,0.24995616602453602
PLS-DA,10,AsLS + SNV,250 nm,18,9,2,16,G4,G4,True,0.7004110858889576
PLS-DA,10,AsLS + SNV,250 nm,18,9,2,17,G4,G6,False,0.8537473651043777
PLS-DA,10,AsLS + SNV,250 nm,18,9,2,19,G4,G6,False,0.4575505478488015
PLS-DA,10,AsLS + SNV,250 nm,18,9,2,20,G5,G3,False,0.6726239499197866
PLS-DA,10,AsLS + SNV,250 nm,18,9,2,22,G5,G6,False,0.4890555107914842
PLS-DA,10,AsLS + SNV,250 nm,18,9,2,24,G6,G3,False,0.515616528948762
PLS-DA,10,AsLS + SNV,250 nm,18,9,2,26,G6,G6,True,0.3739483867602788
PLS-DA,10,AsLS + SNV,250 nm,18,9,2,28,G6,G1,False,0.031332318890128996
PLS-DA,10,AsLS + SNV,250 nm,18,9,2,30,G6,G6,True,0.9068656645080512
PLS-DA,10,AsLS + SNV,250 nm,18,9,2,34,G7,G6,False,0.4063849812922131
PLS-DA,10,AsLS + SNV,250 nm,18,9,2,38,G8,G4,False,0.05352234260544153
PLS-DA,10,AsLS + SNV,250 nm,18,9,2,40,G9,G3,False,0.14806446310954618
PLS-DA,10,AsLS + SNV,250 nm,18,9,2,42,G10,G2,False,0.17240979273052404
PLS-DA,10,AsLS + SNV,250 nm,18,9,2,44,G11,G11,True,0.2049355300955797
PLS-DA,10,AsLS + SNV,250 nm,19,10,1,3,G1,G4,False,0.9192596951975938
PLS-DA,10,AsLS + SNV,250 nm,19,10,1,4,G2,G8,False,0.023067633233788132
PLS-DA,10,AsLS + SNV,250 nm,19,10,1,5,G2,G10,False,0.06817935266544906
PLS-DA,10,AsLS + SNV,250 nm,19,10,1,6,G2,G2,True,0.01849668518827874
PLS-DA,10,AsLS + SNV,250 nm,19,10,1,9,G3,G6,False,0.09559795186368283
PLS-DA,10,AsLS + SNV,250 nm,19,10,1,11,G3,G4,False,0.0659912175917442
PLS-DA,10,AsLS + SNV,250 nm,19,10,1,13,G4,G3,False,0.8033527997158547
PLS-DA,10,AsLS + SNV,250 nm,19,10,1,14,G4,G4,True,0.5762608533862044
PLS-DA,10,AsLS + SNV,250 nm,19,10,1,17,G4,G4,True,0.23478817718449418
PLS-DA,10,AsLS + SNV,250 nm,19,10,1,20,G5,G6,False,0.0419941983293185
PLS-DA,10,AsLS + SNV,250 nm,19,10,1,21,G5,G1,False,1.039419583156681
PLS-DA,10,AsLS + SNV,250 nm,19,10,1,27,G6,G6,True,0.15951499489715443
PLS-DA,10,AsLS + SNV,250 nm,19,10,1,28,G6,G6,True,0.3700632649608066
PLS-DA,10,AsLS + SNV,250 nm,19,10,1,31,G6,G4,False,0.013433110306042328
PLS-DA,10,AsLS + SNV,250 nm,19,10,1,32,G6,G6,True,0.10662857145991661
PLS-DA,10,AsLS + SNV,250 nm,19,10,1,34,G7,G5,False,0.029661328084525262
PLS-DA,10,AsLS + SNV,250 nm,19,10,1,38,G8,G4,False,0.1830523127634106
PLS-DA,10,AsLS + SNV,250 nm,19,10,1,40,G9,G3,False,0.0007724779414612359
PLS-DA,10,AsLS + SNV,250 nm,19,10,1,41,G10,G10,True,0.14534030548755095
PLS-DA,10,AsLS + SNV,250 nm,19,10,1,43,G11,G11,True,0.5995134616944887
PLS-DA,10,AsLS + SNV,250 nm,20,10,2,1,G1,G2,False,0.21372280753079032
PLS-DA,10,AsLS + SNV,250 nm,20,10,2,7,G2,G2,True,0.42122624749553705
PLS-DA,10,AsLS + SNV,250 nm,20,10,2,8,G2,G6,False,0.5723905087824981
PLS-DA,10,AsLS + SNV,250 nm,20,10,2,10,G3,G4,False,0.25138880770987326
PLS-DA,10,AsLS + SNV,250 nm,20,10,2,12,G3,G6,False,0.011513226184263814
PLS-DA,10,AsLS + SNV,250 nm,20,10,2,15,G4,G1,False,0.193505110089785
PLS-DA,10,AsLS + SNV,250 nm,20,10,2,16,G4,G1,False,0.189590240869578
PLS-DA,10,AsLS + SNV,250 nm,20,10,2,18,G4,G8,False,0.8283860677926332
PLS-DA,10,AsLS + SNV,250 nm,20,10,2,19,G4,G3,False,0.2443856723929381
PLS-DA,10,AsLS + SNV,250 nm,20,10,2,22,G5,G6,False,0.103490330340056
PLS-DA,10,AsLS + SNV,250 nm,20,10,2,23,G5,G11,False,0.13540459576219965
PLS-DA,10,AsLS + SNV,250 nm,20,10,2,24,G6,G2,False,0.14320791183503634
PLS-DA,10,AsLS + SNV,250 nm,20,10,2,26,G6,G5,False,0.03284496156409772
PLS-DA,10,AsLS + SNV,250 nm,20,10,2,30,G6,G6,True,0.3178613541439723
PLS-DA,10,AsLS + SNV,250 nm,20,10,2,33,G6,G6,True,0.06326543359995829
PLS-DA,10,AsLS + SNV,250 nm,20,10,2,36,G7,G6,False,0.05983482960844538
PLS-DA,10,AsLS + SNV,250 nm,20,10,2,37,G8,G2,False,0.04176291976026503
PLS-DA,10,AsLS + SNV,250 nm,20,10,2,39,G9,G4,False,0.0018216771614574245
PLS-DA,10,AsLS + SNV,250 nm,20,10,2,42,G10,G6,False,0.051748466383124636
PLS-DA,10,AsLS + SNV,250 nm,20,10,2,44,G11,G11,True,0.5146089018364792
PLS-DA,10,AsLS + SNV,250 nm,21,11,1,3,G1,G4,False,0.8854170941086102
PLS-DA,10,AsLS + SNV,250 nm,21,11,1,5,G2,G10,False,0.10867847277059689
PLS-DA,10,AsLS + SNV,250 nm,21,11,1,6,G2,G2,True,0.032548646010775006
PLS-DA,10,AsLS + SNV,250 nm,21,11,1,8,G2,G6,False,0.22967705545452527
PLS-DA,10,AsLS + SNV,250 nm,21,11,1,9,G3,G6,False,0.37542045114314304
PLS-DA,10,AsLS + SNV,250 nm,21,11,1,11,G3,G4,False,0.15016495767931054
PLS-DA,10,AsLS + SNV,250 nm,21,11,1,13,G4,G3,False,0.4805833840153002
PLS-DA,10,AsLS + SNV,250 nm,21,11,1,14,G4,G4,True,0.4059655370429145
PLS-DA,10,AsLS + SNV,250 nm,21,11,1,17,G4,G4,True,0.01475616977343519
PLS-DA,10,AsLS + SNV,250 nm,21,11,1,20,G5,G6,False,0.2593043760477287
PLS-DA,10,AsLS + SNV,250 nm,21,11,1,21,G5,G1,False,1.4337244489435252
PLS-DA,10,AsLS + SNV,250 nm,21,11,1,26,G6,G6,True,0.45047930397724834
PLS-DA,10,AsLS + SNV,250 nm,21,11,1,27,G6,G6,True,0.262518167667744
PLS-DA,10,AsLS + SNV,250 nm,21,11,1,30,G6,G3,False,0.02823059868726152
PLS-DA,10,AsLS + SNV,250 nm,21,11,1,33,G6,G3,False,0.13077863363919662
PLS-DA,10,AsLS + SNV,250 nm,21,11,1,34,G7,G2,False,0.05368532484031763
PLS-DA,10,AsLS + SNV,250 nm,21,11,1,38,G8,G4,False,0.21669471859898626
PLS-DA,10,AsLS + SNV,250 nm,21,11,1,40,G9,G2,False,0.19982693817006753
PLS-DA,10,AsLS + SNV,250 nm,21,11,1,41,G10,G10,True,0.20974527368324136
PLS-DA,10,AsLS + SNV,250 nm,21,11,1,44,G11,G11,True,0.24965390927074266
PLS-DA,10,AsLS + SNV,250 nm,22,11,2,1,G1,G5,False,0.023326311636819197
PLS-DA,10,AsLS + SNV,250 nm,22,11,2,4,G2,G3,False,0.02016598164412564
PLS-DA,10,AsLS + SNV,250 nm,22,11,2,7,G2,G2,True,0.5603441600235155
PLS-DA,10,AsLS + SNV,250 nm,22,11,2,10,G3,G4,False,0.4110564530002955
PLS-DA,10,AsLS + SNV,250 nm,22,11,2,12,G3,G6,False,0.4417565040664469
PLS-DA,10,AsLS + SNV,250 nm,22,11,2,15,G4,G1,False,0.18292366184636644
PLS-DA,10,AsLS + SNV,250 nm,22,11,2,16,G4,G1,False,0.12082391433852491
PLS-DA,10,AsLS + SNV,250 nm,22,11,2,18,G4,G8,False,0.8564460230961375
PLS-DA,10,AsLS + SNV,250 nm,22,11,2,19,G4,G3,False,0.2602471209901423
PLS-DA,10,AsLS + SNV,250 nm,22,11,2,22,G5,G3,False,0.1424602252313541
PLS-DA,10,AsLS + SNV,250 nm,22,11,2,23,G5,G11,False,0.30484267902505835
PLS-DA,10,AsLS + SNV,250 nm,22,11,2,24,G6,G4,False,0.22687173260937518
PLS-DA,10,AsLS + SNV,250 nm,22,11,2,28,G6,G6,True,0.12494632465532868
PLS-DA,10,AsLS + SNV,250 nm,22,11,2,31,G6,G3,False,0.08701488485275943
PLS-DA,10,AsLS + SNV,250 nm,22,11,2,32,G6,G6,True,0.15191030578240872
PLS-DA,10,AsLS + SNV,250 nm,22,11,2,36,G7,G9,False,0.014043079808761932
PLS-DA,10,AsLS + SNV,250 nm,22,11,2,37,G8,G4,False,0.34549829229775764
PLS-DA,10,AsLS + SNV,250 nm,22,11,2,39,G9,G4,False,0.2038892158179465
PLS-DA,10,AsLS + SNV,250 nm,22,11,2,42,G10,G2,False,0.37940441856376145
PLS-DA,10,AsLS + SNV,250 nm,22,11,2,43,G11,G11,True,0.9475338041014908
PLS-DA,10,AsLS + SNV,250 nm,23,12,1,3,G1,G4,False,0.9505868569122896
PLS-DA,10,AsLS + SNV,250 nm,23,12,1,4,G2,G1,False,0.05534627674351045
PLS-DA,10,AsLS + SNV,250 nm,23,12,1,7,G2,G2,True,0.43737699234123745
PLS-DA,10,AsLS + SNV,250 nm,23,12,1,8,G2,G6,False,0.261302533406395
PLS-DA,10,AsLS + SNV,250 nm,23,12,1,10,G3,G3,True,0.10988668652563827
PLS-DA,10,AsLS + SNV,250 nm,23,12,1,12,G3,G6,False,0.496944112775374
PLS-DA,10,AsLS + SNV,250 nm,23,12,1,13,G4,G1,False,0.07558597644740028
PLS-DA,10,AsLS + SNV,250 nm,23,12,1,17,G4,G4,True,0.18099350617978283
PLS-DA,10,AsLS + SNV,250 nm,23,12,1,18,G4,G8,False,0.8047428837287093
PLS-DA,10,AsLS + SNV,250 nm,23,12,1,22,G5,G3,False,0.11292579345458487
PLS-DA,10,AsLS + SNV,250 nm,23,12,1,23,G5,G11,False,0.1863892793719828
PLS-DA,10,AsLS + SNV,250 nm,23,12,1,24,G6,G6,True,0.2032360060301509
PLS-DA,10,AsLS + SNV,250 nm,23,12,1,26,G6,G6,True,0.5574172906532922
PLS-DA,10,AsLS + SNV,250 nm,23,12,1,30,G6,G6,True,0.8207853572914934
PLS-DA,10,AsLS + SNV,250 nm,23,12,1,31,G6,G4,False,0.03679236553092691
PLS-DA,10,AsLS + SNV,250 nm,23,12,1,34,G7,G6,False,0.48105780703174894
PLS-DA,10,AsLS + SNV,250 nm,23,12,1,37,G8,G3,False,0.1623584522065138
PLS-DA,10,AsLS + SNV,250 nm,23,12,1,40,G9,G3,False,0.0023180764339397197
PLS-DA,10,AsLS + SNV,250 nm,23,12,1,41,G10,G2,False,0.5072658685037952
PLS-DA,10,AsLS + SNV,250 nm,23,12,1,43,G11,G11,True,0.6606655243426987
PLS-DA,10,AsLS + SNV,250 nm,24,12,2,1,G1,G9,False,0.08056749157385507
PLS-DA,10,AsLS + SNV,250 nm,24,12,2,5,G2,G10,False,0.5401723101412996
PLS-DA,10,AsLS + SNV,250 nm,24,12,2,6,G2,G2,True,0.21430672711108933
PLS-DA,10,AsLS + SNV,250 nm,24,12,2,9,G3,G6,False,0.15642698169942099
PLS-DA,10,AsLS + SNV,250 nm,24,12,2,11,G3,G5,False,0.09316397663348919
PLS-DA,10,AsLS + SNV,250 nm,24,12,2,14,G4,G1,False,0.2879171686727371
PLS-DA,10,AsLS + SNV,250 nm,24,12,2,15,G4,G1,False,0.7167830817405689
PLS-DA,10,AsLS + SNV,250 nm,24,12,2,16,G4,G1,False,0.6065598738996673
PLS-DA,10,AsLS + SNV,250 nm,24,12,2,19,G4,G5,False,0.04081584347927969
PLS-DA,10,AsLS + SNV,250 nm,24,12,2,20,G5,G6,False,0.8442698508018819
PLS-DA,10,AsLS + SNV,250 nm,24,12,2,21,G5,G9,False,0.39275738008955363
PLS-DA,10,AsLS + SNV,250 nm,24,12,2,27,G6,G6,True,0.11148335339819537
PLS-DA,10,AsLS + SNV,250 nm,24,12,2,28,G6,G6,True,0.523032492360058
PLS-DA,10,AsLS + SNV,250 nm,24,12,2,32,G6,G6,True,0.0018640145151051501
PLS-DA,10,AsLS + SNV,250 nm,24,12,2,33,G6,G3,False,0.09378006862635352
PLS-DA,10,AsLS + SNV,250 nm,24,12,2,36,G7,G8,False,0.0030419225916115122
PLS-DA,10,AsLS + SNV,250 nm,24,12,2,38,G8,G4,False,0.2079517103312879
PLS-DA,10,AsLS + SNV,250 nm,24,12,2,39,G9,G4,False,0.040827368646192796
PLS-DA,10,AsLS + SNV,250 nm,24,12,2,42,G10,G10,True,0.12078842167386766
PLS-DA,10,AsLS + SNV,250 nm,24,12,2,44,G11,G11,True,0.1802003551341389
PLS-DA,10,AsLS + SNV,250 nm,25,13,1,1,G1,G9,False,0.045204182947477856
PLS-DA,10,AsLS + SNV,250 nm,25,13,1,4,G2,G9,False,0.1076453668770529
PLS-DA,10,AsLS + SNV,250 nm,25,13,1,6,G2,G2,True,0.01229697728605661
PLS-DA,10,AsLS + SNV,250 nm,25,13,1,8,G2,G6,False,0.706482850426464
PLS-DA,10,AsLS + SNV,250 nm,25,13,1,9,G3,G3,True,0.05037999725313319
PLS-DA,10,AsLS + SNV,250 nm,25,13,1,11,G3,G4,False,0.413104413837163
PLS-DA,10,AsLS + SNV,250 nm,25,13,1,14,G4,G6,False,0.16450697230450217
PLS-DA,10,AsLS + SNV,250 nm,25,13,1,15,G4,G4,True,0.09023801845482743
PLS-DA,10,AsLS + SNV,250 nm,25,13,1,17,G4,G4,True,0.18857419064066605
PLS-DA,10,AsLS + SNV,250 nm,25,13,1,20,G5,G6,False,0.11321330644964245
PLS-DA,10,AsLS + SNV,250 nm,25,13,1,22,G5,G6,False,0.21137776212161885
PLS-DA,10,AsLS + SNV,250 nm,25,13,1,24,G6,G6,True,0.06873177253535234
PLS-DA,10,AsLS + SNV,250 nm,25,13,1,26,G6,G9,False,0.06766294815450136
PLS-DA,10,AsLS + SNV,250 nm,25,13,1,27,G6,G6,True,0.06813974344256479
PLS-DA,10,AsLS + SNV,250 nm,25,13,1,33,G6,G6,True,0.6766918676977677
PLS-DA,10,AsLS + SNV,250 nm,25,13,1,36,G7,G9,False,0.09535566290157099
PLS-DA,10,AsLS + SNV,250 nm,25,13,1,38,G8,G4,False,0.44067850355598215
PLS-DA,10,AsLS + SNV,250 nm,25,13,1,39,G9,G9,True,0.1446484355668436
PLS-DA,10,AsLS + SNV,250 nm,25,13,1,42,G10,G6,False,0.04566732342349156
PLS-DA,10,AsLS + SNV,250 nm,25,13,1,43,G11,G11,True,0.21880133427543036
PLS-DA,10,AsLS + SNV,250 nm,26,13,2,3,G1,G4,False,0.9575782106534138
PLS-DA,10,AsLS + SNV,250 nm,26,13,2,5,G2,G10,False,0.17486575621437744
PLS-DA,10,AsLS + SNV,250 nm,26,13,2,7,G2,G2,True,0.3620724923904357
PLS-DA,10,AsLS + SNV,250 nm,26,13,2,10,G3,G3,True,0.013164622264988657
PLS-DA,10,AsLS + SNV,250 nm,26,13,2,12,G3,G6,False,0.043051520678391575
PLS-DA,10,AsLS + SNV,250 nm,26,13,2,13,G4,G6,False,0.2097557272519412
PLS-DA,10,AsLS + SNV,250 nm,26,13,2,16,G4,G4,True,0.9805984130875673
PLS-DA,10,AsLS + SNV,250 nm,26,13,2,18,G4,G8,False,0.8001182271270515
PLS-DA,10,AsLS + SNV,250 nm,26,13,2,19,G4,G3,False,0.21891278795207525
PLS-DA,10,AsLS + SNV,250 nm,26,13,2,21,G5,G1,False,1.372958482522586
PLS-DA,10,AsLS + SNV,250 nm,26,13,2,23,G5,G11,False,0.08799603161369746
PLS-DA,10,AsLS + SNV,250 nm,26,13,2,28,G6,G6,True,0.7872283013934076
PLS-DA,10,AsLS + SNV,250 nm,26,13,2,30,G6,G6,True,0.2228245063907398
PLS-DA,10,AsLS + SNV,250 nm,26,13,2,31,G6,G3,False,0.1046461799468692
PLS-DA,10,AsLS + SNV,250 nm,26,13,2,32,G6,G6,True,0.036468809843074323
PLS-DA,10,AsLS + SNV,250 nm,26,13,2,34,G7,G6,False,0.38589274858478384
PLS-DA,10,AsLS + SNV,250 nm,26,13,2,37,G8,G6,False,0.2897791092865593
PLS-DA,10,AsLS + SNV,250 nm,26,13,2,40,G9,G2,False,0.27312324620420975
PLS-DA,10,AsLS + SNV,250 nm,26,13,2,41,G10,G10,True,0.2942161551195925
PLS-DA,10,AsLS + SNV,250 nm,26,13,2,44,G11,G11,True,0.341976844223135
PLS-DA,10,AsLS + SNV,250 nm,27,14,1,3,G1,G4,False,1.0284840219727098
PLS-DA,10,AsLS + SNV,250 nm,27,14,1,4,G2,G9,False,0.07236143958985186
PLS-DA,10,AsLS + SNV,250 nm,27,14,1,5,G2,G10,False,0.6574672177764912
PLS-DA,10,AsLS + SNV,250 nm,27,14,1,6,G2,G2,True,0.1555170988351378
PLS-DA,10,AsLS + SNV,250 nm,27,14,1,10,G3,G8,False,0.27408060417232016
PLS-DA,10,AsLS + SNV,250 nm,27,14,1,12,G3,G6,False,0.6400492119023611
PLS-DA,10,AsLS + SNV,250 nm,27,14,1,13,G4,G8,False,0.17606052829535135
PLS-DA,10,AsLS + SNV,250 nm,27,14,1,16,G4,G4,True,1.007164389314678
PLS-DA,10,AsLS + SNV,250 nm,27,14,1,18,G4,G6,False,0.18905219868645973
PLS-DA,10,AsLS + SNV,250 nm,27,14,1,20,G5,G6,False,0.10412408390923644
PLS-DA,10,AsLS + SNV,250 nm,27,14,1,23,G5,G11,False,0.2589459746645477
PLS-DA,10,AsLS + SNV,250 nm,27,14,1,24,G6,G6,True,0.41254866957245695
PLS-DA,10,AsLS + SNV,250 nm,27,14,1,26,G6,G6,True,0.4729973856308278
PLS-DA,10,AsLS + SNV,250 nm,27,14,1,27,G6,G6,True,0.2821954020299706
PLS-DA,10,AsLS + SNV,250 nm,27,14,1,31,G6,G4,False,0.10645079693628162
PLS-DA,10,AsLS + SNV,250 nm,27,14,1,34,G7,G6,False,0.05897071863202141
PLS-DA,10,AsLS + SNV,250 nm,27,14,1,38,G8,G6,False,0.07955724539055953
PLS-DA,10,AsLS + SNV,250 nm,27,14,1,39,G9,G9,True,0.29961353302450044
PLS-DA,10,AsLS + SNV,250 nm,27,14,1,42,G10,G10,True,0.1295099068701242
PLS-DA,10,AsLS + SNV,250 nm,27,14,1,43,G11,G11,True,1.032352758140613
PLS-DA,10,AsLS + SNV,250 nm,28,14,2,1,G1,G2,False,0.3220376922387073
PLS-DA,10,AsLS + SNV,250 nm,28,14,2,7,G2,G2,True,0.2401191676395782
PLS-DA,10,AsLS + SNV,250 nm,28,14,2,8,G2,G10,False,0.1696556636742449
PLS-DA,10,AsLS + SNV,250 nm,28,14,2,9,G3,G5,False,0.15241203440913642
PLS-DA,10,AsLS + SNV,250 nm,28,14,2,11,G3,G6,False,0.5518816336609502
PLS-DA,10,AsLS + SNV,250 nm,28,14,2,14,G4,G1,False,0.07979026421635
PLS-DA,10,AsLS + SNV,250 nm,28,14,2,15,G4,G1,False,0.056594535997745665
PLS-DA,10,AsLS + SNV,250 nm,28,14,2,17,G4,G6,False,0.5608739592185863
PLS-DA,10,AsLS + SNV,250 nm,28,14,2,19,G4,G6,False,0.5941667919266718
PLS-DA,10,AsLS + SNV,250 nm,28,14,2,21,G5,G2,False,3.9936215011674947
PLS-DA,10,AsLS + SNV,250 nm,28,14,2,22,G5,G6,False,0.5756399498150728
PLS-DA,10,AsLS + SNV,250 nm,28,14,2,28,G6,G6,True,0.4159165956420604
PLS-DA,10,AsLS + SNV,250 nm,28,14,2,30,G6,G3,False,0.21101083650793528
PLS-DA,10,AsLS + SNV,250 nm,28,14,2,32,G6,G3,False,0.006586026637368514
PLS-DA,10,AsLS + SNV,250 nm,28,14,2,33,G6,G3,False,0.25334823481826063
PLS-DA,10,AsLS + SNV,250 nm,28,14,2,36,G7,G7,True,0.03628391641516626
PLS-DA,10,AsLS + SNV,250 nm,28,14,2,37,G8,G6,False,0.2331626141923433
PLS-DA,10,AsLS + SNV,250 nm,28,14,2,40,G9,G2,False,0.03898531434623792
PLS-DA,10,AsLS + SNV,250 nm,28,14,2,41,G10,G2,False,0.11763659300449308
PLS-DA,10,AsLS + SNV,250 nm,28,14,2,44,G11,G11,True,0.15009205288331828
PLS-DA,10,AsLS + SNV,250 nm,29,15,1,3,G1,G4,False,0.9743490587277158
PLS-DA,10,AsLS + SNV,250 nm,29,15,1,4,G2,G8,False,0.14598724991936868
PLS-DA,10,AsLS + SNV,250 nm,29,15,1,5,G2,G10,False,0.1886617075101496
PLS-DA,10,AsLS + SNV,250 nm,29,15,1,6,G2,G2,True,0.09437401822457558
PLS-DA,10,AsLS + SNV,250 nm,29,15,1,9,G3,G2,False,0.03321724668992565
PLS-DA,10,AsLS + SNV,250 nm,29,15,1,10,G3,G8,False,0.19162290410217497
PLS-DA,10,AsLS + SNV,250 nm,29,15,1,13,G4,G8,False,0.18053689352673324
PLS-DA,10,AsLS + SNV,250 nm,29,15,1,15,G4,G4,True,0.9065839134146275
PLS-DA,10,AsLS + SNV,250 nm,29,15,1,19,G4,G3,False,0.4164120101206626
PLS-DA,10,AsLS + SNV,250 nm,29,15,1,22,G5,G3,False,0.16044231737070436
PLS-DA,10,AsLS + SNV,250 nm,29,15,1,23,G5,G11,False,0.03208150163056639
PLS-DA,10,AsLS + SNV,250 nm,29,15,1,24,G6,G6,True,0.04525546633523614
PLS-DA,10,AsLS + SNV,250 nm,29,15,1,31,G6,G3,False,0.04030029876784336
PLS-DA,10,AsLS + SNV,250 nm,29,15,1,32,G6,G2,False,0.06792158085395361
PLS-DA,10,AsLS + SNV,250 nm,29,15,1,33,G6,G6,True,0.10754139617547004
PLS-DA,10,AsLS + SNV,250 nm,29,15,1,34,G7,G6,False,0.5976568171573229
PLS-DA,10,AsLS + SNV,250 nm,29,15,1,38,G8,G4,False,0.01351258536964517
PLS-DA,10,AsLS + SNV,250 nm,29,15,1,40,G9,G2,False,0.07140382272115692
PLS-DA,10,AsLS + SNV,250 nm,29,15,1,42,G10,G2,False,0.11103328849851435
PLS-DA,10,AsLS + SNV,250 nm,29,15,1,43,G11,G11,True,0.1817897533398981
PLS-DA,10,AsLS + SNV,250 nm,30,15,2,1,G1,G2,False,0.27503892773590394
PLS-DA,10,AsLS + SNV,250 nm,30,15,2,7,G2,G2,True,0.1047446346320734
PLS-DA,10,AsLS + SNV,250 nm,30,15,2,8,G2,G6,False,0.2329661753583787
PLS-DA,10,AsLS + SNV,250 nm,30,15,2,11,G3,G4,False,0.10279222573408597
PLS-DA,10,AsLS + SNV,250 nm,30,15,2,12,G3,G6,False,0.5246983591449983
PLS-DA,10,AsLS + SNV,250 nm,30,15,2,14,G4,G4,True,0.010896062469738621
PLS-DA,10,AsLS + SNV,250 nm,30,15,2,16,G4,G4,True,0.03300141646595056
PLS-DA,10,AsLS + SNV,250 nm,30,15,2,17,G4,G6,False,0.20771616974520613
PLS-DA,10,AsLS + SNV,250 nm,30,15,2,18,G4,G8,False,0.8993293762171272
PLS-DA,10,AsLS + SNV,250 nm,30,15,2,20,G5,G3,False,0.7004603773972016
PLS-DA,10,AsLS + SNV,250 nm,30,15,2,21,G5,G2,False,4.126548959140111
PLS-DA,10,AsLS + SNV,250 nm,30,15,2,26,G6,G7,False,0.2723818128976697
PLS-DA,10,AsLS + SNV,250 nm,30,15,2,27,G6,G7,False,0.4351165695182978
PLS-DA,10,AsLS + SNV,250 nm,30,15,2,28,G6,G7,False,0.4282580163233952
PLS-DA,10,AsLS + SNV,250 nm,30,15,2,30,G6,G6,True,0.8219735856516253
PLS-DA,10,AsLS + SNV,250 nm,30,15,2,36,G7,G7,True,0.1903156055330112
PLS-DA,10,AsLS + SNV,250 nm,30,15,2,37,G8,G6,False,0.23350957303196185
PLS-DA,10,AsLS + SNV,250 nm,30,15,2,39,G9,G9,True,0.10551848090853977
PLS-DA,10,AsLS + SNV,250 nm,30,15,2,41,G10,G2,False,0.3225368067410028
PLS-DA,10,AsLS + SNV,250 nm,30,15,2,44,G11,G11,True,0.2269418758072077
PLS-DA,10,AsLS + SNV,250 nm,31,16,1,3,G1,G4,False,0.8589558385766931
PLS-DA,10,AsLS + SNV,250 nm,31,16,1,4,G2,G7,False,0.07651636301286457
PLS-DA,10,AsLS + SNV,250 nm,31,16,1,6,G2,G3,False,0.03736166441182476
PLS-DA,10,AsLS + SNV,250 nm,31,16,1,7,G2,G2,True,0.33522457331435307
PLS-DA,10,AsLS + SNV,250 nm,31,16,1,9,G3,G7,False,0.07964476754293165
PLS-DA,10,AsLS + SNV,250 nm,31,16,1,10,G3,G4,False,0.40114252612185014
PLS-DA,10,AsLS + SNV,250 nm,31,16,1,17,G4,G6,False,0.5641818193087088
PLS-DA,10,AsLS + SNV,250 nm,31,16,1,18,G4,G8,False,0.8556947744059844
PLS-DA,10,AsLS + SNV,250 nm,31,16,1,19,G4,G3,False,0.12367071530433293
PLS-DA,10,AsLS + SNV,250 nm,31,16,1,20,G5,G6,False,0.4821988793485951
PLS-DA,10,AsLS + SNV,250 nm,31,16,1,23,G5,G11,False,0.11395621387144828
PLS-DA,10,AsLS + SNV,250 nm,31,16,1,24,G6,G4,False,0.1884093068125154
PLS-DA,10,AsLS + SNV,250 nm,31,16,1,27,G6,G7,False,0.17160001215561904
PLS-DA,10,AsLS + SNV,250 nm,31,16,1,28,G6,G6,True,0.13489620164116856
PLS-DA,10,AsLS + SNV,250 nm,31,16,1,32,G6,G6,True,0.10790551127111508
PLS-DA,10,AsLS + SNV,250 nm,31,16,1,34,G7,G7,True,0.15081678807324717
PLS-DA,10,AsLS + SNV,250 nm,31,16,1,37,G8,G4,False,0.4113382373145778
PLS-DA,10,AsLS + SNV,250 nm,31,16,1,40,G9,G7,False,0.11650830107874416
PLS-DA,10,AsLS + SNV,250 nm,31,16,1,41,G10,G2,False,0.30625939276426245
PLS-DA,10,AsLS + SNV,250 nm,31,16,1,44,G11,G11,True,0.2940092043844892
PLS-DA,10,AsLS + SNV,250 nm,32,16,2,1,G1,G2,False,0.16568405370403333
PLS-DA,10,AsLS + SNV,250 nm,32,16,2,5,G2,G10,False,0.43459554307752124
PLS-DA,10,AsLS + SNV,250 nm,32,16,2,8,G2,G6,False,0.22006618293202362
PLS-DA,10,AsLS + SNV,250 nm,32,16,2,11,G3,G4,False,0.5939556783736489
PLS-DA,10,AsLS + SNV,250 nm,32,16,2,12,G3,G6,False,0.0800537640850375
PLS-DA,10,AsLS + SNV,250 nm,32,16,2,13,G4,G8,False,0.0025083968183237104
PLS-DA,10,AsLS + SNV,250 nm,32,16,2,14,G4,G1,False,0.46744215266440725
PLS-DA,10,AsLS + SNV,250 nm,32,16,2,15,G4,G1,False,0.7739242901820924
PLS-DA,10,AsLS + SNV,250 nm,32,16,2,16,G4,G1,False,0.6760254633567719
PLS-DA,10,AsLS + SNV,250 nm,32,16,2,21,G5,G9,False,0.8240142017192227
PLS-DA,10,AsLS + SNV,250 nm,32,16,2,22,G5,G4,False,0.19028362627739753
PLS-DA,10,AsLS + SNV,250 nm,32,16,2,26,G6,G6,True,0.013500805239508029
PLS-DA,10,AsLS + SNV,250 nm,32,16,2,30,G6,G6,True,0.39980832502307606
PLS-DA,10,AsLS + SNV,250 nm,32,16,2,31,G6,G4,False,0.5095222471058288
PLS-DA,10,AsLS + SNV,250 nm,32,16,2,33,G6,G6,True,0.23589302510859383
PLS-DA,10,AsLS + SNV,250 nm,32,16,2,36,G7,G6,False,0.14278433422680376
PLS-DA,10,AsLS + SNV,250 nm,32,16,2,38,G8,G4,False,0.24031255706213595
PLS-DA,10,AsLS + SNV,250 nm,32,16,2,39,G9,G9,True,0.44827149323510684
PLS-DA,10,AsLS + SNV,250 nm,32,16,2,42,G10,G10,True,0.14307355087048484
PLS-DA,10,AsLS + SNV,250 nm,32,16,2,43,G11,G5,False,0.026701644707166405
PLS-DA,10,AsLS + SNV,250 nm,33,17,1,3,G1,G4,False,1.001459788489613
PLS-DA,10,AsLS + SNV,250 nm,33,17,1,5,G2,G10,False,0.5147117675322491
PLS-DA,10,AsLS + SNV,250 nm,33,17,1,7,G2,G2,True,0.0518225871033397
PLS-DA,10,AsLS + SNV,250 nm,33,17,1,8,G2,G6,False,0.39315439803316765
PLS-DA,10,AsLS + SNV,250 nm,33,17,1,9,G3,G6,False,0.20333690975773633
PLS-DA,10,AsLS + SNV,250 nm,33,17,1,12,G3,G6,False,0.010240867505704077
PLS-DA,10,AsLS + SNV,250 nm,33,17,1,17,G4,G3,False,0.09143910177833059
PLS-DA,10,AsLS + SNV,250 nm,33,17,1,18,G4,G8,False,0.7378913668364036
PLS-DA,10,AsLS + SNV,250 nm,33,17,1,19,G4,G3,False,0.22269982222532286
PLS-DA,10,AsLS + SNV,250 nm,33,17,1,21,G5,G1,False,0.19277297057019283
PLS-DA,10,AsLS + SNV,250 nm,33,17,1,23,G5,G6,False,0.03869049082648307
PLS-DA,10,AsLS + SNV,250 nm,33,17,1,26,G6,G5,False,0.17355364192715161
PLS-DA,10,AsLS + SNV,250 nm,33,17,1,27,G6,G6,True,0.17714111036831787
PLS-DA,10,AsLS + SNV,250 nm,33,17,1,30,G6,G6,True,0.5478277576134901
PLS-DA,10,AsLS + SNV,250 nm,33,17,1,33,G6,G6,True,0.4900455433731424
PLS-DA,10,AsLS + SNV,250 nm,33,17,1,34,G7,G2,False,0.03201469826075087
PLS-DA,10,AsLS + SNV,250 nm,33,17,1,37,G8,G6,False,0.272521353075611
PLS-DA,10,AsLS + SNV,250 nm,33,17,1,40,G9,G2,False,0.2579023413625737
PLS-DA,10,AsLS + SNV,250 nm,33,17,1,42,G10,G10,True,0.2570308896732622
PLS-DA,10,AsLS + SNV,250 nm,33,17,1,44,G11,G11,True,0.40262346892521883
PLS-DA,10,AsLS + SNV,250 nm,34,17,2,1,G1,G9,False,0.17265378220951522
PLS-DA,10,AsLS + SNV,250 nm,34,17,2,4,G2,G8,False,0.0066824807628171334
PLS-DA,10,AsLS + SNV,250 nm,34,17,2,6,G2,G2,True,0.1197498071826737
PLS-DA,10,AsLS + SNV,250 nm,34,17,2,10,G3,G8,False,0.34348729645593146
PLS-DA,10,AsLS + SNV,250 nm,34,17,2,11,G3,G4,False,0.5498119296766535
PLS-DA,10,AsLS + SNV,250 nm,34,17,2,13,G4,G8,False,0.15106129648143762
PLS-DA,10,AsLS + SNV,250 nm,34,17,2,14,G4,G1,False,0.4937641421160783
PLS-DA,10,AsLS + SNV,250 nm,34,17,2,15,G4,G1,False,0.7053019845882396
PLS-DA,10,AsLS + SNV,250 nm,34,17,2,16,G4,G1,False,0.6803277599045338
PLS-DA,10,AsLS + SNV,250 nm,34,17,2,20,G5,G3,False,0.218893003189498
PLS-DA,10,AsLS + SNV,250 nm,34,17,2,22,G5,G4,False,0.11333760007327065
PLS-DA,10,AsLS + SNV,250 nm,34,17,2,24,G6,G3,False,0.036686656685048114
PLS-DA,10,AsLS + SNV,250 nm,34,17,2,28,G6,G6,True,0.18329630874876635
PLS-DA,10,AsLS + SNV,250 nm,34,17,2,31,G6,G4,False,0.4483473666701202
PLS-DA,10,AsLS + SNV,250 nm,34,17,2,32,G6,G6,True,0.17967068166810468
PLS-DA,10,AsLS + SNV,250 nm,34,17,2,36,G7,G8,False,0.05613530903431513
PLS-DA,10,AsLS + SNV,250 nm,34,17,2,38,G8,G4,False,0.39244893030932726
PLS-DA,10,AsLS + SNV,250 nm,34,17,2,39,G9,G9,True,0.5674856839294424
PLS-DA,10,AsLS + SNV,250 nm,34,17,2,41,G10,G2,False,0.46292631980921467
PLS-DA,10,AsLS + SNV,250 nm,34,17,2,43,G11,G11,True,0.17982957572692737
PLS-DA,10,AsLS + SNV,250 nm,35,18,1,1,G1,G2,False,0.2978348367234761
PLS-DA,10,AsLS + SNV,250 nm,35,18,1,5,G2,G2,True,0.11398847037418641
PLS-DA,10,AsLS + SNV,250 nm,35,18,1,6,G2,G2,True,0.19556731335801347
PLS-DA,10,AsLS + SNV,250 nm,35,18,1,8,G2,G6,False,0.520691443784784
PLS-DA,10,AsLS + SNV,250 nm,35,18,1,10,G3,G8,False,0.1389270634448983
PLS-DA,10,AsLS + SNV,250 nm,35,18,1,12,G3,G4,False,0.21393832550478176
PLS-DA,10,AsLS + SNV,250 nm,35,18,1,13,G4,G8,False,0.07289967614029902
PLS-DA,10,AsLS + SNV,250 nm,35,18,1,14,G4,G4,True,0.14891088628002236
PLS-DA,10,AsLS + SNV,250 nm,35,18,1,19,G4,G3,False,0.2971695622293986
PLS-DA,10,AsLS + SNV,250 nm,35,18,1,22,G5,G6,False,0.07407071948494881
PLS-DA,10,AsLS + SNV,250 nm,35,18,1,23,G5,G11,False,0.4791283995499603
PLS-DA,10,AsLS + SNV,250 nm,35,18,1,27,G6,G6,True,0.24705050222672414
PLS-DA,10,AsLS + SNV,250 nm,35,18,1,28,G6,G6,True,0.14056949404639718
PLS-DA,10,AsLS + SNV,250 nm,35,18,1,30,G6,G6,True,0.46658582835022977
PLS-DA,10,AsLS + SNV,250 nm,35,18,1,33,G6,G6,True,0.07134252929985263
PLS-DA,10,AsLS + SNV,250 nm,35,18,1,34,G7,G6,False,0.028960443098190236
PLS-DA,10,AsLS + SNV,250 nm,35,18,1,38,G8,G6,False,0.13996950288818522
PLS-DA,10,AsLS + SNV,250 nm,35,18,1,39,G9,G2,False,0.02109000493036217
PLS-DA,10,AsLS + SNV,250 nm,35,18,1,41,G10,G2,False,0.11650024166784628
PLS-DA,10,AsLS + SNV,250 nm,35,18,1,43,G11,G11,True,0.9041852156588405
PLS-DA,10,AsLS + SNV,250 nm,36,18,2,3,G1,G4,False,0.8508067898965815
PLS-DA,10,AsLS + SNV,250 nm,36,18,2,4,G2,G3,False,0.05906409702643467
PLS-DA,10,AsLS + SNV,250 nm,36,18,2,7,G2,G2,True,0.7532064984147308
PLS-DA,10,AsLS + SNV,250 nm,36,18,2,9,G3,G3,True,0.20472568685318193
PLS-DA,10,AsLS + SNV,250 nm,36,18,2,11,G3,G4,False,0.2619763560757772
PLS-DA,10,AsLS + SNV,250 nm,36,18,2,15,G4,G4,True,0.7874934148761141
PLS-DA,10,AsLS + SNV,250 nm,36,18,2,16,G4,G4,True,0.8168651384984245
PLS-DA,10,AsLS + SNV,250 nm,36,18,2,17,G4,G4,True,0.286376288961653
PLS-DA,10,AsLS + SNV,250 nm,36,18,2,18,G4,G8,False,0.8167951144087702
PLS-DA,10,AsLS + SNV,250 nm,36,18,2,20,G5,G6,False,0.37610310176355743
PLS-DA,10,AsLS + SNV,250 nm,36,18,2,21,G5,G1,False,0.4961009558515175
PLS-DA,10,AsLS + SNV,250 nm,36,18,2,24,G6,G3,False,0.39749774929577575
PLS-DA,10,AsLS + SNV,250 nm,36,18,2,26,G6,G6,True,0.8405189276424638
PLS-DA,10,AsLS + SNV,250 nm,36,18,2,31,G6,G4,False,0.32742196612382934
PLS-DA,10,AsLS + SNV,250 nm,36,18,2,32,G6,G6,True,0.005752170638891108
PLS-DA,10,AsLS + SNV,250 nm,36,18,2,36,G7,G6,False,0.006105701842909067
PLS-DA,10,AsLS + SNV,250 nm,36,18,2,37,G8,G3,False,0.6847172847181621
PLS-DA,10,AsLS + SNV,250 nm,36,18,2,40,G9,G2,False,0.08009594133230896
PLS-DA,10,AsLS + SNV,250 nm,36,18,2,42,G10,G2,False,0.32247277375517275
PLS-DA,10,AsLS + SNV,250 nm,36,18,2,44,G11,G11,True,0.05611936744607249
PLS-DA,10,AsLS + SNV,250 nm,37,19,1,3,G1,G4,False,1.0999504124090234
PLS-DA,10,AsLS + SNV,250 nm,37,19,1,4,G2,G9,False,0.08962536172443225
PLS-DA,10,AsLS + SNV,250 nm,37,19,1,6,G2,G3,False,0.2883676235942425
PLS-DA,10,AsLS + SNV,250 nm,37,19,1,7,G2,G3,False,0.0875466655653413
PLS-DA,10,AsLS + SNV,250 nm,37,19,1,10,G3,G8,False,0.12477326501070363
PLS-DA,10,AsLS + SNV,250 nm,37,19,1,11,G3,G4,False,0.5029728462531544
PLS-DA,10,AsLS + SNV,250 nm,37,19,1,13,G4,G6,False,0.06311196439327316
PLS-DA,10,AsLS + SNV,250 nm,37,19,1,16,G4,G4,True,1.051089485825478
PLS-DA,10,AsLS + SNV,250 nm,37,19,1,19,G4,G4,True,0.5153783543504693
PLS-DA,10,AsLS + SNV,250 nm,37,19,1,21,G5,G1,False,0.8627945652272311
PLS-DA,10,AsLS + SNV,250 nm,37,19,1,22,G5,G4,False,0.2908616845922105
PLS-DA,10,AsLS + SNV,250 nm,37,19,1,26,G6,G6,True,0.32846916605788157
PLS-DA,10,AsLS + SNV,250 nm,37,19,1,30,G6,G6,True,0.08323619704293372
PLS-DA,10,AsLS + SNV,250 nm,37,19,1,31,G6,G4,False,0.49050182352365923
PLS-DA,10,AsLS + SNV,250 nm,37,19,1,32,G6,G2,False,0.05541758045411338
PLS-DA,10,AsLS + SNV,250 nm,37,19,1,34,G7,G6,False,0.3618092703369373
PLS-DA,10,AsLS + SNV,250 nm,37,19,1,38,G8,G4,False,0.4222209951603132
PLS-DA,10,AsLS + SNV,250 nm,37,19,1,39,G9,G9,True,0.42428013641434487
PLS-DA,10,AsLS + SNV,250 nm,37,19,1,42,G10,G2,False,0.22548661628566458
PLS-DA,10,AsLS + SNV,250 nm,37,19,1,44,G11,G11,True,0.2602035243426657
PLS-DA,10,AsLS + SNV,250 nm,38,19,2,1,G1,G2,False,0.11366164895337555
PLS-DA,10,AsLS + SNV,250 nm,38,19,2,5,G2,G11,False,0.009998697293993997
PLS-DA,10,AsLS + SNV,250 nm,38,19,2,8,G2,G6,False,0.6029918072565772
PLS-DA,10,AsLS + SNV,250 nm,38,19,2,9,G3,G3,True,0.16014588972731025
PLS-DA,10,AsLS + SNV,250 nm,38,19,2,12,G3,G6,False,0.38668002640940835
PLS-DA,10,AsLS + SNV,250 nm,38,19,2,14,G4,G1,False,0.04637052212940651
PLS-DA,10,AsLS + SNV,250 nm,38,19,2,15,G4,G4,True,0.003325946191937823
PLS-DA,10,AsLS + SNV,250 nm,38,19,2,17,G4,G6,False,0.048907830286476495
PLS-DA,10,AsLS + SNV,250 nm,38,19,2,18,G4,G8,False,0.7207549916067346
PLS-DA,10,AsLS + SNV,250 nm,38,19,2,20,G5,G3,False,0.10760304731324
PLS-DA,10,AsLS + SNV,250 nm,38,19,2,23,G5,G11,False,0.43873095165794707
PLS-DA,10,AsLS + SNV,250 nm,38,19,2,24,G6,G3,False,0.5246147882361121
PLS-DA,10,AsLS + SNV,250 nm,38,19,2,27,G6,G6,True,0.018937658758851728
PLS-DA,10,AsLS + SNV,250 nm,38,19,2,28,G6,G3,False,0.12075556661210635
PLS-DA,10,AsLS + SNV,250 nm,38,19,2,33,G6,G6,True,0.7925536516868734
PLS-DA,10,AsLS + SNV,250 nm,38,19,2,36,G7,G2,False,0.16282353878676567
PLS-DA,10,AsLS + SNV,250 nm,38,19,2,37,G8,G3,False,0.5791055512402756
PLS-DA,10,AsLS + SNV,250 nm,38,19,2,40,G9,G2,False,0.15895817828943642
PLS-DA,10,AsLS + SNV,250 nm,38,19,2,41,G10,G11,False,0.027116307484236213
PLS-DA,10,AsLS + SNV,250 nm,38,19,2,43,G11,G11,True,1.0005635748050492
PLS-DA,10,AsLS + SNV,250 nm,39,20,1,3,G1,G4,False,0.7503539388230871
PLS-DA,10,AsLS + SNV,250 nm,39,20,1,4,G2,G3,False,0.09493133609260446
PLS-DA,10,AsLS + SNV,250 nm,39,20,1,5,G2,G10,False,0.17690934954937432
PLS-DA,10,AsLS + SNV,250 nm,39,20,1,7,G2,G2,True,0.6514291958144225
PLS-DA,10,AsLS + SNV,250 nm,39,20,1,11,G3,G6,False,0.03182304974139921
PLS-DA,10,AsLS + SNV,250 nm,39,20,1,12,G3,G6,False,0.5078505569857069
PLS-DA,10,AsLS + SNV,250 nm,39,20,1,14,G4,G4,True,0.35888854959749616
PLS-DA,10,AsLS + SNV,250 nm,39,20,1,17,G4,G6,False,1.0787006796632272
PLS-DA,10,AsLS + SNV,250 nm,39,20,1,19,G4,G6,False,0.1120477720633476
PLS-DA,10,AsLS + SNV,250 nm,39,20,1,20,G5,G3,False,0.7755617258037467
PLS-DA,10,AsLS + SNV,250 nm,39,20,1,23,G5,G11,False,0.3464388867147673
PLS-DA,10,AsLS + SNV,250 nm,39,20,1,24,G6,G3,False,0.6996212874405577
PLS-DA,10,AsLS + SNV,250 nm,39,20,1,26,G6,G1,False,0.2874724201033134
PLS-DA,10,AsLS + SNV,250 nm,39,20,1,27,G6,G1,False,0.07932576872924779
PLS-DA,10,AsLS + SNV,250 nm,39,20,1,28,G6,G1,False,0.31864332627227787
PLS-DA,10,AsLS + SNV,250 nm,39,20,1,34,G7,G1,False,0.09436937447066862
PLS-DA,10,AsLS + SNV,250 nm,39,20,1,37,G8,G3,False,0.5244811498010851
PLS-DA,10,AsLS + SNV,250 nm,39,20,1,40,G9,G3,False,0.13922484304766544
PLS-DA,10,AsLS + SNV,250 nm,39,20,1,42,G10,G2,False,0.1282766965618719
PLS-DA,10,AsLS + SNV,250 nm,39,20,1,43,G11,G11,True,1.0711393809467296
PLS-DA,10,AsLS + SNV,250 nm,40,20,2,1,G1,G2,False,0.40674019178704396
PLS-DA,10,AsLS + SNV,250 nm,40,20,2,6,G2,G2,True,0.11728732735035463
PLS-DA,10,AsLS + SNV,250 nm,40,20,2,8,G2,G5,False,0.0598859590371974
PLS-DA,10,AsLS + SNV,250 nm,40,20,2,9,G3,G5,False,0.2273583592066583
PLS-DA,10,AsLS + SNV,250 nm,40,20,2,10,G3,G8,False,0.14304282872661905
PLS-DA,10,AsLS + SNV,250 nm,40,20,2,13,G4,G8,False,0.12141361886740254
PLS-DA,10,AsLS + SNV,250 nm,40,20,2,15,G4,G1,False,0.28305087860010303
PLS-DA,10,AsLS + SNV,250 nm,40,20,2,16,G4,G1,False,0.07439023479587359
PLS-DA,10,AsLS + SNV,250 nm,40,20,2,18,G4,G2,False,0.1587810288004583
PLS-DA,10,AsLS + SNV,250 nm,40,20,2,21,G5,G2,False,0.2285021700122205
PLS-DA,10,AsLS + SNV,250 nm,40,20,2,22,G5,G3,False,0.025107828896314466
PLS-DA,10,AsLS + SNV,250 nm,40,20,2,30,G6,G5,False,0.020527030932883883
PLS-DA,10,AsLS + SNV,250 nm,40,20,2,31,G6,G4,False,0.5249982396383225
PLS-DA,10,AsLS + SNV,250 nm,40,20,2,32,G6,G5,False,0.20995561223729248
PLS-DA,10,AsLS + SNV,250 nm,40,20,2,33,G6,G5,False,0.046867418748070544
PLS-DA,10,AsLS + SNV,250 nm,40,20,2,36,G7,G8,False,0.028942671270875242
PLS-DA,10,AsLS + SNV,250 nm,40,20,2,38,G8,G3,False,0.4688398574709336
PLS-DA,10,AsLS + SNV,250 nm,40,20,2,39,G9,G9,True,0.27854513303352557
PLS-DA,10,AsLS + SNV,250 nm,40,20,2,41,G10,G2,False,0.31652372771692905
PLS-DA,10,AsLS + SNV,250 nm,40,20,2,44,G11,G11,True,0.16631797979523238
PLS-DA,10,AsLS + SNV,308 nm,1,1,1,3,G1,G4,False,0.8390270675712932
PLS-DA,10,AsLS + SNV,308 nm,1,1,1,4,G2,G3,False,0.15868635819019827
PLS-DA,10,AsLS + SNV,308 nm,1,1,1,6,G2,G2,True,0.05623870635093198
PLS-DA,10,AsLS + SNV,308 nm,1,1,1,7,G2,G2,True,0.059722858114526045
PLS-DA,10,AsLS + SNV,308 nm,1,1,1,9,G3,G6,False,0.3900410619922905
PLS-DA,10,AsLS + SNV,308 nm,1,1,1,11,G3,G4,False,0.27196591456961394
PLS-DA,10,AsLS + SNV,308 nm,1,1,1,14,G4,G4,True,0.4459002342430612
PLS-DA,10,AsLS + SNV,308 nm,1,1,1,17,G4,G6,False,0.06470863136105864
PLS-DA,10,AsLS + SNV,308 nm,1,1,1,18,G4,G8,False,0.8336943228509269
PLS-DA,10,AsLS + SNV,308 nm,1,1,1,21,G5,G4,False,0.0938829514181454
PLS-DA,10,AsLS + SNV,308 nm,1,1,1,22,G5,G6,False,0.14448492105344773
PLS-DA,10,AsLS + SNV,308 nm,1,1,1,24,G6,G6,True,0.5072988782715452
PLS-DA,10,AsLS + SNV,308 nm,1,1,1,27,G6,G6,True,0.39374907305301554
PLS-DA,10,AsLS + SNV,308 nm,1,1,1,28,G6,G3,False,0.2755708951409701
PLS-DA,10,AsLS + SNV,308 nm,1,1,1,32,G6,G6,True,0.23963899046346737
PLS-DA,10,AsLS + SNV,308 nm,1,1,1,34,G7,G7,True,0.09588662148064825
PLS-DA,10,AsLS + SNV,308 nm,1,1,1,37,G8,G7,False,0.09186815510825302
PLS-DA,10,AsLS + SNV,308 nm,1,1,1,39,G9,G9,True,0.9280066351089097
PLS-DA,10,AsLS + SNV,308 nm,1,1,1,42,G10,G2,False,0.18572675951923506
PLS-DA,10,AsLS + SNV,308 nm,1,1,1,44,G11,G2,False,0.1103181310465276
PLS-DA,10,AsLS + SNV,308 nm,2,1,2,1,G1,G8,False,0.1788475925888115
PLS-DA,10,AsLS + SNV,308 nm,2,1,2,5,G2,G2,True,0.0600237173602286
PLS-DA,10,AsLS + SNV,308 nm,2,1,2,8,G2,G6,False,0.002396482936123545
PLS-DA,10,AsLS + SNV,308 nm,2,1,2,10,G3,G3,True,0.15738652795541253
PLS-DA,10,AsLS + SNV,308 nm,2,1,2,12,G3,G2,False,0.18461195541247793
PLS-DA,10,AsLS + SNV,308 nm,2,1,2,13,G4,G8,False,0.1484963290076009
PLS-DA,10,AsLS + SNV,308 nm,2,1,2,15,G4,G4,True,0.2775473704092925
PLS-DA,10,AsLS + SNV,308 nm,2,1,2,16,G4,G4,True,0.29424689713199087
PLS-DA,10,AsLS + SNV,308 nm,2,1,2,19,G4,G4,True,0.08740365284835944
PLS-DA,10,AsLS + SNV,308 nm,2,1,2,20,G5,G8,False,0.055904558633386614
PLS-DA,10,AsLS + SNV,308 nm,2,1,2,23,G5,G2,False,0.196947887274203
PLS-DA,10,AsLS + SNV,308 nm,2,1,2,26,G6,G4,False,0.8781539198523629
PLS-DA,10,AsLS + SNV,308 nm,2,1,2,30,G6,G5,False,0.0016234326348193162
PLS-DA,10,AsLS + SNV,308 nm,2,1,2,31,G6,G5,False,0.016697065724531945
PLS-DA,10,AsLS + SNV,308 nm,2,1,2,33,G6,G4,False,0.009046096238049417
PLS-DA,10,AsLS + SNV,308 nm,2,1,2,36,G7,G8,False,0.026961298347982443
PLS-DA,10,AsLS + SNV,308 nm,2,1,2,38,G8,G4,False,0.697180478530144
PLS-DA,10,AsLS + SNV,308 nm,2,1,2,40,G9,G9,True,0.910193901085368
PLS-DA,10,AsLS + SNV,308 nm,2,1,2,41,G10,G2,False,0.03586952705549101
PLS-DA,10,AsLS + SNV,308 nm,2,1,2,43,G11,G2,False,0.14195534719008246
PLS-DA,10,AsLS + SNV,308 nm,3,2,1,1,G1,G8,False,0.23677655512551832
PLS-DA,10,AsLS + SNV,308 nm,3,2,1,4,G2,G5,False,0.10285888007694227
PLS-DA,10,AsLS + SNV,308 nm,3,2,1,6,G2,G2,True,0.11875094457286578
PLS-DA,10,AsLS + SNV,308 nm,3,2,1,8,G2,G5,False,0.2482460519893122
PLS-DA,10,AsLS + SNV,308 nm,3,2,1,9,G3,G3,True,0.5058048967900569
PLS-DA,10,AsLS + SNV,308 nm,3,2,1,12,G3,G2,False,0.14632892556620286
PLS-DA,10,AsLS + SNV,308 nm,3,2,1,13,G4,G3,False,0.01963425329796248
PLS-DA,10,AsLS + SNV,308 nm,3,2,1,18,G4,G10,False,0.024539592312253777
PLS-DA,10,AsLS + SNV,308 nm,3,2,1,19,G4,G4,True,0.05680172652607071
PLS-DA,10,AsLS + SNV,308 nm,3,2,1,20,G5,G3,False,0.20022973432082902
PLS-DA,10,AsLS + SNV,308 nm,3,2,1,23,G5,G2,False,0.1770063818201139
PLS-DA,10,AsLS + SNV,308 nm,3,2,1,24,G6,G7,False,0.08084411454328377
PLS-DA,10,AsLS + SNV,308 nm,3,2,1,30,G6,G5,False,0.15776261475748252
PLS-DA,10,AsLS + SNV,308 nm,3,2,1,32,G6,G5,False,0.3837118377586996
PLS-DA,10,AsLS + SNV,308 nm,3,2,1,33,G6,G2,False,0.10619156116030304
PLS-DA,10,AsLS + SNV,308 nm,3,2,1,36,G7,G8,False,0.11311947738608219
PLS-DA,10,AsLS + SNV,308 nm,3,2,1,38,G8,G5,False,0.11492448714294035
PLS-DA,10,AsLS + SNV,308 nm,3,2,1,40,G9,G9,True,0.9830853801980033
PLS-DA,10,AsLS + SNV,308 nm,3,2,1,42,G10,G11,False,0.0052777342388462545
PLS-DA,10,AsLS + SNV,308 nm,3,2,1,43,G11,G2,False,0.2811878542938677
PLS-DA,10,AsLS + SNV,308 nm,4,2,2,3,G1,G4,False,0.4230231601642157
PLS-DA,10,AsLS + SNV,308 nm,4,2,2,5,G2,G4,False,0.27486886853473097
PLS-DA,10,AsLS + SNV,308 nm,4,2,2,7,G2,G2,True,0.10448089251298254
PLS-DA,10,AsLS + SNV,308 nm,4,2,2,10,G3,G4,False,0.16523766606488177
PLS-DA,10,AsLS + SNV,308 nm,4,2,2,11,G3,G4,False,0.3132225178799673
PLS-DA,10,AsLS + SNV,308 nm,4,2,2,14,G4,G4,True,0.08915087412750689
PLS-DA,10,AsLS + SNV,308 nm,4,2,2,15,G4,G4,True,0.4099029898906906
PLS-DA,10,AsLS + SNV,308 nm,4,2,2,16,G4,G4,True,0.4161249766575113
PLS-DA,10,AsLS + SNV,308 nm,4,2,2,17,G4,G4,True,0.30434074761962404
PLS-DA,10,AsLS + SNV,308 nm,4,2,2,21,G5,G6,False,0.014403856759131806
PLS-DA,10,AsLS + SNV,308 nm,4,2,2,22,G5,G2,False,0.01341071828310103
PLS-DA,10,AsLS + SNV,308 nm,4,2,2,26,G6,G4,False,1.520870885784726
PLS-DA,10,AsLS + SNV,308 nm,4,2,2,27,G6,G6,True,0.6733961877815778
PLS-DA,10,AsLS + SNV,308 nm,4,2,2,28,G6,G3,False,0.03535301569563343
PLS-DA,10,AsLS + SNV,308 nm,4,2,2,31,G6,G4,False,0.13454847708161066
PLS-DA,10,AsLS + SNV,308 nm,4,2,2,34,G7,G1,False,0.028443374845511793
PLS-DA,10,AsLS + SNV,308 nm,4,2,2,37,G8,G7,False,0.142593804307875
PLS-DA,10,AsLS + SNV,308 nm,4,2,2,39,G9,G9,True,0.963986835810398
PLS-DA,10,AsLS + SNV,308 nm,4,2,2,41,G10,G4,False,0.20288766669487562
PLS-DA,10,AsLS + SNV,308 nm,4,2,2,44,G11,G4,False,0.01377748965389064
PLS-DA,10,AsLS + SNV,308 nm,5,3,1,1,G1,G7,False,0.20844948671961147
PLS-DA,10,AsLS + SNV,308 nm,5,3,1,5,G2,G4,False,0.039873452622311206
PLS-DA,10,AsLS + SNV,308 nm,5,3,1,6,G2,G2,True,0.1403457197256674
PLS-DA,10,AsLS + SNV,308 nm,5,3,1,8,G2,G6,False,0.1879187163151136
PLS-DA,10,AsLS + SNV,308 nm,5,3,1,11,G3,G4,False,0.3336294692191765
PLS-DA,10,AsLS + SNV,308 nm,5,3,1,12,G3,G6,False,0.010120132421884281
PLS-DA,10,AsLS + SNV,308 nm,5,3,1,13,G4,G2,False,0.39997017684876257
PLS-DA,10,AsLS + SNV,308 nm,5,3,1,15,G4,G4,True,0.46519533642419103
PLS-DA,10,AsLS + SNV,308 nm,5,3,1,18,G4,G8,False,0.9682969400422698
PLS-DA,10,AsLS + SNV,308 nm,5,3,1,21,G5,G4,False,0.3239211107158384
PLS-DA,10,AsLS + SNV,308 nm,5,3,1,22,G5,G4,False,0.011859070607067868
PLS-DA,10,AsLS + SNV,308 nm,5,3,1,27,G6,G8,False,0.5576844575699629
PLS-DA,10,AsLS + SNV,308 nm,5,3,1,28,G6,G6,True,0.20064385810014396
PLS-DA,10,AsLS + SNV,308 nm,5,3,1,30,G6,G6,True,0.5000435931393443
PLS-DA,10,AsLS + SNV,308 nm,5,3,1,32,G6,G6,True,0.3761640848628298
PLS-DA,10,AsLS + SNV,308 nm,5,3,1,34,G7,G7,True,0.14843704172941585
PLS-DA,10,AsLS + SNV,308 nm,5,3,1,37,G8,G7,False,0.2481706130033064
PLS-DA,10,AsLS + SNV,308 nm,5,3,1,39,G9,G9,True,0.9602432802742872
PLS-DA,10,AsLS + SNV,308 nm,5,3,1,41,G10,G4,False,0.05604052638994128
PLS-DA,10,AsLS + SNV,308 nm,5,3,1,43,G11,G5,False,0.03867749875243254
PLS-DA,10,AsLS + SNV,308 nm,6,3,2,3,G1,G4,False,0.03601694863114002
PLS-DA,10,AsLS + SNV,308 nm,6,3,2,4,G2,G7,False,0.055002689686625694
PLS-DA,10,AsLS + SNV,308 nm,6,3,2,7,G2,G2,True,0.11059798462251919
PLS-DA,10,AsLS + SNV,308 nm,6,3,2,9,G3,G4,False,0.11976254620766347
PLS-DA,10,AsLS + SNV,308 nm,6,3,2,10,G3,G4,False,0.5819239844927103
PLS-DA,10,AsLS + SNV,308 nm,6,3,2,14,G4,G5,False,0.32770340053462815
PLS-DA,10,AsLS + SNV,308 nm,6,3,2,16,G4,G4,True,0.09716104942039994
PLS-DA,10,AsLS + SNV,308 nm,6,3,2,17,G4,G3,False,0.1638470605375857
PLS-DA,10,AsLS + SNV,308 nm,6,3,2,19,G4,G3,False,0.04238207009935291
PLS-DA,10,AsLS + SNV,308 nm,6,3,2,20,G5,G3,False,0.025652629139079397
PLS-DA,10,AsLS + SNV,308 nm,6,3,2,23,G5,G2,False,0.1479210367279355
PLS-DA,10,AsLS + SNV,308 nm,6,3,2,24,G6,G7,False,0.03166597765140122
PLS-DA,10,AsLS + SNV,308 nm,6,3,2,26,G6,G4,False,0.0030031961294467724
PLS-DA,10,AsLS + SNV,308 nm,6,3,2,31,G6,G5,False,0.17727819730370853
PLS-DA,10,AsLS + SNV,308 nm,6,3,2,33,G6,G2,False,0.06108049101690005
PLS-DA,10,AsLS + SNV,308 nm,6,3,2,36,G7,G8,False,0.10027522443341474
PLS-DA,10,AsLS + SNV,308 nm,6,3,2,38,G8,G4,False,0.7073571824719458
PLS-DA,10,AsLS + SNV,308 nm,6,3,2,40,G9,G9,True,0.9333953249402114
PLS-DA,10,AsLS + SNV,308 nm,6,3,2,42,G10,G2,False,0.24440044302178515
PLS-DA,10,AsLS + SNV,308 nm,6,3,2,44,G11,G2,False,0.26543063845839515
PLS-DA,10,AsLS + SNV,308 nm,7,4,1,1,G1,G8,False,0.2363248115355676
PLS-DA,10,AsLS + SNV,308 nm,7,4,1,5,G2,G11,False,0.04810005737844078
PLS-DA,10,AsLS + SNV,308 nm,7,4,1,6,G2,G2,True,0.010679774020464938
PLS-DA,10,AsLS + SNV,308 nm,7,4,1,7,G2,G11,False,0.017389657017123694
PLS-DA,10,AsLS + SNV,308 nm,7,4,1,9,G3,G3,True,0.22691642066467227
PLS-DA,10,AsLS + SNV,308 nm,7,4,1,12,G3,G5,False,0.08849677935625144
PLS-DA,10,AsLS + SNV,308 nm,7,4,1,13,G4,G3,False,0.21750553556274393
PLS-DA,10,AsLS + SNV,308 nm,7,4,1,15,G4,G4,True,0.4216637102358498
PLS-DA,10,AsLS + SNV,308 nm,7,4,1,19,G4,G4,True,0.07568107787033154
PLS-DA,10,AsLS + SNV,308 nm,7,4,1,21,G5,G4,False,0.17100481239238363
PLS-DA,10,AsLS + SNV,308 nm,7,4,1,22,G5,G2,False,0.013729860054687043
PLS-DA,10,AsLS + SNV,308 nm,7,4,1,24,G6,G7,False,0.3760730264400679
PLS-DA,10,AsLS + SNV,308 nm,7,4,1,26,G6,G4,False,0.35363700958570377
PLS-DA,10,AsLS + SNV,308 nm,7,4,1,32,G6,G2,False,0.28025150446306346
PLS-DA,10,AsLS + SNV,308 nm,7,4,1,33,G6,G6,True,0.044307843477370656
PLS-DA,10,AsLS + SNV,308 nm,7,4,1,36,G7,G8,False,0.23997782409081503
PLS-DA,10,AsLS + SNV,308 nm,7,4,1,38,G8,G4,False,0.7062491882477373
PLS-DA,10,AsLS + SNV,308 nm,7,4,1,39,G9,G9,True,0.9723305485690481
PLS-DA,10,AsLS + SNV,308 nm,7,4,1,41,G10,G11,False,0.05427259999009537
PLS-DA,10,AsLS + SNV,308 nm,7,4,1,44,G11,G11,True,0.024526269273652063
PLS-DA,10,AsLS + SNV,308 nm,8,4,2,3,G1,G4,False,0.3577330151014513
PLS-DA,10,AsLS + SNV,308 nm,8,4,2,4,G2,G5,False,0.16571268592554877
PLS-DA,10,AsLS + SNV,308 nm,8,4,2,8,G2,G5,False,0.013176713247943561
PLS-DA,10,AsLS + SNV,308 nm,8,4,2,10,G3,G3,True,0.4650601050824247
PLS-DA,10,AsLS + SNV,308 nm,8,4,2,11,G3,G4,False,0.21016589233900984
PLS-DA,10,AsLS + SNV,308 nm,8,4,2,14,G4,G5,False,0.1512896030966635
PLS-DA,10,AsLS + SNV,308 nm,8,4,2,16,G4,G4,True,0.41158543144018706
PLS-DA,10,AsLS + SNV,308 nm,8,4,2,17,G4,G4,True,0.23699855041410073
PLS-DA,10,AsLS + SNV,308 nm,8,4,2,18,G4,G8,False,1.0434613183291628
PLS-DA,10,AsLS + SNV,308 nm,8,4,2,20,G5,G3,False,0.23837393456883926
PLS-DA,10,AsLS + SNV,308 nm,8,4,2,23,G5,G6,False,0.03186448954759458
PLS-DA,10,AsLS + SNV,308 nm,8,4,2,27,G6,G5,False,0.23949197990698723
PLS-DA,10,AsLS + SNV,308 nm,8,4,2,28,G6,G6,True,0.6135824644397259
PLS-DA,10,AsLS + SNV,308 nm,8,4,2,30,G6,G6,True,0.2611223025451615
PLS-DA,10,AsLS + SNV,308 nm,8,4,2,31,G6,G5,False,0.13149148453188197
PLS-DA,10,AsLS + SNV,308 nm,8,4,2,34,G7,G7,True,0.14688054202400463
PLS-DA,10,AsLS + SNV,308 nm,8,4,2,37,G8,G9,False,0.013759526905604946
PLS-DA,10,AsLS + SNV,308 nm,8,4,2,40,G9,G9,True,0.9455368409875647
PLS-DA,10,AsLS + SNV,308 nm,8,4,2,42,G10,G2,False,0.15171856480697232
PLS-DA,10,AsLS + SNV,308 nm,8,4,2,43,G11,G2,False,0.1697789593431422
PLS-DA,10,AsLS + SNV,308 nm,9,5,1,1,G1,G8,False,0.3714368147261109
PLS-DA,10,AsLS + SNV,308 nm,9,5,1,4,G2,G7,False,0.1375495011574695
PLS-DA,10,AsLS + SNV,308 nm,9,5,1,5,G2,G10,False,0.018499274375836372
PLS-DA,10,AsLS + SNV,308 nm,9,5,1,6,G2,G5,False,0.012760164708691013
PLS-DA,10,AsLS + SNV,308 nm,9,5,1,9,G3,G3,True,0.24655598770958165
PLS-DA,10,AsLS + SNV,308 nm,9,5,1,12,G3,G5,False,0.2041880958456524
PLS-DA,10,AsLS + SNV,308 nm,9,5,1,13,G4,G8,False,0.030854130781973188
PLS-DA,10,AsLS + SNV,308 nm,9,5,1,14,G4,G4,True,0.24113652511216244
PLS-DA,10,AsLS + SNV,308 nm,9,5,1,19,G4,G4,True,0.13147133541019926
PLS-DA,10,AsLS + SNV,308 nm,9,5,1,20,G5,G8,False,0.05179480061121855
PLS-DA,10,AsLS + SNV,308 nm,9,5,1,21,G5,G6,False,0.07265397459287903
PLS-DA,10,AsLS + SNV,308 nm,9,5,1,24,G6,G7,False,0.05320869112879567
PLS-DA,10,AsLS + SNV,308 nm,9,5,1,26,G6,G4,False,0.6824848623307036
PLS-DA,10,AsLS + SNV,308 nm,9,5,1,32,G6,G6,True,0.02111729309773064
PLS-DA,10,AsLS + SNV,308 nm,9,5,1,33,G6,G6,True,0.08040638947055528
PLS-DA,10,AsLS + SNV,308 nm,9,5,1,34,G7,G7,True,0.4513423290779429
PLS-DA,10,AsLS + SNV,308 nm,9,5,1,38,G8,G4,False,0.6308311903840108
PLS-DA,10,AsLS + SNV,308 nm,9,5,1,39,G9,G9,True,0.9466499552909571
PLS-DA,10,AsLS + SNV,308 nm,9,5,1,42,G10,G2,False,0.06159723283900917
PLS-DA,10,AsLS + SNV,308 nm,9,5,1,43,G11,G5,False,0.026677998658712065
PLS-DA,10,AsLS + SNV,308 nm,10,5,2,3,G1,G4,False,0.5433558427882161
PLS-DA,10,AsLS + SNV,308 nm,10,5,2,7,G2,G2,True,0.4151781286441321
PLS-DA,10,AsLS + SNV,308 nm,10,5,2,8,G2,G6,False,0.3841868433430372
PLS-DA,10,AsLS + SNV,308 nm,10,5,2,10,G3,G2,False,0.18045419352127728
PLS-DA,10,AsLS + SNV,308 nm,10,5,2,11,G3,G4,False,0.30038933984813543
PLS-DA,10,AsLS + SNV,308 nm,10,5,2,15,G4,G4,True,0.5292083568223496
PLS-DA,10,AsLS + SNV,308 nm,10,5,2,16,G4,G4,True,0.51558013079723
PLS-DA,10,AsLS + SNV,308 nm,10,5,2,17,G4,G4,True,0.29575972232738684
PLS-DA,10,AsLS + SNV,308 nm,10,5,2,18,G4,G8,False,0.9942759830647228
PLS-DA,10,AsLS + SNV,308 nm,10,5,2,22,G5,G4,False,0.22025530783998293
PLS-DA,10,AsLS + SNV,308 nm,10,5,2,23,G5,G2,False,0.02902707568193308
PLS-DA,10,AsLS + SNV,308 nm,10,5,2,27,G6,G6,True,0.7010423216597796
PLS-DA,10,AsLS + SNV,308 nm,10,5,2,28,G6,G6,True,0.6149150204749112
PLS-DA,10,AsLS + SNV,308 nm,10,5,2,30,G6,G6,True,0.529611041471025
PLS-DA,10,AsLS + SNV,308 nm,10,5,2,31,G6,G4,False,0.3325947149319489
PLS-DA,10,AsLS + SNV,308 nm,10,5,2,36,G7,G7,True,0.17553894383648078
PLS-DA,10,AsLS + SNV,308 nm,10,5,2,37,G8,G9,False,0.10009166131280645
PLS-DA,10,AsLS + SNV,308 nm,10,5,2,40,G9,G9,True,0.9277684195747116
PLS-DA,10,AsLS + SNV,308 nm,10,5,2,41,G10,G2,False,0.30243844814925647
PLS-DA,10,AsLS + SNV,308 nm,10,5,2,44,G11,G2,False,0.0990574498111314
PLS-DA,10,AsLS + SNV,308 nm,11,6,1,3,G1,G4,False,0.4979063388117651
PLS-DA,10,AsLS + SNV,308 nm,11,6,1,4,G2,G6,False,0.24669748500502353
PLS-DA,10,AsLS + SNV,308 nm,11,6,1,6,G2,G3,False,0.046274023183583146
PLS-DA,10,AsLS + SNV,308 nm,11,6,1,8,G2,G6,False,0.4591004163260364
PLS-DA,10,AsLS + SNV,308 nm,11,6,1,9,G3,G1,False,0.2875059457146125
PLS-DA,10,AsLS + SNV,308 nm,11,6,1,10,G3,G4,False,0.11958102888450262
PLS-DA,10,AsLS + SNV,308 nm,11,6,1,14,G4,G4,True,0.15403662762872894
PLS-DA,10,AsLS + SNV,308 nm,11,6,1,15,G4,G4,True,0.48047860148974697
PLS-DA,10,AsLS + SNV,308 nm,11,6,1,17,G4,G3,False,0.09724606272698
PLS-DA,10,AsLS + SNV,308 nm,11,6,1,20,G5,G4,False,0.16588292319225184
PLS-DA,10,AsLS + SNV,308 nm,11,6,1,22,G5,G6,False,0.15634571687314713
PLS-DA,10,AsLS + SNV,308 nm,11,6,1,26,G6,G8,False,0.12222072426796227
PLS-DA,10,AsLS + SNV,308 nm,11,6,1,27,G6,G4,False,0.39759821220879954
PLS-DA,10,AsLS + SNV,308 nm,11,6,1,28,G6,G6,True,0.9460124449506134
PLS-DA,10,AsLS + SNV,308 nm,11,6,1,30,G6,G6,True,0.5303746499668007
PLS-DA,10,AsLS + SNV,308 nm,11,6,1,36,G7,G8,False,0.17856580697752777
PLS-DA,10,AsLS + SNV,308 nm,11,6,1,38,G8,G4,False,0.6575762241910299
PLS-DA,10,AsLS + SNV,308 nm,11,6,1,39,G9,G9,True,0.935432218243478
PLS-DA,10,AsLS + SNV,308 nm,11,6,1,42,G10,G2,False,0.13573459725520215
PLS-DA,10,AsLS + SNV,308 nm,11,6,1,44,G11,G2,False,0.1239597700282074
PLS-DA,10,AsLS + SNV,308 nm,12,6,2,1,G1,G7,False,0.10677055185452577
PLS-DA,10,AsLS + SNV,308 nm,12,6,2,5,G2,G10,False,0.00905315913488397
PLS-DA,10,AsLS + SNV,308 nm,12,6,2,7,G2,G2,True,0.13684012637199638
PLS-DA,10,AsLS + SNV,308 nm,12,6,2,11,G3,G4,False,0.308024864575266
PLS-DA,10,AsLS + SNV,308 nm,12,6,2,12,G3,G2,False,0.2090402914638088
PLS-DA,10,AsLS + SNV,308 nm,12,6,2,13,G4,G2,False,0.18126458873391327
PLS-DA,10,AsLS + SNV,308 nm,12,6,2,16,G4,G4,True,0.4096713613891691
PLS-DA,10,AsLS + SNV,308 nm,12,6,2,18,G4,G8,False,0.953349726894366
PLS-DA,10,AsLS + SNV,308 nm,12,6,2,19,G4,G4,True,0.38432628257782775
PLS-DA,10,AsLS + SNV,308 nm,12,6,2,21,G5,G4,False,0.16654229770627993
PLS-DA,10,AsLS + SNV,308 nm,12,6,2,23,G5,G2,False,0.06241609198454734
PLS-DA,10,AsLS + SNV,308 nm,12,6,2,24,G6,G7,False,0.07889702878812166
PLS-DA,10,AsLS + SNV,308 nm,12,6,2,31,G6,G4,False,0.3949565741835257
PLS-DA,10,AsLS + SNV,308 nm,12,6,2,32,G6,G2,False,0.41398527838217614
PLS-DA,10,AsLS + SNV,308 nm,12,6,2,33,G6,G6,True,0.004099884199756293
PLS-DA,10,AsLS + SNV,308 nm,12,6,2,34,G7,G7,True,0.18598710263582718
PLS-DA,10,AsLS + SNV,308 nm,12,6,2,37,G8,G7,False,0.18230970053336265
PLS-DA,10,AsLS + SNV,308 nm,12,6,2,40,G9,G9,True,0.9641350689934347
PLS-DA,10,AsLS + SNV,308 nm,12,6,2,41,G10,G11,False,0.0034250777726657633
PLS-DA,10,AsLS + SNV,308 nm,12,6,2,43,G11,G11,True,0.0022526658928119225
PLS-DA,10,AsLS + SNV,308 nm,13,7,1,3,G1,G4,False,0.2607795078351751
PLS-DA,10,AsLS + SNV,308 nm,13,7,1,5,G2,G4,False,0.2291031870884356
PLS-DA,10,AsLS + SNV,308 nm,13,7,1,6,G2,G2,True,0.10595601569858601
PLS-DA,10,AsLS + SNV,308 nm,13,7,1,8,G2,G6,False,0.3893555981514417
PLS-DA,10,AsLS + SNV,308 nm,13,7,1,9,G3,G6,False,0.022975199062973406
PLS-DA,10,AsLS + SNV,308 nm,13,7,1,10,G3,G4,False,0.35722846506566797
PLS-DA,10,AsLS + SNV,308 nm,13,7,1,14,G4,G5,False,0.04962728203001365
PLS-DA,10,AsLS + SNV,308 nm,13,7,1,15,G4,G4,True,0.24019317389294093
PLS-DA,10,AsLS + SNV,308 nm,13,7,1,16,G4,G4,True,0.24780515204499276
PLS-DA,10,AsLS + SNV,308 nm,13,7,1,20,G5,G4,False,0.5165321094044635
PLS-DA,10,AsLS + SNV,308 nm,13,7,1,22,G5,G5,True,0.07107084938265082
PLS-DA,10,AsLS + SNV,308 nm,13,7,1,24,G6,G4,False,0.28134411926116887
PLS-DA,10,AsLS + SNV,308 nm,13,7,1,26,G6,G4,False,0.7460844734374088
PLS-DA,10,AsLS + SNV,308 nm,13,7,1,31,G6,G4,False,0.20062691308812824
PLS-DA,10,AsLS + SNV,308 nm,13,7,1,33,G6,G6,True,0.24471418574377518
PLS-DA,10,AsLS + SNV,308 nm,13,7,1,36,G7,G7,True,0.3579741919898156
PLS-DA,10,AsLS + SNV,308 nm,13,7,1,37,G8,G1,False,0.02833364442433317
PLS-DA,10,AsLS + SNV,308 nm,13,7,1,39,G9,G9,True,0.9660869748957703
PLS-DA,10,AsLS + SNV,308 nm,13,7,1,41,G10,G4,False,0.09469192370742874
PLS-DA,10,AsLS + SNV,308 nm,13,7,1,43,G11,G3,False,0.046201756660343374
PLS-DA,10,AsLS + SNV,308 nm,14,7,2,1,G1,G8,False,0.18456783677670824
PLS-DA,10,AsLS + SNV,308 nm,14,7,2,4,G2,G2,True,0.13924068384676053
PLS-DA,10,AsLS + SNV,308 nm,14,7,2,7,G2,G2,True,0.25373127483876595
PLS-DA,10,AsLS + SNV,308 nm,14,7,2,11,G3,G6,False,0.08608086547887833
PLS-DA,10,AsLS + SNV,308 nm,14,7,2,12,G3,G6,False,0.016546079247352907
PLS-DA,10,AsLS + SNV,308 nm,14,7,2,13,G4,G8,False,0.03940378029027036
PLS-DA,10,AsLS + SNV,308 nm,14,7,2,17,G4,G6,False,0.42113519020849094
PLS-DA,10,AsLS + SNV,308 nm,14,7,2,18,G4,G4,True,0.44596338636565946
PLS-DA,10,AsLS + SNV,308 nm,14,7,2,19,G4,G6,False,0.06807292027223527
PLS-DA,10,AsLS + SNV,308 nm,14,7,2,21,G5,G4,False,0.1917156854004206
PLS-DA,10,AsLS + SNV,308 nm,14,7,2,23,G5,G11,False,0.08817506236203265
PLS-DA,10,AsLS + SNV,308 nm,14,7,2,27,G6,G6,True,0.09158709302504642
PLS-DA,10,AsLS + SNV,308 nm,14,7,2,28,G6,G6,True,0.18735352892245688
PLS-DA,10,AsLS + SNV,308 nm,14,7,2,30,G6,G2,False,0.00891698198779406
PLS-DA,10,AsLS + SNV,308 nm,14,7,2,32,G6,G2,False,0.4099581309392287
PLS-DA,10,AsLS + SNV,308 nm,14,7,2,34,G7,G7,True,0.27292040781626314
PLS-DA,10,AsLS + SNV,308 nm,14,7,2,38,G8,G4,False,0.43322836717454144
PLS-DA,10,AsLS + SNV,308 nm,14,7,2,40,G9,G9,True,0.8584789141052347
PLS-DA,10,AsLS + SNV,308 nm,14,7,2,42,G10,G2,False,0.38071336093258934
PLS-DA,10,AsLS + SNV,308 nm,14,7,2,44,G11,G2,False,0.13968169273425907
PLS-DA,10,AsLS + SNV,308 nm,15,8,1,3,G1,G4,False,0.7034919118482252
PLS-DA,10,AsLS + SNV,308 nm,15,8,1,5,G2,G4,False,0.16518572184173397
PLS-DA,10,AsLS + SNV,308 nm,15,8,1,6,G2,G2,True,0.1155953218233452
PLS-DA,10,AsLS + SNV,308 nm,15,8,1,8,G2,G5,False,0.1256729357456861
PLS-DA,10,AsLS + SNV,308 nm,15,8,1,9,G3,G3,True,0.6424371802206281
PLS-DA,10,AsLS + SNV,308 nm,15,8,1,11,G3,G4,False,0.39076949040949194
PLS-DA,10,AsLS + SNV,308 nm,15,8,1,16,G4,G4,True,0.6645951503396188
PLS-DA,10,AsLS + SNV,308 nm,15,8,1,18,G4,G8,False,1.1021630926930233
PLS-DA,10,AsLS + SNV,308 nm,15,8,1,19,G4,G4,True,0.4895833066088235
PLS-DA,10,AsLS + SNV,308 nm,15,8,1,20,G5,G3,False,1.005462550263115
PLS-DA,10,AsLS + SNV,308 nm,15,8,1,23,G5,G11,False,0.027631302692485482
PLS-DA,10,AsLS + SNV,308 nm,15,8,1,24,G6,G4,False,0.7412912426910314
PLS-DA,10,AsLS + SNV,308 nm,15,8,1,30,G6,G5,False,0.07563342304663145
PLS-DA,10,AsLS + SNV,308 nm,15,8,1,31,G6,G4,False,0.21849030915839396
PLS-DA,10,AsLS + SNV,308 nm,15,8,1,33,G6,G3,False,0.07450330344519282
PLS-DA,10,AsLS + SNV,308 nm,15,8,1,36,G7,G7,True,0.12169128694274778
PLS-DA,10,AsLS + SNV,308 nm,15,8,1,37,G8,G9,False,0.06838223856195891
PLS-DA,10,AsLS + SNV,308 nm,15,8,1,39,G9,G9,True,0.9374708462642112
PLS-DA,10,AsLS + SNV,308 nm,15,8,1,42,G10,G4,False,0.09180321932338936
PLS-DA,10,AsLS + SNV,308 nm,15,8,1,44,G11,G2,False,0.0049657027546556876
PLS-DA,10,AsLS + SNV,308 nm,16,8,2,1,G1,G8,False,0.48247497803622214
PLS-DA,10,AsLS + SNV,308 nm,16,8,2,4,G2,G2,True,0.04666451375767977
PLS-DA,10,AsLS + SNV,308 nm,16,8,2,7,G2,G2,True,0.22758567213498793
PLS-DA,10,AsLS + SNV,308 nm,16,8,2,10,G3,G3,True,0.03567031908796647
PLS-DA,10,AsLS + SNV,308 nm,16,8,2,12,G3,G5,False,0.1263494396926088
PLS-DA,10,AsLS + SNV,308 nm,16,8,2,13,G4,G8,False,0.6848227427313748
PLS-DA,10,AsLS + SNV,308 nm,16,8,2,14,G4,G4,True,0.16110550305542848
PLS-DA,10,AsLS + SNV,308 nm,16,8,2,15,G4,G4,True,0.24076140775053018
PLS-DA,10,AsLS + SNV,308 nm,16,8,2,17,G4,G6,False,0.505880828462042
PLS-DA,10,AsLS + SNV,308 nm,16,8,2,21,G5,G6,False,0.0973960033700565
PLS-DA,10,AsLS + SNV,308 nm,16,8,2,22,G5,G6,False,0.3328308279861366
PLS-DA,10,AsLS + SNV,308 nm,16,8,2,26,G6,G8,False,0.40778499639760013
PLS-DA,10,AsLS + SNV,308 nm,16,8,2,27,G6,G4,False,0.11244972628608707
PLS-DA,10,AsLS + SNV,308 nm,16,8,2,28,G6,G6,True,0.09242561214384915
PLS-DA,10,AsLS + SNV,308 nm,16,8,2,32,G6,G6,True,0.250990459770362
PLS-DA,10,AsLS + SNV,308 nm,16,8,2,34,G7,G7,True,0.36376569798381303
PLS-DA,10,AsLS + SNV,308 nm,16,8,2,38,G8,G4,False,0.784988310130774
PLS-DA,10,AsLS + SNV,308 nm,16,8,2,40,G9,G9,True,0.9717723971923513
PLS-DA,10,AsLS + SNV,308 nm,16,8,2,41,G10,G2,False,0.36154802326408286
PLS-DA,10,AsLS + SNV,308 nm,16,8,2,43,G11,G5,False,0.16469572217994588
PLS-DA,10,AsLS + SNV,308 nm,17,9,1,1,G1,G7,False,0.5427663712441351
PLS-DA,10,AsLS + SNV,308 nm,17,9,1,5,G2,G3,False,0.07883280107801624
PLS-DA,10,AsLS + SNV,308 nm,17,9,1,6,G2,G3,False,0.18560697540800264
PLS-DA,10,AsLS + SNV,308 nm,17,9,1,7,G2,G3,False,0.03128108312092881
PLS-DA,10,AsLS + SNV,308 nm,17,9,1,9,G3,G5,False,0.23774166268039637
PLS-DA,10,AsLS + SNV,308 nm,17,9,1,10,G3,G5,False,0.1741391200515795
PLS-DA,10,AsLS + SNV,308 nm,17,9,1,13,G4,G2,False,0.40932636926967736
PLS-DA,10,AsLS + SNV,308 nm,17,9,1,15,G4,G4,True,0.49414861204478805
PLS-DA,10,AsLS + SNV,308 nm,17,9,1,18,G4,G8,False,1.0130400168002154
PLS-DA,10,AsLS + SNV,308 nm,17,9,1,21,G5,G4,False,0.21524552664660973
PLS-DA,10,AsLS + SNV,308 nm,17,9,1,23,G5,G3,False,0.2632068467957677
PLS-DA,10,AsLS + SNV,308 nm,17,9,1,27,G6,G8,False,0.6325010303810588
PLS-DA,10,AsLS + SNV,308 nm,17,9,1,31,G6,G4,False,0.41452417624901466
PLS-DA,10,AsLS + SNV,308 nm,17,9,1,32,G6,G2,False,0.19799238881553907
PLS-DA,10,AsLS + SNV,308 nm,17,9,1,33,G6,G6,True,0.10963458057772116
PLS-DA,10,AsLS + SNV,308 nm,17,9,1,36,G7,G7,True,0.5547209832895279
PLS-DA,10,AsLS + SNV,308 nm,17,9,1,37,G8,G7,False,0.03950939480755983
PLS-DA,10,AsLS + SNV,308 nm,17,9,1,39,G9,G9,True,0.9800918719729786
PLS-DA,10,AsLS + SNV,308 nm,17,9,1,41,G10,G3,False,0.03416445082038466
PLS-DA,10,AsLS + SNV,308 nm,17,9,1,43,G11,G3,False,0.30833226021348814
PLS-DA,10,AsLS + SNV,308 nm,18,9,2,3,G1,G4,False,0.24013895864289803
PLS-DA,10,AsLS + SNV,308 nm,18,9,2,4,G2,G7,False,0.17671344149994944
PLS-DA,10,AsLS + SNV,308 nm,18,9,2,8,G2,G6,False,0.2746352546714552
PLS-DA,10,AsLS + SNV,308 nm,18,9,2,11,G3,G6,False,0.030347678279958323
PLS-DA,10,AsLS + SNV,308 nm,18,9,2,12,G3,G6,False,0.28499922886557394
PLS-DA,10,AsLS + SNV,308 nm,18,9,2,14,G4,G4,True,0.0457525484305813
PLS-DA,10,AsLS + SNV,308 nm,18,9,2,16,G4,G4,True,0.28783441268948273
PLS-DA,10,AsLS + SNV,308 nm,18,9,2,17,G4,G6,False,0.31126166816048567
PLS-DA,10,AsLS + SNV,308 nm,18,9,2,19,G4,G6,False,0.019872196756202887
PLS-DA,10,AsLS + SNV,308 nm,18,9,2,20,G5,G3,False,0.0028873693097899444
PLS-DA,10,AsLS + SNV,308 nm,18,9,2,22,G5,G6,False,0.2548738164280533
PLS-DA,10,AsLS + SNV,308 nm,18,9,2,24,G6,G6,True,0.4157370189797648
PLS-DA,10,AsLS + SNV,308 nm,18,9,2,26,G6,G8,False,0.1029318400018957
PLS-DA,10,AsLS + SNV,308 nm,18,9,2,28,G6,G6,True,0.4871763026514486
PLS-DA,10,AsLS + SNV,308 nm,18,9,2,30,G6,G6,True,0.5226359719365719
PLS-DA,10,AsLS + SNV,308 nm,18,9,2,34,G7,G7,True,0.1312673672654252
PLS-DA,10,AsLS + SNV,308 nm,18,9,2,38,G8,G4,False,0.6054314103419173
PLS-DA,10,AsLS + SNV,308 nm,18,9,2,40,G9,G9,True,0.8746209467781879
PLS-DA,10,AsLS + SNV,308 nm,18,9,2,42,G10,G2,False,0.14188465154486918
PLS-DA,10,AsLS + SNV,308 nm,18,9,2,44,G11,G2,False,0.18827229174883647
PLS-DA,10,AsLS + SNV,308 nm,19,10,1,3,G1,G4,False,0.8509958285825069
PLS-DA,10,AsLS + SNV,308 nm,19,10,1,4,G2,G3,False,0.0505960998804445
PLS-DA,10,AsLS + SNV,308 nm,19,10,1,5,G2,G4,False,0.01816632781319566
PLS-DA,10,AsLS + SNV,308 nm,19,10,1,6,G2,G2,True,0.04637357691457489
PLS-DA,10,AsLS + SNV,308 nm,19,10,1,9,G3,G3,True,0.548794156799936
PLS-DA,10,AsLS + SNV,308 nm,19,10,1,11,G3,G4,False,0.3967693703514014
PLS-DA,10,AsLS + SNV,308 nm,19,10,1,13,G4,G1,False,0.7200271813580389
PLS-DA,10,AsLS + SNV,308 nm,19,10,1,14,G4,G4,True,0.666704096230316
PLS-DA,10,AsLS + SNV,308 nm,19,10,1,17,G4,G4,True,0.22820602331658607
PLS-DA,10,AsLS + SNV,308 nm,19,10,1,20,G5,G8,False,0.26949785392977466
PLS-DA,10,AsLS + SNV,308 nm,19,10,1,21,G5,G4,False,0.35759495401354463
PLS-DA,10,AsLS + SNV,308 nm,19,10,1,27,G6,G4,False,0.36555234901550904
PLS-DA,10,AsLS + SNV,308 nm,19,10,1,28,G6,G3,False,0.22003843112429622
PLS-DA,10,AsLS + SNV,308 nm,19,10,1,31,G6,G4,False,0.34142364311785023
PLS-DA,10,AsLS + SNV,308 nm,19,10,1,32,G6,G6,True,0.026595780560323024
PLS-DA,10,AsLS + SNV,308 nm,19,10,1,34,G7,G7,True,0.05815878633739524
PLS-DA,10,AsLS + SNV,308 nm,19,10,1,38,G8,G4,False,0.8288808450305499
PLS-DA,10,AsLS + SNV,308 nm,19,10,1,40,G9,G9,True,0.8357902856048747
PLS-DA,10,AsLS + SNV,308 nm,19,10,1,41,G10,G4,False,0.08663240412095852
PLS-DA,10,AsLS + SNV,308 nm,19,10,1,43,G11,G3,False,0.024415538640462864
PLS-DA,10,AsLS + SNV,308 nm,20,10,2,1,G1,G7,False,0.11845720678499871
PLS-DA,10,AsLS + SNV,308 nm,20,10,2,7,G2,G2,True,0.5071860628192179
PLS-DA,10,AsLS + SNV,308 nm,20,10,2,8,G2,G6,False,0.15794433012055611
PLS-DA,10,AsLS + SNV,308 nm,20,10,2,10,G3,G3,True,0.03132507041194832
PLS-DA,10,AsLS + SNV,308 nm,20,10,2,12,G3,G2,False,0.33401013304372346
PLS-DA,10,AsLS + SNV,308 nm,20,10,2,15,G4,G4,True,0.1724011394449425
PLS-DA,10,AsLS + SNV,308 nm,20,10,2,16,G4,G4,True,0.1627922439340465
PLS-DA,10,AsLS + SNV,308 nm,20,10,2,18,G4,G8,False,0.9711861069417026
PLS-DA,10,AsLS + SNV,308 nm,20,10,2,19,G4,G4,True,0.07636989999301591
PLS-DA,10,AsLS + SNV,308 nm,20,10,2,22,G5,G6,False,0.1696459654209357
PLS-DA,10,AsLS + SNV,308 nm,20,10,2,23,G5,G2,False,0.2816248925073134
PLS-DA,10,AsLS + SNV,308 nm,20,10,2,24,G6,G6,True,0.01235879327417988
PLS-DA,10,AsLS + SNV,308 nm,20,10,2,26,G6,G4,False,0.07754379687283186
PLS-DA,10,AsLS + SNV,308 nm,20,10,2,30,G6,G6,True,0.08924131868419016
PLS-DA,10,AsLS + SNV,308 nm,20,10,2,33,G6,G6,True,0.015065281015332499
PLS-DA,10,AsLS + SNV,308 nm,20,10,2,36,G7,G7,True,0.5176001717645113
PLS-DA,10,AsLS + SNV,308 nm,20,10,2,37,G8,G9,False,0.07428702629986234
PLS-DA,10,AsLS + SNV,308 nm,20,10,2,39,G9,G9,True,0.9718054470253797
PLS-DA,10,AsLS + SNV,308 nm,20,10,2,42,G10,G2,False,0.22343216655135595
PLS-DA,10,AsLS + SNV,308 nm,20,10,2,44,G11,G2,False,0.16918978705964022
PLS-DA,10,AsLS + SNV,308 nm,21,11,1,3,G1,G4,False,0.8354083893209445
PLS-DA,10,AsLS + SNV,308 nm,21,11,1,5,G2,G4,False,0.049438546825720686
PLS-DA,10,AsLS + SNV,308 nm,21,11,1,6,G2,G2,True,0.07624888397604612
PLS-DA,10,AsLS + SNV,308 nm,21,11,1,8,G2,G6,False,0.21774719326205805
PLS-DA,10,AsLS + SNV,308 nm,21,11,1,9,G3,G3,True,0.4385224674463571
PLS-DA,10,AsLS + SNV,308 nm,21,11,1,11,G3,G4,False,0.29172655409804404
PLS-DA,10,AsLS + SNV,308 nm,21,11,1,13,G4,G1,False,0.5107296916678534
PLS-DA,10,AsLS + SNV,308 nm,21,11,1,14,G4,G4,True,0.41827503132286287
PLS-DA,10,AsLS + SNV,308 nm,21,11,1,17,G4,G4,True,0.06870149710674867
PLS-DA,10,AsLS + SNV,308 nm,21,11,1,20,G5,G3,False,0.47613370660031884
PLS-DA,10,AsLS + SNV,308 nm,21,11,1,21,G5,G6,False,0.043792457718212
PLS-DA,10,AsLS + SNV,308 nm,21,11,1,26,G6,G4,False,1.6192745897073717
PLS-DA,10,AsLS + SNV,308 nm,21,11,1,27,G6,G4,False,0.21513040178864595
PLS-DA,10,AsLS + SNV,308 nm,21,11,1,30,G6,G6,True,0.16862002536049697
PLS-DA,10,AsLS + SNV,308 nm,21,11,1,33,G6,G6,True,0.11291237004911692
PLS-DA,10,AsLS + SNV,308 nm,21,11,1,34,G7,G7,True,0.07910360323909826
PLS-DA,10,AsLS + SNV,308 nm,21,11,1,38,G8,G4,False,0.7307176280026065
PLS-DA,10,AsLS + SNV,308 nm,21,11,1,40,G9,G9,True,0.8217860657633966
PLS-DA,10,AsLS + SNV,308 nm,21,11,1,41,G10,G4,False,0.20300173799711732
PLS-DA,10,AsLS + SNV,308 nm,21,11,1,44,G11,G4,False,0.015236348990552068
PLS-DA,10,AsLS + SNV,308 nm,22,11,2,1,G1,G7,False,0.3061216401987498
PLS-DA,10,AsLS + SNV,308 nm,22,11,2,4,G2,G7,False,0.07521057438304912
PLS-DA,10,AsLS + SNV,308 nm,22,11,2,7,G2,G2,True,0.3212220756420948
PLS-DA,10,AsLS + SNV,308 nm,22,11,2,10,G3,G3,True,0.035483811307569835
PLS-DA,10,AsLS + SNV,308 nm,22,11,2,12,G3,G6,False,0.013999543141760107
PLS-DA,10,AsLS + SNV,308 nm,22,11,2,15,G4,G4,True,0.13666237968521527
PLS-DA,10,AsLS + SNV,308 nm,22,11,2,16,G4,G4,True,0.12119994127171818
PLS-DA,10,AsLS + SNV,308 nm,22,11,2,18,G4,G8,False,1.0094789906705957
PLS-DA,10,AsLS + SNV,308 nm,22,11,2,19,G4,G4,True,0.1174729037118285
PLS-DA,10,AsLS + SNV,308 nm,22,11,2,22,G5,G4,False,0.1440512311226182
PLS-DA,10,AsLS + SNV,308 nm,22,11,2,23,G5,G2,False,0.16447832495333714
PLS-DA,10,AsLS + SNV,308 nm,22,11,2,24,G6,G6,True,0.5816229857825912
PLS-DA,10,AsLS + SNV,308 nm,22,11,2,28,G6,G6,True,0.9265210510137429
PLS-DA,10,AsLS + SNV,308 nm,22,11,2,31,G6,G4,False,0.21146851368587322
PLS-DA,10,AsLS + SNV,308 nm,22,11,2,32,G6,G6,True,0.12986046770723314
PLS-DA,10,AsLS + SNV,308 nm,22,11,2,36,G7,G7,True,0.6865052569355149
PLS-DA,10,AsLS + SNV,308 nm,22,11,2,37,G8,G7,False,0.032542563788194034
PLS-DA,10,AsLS + SNV,308 nm,22,11,2,39,G9,G9,True,0.9759634884241382
PLS-DA,10,AsLS + SNV,308 nm,22,11,2,42,G10,G2,False,0.26134868136794653
PLS-DA,10,AsLS + SNV,308 nm,22,11,2,43,G11,G2,False,0.2710214902567157
PLS-DA,10,AsLS + SNV,308 nm,23,12,1,3,G1,G4,False,0.7247408322707286
PLS-DA,10,AsLS + SNV,308 nm,23,12,1,4,G2,G7,False,0.0997761180782798
PLS-DA,10,AsLS + SNV,308 nm,23,12,1,7,G2,G2,True,0.5845217726754929
PLS-DA,10,AsLS + SNV,308 nm,23,12,1,8,G2,G6,False,0.3603859532739071
PLS-DA,10,AsLS + SNV,308 nm,23,12,1,10,G3,G3,True,0.4720810420021482
PLS-DA,10,AsLS + SNV,308 nm,23,12,1,12,G3,G6,False,0.12667136617436958
PLS-DA,10,AsLS + SNV,308 nm,23,12,1,13,G4,G1,False,0.7105203827753496
PLS-DA,10,AsLS + SNV,308 nm,23,12,1,17,G4,G4,True,0.2861891260288171
PLS-DA,10,AsLS + SNV,308 nm,23,12,1,18,G4,G8,False,1.053272572854002
PLS-DA,10,AsLS + SNV,308 nm,23,12,1,22,G5,G4,False,0.004751455353825651
PLS-DA,10,AsLS + SNV,308 nm,23,12,1,23,G5,G2,False,0.12426878473186576
PLS-DA,10,AsLS + SNV,308 nm,23,12,1,24,G6,G7,False,0.14652487332494152
PLS-DA,10,AsLS + SNV,308 nm,23,12,1,26,G6,G4,False,0.25840043780703037
PLS-DA,10,AsLS + SNV,308 nm,23,12,1,30,G6,G6,True,0.4200303145741927
PLS-DA,10,AsLS + SNV,308 nm,23,12,1,31,G6,G4,False,0.25297833147008086
PLS-DA,10,AsLS + SNV,308 nm,23,12,1,34,G7,G7,True,0.02174100690142955
PLS-DA,10,AsLS + SNV,308 nm,23,12,1,37,G8,G7,False,0.10306324963277214
PLS-DA,10,AsLS + SNV,308 nm,23,12,1,40,G9,G9,True,0.9729279489931779
PLS-DA,10,AsLS + SNV,308 nm,23,12,1,41,G10,G2,False,0.3052868963578309
PLS-DA,10,AsLS + SNV,308 nm,23,12,1,43,G11,G2,False,0.3230295243707707
PLS-DA,10,AsLS + SNV,308 nm,24,12,2,1,G1,G8,False,0.01542168856051418
PLS-DA,10,AsLS + SNV,308 nm,24,12,2,5,G2,G10,False,0.01560463581542898
PLS-DA,10,AsLS + SNV,308 nm,24,12,2,6,G2,G2,True,0.15727149290311215
PLS-DA,10,AsLS + SNV,308 nm,24,12,2,9,G3,G3,True,0.4532209234731115
PLS-DA,10,AsLS + SNV,308 nm,24,12,2,11,G3,G6,False,0.020272320803416455
PLS-DA,10,AsLS + SNV,308 nm,24,12,2,14,G4,G1,False,0.17957080056722696
PLS-DA,10,AsLS + SNV,308 nm,24,12,2,15,G4,G1,False,0.1394166539130985
PLS-DA,10,AsLS + SNV,308 nm,24,12,2,16,G4,G1,False,0.13634470103728352
PLS-DA,10,AsLS + SNV,308 nm,24,12,2,19,G4,G1,False,0.01942268928934998
PLS-DA,10,AsLS + SNV,308 nm,24,12,2,20,G5,G3,False,0.5785618024057795
PLS-DA,10,AsLS + SNV,308 nm,24,12,2,21,G5,G2,False,0.04058201612493295
PLS-DA,10,AsLS + SNV,308 nm,24,12,2,27,G6,G4,False,2.043198685570746
PLS-DA,10,AsLS + SNV,308 nm,24,12,2,28,G6,G6,True,0.1775107644851427
PLS-DA,10,AsLS + SNV,308 nm,24,12,2,32,G6,G2,False,0.26044744023952116
PLS-DA,10,AsLS + SNV,308 nm,24,12,2,33,G6,G6,True,0.05392743200953276
PLS-DA,10,AsLS + SNV,308 nm,24,12,2,36,G7,G8,False,0.2502059965383273
PLS-DA,10,AsLS + SNV,308 nm,24,12,2,38,G8,G4,False,0.7040148796973553
PLS-DA,10,AsLS + SNV,308 nm,24,12,2,39,G9,G9,True,0.8740369920173968
PLS-DA,10,AsLS + SNV,308 nm,24,12,2,42,G10,G2,False,0.032911002537861556
PLS-DA,10,AsLS + SNV,308 nm,24,12,2,44,G11,G2,False,0.13276192093701322
PLS-DA,10,AsLS + SNV,308 nm,25,13,1,1,G1,G8,False,0.055965358821896294
PLS-DA,10,AsLS + SNV,308 nm,25,13,1,4,G2,G6,False,0.013056159735435169
PLS-DA,10,AsLS + SNV,308 nm,25,13,1,6,G2,G2,True,0.04195280537337931
PLS-DA,10,AsLS + SNV,308 nm,25,13,1,8,G2,G6,False,0.6782585058912214
PLS-DA,10,AsLS + SNV,308 nm,25,13,1,9,G3,G6,False,0.49229159023636776
PLS-DA,10,AsLS + SNV,308 nm,25,13,1,11,G3,G4,False,0.08581148088391091
PLS-DA,10,AsLS + SNV,308 nm,25,13,1,14,G4,G4,True,0.04378978934347999
PLS-DA,10,AsLS + SNV,308 nm,25,13,1,15,G4,G4,True,0.21593472257089452
PLS-DA,10,AsLS + SNV,308 nm,25,13,1,17,G4,G3,False,0.006397710157094144
PLS-DA,10,AsLS + SNV,308 nm,25,13,1,20,G5,G3,False,0.41911907364261947
PLS-DA,10,AsLS + SNV,308 nm,25,13,1,22,G5,G6,False,0.27260743089265776
PLS-DA,10,AsLS + SNV,308 nm,25,13,1,24,G6,G6,True,0.2935145500957631
PLS-DA,10,AsLS + SNV,308 nm,25,13,1,26,G6,G4,False,0.12759104234868612
PLS-DA,10,AsLS + SNV,308 nm,25,13,1,27,G6,G4,False,0.8635405999308776
PLS-DA,10,AsLS + SNV,308 nm,25,13,1,33,G6,G6,True,0.5637926496345614
PLS-DA,10,AsLS + SNV,308 nm,25,13,1,36,G7,G8,False,0.08589066680381596
PLS-DA,10,AsLS + SNV,308 nm,25,13,1,38,G8,G4,False,0.6669050622174
PLS-DA,10,AsLS + SNV,308 nm,25,13,1,39,G9,G9,True,0.9239472844576462
PLS-DA,10,AsLS + SNV,308 nm,25,13,1,42,G10,G2,False,0.005815996941564372
PLS-DA,10,AsLS + SNV,308 nm,25,13,1,43,G11,G2,False,0.04778376972196052
PLS-DA,10,AsLS + SNV,308 nm,26,13,2,3,G1,G4,False,0.6333321125639101
PLS-DA,10,AsLS + SNV,308 nm,26,13,2,5,G2,G6,False,0.04824992563373215
PLS-DA,10,AsLS + SNV,308 nm,26,13,2,7,G2,G2,True,0.15610874541642505
PLS-DA,10,AsLS + SNV,308 nm,26,13,2,10,G3,G3,True,0.08036360392308495
PLS-DA,10,AsLS + SNV,308 nm,26,13,2,12,G3,G2,False,0.1498982691095686
PLS-DA,10,AsLS + SNV,308 nm,26,13,2,13,G4,G1,False,0.05584823426164681
PLS-DA,10,AsLS + SNV,308 nm,26,13,2,16,G4,G4,True,0.5917578418649142
PLS-DA,10,AsLS + SNV,308 nm,26,13,2,18,G4,G8,False,1.0322607655018106
PLS-DA,10,AsLS + SNV,308 nm,26,13,2,19,G4,G4,True,0.4236310404547451
PLS-DA,10,AsLS + SNV,308 nm,26,13,2,21,G5,G4,False,0.37534966958929367
PLS-DA,10,AsLS + SNV,308 nm,26,13,2,23,G5,G2,False,0.06604258619183861
PLS-DA,10,AsLS + SNV,308 nm,26,13,2,28,G6,G6,True,0.39492974530028707
PLS-DA,10,AsLS + SNV,308 nm,26,13,2,30,G6,G2,False,0.17723792354790563
PLS-DA,10,AsLS + SNV,308 nm,26,13,2,31,G6,G4,False,0.47054906521248085
PLS-DA,10,AsLS + SNV,308 nm,26,13,2,32,G6,G2,False,0.46344389520557344
PLS-DA,10,AsLS + SNV,308 nm,26,13,2,34,G7,G1,False,0.002054556160485388
PLS-DA,10,AsLS + SNV,308 nm,26,13,2,37,G8,G7,False,0.04968340905122637
PLS-DA,10,AsLS + SNV,308 nm,26,13,2,40,G9,G9,True,0.9123084171112587
PLS-DA,10,AsLS + SNV,308 nm,26,13,2,41,G10,G2,False,0.04310189272741233
PLS-DA,10,AsLS + SNV,308 nm,26,13,2,44,G11,G2,False,0.08504081734266955
PLS-DA,10,AsLS + SNV,308 nm,27,14,1,3,G1,G4,False,0.9218677796973023
PLS-DA,10,AsLS + SNV,308 nm,27,14,1,4,G2,G5,False,0.260252895512309
PLS-DA,10,AsLS + SNV,308 nm,27,14,1,5,G2,G4,False,0.04788774478812868
PLS-DA,10,AsLS + SNV,308 nm,27,14,1,6,G2,G6,False,0.0057563911834662695
PLS-DA,10,AsLS + SNV,308 nm,27,14,1,10,G3,G3,True,0.3767439419755908
PLS-DA,10,AsLS + SNV,308 nm,27,14,1,12,G3,G6,False,0.6942523772278288
PLS-DA,10,AsLS + SNV,308 nm,27,14,1,13,G4,G1,False,0.5476151190526961
PLS-DA,10,AsLS + SNV,308 nm,27,14,1,16,G4,G4,True,0.7732408479103542
PLS-DA,10,AsLS + SNV,308 nm,27,14,1,18,G4,G6,False,0.21990788047399068
PLS-DA,10,AsLS + SNV,308 nm,27,14,1,20,G5,G8,False,0.4601657665800172
PLS-DA,10,AsLS + SNV,308 nm,27,14,1,23,G5,G6,False,0.38114568590562264
PLS-DA,10,AsLS + SNV,308 nm,27,14,1,24,G6,G6,True,0.22851760930588405
PLS-DA,10,AsLS + SNV,308 nm,27,14,1,26,G6,G4,False,0.14081635217884392
PLS-DA,10,AsLS + SNV,308 nm,27,14,1,27,G6,G5,False,0.9408828002157769
PLS-DA,10,AsLS + SNV,308 nm,27,14,1,31,G6,G4,False,0.3228348447131476
PLS-DA,10,AsLS + SNV,308 nm,27,14,1,34,G7,G7,True,0.16466371346902214
PLS-DA,10,AsLS + SNV,308 nm,27,14,1,38,G8,G6,False,0.14591545944170226
PLS-DA,10,AsLS + SNV,308 nm,27,14,1,39,G9,G9,True,0.9865603653816833
PLS-DA,10,AsLS + SNV,308 nm,27,14,1,42,G10,G10,True,0.03755992944585512
PLS-DA,10,AsLS + SNV,308 nm,27,14,1,43,G11,G10,False,0.06327593260296788
PLS-DA,10,AsLS + SNV,308 nm,28,14,2,1,G1,G7,False,0.2983695829596886
PLS-DA,10,AsLS + SNV,308 nm,28,14,2,7,G2,G2,True,0.4430144636976724
PLS-DA,10,AsLS + SNV,308 nm,28,14,2,8,G2,G2,True,0.32406504106032386
PLS-DA,10,AsLS + SNV,308 nm,28,14,2,9,G3,G3,True,0.30294250203150674
PLS-DA,10,AsLS + SNV,308 nm,28,14,2,11,G3,G6,False,0.06883610653277039
PLS-DA,10,AsLS + SNV,308 nm,28,14,2,14,G4,G4,True,0.1486928969655556
PLS-DA,10,AsLS + SNV,308 nm,28,14,2,15,G4,G4,True,0.1689551674805415
PLS-DA,10,AsLS + SNV,308 nm,28,14,2,17,G4,G3,False,0.02690417149505553
PLS-DA,10,AsLS + SNV,308 nm,28,14,2,19,G4,G6,False,0.07128341510395608
PLS-DA,10,AsLS + SNV,308 nm,28,14,2,21,G5,G4,False,0.050594387744397784
PLS-DA,10,AsLS + SNV,308 nm,28,14,2,22,G5,G6,False,0.039328247816407425
PLS-DA,10,AsLS + SNV,308 nm,28,14,2,28,G6,G6,True,0.26180158395438236
PLS-DA,10,AsLS + SNV,308 nm,28,14,2,30,G6,G2,False,0.19574917557960464
PLS-DA,10,AsLS + SNV,308 nm,28,14,2,32,G6,G2,False,0.20507942588957073
PLS-DA,10,AsLS + SNV,308 nm,28,14,2,33,G6,G2,False,0.09034551281509726
PLS-DA,10,AsLS + SNV,308 nm,28,14,2,36,G7,G7,True,0.529643149453812
PLS-DA,10,AsLS + SNV,308 nm,28,14,2,37,G8,G7,False,0.056190858519051146
PLS-DA,10,AsLS + SNV,308 nm,28,14,2,40,G9,G9,True,0.9384033287544502
PLS-DA,10,AsLS + SNV,308 nm,28,14,2,41,G10,G2,False,0.2548027842941982
PLS-DA,10,AsLS + SNV,308 nm,28,14,2,44,G11,G2,False,0.18736488737758972
PLS-DA,10,AsLS + SNV,308 nm,29,15,1,3,G1,G4,False,0.5422279530412344
PLS-DA,10,AsLS + SNV,308 nm,29,15,1,4,G2,G7,False,0.03689397408428774
PLS-DA,10,AsLS + SNV,308 nm,29,15,1,5,G2,G3,False,0.2822362214144025
PLS-DA,10,AsLS + SNV,308 nm,29,15,1,6,G2,G2,True,0.009766764207197243
PLS-DA,10,AsLS + SNV,308 nm,29,15,1,9,G3,G5,False,0.3181544652782376
PLS-DA,10,AsLS + SNV,308 nm,29,15,1,10,G3,G5,False,0.3309129982573596
PLS-DA,10,AsLS + SNV,308 nm,29,15,1,13,G4,G1,False,0.7495740975413874
PLS-DA,10,AsLS + SNV,308 nm,29,15,1,15,G4,G4,True,0.46543357196594104
PLS-DA,10,AsLS + SNV,308 nm,29,15,1,19,G4,G4,True,0.12376765609010965
PLS-DA,10,AsLS + SNV,308 nm,29,15,1,22,G5,G4,False,0.016616431310404495
PLS-DA,10,AsLS + SNV,308 nm,29,15,1,23,G5,G3,False,0.24853907641503248
PLS-DA,10,AsLS + SNV,308 nm,29,15,1,24,G6,G4,False,0.05437019198821047
PLS-DA,10,AsLS + SNV,308 nm,29,15,1,31,G6,G4,False,0.24520045183564732
PLS-DA,10,AsLS + SNV,308 nm,29,15,1,32,G6,G2,False,0.3149255103102707
PLS-DA,10,AsLS + SNV,308 nm,29,15,1,33,G6,G3,False,0.065378271233142
PLS-DA,10,AsLS + SNV,308 nm,29,15,1,34,G7,G1,False,0.1008953697727874
PLS-DA,10,AsLS + SNV,308 nm,29,15,1,38,G8,G4,False,0.8011107162805515
PLS-DA,10,AsLS + SNV,308 nm,29,15,1,40,G9,G9,True,0.7153494292076756
PLS-DA,10,AsLS + SNV,308 nm,29,15,1,42,G10,G2,False,0.19184122027456357
PLS-DA,10,AsLS + SNV,308 nm,29,15,1,43,G11,G3,False,0.2952877603379792
PLS-DA,10,AsLS + SNV,308 nm,30,15,2,1,G1,G7,False,0.18320423697739502
PLS-DA,10,AsLS + SNV,308 nm,30,15,2,7,G2,G5,False,0.050947234306676026
PLS-DA,10,AsLS + SNV,308 nm,30,15,2,8,G2,G6,False,0.5725189162401138
PLS-DA,10,AsLS + SNV,308 nm,30,15,2,11,G3,G4,False,0.046400921588060084
PLS-DA,10,AsLS + SNV,308 nm,30,15,2,12,G3,G5,False,0.21434420600377624
PLS-DA,10,AsLS + SNV,308 nm,30,15,2,14,G4,G4,True,0.12178886221034213
PLS-DA,10,AsLS + SNV,308 nm,30,15,2,16,G4,G4,True,0.23206877212757837
PLS-DA,10,AsLS + SNV,308 nm,30,15,2,17,G4,G5,False,0.02010793524748522
PLS-DA,10,AsLS + SNV,308 nm,30,15,2,18,G4,G8,False,1.0096834851670762
PLS-DA,10,AsLS + SNV,308 nm,30,15,2,20,G5,G3,False,0.22285862569452752
PLS-DA,10,AsLS + SNV,308 nm,30,15,2,21,G5,G6,False,0.20515773935394255
PLS-DA,10,AsLS + SNV,308 nm,30,15,2,26,G6,G4,False,0.2335386485719092
PLS-DA,10,AsLS + SNV,308 nm,30,15,2,27,G6,G6,True,0.5661308591792213
PLS-DA,10,AsLS + SNV,308 nm,30,15,2,28,G6,G6,True,0.2514660088142582
PLS-DA,10,AsLS + SNV,308 nm,30,15,2,30,G6,G6,True,0.8257178103595273
PLS-DA,10,AsLS + SNV,308 nm,30,15,2,36,G7,G7,True,0.5114218284392684
PLS-DA,10,AsLS + SNV,308 nm,30,15,2,37,G8,G9,False,0.07600597995008729
PLS-DA,10,AsLS + SNV,308 nm,30,15,2,39,G9,G9,True,0.9880900555919409
PLS-DA,10,AsLS + SNV,308 nm,30,15,2,41,G10,G2,False,0.28957176783110183
PLS-DA,10,AsLS + SNV,308 nm,30,15,2,44,G11,G5,False,0.01063824371883107
PLS-DA,10,AsLS + SNV,308 nm,31,16,1,3,G1,G4,False,0.8650894076405391
PLS-DA,10,AsLS + SNV,308 nm,31,16,1,4,G2,G5,False,0.29635757741634994
PLS-DA,10,AsLS + SNV,308 nm,31,16,1,6,G2,G2,True,0.014080144886778667
PLS-DA,10,AsLS + SNV,308 nm,31,16,1,7,G2,G5,False,0.10232999000456455
PLS-DA,10,AsLS + SNV,308 nm,31,16,1,9,G3,G6,False,0.5123255346261318
PLS-DA,10,AsLS + SNV,308 nm,31,16,1,10,G3,G6,False,0.06350596708332956
PLS-DA,10,AsLS + SNV,308 nm,31,16,1,17,G4,G6,False,0.19300378283494135
PLS-DA,10,AsLS + SNV,308 nm,31,16,1,18,G4,G8,False,0.8335637397208481
PLS-DA,10,AsLS + SNV,308 nm,31,16,1,19,G4,G4,True,0.14767172197882122
PLS-DA,10,AsLS + SNV,308 nm,31,16,1,20,G5,G9,False,0.3121458683752145
PLS-DA,10,AsLS + SNV,308 nm,31,16,1,23,G5,G6,False,0.0058744094619096465
PLS-DA,10,AsLS + SNV,308 nm,31,16,1,24,G6,G6,True,2.263433456700686
PLS-DA,10,AsLS + SNV,308 nm,31,16,1,27,G6,G5,False,0.43042367175738017
PLS-DA,10,AsLS + SNV,308 nm,31,16,1,28,G6,G6,True,1.5601751341547252
PLS-DA,10,AsLS + SNV,308 nm,31,16,1,32,G6,G5,False,0.01512662084130273
PLS-DA,10,AsLS + SNV,308 nm,31,16,1,34,G7,G7,True,0.1353783026982483
PLS-DA,10,AsLS + SNV,308 nm,31,16,1,37,G8,G4,False,0.000767186764872585
PLS-DA,10,AsLS + SNV,308 nm,31,16,1,40,G9,G9,True,0.9876653521721099
PLS-DA,10,AsLS + SNV,308 nm,31,16,1,41,G10,G2,False,0.1870909418229666
PLS-DA,10,AsLS + SNV,308 nm,31,16,1,44,G11,G2,False,0.16652979472018203
PLS-DA,10,AsLS + SNV,308 nm,32,16,2,1,G1,G8,False,0.16735416028523992
PLS-DA,10,AsLS + SNV,308 nm,32,16,2,5,G2,G4,False,0.10745951496348205
PLS-DA,10,AsLS + SNV,308 nm,32,16,2,8,G2,G6,False,0.09567503645749842
PLS-DA,10,AsLS + SNV,308 nm,32,16,2,11,G3,G4,False,0.320027017882105
PLS-DA,10,AsLS + SNV,308 nm,32,16,2,12,G3,G2,False,0.021924292214244745
PLS-DA,10,AsLS + SNV,308 nm,32,16,2,13,G4,G3,False,0.10163794729146253
PLS-DA,10,AsLS + SNV,308 nm,32,16,2,14,G4,G4,True,0.23227246754528846
PLS-DA,10,AsLS + SNV,308 nm,32,16,2,15,G4,G4,True,0.2951873975145729
PLS-DA,10,AsLS + SNV,308 nm,32,16,2,16,G4,G4,True,0.2741914066991246
PLS-DA,10,AsLS + SNV,308 nm,32,16,2,21,G5,G4,False,0.25905754901309014
PLS-DA,10,AsLS + SNV,308 nm,32,16,2,22,G5,G4,False,0.1511342766271006
PLS-DA,10,AsLS + SNV,308 nm,32,16,2,26,G6,G8,False,0.4862219664033618
PLS-DA,10,AsLS + SNV,308 nm,32,16,2,30,G6,G6,True,0.0038718407465246074
PLS-DA,10,AsLS + SNV,308 nm,32,16,2,31,G6,G4,False,0.4378082825786587
PLS-DA,10,AsLS + SNV,308 nm,32,16,2,33,G6,G4,False,0.14364595178437042
PLS-DA,10,AsLS + SNV,308 nm,32,16,2,36,G7,G8,False,0.2752075497168667
PLS-DA,10,AsLS + SNV,308 nm,32,16,2,38,G8,G4,False,0.6786138548070445
PLS-DA,10,AsLS + SNV,308 nm,32,16,2,39,G9,G9,True,0.9116821253128655
PLS-DA,10,AsLS + SNV,308 nm,32,16,2,42,G10,G10,True,0.0008219375727110678
PLS-DA,10,AsLS + SNV,308 nm,32,16,2,43,G11,G2,False,0.00928663383884118
PLS-DA,10,AsLS + SNV,308 nm,33,17,1,3,G1,G4,False,0.8198580530056154
PLS-DA,10,AsLS + SNV,308 nm,33,17,1,5,G2,G11,False,0.0197111191324576
PLS-DA,10,AsLS + SNV,308 nm,33,17,1,7,G2,G2,True,0.04930365931750513
PLS-DA,10,AsLS + SNV,308 nm,33,17,1,8,G2,G6,False,0.07613768663038045
PLS-DA,10,AsLS + SNV,308 nm,33,17,1,9,G3,G3,True,0.09466926954410299
PLS-DA,10,AsLS + SNV,308 nm,33,17,1,12,G3,G2,False,0.04072719014351517
PLS-DA,10,AsLS + SNV,308 nm,33,17,1,17,G4,G6,False,0.06193303003048928
PLS-DA,10,AsLS + SNV,308 nm,33,17,1,18,G4,G8,False,0.9626437693954186
PLS-DA,10,AsLS + SNV,308 nm,33,17,1,19,G4,G4,True,0.08311996689847928
PLS-DA,10,AsLS + SNV,308 nm,33,17,1,21,G5,G4,False,0.19241611608807696
PLS-DA,10,AsLS + SNV,308 nm,33,17,1,23,G5,G11,False,0.033962739531076175
PLS-DA,10,AsLS + SNV,308 nm,33,17,1,26,G6,G4,False,0.7607264314591112
PLS-DA,10,AsLS + SNV,308 nm,33,17,1,27,G6,G8,False,0.06319564776087949
PLS-DA,10,AsLS + SNV,308 nm,33,17,1,30,G6,G6,True,0.252328120814272
PLS-DA,10,AsLS + SNV,308 nm,33,17,1,33,G6,G6,True,0.26892868387270474
PLS-DA,10,AsLS + SNV,308 nm,33,17,1,34,G7,G7,True,0.06684396291136674
PLS-DA,10,AsLS + SNV,308 nm,33,17,1,37,G8,G7,False,0.12514372453244932
PLS-DA,10,AsLS + SNV,308 nm,33,17,1,40,G9,G9,True,0.9577328483253434
PLS-DA,10,AsLS + SNV,308 nm,33,17,1,42,G10,G4,False,0.04284319918953933
PLS-DA,10,AsLS + SNV,308 nm,33,17,1,44,G11,G11,True,0.03370686705851267
PLS-DA,10,AsLS + SNV,308 nm,34,17,2,1,G1,G8,False,0.05232316147295085
PLS-DA,10,AsLS + SNV,308 nm,34,17,2,4,G2,G3,False,0.07110329199278587
PLS-DA,10,AsLS + SNV,308 nm,34,17,2,6,G2,G2,True,0.11326564226034608
PLS-DA,10,AsLS + SNV,308 nm,34,17,2,10,G3,G3,True,0.5308772155832696
PLS-DA,10,AsLS + SNV,308 nm,34,17,2,11,G3,G4,False,0.262728168658797
PLS-DA,10,AsLS + SNV,308 nm,34,17,2,13,G4,G8,False,0.24707536522663187
PLS-DA,10,AsLS + SNV,308 nm,34,17,2,14,G4,G4,True,0.10579725079770991
PLS-DA,10,AsLS + SNV,308 nm,34,17,2,15,G4,G4,True,0.2879100443281914
PLS-DA,10,AsLS + SNV,308 nm,34,17,2,16,G4,G4,True,0.27012081565536916
PLS-DA,10,AsLS + SNV,308 nm,34,17,2,20,G5,G8,False,0.15480915450566024
PLS-DA,10,AsLS + SNV,308 nm,34,17,2,22,G5,G4,False,0.11856046790236988
PLS-DA,10,AsLS + SNV,308 nm,34,17,2,24,G6,G6,True,0.8050768972391711
PLS-DA,10,AsLS + SNV,308 nm,34,17,2,28,G6,G6,True,0.45949479235651536
PLS-DA,10,AsLS + SNV,308 nm,34,17,2,31,G6,G4,False,0.380376681899754
PLS-DA,10,AsLS + SNV,308 nm,34,17,2,32,G6,G6,True,0.0322975382622141
PLS-DA,10,AsLS + SNV,308 nm,34,17,2,36,G7,G8,False,0.0773611269584834
PLS-DA,10,AsLS + SNV,308 nm,34,17,2,38,G8,G4,False,0.5825106417205639
PLS-DA,10,AsLS + SNV,308 nm,34,17,2,39,G9,G9,True,0.9486016281280019
PLS-DA,10,AsLS + SNV,308 nm,34,17,2,41,G10,G2,False,0.3023312937267343
PLS-DA,10,AsLS + SNV,308 nm,34,17,2,43,G11,G2,False,0.06637532357046941
PLS-DA,10,AsLS + SNV,308 nm,35,18,1,1,G1,G7,False,0.08170737912498427
PLS-DA,10,AsLS + SNV,308 nm,35,18,1,5,G2,G11,False,0.015645998168013875
PLS-DA,10,AsLS + SNV,308 nm,35,18,1,6,G2,G2,True,0.14019310411397756
PLS-DA,10,AsLS + SNV,308 nm,35,18,1,8,G2,G6,False,0.35457866200290017
PLS-DA,10,AsLS + SNV,308 nm,35,18,1,10,G3,G2,False,0.4371209478936422
PLS-DA,10,AsLS + SNV,308 nm,35,18,1,12,G3,G4,False,0.08325934402188317
PLS-DA,10,AsLS + SNV,308 nm,35,18,1,13,G4,G2,False,0.6628714070613764
PLS-DA,10,AsLS + SNV,308 nm,35,18,1,14,G4,G4,True,0.06943952468521325
PLS-DA,10,AsLS + SNV,308 nm,35,18,1,19,G4,G4,True,0.15154717180377064
PLS-DA,10,AsLS + SNV,308 nm,35,18,1,22,G5,G6,False,0.11876004556543701
PLS-DA,10,AsLS + SNV,308 nm,35,18,1,23,G5,G11,False,0.018697596947332362
PLS-DA,10,AsLS + SNV,308 nm,35,18,1,27,G6,G4,False,0.08395787339659133
PLS-DA,10,AsLS + SNV,308 nm,35,18,1,28,G6,G6,True,0.569800753951857
PLS-DA,10,AsLS + SNV,308 nm,35,18,1,30,G6,G6,True,0.31409432861083697
PLS-DA,10,AsLS + SNV,308 nm,35,18,1,33,G6,G6,True,0.22442532336583165
PLS-DA,10,AsLS + SNV,308 nm,35,18,1,34,G7,G7,True,0.11328847629506261
PLS-DA,10,AsLS + SNV,308 nm,35,18,1,38,G8,G4,False,0.732487574197686
PLS-DA,10,AsLS + SNV,308 nm,35,18,1,39,G9,G9,True,0.7879576055537213
PLS-DA,10,AsLS + SNV,308 nm,35,18,1,41,G10,G4,False,0.006259882367643743
PLS-DA,10,AsLS + SNV,308 nm,35,18,1,43,G11,G11,True,0.016948661236495133
PLS-DA,10,AsLS + SNV,308 nm,36,18,2,3,G1,G4,False,0.5604343588920915
PLS-DA,10,AsLS + SNV,308 nm,36,18,2,4,G2,G7,False,0.14419835749778925
PLS-DA,10,AsLS + SNV,308 nm,36,18,2,7,G2,G2,True,0.2143169926339331
PLS-DA,10,AsLS + SNV,308 nm,36,18,2,9,G3,G3,True,0.06208254805352231
PLS-DA,10,AsLS + SNV,308 nm,36,18,2,11,G3,G4,False,0.21000350739832313
PLS-DA,10,AsLS + SNV,308 nm,36,18,2,15,G4,G4,True,0.5227051151995193
PLS-DA,10,AsLS + SNV,308 nm,36,18,2,16,G4,G4,True,0.5216225764217262
PLS-DA,10,AsLS + SNV,308 nm,36,18,2,17,G4,G4,True,0.09038718383073108
PLS-DA,10,AsLS + SNV,308 nm,36,18,2,18,G4,G8,False,1.0209080614428752
PLS-DA,10,AsLS + SNV,308 nm,36,18,2,20,G5,G3,False,0.3259066944749027
PLS-DA,10,AsLS + SNV,308 nm,36,18,2,21,G5,G4,False,0.39146666282312903
PLS-DA,10,AsLS + SNV,308 nm,36,18,2,24,G6,G6,True,0.12068145073328518
PLS-DA,10,AsLS + SNV,308 nm,36,18,2,26,G6,G4,False,0.1453525225163721
PLS-DA,10,AsLS + SNV,308 nm,36,18,2,31,G6,G4,False,0.30993663691856876
PLS-DA,10,AsLS + SNV,308 nm,36,18,2,32,G6,G6,True,0.20099839721328489
PLS-DA,10,AsLS + SNV,308 nm,36,18,2,36,G7,G7,True,0.4074422818768355
PLS-DA,10,AsLS + SNV,308 nm,36,18,2,37,G8,G9,False,0.0842755943119251
PLS-DA,10,AsLS + SNV,308 nm,36,18,2,40,G9,G9,True,0.9394354509353229
PLS-DA,10,AsLS + SNV,308 nm,36,18,2,42,G10,G2,False,0.3563898474768333
PLS-DA,10,AsLS + SNV,308 nm,36,18,2,44,G11,G2,False,0.2635386959454604
PLS-DA,10,AsLS + SNV,308 nm,37,19,1,3,G1,G4,False,0.9345448769454773
PLS-DA,10,AsLS + SNV,308 nm,37,19,1,4,G2,G3,False,0.17549515243672886
PLS-DA,10,AsLS + SNV,308 nm,37,19,1,6,G2,G2,True,0.1044707987475029
PLS-DA,10,AsLS + SNV,308 nm,37,19,1,7,G2,G2,True,0.09214398654030181
PLS-DA,10,AsLS + SNV,308 nm,37,19,1,10,G3,G3,True,0.3447480634736379
PLS-DA,10,AsLS + SNV,308 nm,37,19,1,11,G3,G4,False,0.36436642907741945
PLS-DA,10,AsLS + SNV,308 nm,37,19,1,13,G4,G1,False,0.8539517617964163
PLS-DA,10,AsLS + SNV,308 nm,37,19,1,16,G4,G4,True,0.9092687780821689
PLS-DA,10,AsLS + SNV,308 nm,37,19,1,19,G4,G4,True,0.45391810973530855
PLS-DA,10,AsLS + SNV,308 nm,37,19,1,21,G5,G4,False,0.7673787220186753
PLS-DA,10,AsLS + SNV,308 nm,37,19,1,22,G5,G4,False,0.4730254393578076
PLS-DA,10,AsLS + SNV,308 nm,37,19,1,26,G6,G4,False,1.7136459834045947
PLS-DA,10,AsLS + SNV,308 nm,37,19,1,30,G6,G2,False,0.18736482500560214
PLS-DA,10,AsLS + SNV,308 nm,37,19,1,31,G6,G4,False,0.6029633142834424
PLS-DA,10,AsLS + SNV,308 nm,37,19,1,32,G6,G2,False,0.17128347733107474
PLS-DA,10,AsLS + SNV,308 nm,37,19,1,34,G7,G1,False,0.16185417865964669
PLS-DA,10,AsLS + SNV,308 nm,37,19,1,38,G8,G4,False,0.9317060868002015
PLS-DA,10,AsLS + SNV,308 nm,37,19,1,39,G9,G9,True,0.7674301879863328
PLS-DA,10,AsLS + SNV,308 nm,37,19,1,42,G10,G2,False,0.2136073647098587
PLS-DA,10,AsLS + SNV,308 nm,37,19,1,44,G11,G2,False,0.19088751323502867
PLS-DA,10,AsLS + SNV,308 nm,38,19,2,1,G1,G7,False,0.26646184690201746
PLS-DA,10,AsLS + SNV,308 nm,38,19,2,5,G2,G11,False,0.004940270392939317
PLS-DA,10,AsLS + SNV,308 nm,38,19,2,8,G2,G6,False,0.46717929737696484
PLS-DA,10,AsLS + SNV,308 nm,38,19,2,9,G3,G3,True,0.063898148790131
PLS-DA,10,AsLS + SNV,308 nm,38,19,2,12,G3,G6,False,0.1218345200634669
PLS-DA,10,AsLS + SNV,308 nm,38,19,2,14,G4,G5,False,0.1985891347277845
PLS-DA,10,AsLS + SNV,308 nm,38,19,2,15,G4,G4,True,0.20581355014116398
PLS-DA,10,AsLS + SNV,308 nm,38,19,2,17,G4,G6,False,0.0657275847643784
PLS-DA,10,AsLS + SNV,308 nm,38,19,2,18,G4,G8,False,0.9136931685054361
PLS-DA,10,AsLS + SNV,308 nm,38,19,2,20,G5,G3,False,0.21745217225824798
PLS-DA,10,AsLS + SNV,308 nm,38,19,2,23,G5,G6,False,0.09633578788796276
PLS-DA,10,AsLS + SNV,308 nm,38,19,2,24,G6,G6,True,0.5947543068975302
PLS-DA,10,AsLS + SNV,308 nm,38,19,2,27,G6,G5,False,0.7112110362600159
PLS-DA,10,AsLS + SNV,308 nm,38,19,2,28,G6,G2,False,0.4971192199658373
PLS-DA,10,AsLS + SNV,308 nm,38,19,2,33,G6,G6,True,0.6773154682705811
PLS-DA,10,AsLS + SNV,308 nm,38,19,2,36,G7,G7,True,0.5735427282711907
PLS-DA,10,AsLS + SNV,308 nm,38,19,2,37,G8,G9,False,0.020981330081906502
PLS-DA,10,AsLS + SNV,308 nm,38,19,2,40,G9,G9,True,0.9864747884801162
PLS-DA,10,AsLS + SNV,308 nm,38,19,2,41,G10,G4,False,0.035661760214700244
PLS-DA,10,AsLS + SNV,308 nm,38,19,2,43,G11,G2,False,0.09284709338019292
PLS-DA,10,AsLS + SNV,308 nm,39,20,1,3,G1,G4,False,0.6458750322582449
PLS-DA,10,AsLS + SNV,308 nm,39,20,1,4,G2,G5,False,0.06989049536934222
PLS-DA,10,AsLS + SNV,308 nm,39,20,1,5,G2,G6,False,0.1737037711401072
PLS-DA,10,AsLS + SNV,308 nm,39,20,1,7,G2,G2,True,0.4156466297379584
PLS-DA,10,AsLS + SNV,308 nm,39,20,1,11,G3,G6,False,0.03281040915051048
PLS-DA,10,AsLS + SNV,308 nm,39,20,1,12,G3,G6,False,0.28007383607129227
PLS-DA,10,AsLS + SNV,308 nm,39,20,1,14,G4,G4,True,0.0018751342162423024
PLS-DA,10,AsLS + SNV,308 nm,39,20,1,17,G4,G6,False,0.571077143730899
PLS-DA,10,AsLS + SNV,308 nm,39,20,1,19,G4,G6,False,0.018146553508229246
PLS-DA,10,AsLS + SNV,308 nm,39,20,1,20,G5,G3,False,0.6187197980176125
PLS-DA,10,AsLS + SNV,308 nm,39,20,1,23,G5,G6,False,0.339252169259222
PLS-DA,10,AsLS + SNV,308 nm,39,20,1,24,G6,G6,True,0.6729301873351708
PLS-DA,10,AsLS + SNV,308 nm,39,20,1,26,G6,G4,False,1.824096334743583
PLS-DA,10,AsLS + SNV,308 nm,39,20,1,27,G6,G6,True,0.06038195750617337
PLS-DA,10,AsLS + SNV,308 nm,39,20,1,28,G6,G3,False,0.4735157787637865
PLS-DA,10,AsLS + SNV,308 nm,39,20,1,34,G7,G7,True,0.14151658683100382
PLS-DA,10,AsLS + SNV,308 nm,39,20,1,37,G8,G9,False,0.01552543359198122
PLS-DA,10,AsLS + SNV,308 nm,39,20,1,40,G9,G9,True,0.9662465957116173
PLS-DA,10,AsLS + SNV,308 nm,39,20,1,42,G10,G2,False,0.014911503426158101
PLS-DA,10,AsLS + SNV,308 nm,39,20,1,43,G11,G6,False,0.004513705615600827
PLS-DA,10,AsLS + SNV,308 nm,40,20,2,1,G1,G8,False,0.027568656440269235
PLS-DA,10,AsLS + SNV,308 nm,40,20,2,6,G2,G2,True,0.07447762629913313
PLS-DA,10,AsLS + SNV,308 nm,40,20,2,8,G2,G4,False,0.10274374935786049
PLS-DA,10,AsLS + SNV,308 nm,40,20,2,9,G3,G2,False,0.021664415136133375
PLS-DA,10,AsLS + SNV,308 nm,40,20,2,10,G3,G2,False,0.3024663931996203
PLS-DA,10,AsLS + SNV,308 nm,40,20,2,13,G4,G2,False,0.48061350905626515
PLS-DA,10,AsLS + SNV,308 nm,40,20,2,15,G4,G4,True,0.34479809961407343
PLS-DA,10,AsLS + SNV,308 nm,40,20,2,16,G4,G4,True,0.33399200364698517
PLS-DA,10,AsLS + SNV,308 nm,40,20,2,18,G4,G3,False,0.006024753507689551
PLS-DA,10,AsLS + SNV,308 nm,40,20,2,21,G5,G4,False,0.44137901038881333
PLS-DA,10,AsLS + SNV,308 nm,40,20,2,22,G5,G4,False,0.26105872106870975
PLS-DA,10,AsLS + SNV,308 nm,40,20,2,30,G6,G4,False,0.10443385845121378
PLS-DA,10,AsLS + SNV,308 nm,40,20,2,31,G6,G4,False,0.4093895352619394
PLS-DA,10,AsLS + SNV,308 nm,40,20,2,32,G6,G3,False,0.1526086727301078
PLS-DA,10,AsLS + SNV,308 nm,40,20,2,33,G6,G3,False,0.03444227423955443
PLS-DA,10,AsLS + SNV,308 nm,40,20,2,36,G7,G8,False,0.3354143277906928
PLS-DA,10,AsLS + SNV,308 nm,40,20,2,38,G8,G3,False,0.18636473210756305
PLS-DA,10,AsLS + SNV,308 nm,40,20,2,39,G9,G9,True,0.9739264174626165
PLS-DA,10,AsLS + SNV,308 nm,40,20,2,41,G10,G2,False,0.12872329529842585
PLS-DA,10,AsLS + SNV,308 nm,40,20,2,44,G11,G2,False,0.06914001532893421
PLS-DA,10,AsLS + SNV,440 nm,1,1,1,3,G1,G4,False,0.9076039492266361
PLS-DA,10,AsLS + SNV,440 nm,1,1,1,4,G2,G3,False,0.18542708308086986
PLS-DA,10,AsLS + SNV,440 nm,1,1,1,6,G2,G3,False,0.02214883782225474
PLS-DA,10,AsLS + SNV,440 nm,1,1,1,7,G2,G3,False,0.2088174312381956
PLS-DA,10,AsLS + SNV,440 nm,1,1,1,9,G3,G3,True,0.1553917942285158
PLS-DA,10,AsLS + SNV,440 nm,1,1,1,11,G3,G4,False,0.22531263560317938
PLS-DA,10,AsLS + SNV,440 nm,1,1,1,14,G4,G4,True,0.3806432688989403
PLS-DA,10,AsLS + SNV,440 nm,1,1,1,17,G4,G6,False,0.06881847837070959
PLS-DA,10,AsLS + SNV,440 nm,1,1,1,18,G4,G8,False,0.8450332638731806
PLS-DA,10,AsLS + SNV,440 nm,1,1,1,21,G5,G2,False,0.4955497464174252
PLS-DA,10,AsLS + SNV,440 nm,1,1,1,22,G5,G4,False,0.2990610421370537
PLS-DA,10,AsLS + SNV,440 nm,1,1,1,24,G6,G3,False,0.018545071767849697
PLS-DA,10,AsLS + SNV,440 nm,1,1,1,27,G6,G7,False,0.1366916898292002
PLS-DA,10,AsLS + SNV,440 nm,1,1,1,28,G6,G3,False,0.3289798244494806
PLS-DA,10,AsLS + SNV,440 nm,1,1,1,32,G6,G6,True,0.3867460502871062
PLS-DA,10,AsLS + SNV,440 nm,1,1,1,34,G7,G7,True,0.2075025904676353
PLS-DA,10,AsLS + SNV,440 nm,1,1,1,37,G8,G3,False,0.13981310919900175
PLS-DA,10,AsLS + SNV,440 nm,1,1,1,39,G9,G9,True,0.7198777927925178
PLS-DA,10,AsLS + SNV,440 nm,1,1,1,42,G10,G6,False,0.06201331431067014
PLS-DA,10,AsLS + SNV,440 nm,1,1,1,44,G11,G5,False,0.04595724675130569
PLS-DA,10,AsLS + SNV,440 nm,2,1,2,1,G1,G7,False,0.002194970160609544
PLS-DA,10,AsLS + SNV,440 nm,2,1,2,5,G2,G2,True,0.1252536168856005
PLS-DA,10,AsLS + SNV,440 nm,2,1,2,8,G2,G6,False,0.16151103299883876
PLS-DA,10,AsLS + SNV,440 nm,2,1,2,10,G3,G3,True,0.11563155888867777
PLS-DA,10,AsLS + SNV,440 nm,2,1,2,12,G3,G6,False,0.4263232721641709
PLS-DA,10,AsLS + SNV,440 nm,2,1,2,13,G4,G8,False,0.3963408482759716
PLS-DA,10,AsLS + SNV,440 nm,2,1,2,15,G4,G1,False,0.16007385855598166
PLS-DA,10,AsLS + SNV,440 nm,2,1,2,16,G4,G1,False,0.14934751759105325
PLS-DA,10,AsLS + SNV,440 nm,2,1,2,19,G4,G3,False,0.08355006131160325
PLS-DA,10,AsLS + SNV,440 nm,2,1,2,20,G5,G3,False,0.2486555641216044
PLS-DA,10,AsLS + SNV,440 nm,2,1,2,23,G5,G11,False,0.02257320664397544
PLS-DA,10,AsLS + SNV,440 nm,2,1,2,26,G6,G6,True,0.2389628977218039
PLS-DA,10,AsLS + SNV,440 nm,2,1,2,30,G6,G6,True,0.44561722820989724
PLS-DA,10,AsLS + SNV,440 nm,2,1,2,31,G6,G3,False,0.04726917568349154
PLS-DA,10,AsLS + SNV,440 nm,2,1,2,33,G6,G6,True,0.3905460666150275
PLS-DA,10,AsLS + SNV,440 nm,2,1,2,36,G7,G7,True,0.12566588823026315
PLS-DA,10,AsLS + SNV,440 nm,2,1,2,38,G8,G4,False,0.5712746250932289
PLS-DA,10,AsLS + SNV,440 nm,2,1,2,40,G9,G9,True,0.14301330757390002
PLS-DA,10,AsLS + SNV,440 nm,2,1,2,41,G10,G2,False,0.20924673141600952
PLS-DA,10,AsLS + SNV,440 nm,2,1,2,43,G11,G11,True,0.15456243668542535
PLS-DA,10,AsLS + SNV,440 nm,3,2,1,1,G1,G9,False,0.2771887073461393
PLS-DA,10,AsLS + SNV,440 nm,3,2,1,4,G2,G7,False,0.08414028678914265
PLS-DA,10,AsLS + SNV,440 nm,3,2,1,6,G2,G2,True,0.3896202502972868
PLS-DA,10,AsLS + SNV,440 nm,3,2,1,8,G2,G6,False,0.12592121737732703
PLS-DA,10,AsLS + SNV,440 nm,3,2,1,9,G3,G3,True,0.008161829745450433
PLS-DA,10,AsLS + SNV,440 nm,3,2,1,12,G3,G4,False,0.41700075851654494
PLS-DA,10,AsLS + SNV,440 nm,3,2,1,13,G4,G3,False,0.5814164003644123
PLS-DA,10,AsLS + SNV,440 nm,3,2,1,18,G4,G4,True,3.1428625122432914
PLS-DA,10,AsLS + SNV,440 nm,3,2,1,19,G4,G3,False,0.16900054794884883
PLS-DA,10,AsLS + SNV,440 nm,3,2,1,20,G5,G3,False,0.3371598453856497
PLS-DA,10,AsLS + SNV,440 nm,3,2,1,23,G5,G11,False,0.2166017625958524
PLS-DA,10,AsLS + SNV,440 nm,3,2,1,24,G6,G6,True,0.9280221288098236
PLS-DA,10,AsLS + SNV,440 nm,3,2,1,30,G6,G4,False,0.10091392246298281
PLS-DA,10,AsLS + SNV,440 nm,3,2,1,32,G6,G4,False,0.3105942670239715
PLS-DA,10,AsLS + SNV,440 nm,3,2,1,33,G6,G4,False,0.28755602672494684
PLS-DA,10,AsLS + SNV,440 nm,3,2,1,36,G7,G7,True,0.35872039499216757
PLS-DA,10,AsLS + SNV,440 nm,3,2,1,38,G8,G4,False,2.933993462969753
PLS-DA,10,AsLS + SNV,440 nm,3,2,1,40,G9,G9,True,0.24125419700882855
PLS-DA,10,AsLS + SNV,440 nm,3,2,1,42,G10,G2,False,0.35454674759041194
PLS-DA,10,AsLS + SNV,440 nm,3,2,1,43,G11,G11,True,0.36327496798366166
PLS-DA,10,AsLS + SNV,440 nm,4,2,2,3,G1,G4,False,0.4328260701091743
PLS-DA,10,AsLS + SNV,440 nm,4,2,2,5,G2,G4,False,0.0956293876342495
PLS-DA,10,AsLS + SNV,440 nm,4,2,2,7,G2,G2,True,0.8937951486323326
PLS-DA,10,AsLS + SNV,440 nm,4,2,2,10,G3,G4,False,0.06294930853123126
PLS-DA,10,AsLS + SNV,440 nm,4,2,2,11,G3,G4,False,0.15042006994972612
PLS-DA,10,AsLS + SNV,440 nm,4,2,2,14,G4,G4,True,0.15895947343267558
PLS-DA,10,AsLS + SNV,440 nm,4,2,2,15,G4,G4,True,0.5252221500902712
PLS-DA,10,AsLS + SNV,440 nm,4,2,2,16,G4,G2,False,0.09240999670514916
PLS-DA,10,AsLS + SNV,440 nm,4,2,2,17,G4,G4,True,0.030567171340449534
PLS-DA,10,AsLS + SNV,440 nm,4,2,2,21,G5,G4,False,0.06386888056996898
PLS-DA,10,AsLS + SNV,440 nm,4,2,2,22,G5,G2,False,0.18539291227093313
PLS-DA,10,AsLS + SNV,440 nm,4,2,2,26,G6,G5,False,0.11825252767737104
PLS-DA,10,AsLS + SNV,440 nm,4,2,2,27,G6,G6,True,0.04873435435235479
PLS-DA,10,AsLS + SNV,440 nm,4,2,2,28,G6,G3,False,0.05399500420732492
PLS-DA,10,AsLS + SNV,440 nm,4,2,2,31,G6,G4,False,0.05717341948734467
PLS-DA,10,AsLS + SNV,440 nm,4,2,2,34,G7,G3,False,0.006635973992503097
PLS-DA,10,AsLS + SNV,440 nm,4,2,2,37,G8,G4,False,0.00331184471323942
PLS-DA,10,AsLS + SNV,440 nm,4,2,2,39,G9,G9,True,0.015934160268919362
PLS-DA,10,AsLS + SNV,440 nm,4,2,2,41,G10,G4,False,0.06765762284116417
PLS-DA,10,AsLS + SNV,440 nm,4,2,2,44,G11,G5,False,0.0028091487060000753
PLS-DA,10,AsLS + SNV,440 nm,5,3,1,1,G1,G7,False,0.05312933511226836
PLS-DA,10,AsLS + SNV,440 nm,5,3,1,5,G2,G4,False,0.03725771393428862
PLS-DA,10,AsLS + SNV,440 nm,5,3,1,6,G2,G2,True,0.2178193048051565
PLS-DA,10,AsLS + SNV,440 nm,5,3,1,8,G2,G6,False,0.38862875191297647
PLS-DA,10,AsLS + SNV,440 nm,5,3,1,11,G3,G4,False,0.7094652827249736
PLS-DA,10,AsLS + SNV,440 nm,5,3,1,12,G3,G6,False,0.024182150763995325
PLS-DA,10,AsLS + SNV,440 nm,5,3,1,13,G4,G3,False,0.1642767859757811
PLS-DA,10,AsLS + SNV,440 nm,5,3,1,15,G4,G1,False,0.08178559280582709
PLS-DA,10,AsLS + SNV,440 nm,5,3,1,18,G4,G8,False,0.5583357820156163
PLS-DA,10,AsLS + SNV,440 nm,5,3,1,21,G5,G1,False,2.379043413095473
PLS-DA,10,AsLS + SNV,440 nm,5,3,1,22,G5,G4,False,0.35244611233229284
PLS-DA,10,AsLS + SNV,440 nm,5,3,1,27,G6,G7,False,0.1233915592339061
PLS-DA,10,AsLS + SNV,440 nm,5,3,1,28,G6,G3,False,0.006846295985792394
PLS-DA,10,AsLS + SNV,440 nm,5,3,1,30,G6,G6,True,0.6413871370398265
PLS-DA,10,AsLS + SNV,440 nm,5,3,1,32,G6,G6,True,0.7239208961665058
PLS-DA,10,AsLS + SNV,440 nm,5,3,1,34,G7,G7,True,0.1417959402962391
PLS-DA,10,AsLS + SNV,440 nm,5,3,1,37,G8,G3,False,0.17580579115741257
PLS-DA,10,AsLS + SNV,440 nm,5,3,1,39,G9,G9,True,0.03741409077690683
PLS-DA,10,AsLS + SNV,440 nm,5,3,1,41,G10,G4,False,0.15828233623050092
PLS-DA,10,AsLS + SNV,440 nm,5,3,1,43,G11,G5,False,0.12742381393110586
PLS-DA,10,AsLS + SNV,440 nm,6,3,2,3,G1,G4,False,0.40627759175714645
PLS-DA,10,AsLS + SNV,440 nm,6,3,2,4,G2,G6,False,0.057226133136055846
PLS-DA,10,AsLS + SNV,440 nm,6,3,2,7,G2,G2,True,0.5277071421749864
PLS-DA,10,AsLS + SNV,440 nm,6,3,2,9,G3,G6,False,0.10240017104858057
PLS-DA,10,AsLS + SNV,440 nm,6,3,2,10,G3,G6,False,0.14879349366035655
PLS-DA,10,AsLS + SNV,440 nm,6,3,2,14,G4,G4,True,0.22421039985912528
PLS-DA,10,AsLS + SNV,440 nm,6,3,2,16,G4,G4,True,0.3867305620183177
PLS-DA,10,AsLS + SNV,440 nm,6,3,2,17,G4,G2,False,0.16857596395544217
PLS-DA,10,AsLS + SNV,440 nm,6,3,2,19,G4,G3,False,0.07052684649142232
PLS-DA,10,AsLS + SNV,440 nm,6,3,2,20,G5,G6,False,1.385788060568505
PLS-DA,10,AsLS + SNV,440 nm,6,3,2,23,G5,G3,False,0.0013882139583255015
PLS-DA,10,AsLS + SNV,440 nm,6,3,2,24,G6,G6,True,1.5757699580838693
PLS-DA,10,AsLS + SNV,440 nm,6,3,2,26,G6,G6,True,1.2189218901083594
PLS-DA,10,AsLS + SNV,440 nm,6,3,2,31,G6,G5,False,0.0045959226971654665
PLS-DA,10,AsLS + SNV,440 nm,6,3,2,33,G6,G6,True,0.15606881813199247
PLS-DA,10,AsLS + SNV,440 nm,6,3,2,36,G7,G7,True,0.12336802798197521
PLS-DA,10,AsLS + SNV,440 nm,6,3,2,38,G8,G4,False,0.639570100049514
PLS-DA,10,AsLS + SNV,440 nm,6,3,2,40,G9,G9,True,0.34150379779788054
PLS-DA,10,AsLS + SNV,440 nm,6,3,2,42,G10,G2,False,0.20072960318553074
PLS-DA,10,AsLS + SNV,440 nm,6,3,2,44,G11,G3,False,0.019780741294528503
PLS-DA,10,AsLS + SNV,440 nm,7,4,1,1,G1,G6,False,0.030292619445743463
PLS-DA,10,AsLS + SNV,440 nm,7,4,1,5,G2,G10,False,0.3862788399914626
PLS-DA,10,AsLS + SNV,440 nm,7,4,1,6,G2,G11,False,0.0028470510860911236
PLS-DA,10,AsLS + SNV,440 nm,7,4,1,7,G2,G7,False,0.2268677541498763
PLS-DA,10,AsLS + SNV,440 nm,7,4,1,9,G3,G7,False,0.09283850731830645
PLS-DA,10,AsLS + SNV,440 nm,7,4,1,12,G3,G10,False,0.14476673864057743
PLS-DA,10,AsLS + SNV,440 nm,7,4,1,13,G4,G3,False,0.5328216643740984
PLS-DA,10,AsLS + SNV,440 nm,7,4,1,15,G4,G4,True,0.07566920706486158
PLS-DA,10,AsLS + SNV,440 nm,7,4,1,19,G4,G3,False,0.004481142829119045
PLS-DA,10,AsLS + SNV,440 nm,7,4,1,21,G5,G10,False,3.193859524994809
PLS-DA,10,AsLS + SNV,440 nm,7,4,1,22,G5,G3,False,0.08119514692566152
PLS-DA,10,AsLS + SNV,440 nm,7,4,1,24,G6,G6,True,0.7067565446387577
PLS-DA,10,AsLS + SNV,440 nm,7,4,1,26,G6,G6,True,0.26853629704093396
PLS-DA,10,AsLS + SNV,440 nm,7,4,1,32,G6,G6,True,0.269171439697487
PLS-DA,10,AsLS + SNV,440 nm,7,4,1,33,G6,G6,True,0.17231015345201767
PLS-DA,10,AsLS + SNV,440 nm,7,4,1,36,G7,G7,True,0.2536146304378428
PLS-DA,10,AsLS + SNV,440 nm,7,4,1,38,G8,G4,False,0.9161324048065298
PLS-DA,10,AsLS + SNV,440 nm,7,4,1,39,G9,G9,True,0.3466575198065702
PLS-DA,10,AsLS + SNV,440 nm,7,4,1,41,G10,G10,True,0.4710447353353729
PLS-DA,10,AsLS + SNV,440 nm,7,4,1,44,G11,G5,False,0.004894456546527648
PLS-DA,10,AsLS + SNV,440 nm,8,4,2,3,G1,G4,False,0.22470015076147387
PLS-DA,10,AsLS + SNV,440 nm,8,4,2,4,G2,G3,False,0.05144518378373758
PLS-DA,10,AsLS + SNV,440 nm,8,4,2,8,G2,G6,False,0.33159547159279135
PLS-DA,10,AsLS + SNV,440 nm,8,4,2,10,G3,G3,True,0.08036542643213063
PLS-DA,10,AsLS + SNV,440 nm,8,4,2,11,G3,G4,False,0.2230713822145656
PLS-DA,10,AsLS + SNV,440 nm,8,4,2,14,G4,G4,True,0.08625904317369404
PLS-DA,10,AsLS + SNV,440 nm,8,4,2,16,G4,G4,True,0.20595824435791676
PLS-DA,10,AsLS + SNV,440 nm,8,4,2,17,G4,G6,False,0.12158225238350168
PLS-DA,10,AsLS + SNV,440 nm,8,4,2,18,G4,G8,False,0.8612351755883366
PLS-DA,10,AsLS + SNV,440 nm,8,4,2,20,G5,G3,False,0.7265316789558669
PLS-DA,10,AsLS + SNV,440 nm,8,4,2,23,G5,G6,False,0.05266934045238203
PLS-DA,10,AsLS + SNV,440 nm,8,4,2,27,G6,G6,True,0.054860605942763985
PLS-DA,10,AsLS + SNV,440 nm,8,4,2,28,G6,G3,False,0.48641818778017826
PLS-DA,10,AsLS + SNV,440 nm,8,4,2,30,G6,G6,True,0.6187215967535573
PLS-DA,10,AsLS + SNV,440 nm,8,4,2,31,G6,G6,True,0.0620492613861246
PLS-DA,10,AsLS + SNV,440 nm,8,4,2,34,G7,G7,True,0.17362161233950973
PLS-DA,10,AsLS + SNV,440 nm,8,4,2,37,G8,G7,False,0.1657125783320833
PLS-DA,10,AsLS + SNV,440 nm,8,4,2,40,G9,G9,True,0.14876565529898333
PLS-DA,10,AsLS + SNV,440 nm,8,4,2,42,G10,G2,False,0.0935645524826989
PLS-DA,10,AsLS + SNV,440 nm,8,4,2,43,G11,G3,False,0.025415491750859887
PLS-DA,10,AsLS + SNV,440 nm,9,5,1,1,G1,G9,False,0.13727255388222803
PLS-DA,10,AsLS + SNV,440 nm,9,5,1,4,G2,G6,False,0.12432076501536143
PLS-DA,10,AsLS + SNV,440 nm,9,5,1,5,G2,G10,False,0.4590055559986387
PLS-DA,10,AsLS + SNV,440 nm,9,5,1,6,G2,G2,True,0.3925403260163204
PLS-DA,10,AsLS + SNV,440 nm,9,5,1,9,G3,G3,True,0.02420753420613342
PLS-DA,10,AsLS + SNV,440 nm,9,5,1,12,G3,G2,False,0.07307544452566073
PLS-DA,10,AsLS + SNV,440 nm,9,5,1,13,G4,G3,False,0.7777817411406032
PLS-DA,10,AsLS + SNV,440 nm,9,5,1,14,G4,G6,False,0.010100056720253103
PLS-DA,10,AsLS + SNV,440 nm,9,5,1,19,G4,G5,False,0.060797176019293186
PLS-DA,10,AsLS + SNV,440 nm,9,5,1,20,G5,G6,False,0.18589076631336343
PLS-DA,10,AsLS + SNV,440 nm,9,5,1,21,G5,G6,False,0.725175213287633
PLS-DA,10,AsLS + SNV,440 nm,9,5,1,24,G6,G6,True,0.6956370987661311
PLS-DA,10,AsLS + SNV,440 nm,9,5,1,26,G6,G6,True,0.7982608279757063
PLS-DA,10,AsLS + SNV,440 nm,9,5,1,32,G6,G6,True,0.022407448368498617
PLS-DA,10,AsLS + SNV,440 nm,9,5,1,33,G6,G2,False,0.04403941574971104
PLS-DA,10,AsLS + SNV,440 nm,9,5,1,34,G7,G7,True,0.254275566578522
PLS-DA,10,AsLS + SNV,440 nm,9,5,1,38,G8,G4,False,0.580253932571597
PLS-DA,10,AsLS + SNV,440 nm,9,5,1,39,G9,G9,True,0.8542104343688487
PLS-DA,10,AsLS + SNV,440 nm,9,5,1,42,G10,G10,True,0.16319168304031068
PLS-DA,10,AsLS + SNV,440 nm,9,5,1,43,G11,G5,False,0.06008313754363048
PLS-DA,10,AsLS + SNV,440 nm,10,5,2,3,G1,G4,False,0.28497460068387703
PLS-DA,10,AsLS + SNV,440 nm,10,5,2,7,G2,G2,True,0.24993480007984353
PLS-DA,10,AsLS + SNV,440 nm,10,5,2,8,G2,G4,False,0.05557935572383699
PLS-DA,10,AsLS + SNV,440 nm,10,5,2,10,G3,G4,False,0.1819269811572636
PLS-DA,10,AsLS + SNV,440 nm,10,5,2,11,G3,G4,False,0.4367935518181465
PLS-DA,10,AsLS + SNV,440 nm,10,5,2,15,G4,G4,True,0.18833618791261442
PLS-DA,10,AsLS + SNV,440 nm,10,5,2,16,G4,G4,True,0.12542496536776349
PLS-DA,10,AsLS + SNV,440 nm,10,5,2,17,G4,G2,False,0.008349105625130193
PLS-DA,10,AsLS + SNV,440 nm,10,5,2,18,G4,G8,False,0.6187229146902338
PLS-DA,10,AsLS + SNV,440 nm,10,5,2,22,G5,G4,False,0.8293118940347961
PLS-DA,10,AsLS + SNV,440 nm,10,5,2,23,G5,G11,False,0.16738064290458832
PLS-DA,10,AsLS + SNV,440 nm,10,5,2,27,G6,G6,True,0.0870616598084471
PLS-DA,10,AsLS + SNV,440 nm,10,5,2,28,G6,G3,False,0.042571640840385894
PLS-DA,10,AsLS + SNV,440 nm,10,5,2,30,G6,G6,True,0.391477466829304
PLS-DA,10,AsLS + SNV,440 nm,10,5,2,31,G6,G4,False,0.5266114058255962
PLS-DA,10,AsLS + SNV,440 nm,10,5,2,36,G7,G3,False,0.015972003114908484
PLS-DA,10,AsLS + SNV,440 nm,10,5,2,37,G8,G2,False,0.08820413598867904
PLS-DA,10,AsLS + SNV,440 nm,10,5,2,40,G9,G9,True,0.20070046350391682
PLS-DA,10,AsLS + SNV,440 nm,10,5,2,41,G10,G2,False,0.7334143505237007
PLS-DA,10,AsLS + SNV,440 nm,10,5,2,44,G11,G11,True,0.167803371533402
PLS-DA,10,AsLS + SNV,440 nm,11,6,1,3,G1,G4,False,0.5141160971548991
PLS-DA,10,AsLS + SNV,440 nm,11,6,1,4,G2,G7,False,0.011501944287480914
PLS-DA,10,AsLS + SNV,440 nm,11,6,1,6,G2,G2,True,0.2226744598428635
PLS-DA,10,AsLS + SNV,440 nm,11,6,1,8,G2,G6,False,0.7860078821350688
PLS-DA,10,AsLS + SNV,440 nm,11,6,1,9,G3,G6,False,0.11213765506713896
PLS-DA,10,AsLS + SNV,440 nm,11,6,1,10,G3,G6,False,0.11554471869177824
PLS-DA,10,AsLS + SNV,440 nm,11,6,1,14,G4,G4,True,0.17498162422832153
PLS-DA,10,AsLS + SNV,440 nm,11,6,1,15,G4,G4,True,0.5756314899104107
PLS-DA,10,AsLS + SNV,440 nm,11,6,1,17,G4,G6,False,0.12079850869479006
PLS-DA,10,AsLS + SNV,440 nm,11,6,1,20,G5,G6,False,0.5243557596394434
PLS-DA,10,AsLS + SNV,440 nm,11,6,1,22,G5,G4,False,0.312446072286582
PLS-DA,10,AsLS + SNV,440 nm,11,6,1,26,G6,G9,False,0.14492829177394173
PLS-DA,10,AsLS + SNV,440 nm,11,6,1,27,G6,G8,False,0.010044798140776356
PLS-DA,10,AsLS + SNV,440 nm,11,6,1,28,G6,G6,True,0.02977473494677252
PLS-DA,10,AsLS + SNV,440 nm,11,6,1,30,G6,G6,True,0.7269463341824052
PLS-DA,10,AsLS + SNV,440 nm,11,6,1,36,G7,G7,True,0.1760310386358408
PLS-DA,10,AsLS + SNV,440 nm,11,6,1,38,G8,G4,False,0.69833602404292
PLS-DA,10,AsLS + SNV,440 nm,11,6,1,39,G9,G9,True,0.9299759638116091
PLS-DA,10,AsLS + SNV,440 nm,11,6,1,42,G10,G2,False,0.05723624680442002
PLS-DA,10,AsLS + SNV,440 nm,11,6,1,44,G11,G11,True,0.0011353697502148874
PLS-DA,10,AsLS + SNV,440 nm,12,6,2,1,G1,G9,False,0.056675215396427836
PLS-DA,10,AsLS + SNV,440 nm,12,6,2,5,G2,G10,False,0.41362873486320184
PLS-DA,10,AsLS + SNV,440 nm,12,6,2,7,G2,G2,True,0.6331418798154639
PLS-DA,10,AsLS + SNV,440 nm,12,6,2,11,G3,G4,False,0.024656785226381484
PLS-DA,10,AsLS + SNV,440 nm,12,6,2,12,G3,G10,False,0.1604459845998235
PLS-DA,10,AsLS + SNV,440 nm,12,6,2,13,G4,G3,False,0.6142812475061394
PLS-DA,10,AsLS + SNV,440 nm,12,6,2,16,G4,G4,True,0.23416567747084083
PLS-DA,10,AsLS + SNV,440 nm,12,6,2,18,G4,G8,False,0.7881491154895199
PLS-DA,10,AsLS + SNV,440 nm,12,6,2,19,G4,G4,True,0.06099893050909283
PLS-DA,10,AsLS + SNV,440 nm,12,6,2,21,G5,G10,False,1.467820871918991
PLS-DA,10,AsLS + SNV,440 nm,12,6,2,23,G5,G4,False,0.03535058944580971
PLS-DA,10,AsLS + SNV,440 nm,12,6,2,24,G6,G6,True,1.07871996515183
PLS-DA,10,AsLS + SNV,440 nm,12,6,2,31,G6,G5,False,0.007761509894084084
PLS-DA,10,AsLS + SNV,440 nm,12,6,2,32,G6,G6,True,0.24511124413423602
PLS-DA,10,AsLS + SNV,440 nm,12,6,2,33,G6,G6,True,0.13870582900197848
PLS-DA,10,AsLS + SNV,440 nm,12,6,2,34,G7,G7,True,0.15147598194814793
PLS-DA,10,AsLS + SNV,440 nm,12,6,2,37,G8,G3,False,0.18147610918807056
PLS-DA,10,AsLS + SNV,440 nm,12,6,2,40,G9,G9,True,0.23438030165279122
PLS-DA,10,AsLS + SNV,440 nm,12,6,2,41,G10,G10,True,0.5603090484471789
PLS-DA,10,AsLS + SNV,440 nm,12,6,2,43,G11,G11,True,0.22453409153381043
PLS-DA,10,AsLS + SNV,440 nm,13,7,1,3,G1,G3,False,0.4200489981128223
PLS-DA,10,AsLS + SNV,440 nm,13,7,1,5,G2,G4,False,0.18049608400139305
PLS-DA,10,AsLS + SNV,440 nm,13,7,1,6,G2,G2,True,0.19196402894250128
PLS-DA,10,AsLS + SNV,440 nm,13,7,1,8,G2,G6,False,0.7603450028435506
PLS-DA,10,AsLS + SNV,440 nm,13,7,1,9,G3,G6,False,0.42385665777698167
PLS-DA,10,AsLS + SNV,440 nm,13,7,1,10,G3,G6,False,0.3607912731420386
PLS-DA,10,AsLS + SNV,440 nm,13,7,1,14,G4,G3,False,0.1352291638071338
PLS-DA,10,AsLS + SNV,440 nm,13,7,1,15,G4,G3,False,0.39731589041872784
PLS-DA,10,AsLS + SNV,440 nm,13,7,1,16,G4,G3,False,0.39018544488129087
PLS-DA,10,AsLS + SNV,440 nm,13,7,1,20,G5,G6,False,1.3323351981069724
PLS-DA,10,AsLS + SNV,440 nm,13,7,1,22,G5,G3,False,0.18611570613718714
PLS-DA,10,AsLS + SNV,440 nm,13,7,1,24,G6,G6,True,0.546832202810297
PLS-DA,10,AsLS + SNV,440 nm,13,7,1,26,G6,G6,True,0.4204007373251911
PLS-DA,10,AsLS + SNV,440 nm,13,7,1,31,G6,G6,True,0.23729138590950638
PLS-DA,10,AsLS + SNV,440 nm,13,7,1,33,G6,G6,True,0.5145925222525577
PLS-DA,10,AsLS + SNV,440 nm,13,7,1,36,G7,G7,True,0.5154721027302165
PLS-DA,10,AsLS + SNV,440 nm,13,7,1,37,G8,G6,False,0.052729226411100616
PLS-DA,10,AsLS + SNV,440 nm,13,7,1,39,G9,G9,True,0.49163907309184507
PLS-DA,10,AsLS + SNV,440 nm,13,7,1,41,G10,G4,False,0.020943363425280026
PLS-DA,10,AsLS + SNV,440 nm,13,7,1,43,G11,G5,False,0.1209635411382074
PLS-DA,10,AsLS + SNV,440 nm,14,7,2,1,G1,G8,False,0.09715456295187175
PLS-DA,10,AsLS + SNV,440 nm,14,7,2,4,G2,G3,False,0.1251437432335082
PLS-DA,10,AsLS + SNV,440 nm,14,7,2,7,G2,G2,True,0.5533851508920805
PLS-DA,10,AsLS + SNV,440 nm,14,7,2,11,G3,G5,False,0.11816512582812039
PLS-DA,10,AsLS + SNV,440 nm,14,7,2,12,G3,G6,False,0.18374292015036542
PLS-DA,10,AsLS + SNV,440 nm,14,7,2,13,G4,G8,False,0.49978756002935354
PLS-DA,10,AsLS + SNV,440 nm,14,7,2,17,G4,G6,False,0.05544349792569481
PLS-DA,10,AsLS + SNV,440 nm,14,7,2,18,G4,G6,False,0.2996791527107965
PLS-DA,10,AsLS + SNV,440 nm,14,7,2,19,G4,G11,False,0.017870096628660126
PLS-DA,10,AsLS + SNV,440 nm,14,7,2,21,G5,G5,True,1.2557485423843069
PLS-DA,10,AsLS + SNV,440 nm,14,7,2,23,G5,G11,False,0.3681869439569713
PLS-DA,10,AsLS + SNV,440 nm,14,7,2,27,G6,G6,True,0.03424252828944602
PLS-DA,10,AsLS + SNV,440 nm,14,7,2,28,G6,G3,False,0.18093513619455978
PLS-DA,10,AsLS + SNV,440 nm,14,7,2,30,G6,G6,True,0.16185022894508105
PLS-DA,10,AsLS + SNV,440 nm,14,7,2,32,G6,G6,True,0.629303590857169
PLS-DA,10,AsLS + SNV,440 nm,14,7,2,34,G7,G7,True,0.23777329863515778
PLS-DA,10,AsLS + SNV,440 nm,14,7,2,38,G8,G6,False,0.3535238202191746
PLS-DA,10,AsLS + SNV,440 nm,14,7,2,40,G9,G9,True,0.13000394491203482
PLS-DA,10,AsLS + SNV,440 nm,14,7,2,42,G10,G2,False,0.2971521005936059
PLS-DA,10,AsLS + SNV,440 nm,14,7,2,44,G11,G11,True,0.39329864661382197
PLS-DA,10,AsLS + SNV,440 nm,15,8,1,3,G1,G4,False,0.626220016844381
PLS-DA,10,AsLS + SNV,440 nm,15,8,1,5,G2,G10,False,0.09137474675098295
PLS-DA,10,AsLS + SNV,440 nm,15,8,1,6,G2,G2,True,0.1666055452271681
PLS-DA,10,AsLS + SNV,440 nm,15,8,1,8,G2,G6,False,0.052991052707174746
PLS-DA,10,AsLS + SNV,440 nm,15,8,1,9,G3,G6,False,0.019602709647723482
PLS-DA,10,AsLS + SNV,440 nm,15,8,1,11,G3,G4,False,0.2090762982502792
PLS-DA,10,AsLS + SNV,440 nm,15,8,1,16,G4,G4,True,0.5710527190632723
PLS-DA,10,AsLS + SNV,440 nm,15,8,1,18,G4,G8,False,0.8001058210860632
PLS-DA,10,AsLS + SNV,440 nm,15,8,1,19,G4,G4,True,0.20220670314274047
PLS-DA,10,AsLS + SNV,440 nm,15,8,1,20,G5,G6,False,0.267909142732226
PLS-DA,10,AsLS + SNV,440 nm,15,8,1,23,G5,G11,False,0.007543639522809842
PLS-DA,10,AsLS + SNV,440 nm,15,8,1,24,G6,G6,True,0.7637133020833627
PLS-DA,10,AsLS + SNV,440 nm,15,8,1,30,G6,G6,True,0.11101199236071313
PLS-DA,10,AsLS + SNV,440 nm,15,8,1,31,G6,G4,False,0.18628041432668196
PLS-DA,10,AsLS + SNV,440 nm,15,8,1,33,G6,G6,True,0.1489127441800182
PLS-DA,10,AsLS + SNV,440 nm,15,8,1,36,G7,G7,True,0.1300430995017703
PLS-DA,10,AsLS + SNV,440 nm,15,8,1,37,G8,G2,False,0.009580740665422832
PLS-DA,10,AsLS + SNV,440 nm,15,8,1,39,G9,G9,True,0.49251052798034844
PLS-DA,10,AsLS + SNV,440 nm,15,8,1,42,G10,G4,False,0.0515400783589533
PLS-DA,10,AsLS + SNV,440 nm,15,8,1,44,G11,G11,True,0.08950959707963291
PLS-DA,10,AsLS + SNV,440 nm,16,8,2,1,G1,G8,False,0.13302484491355038
PLS-DA,10,AsLS + SNV,440 nm,16,8,2,4,G2,G7,False,0.06203395668243289
PLS-DA,10,AsLS + SNV,440 nm,16,8,2,7,G2,G2,True,0.7678450756210197
PLS-DA,10,AsLS + SNV,440 nm,16,8,2,10,G3,G8,False,0.3442864154686449
PLS-DA,10,AsLS + SNV,440 nm,16,8,2,12,G3,G6,False,0.4037527063411612
PLS-DA,10,AsLS + SNV,440 nm,16,8,2,13,G4,G8,False,1.015058257637625
PLS-DA,10,AsLS + SNV,440 nm,16,8,2,14,G4,G6,False,0.0856404821123729
PLS-DA,10,AsLS + SNV,440 nm,16,8,2,15,G4,G1,False,0.1328042281581897
PLS-DA,10,AsLS + SNV,440 nm,16,8,2,17,G4,G5,False,0.0014562538365723854
PLS-DA,10,AsLS + SNV,440 nm,16,8,2,21,G5,G1,False,0.5488200670817911
PLS-DA,10,AsLS + SNV,440 nm,16,8,2,22,G5,G3,False,0.10645663610213701
PLS-DA,10,AsLS + SNV,440 nm,16,8,2,26,G6,G5,False,0.20183063179859373
PLS-DA,10,AsLS + SNV,440 nm,16,8,2,27,G6,G8,False,0.042221661436274704
PLS-DA,10,AsLS + SNV,440 nm,16,8,2,28,G6,G8,False,0.04561610239294303
PLS-DA,10,AsLS + SNV,440 nm,16,8,2,32,G6,G6,True,0.8753601727065915
PLS-DA,10,AsLS + SNV,440 nm,16,8,2,34,G7,G7,True,0.22039796241146548
PLS-DA,10,AsLS + SNV,440 nm,16,8,2,38,G8,G4,False,0.7174840798382608
PLS-DA,10,AsLS + SNV,440 nm,16,8,2,40,G9,G9,True,0.15480018533626605
PLS-DA,10,AsLS + SNV,440 nm,16,8,2,41,G10,G2,False,0.4948176130938412
PLS-DA,10,AsLS + SNV,440 nm,16,8,2,43,G11,G5,False,0.11780147472313535
PLS-DA,10,AsLS + SNV,440 nm,17,9,1,1,G1,G6,False,0.1870949242113933
PLS-DA,10,AsLS + SNV,440 nm,17,9,1,5,G2,G4,False,0.03946809074347124
PLS-DA,10,AsLS + SNV,440 nm,17,9,1,6,G2,G3,False,0.04438797387310117
PLS-DA,10,AsLS + SNV,440 nm,17,9,1,7,G2,G5,False,0.012249970278399913
PLS-DA,10,AsLS + SNV,440 nm,17,9,1,9,G3,G5,False,0.2734009843547273
PLS-DA,10,AsLS + SNV,440 nm,17,9,1,10,G3,G5,False,0.23310094866175557
PLS-DA,10,AsLS + SNV,440 nm,17,9,1,13,G4,G9,False,0.5000176262160221
PLS-DA,10,AsLS + SNV,440 nm,17,9,1,15,G4,G4,True,0.08542485082258622
PLS-DA,10,AsLS + SNV,440 nm,17,9,1,18,G4,G8,False,0.6137195148995335
PLS-DA,10,AsLS + SNV,440 nm,17,9,1,21,G5,G5,True,0.09902674489428875
PLS-DA,10,AsLS + SNV,440 nm,17,9,1,23,G5,G4,False,0.4843160445982553
PLS-DA,10,AsLS + SNV,440 nm,17,9,1,27,G6,G6,True,0.5109860058679263
PLS-DA,10,AsLS + SNV,440 nm,17,9,1,31,G6,G4,False,0.014702316328661147
PLS-DA,10,AsLS + SNV,440 nm,17,9,1,32,G6,G6,True,0.17280757894210502
PLS-DA,10,AsLS + SNV,440 nm,17,9,1,33,G6,G6,True,0.0076554370274257155
PLS-DA,10,AsLS + SNV,440 nm,17,9,1,36,G7,G7,True,0.1595798137615111
PLS-DA,10,AsLS + SNV,440 nm,17,9,1,37,G8,G9,False,0.009622129569266613
PLS-DA,10,AsLS + SNV,440 nm,17,9,1,39,G9,G9,True,0.2765585681917211
PLS-DA,10,AsLS + SNV,440 nm,17,9,1,41,G10,G10,True,0.006230755598302717
PLS-DA,10,AsLS + SNV,440 nm,17,9,1,43,G11,G3,False,0.11259336106685447
PLS-DA,10,AsLS + SNV,440 nm,18,9,2,3,G1,G4,False,0.35665963511562204
PLS-DA,10,AsLS + SNV,440 nm,18,9,2,4,G2,G3,False,0.37817437174643714
PLS-DA,10,AsLS + SNV,440 nm,18,9,2,8,G2,G6,False,0.7524077038735206
PLS-DA,10,AsLS + SNV,440 nm,18,9,2,11,G3,G6,False,0.04882020765822023
PLS-DA,10,AsLS + SNV,440 nm,18,9,2,12,G3,G6,False,0.31721820640115533
PLS-DA,10,AsLS + SNV,440 nm,18,9,2,14,G4,G6,False,0.25981718181005553
PLS-DA,10,AsLS + SNV,440 nm,18,9,2,16,G4,G4,True,0.24443547397926563
PLS-DA,10,AsLS + SNV,440 nm,18,9,2,17,G4,G6,False,0.12360323099688536
PLS-DA,10,AsLS + SNV,440 nm,18,9,2,19,G4,G5,False,0.0441261206936559
PLS-DA,10,AsLS + SNV,440 nm,18,9,2,20,G5,G3,False,0.40802876399483856
PLS-DA,10,AsLS + SNV,440 nm,18,9,2,22,G5,G6,False,0.07459381318638153
PLS-DA,10,AsLS + SNV,440 nm,18,9,2,24,G6,G3,False,0.3587095994962306
PLS-DA,10,AsLS + SNV,440 nm,18,9,2,26,G6,G6,True,0.41025463674857376
PLS-DA,10,AsLS + SNV,440 nm,18,9,2,28,G6,G3,False,0.4032289461627832
PLS-DA,10,AsLS + SNV,440 nm,18,9,2,30,G6,G6,True,0.9262295832672176
PLS-DA,10,AsLS + SNV,440 nm,18,9,2,34,G7,G7,True,0.2628231244502507
PLS-DA,10,AsLS + SNV,440 nm,18,9,2,38,G8,G4,False,0.6194416904583412
PLS-DA,10,AsLS + SNV,440 nm,18,9,2,40,G9,G9,True,0.30565815085971815
PLS-DA,10,AsLS + SNV,440 nm,18,9,2,42,G10,G6,False,0.02006804795073669
PLS-DA,10,AsLS + SNV,440 nm,18,9,2,44,G11,G5,False,0.0013687291561673698
PLS-DA,10,AsLS + SNV,440 nm,19,10,1,3,G1,G4,False,0.7947568406176149
PLS-DA,10,AsLS + SNV,440 nm,19,10,1,4,G2,G8,False,0.013394815697223728
PLS-DA,10,AsLS + SNV,440 nm,19,10,1,5,G2,G4,False,0.048608127121060996
PLS-DA,10,AsLS + SNV,440 nm,19,10,1,6,G2,G2,True,0.23873905773870063
PLS-DA,10,AsLS + SNV,440 nm,19,10,1,9,G3,G3,True,0.4304976329302328
PLS-DA,10,AsLS + SNV,440 nm,19,10,1,11,G3,G4,False,0.03189345823631762
PLS-DA,10,AsLS + SNV,440 nm,19,10,1,13,G4,G3,False,0.5269203343807225
PLS-DA,10,AsLS + SNV,440 nm,19,10,1,14,G4,G4,True,0.25809795814238956
PLS-DA,10,AsLS + SNV,440 nm,19,10,1,17,G4,G4,True,0.08178830931698367
PLS-DA,10,AsLS + SNV,440 nm,19,10,1,20,G5,G3,False,0.9061131190222775
PLS-DA,10,AsLS + SNV,440 nm,19,10,1,21,G5,G4,False,0.12888794949941285
PLS-DA,10,AsLS + SNV,440 nm,19,10,1,27,G6,G6,True,0.11471286672411324
PLS-DA,10,AsLS + SNV,440 nm,19,10,1,28,G6,G6,True,0.03588391909663863
PLS-DA,10,AsLS + SNV,440 nm,19,10,1,31,G6,G5,False,0.12699072965907465
PLS-DA,10,AsLS + SNV,440 nm,19,10,1,32,G6,G6,True,0.21099935485534393
PLS-DA,10,AsLS + SNV,440 nm,19,10,1,34,G7,G7,True,0.1014755726468517
PLS-DA,10,AsLS + SNV,440 nm,19,10,1,38,G8,G4,False,0.03502034835737755
PLS-DA,10,AsLS + SNV,440 nm,19,10,1,40,G9,G9,True,0.13678673168449967
PLS-DA,10,AsLS + SNV,440 nm,19,10,1,41,G10,G4,False,0.13660918356321627
PLS-DA,10,AsLS + SNV,440 nm,19,10,1,43,G11,G11,True,0.03900834872794978
PLS-DA,10,AsLS + SNV,440 nm,20,10,2,1,G1,G6,False,0.1908873526316337
PLS-DA,10,AsLS + SNV,440 nm,20,10,2,7,G2,G2,True,0.5655634540289978
PLS-DA,10,AsLS + SNV,440 nm,20,10,2,8,G2,G6,False,0.40545347463038883
PLS-DA,10,AsLS + SNV,440 nm,20,10,2,10,G3,G4,False,0.15134420560966633
PLS-DA,10,AsLS + SNV,440 nm,20,10,2,12,G3,G6,False,0.0840406562331052
PLS-DA,10,AsLS + SNV,440 nm,20,10,2,15,G4,G1,False,0.23804294481047272
PLS-DA,10,AsLS + SNV,440 nm,20,10,2,16,G4,G1,False,0.18011151682278598
PLS-DA,10,AsLS + SNV,440 nm,20,10,2,18,G4,G8,False,0.8623387093443378
PLS-DA,10,AsLS + SNV,440 nm,20,10,2,19,G4,G3,False,0.05093829320975268
PLS-DA,10,AsLS + SNV,440 nm,20,10,2,22,G5,G3,False,0.03534618255272515
PLS-DA,10,AsLS + SNV,440 nm,20,10,2,23,G5,G11,False,0.14350086404652573
PLS-DA,10,AsLS + SNV,440 nm,20,10,2,24,G6,G6,True,1.0100630511803423
PLS-DA,10,AsLS + SNV,440 nm,20,10,2,26,G6,G6,True,0.28476432436016375
PLS-DA,10,AsLS + SNV,440 nm,20,10,2,30,G6,G6,True,0.5249960481929037
PLS-DA,10,AsLS + SNV,440 nm,20,10,2,33,G6,G6,True,0.34073898217201115
PLS-DA,10,AsLS + SNV,440 nm,20,10,2,36,G7,G3,False,0.019481386179326488
PLS-DA,10,AsLS + SNV,440 nm,20,10,2,37,G8,G4,False,0.023432595828611125
PLS-DA,10,AsLS + SNV,440 nm,20,10,2,39,G9,G9,True,0.8323608147064732
PLS-DA,10,AsLS + SNV,440 nm,20,10,2,42,G10,G2,False,0.17737299264747652
PLS-DA,10,AsLS + SNV,440 nm,20,10,2,44,G11,G11,True,0.14474142941215618
PLS-DA,10,AsLS + SNV,440 nm,21,11,1,3,G1,G4,False,0.7932718056628532
PLS-DA,10,AsLS + SNV,440 nm,21,11,1,5,G2,G10,False,0.036282318887756015
PLS-DA,10,AsLS + SNV,440 nm,21,11,1,6,G2,G2,True,0.23536203704079905
PLS-DA,10,AsLS + SNV,440 nm,21,11,1,8,G2,G6,False,0.6369099139243606
PLS-DA,10,AsLS + SNV,440 nm,21,11,1,9,G3,G6,False,0.46188074115760225
PLS-DA,10,AsLS + SNV,440 nm,21,11,1,11,G3,G4,False,0.008864946615696145
PLS-DA,10,AsLS + SNV,440 nm,21,11,1,13,G4,G3,False,0.7639549637458143
PLS-DA,10,AsLS + SNV,440 nm,21,11,1,14,G4,G6,False,0.06553568163819057
PLS-DA,10,AsLS + SNV,440 nm,21,11,1,17,G4,G4,True,0.007694142754892497
PLS-DA,10,AsLS + SNV,440 nm,21,11,1,20,G5,G3,False,0.2590856621924431
PLS-DA,10,AsLS + SNV,440 nm,21,11,1,21,G5,G4,False,0.31976564836129606
PLS-DA,10,AsLS + SNV,440 nm,21,11,1,26,G6,G9,False,0.054036811899011106
PLS-DA,10,AsLS + SNV,440 nm,21,11,1,27,G6,G6,True,0.13584280676084143
PLS-DA,10,AsLS + SNV,440 nm,21,11,1,30,G6,G6,True,0.45906120972591574
PLS-DA,10,AsLS + SNV,440 nm,21,11,1,33,G6,G6,True,0.28942629621148597
PLS-DA,10,AsLS + SNV,440 nm,21,11,1,34,G7,G2,False,0.0747310401160855
PLS-DA,10,AsLS + SNV,440 nm,21,11,1,38,G8,G4,False,0.30308093161960903
PLS-DA,10,AsLS + SNV,440 nm,21,11,1,40,G9,G9,True,0.11548915474472232
PLS-DA,10,AsLS + SNV,440 nm,21,11,1,41,G10,G4,False,0.05280687611100643
PLS-DA,10,AsLS + SNV,440 nm,21,11,1,44,G11,G11,True,0.007935864026092754
PLS-DA,10,AsLS + SNV,440 nm,22,11,2,1,G1,G9,False,0.3645175430500562
PLS-DA,10,AsLS + SNV,440 nm,22,11,2,4,G2,G3,False,0.06553483777054686
PLS-DA,10,AsLS + SNV,440 nm,22,11,2,7,G2,G2,True,0.6043167302479238
PLS-DA,10,AsLS + SNV,440 nm,22,11,2,10,G3,G4,False,0.026523954409117367
PLS-DA,10,AsLS + SNV,440 nm,22,11,2,12,G3,G6,False,0.16306073454735937
PLS-DA,10,AsLS + SNV,440 nm,22,11,2,15,G4,G1,False,0.10126535442618673
PLS-DA,10,AsLS + SNV,440 nm,22,11,2,16,G4,G1,False,0.13943906404012718
PLS-DA,10,AsLS + SNV,440 nm,22,11,2,18,G4,G8,False,0.865706507919697
PLS-DA,10,AsLS + SNV,440 nm,22,11,2,19,G4,G3,False,0.13006587931117347
PLS-DA,10,AsLS + SNV,440 nm,22,11,2,22,G5,G3,False,0.06755622945499085
PLS-DA,10,AsLS + SNV,440 nm,22,11,2,23,G5,G11,False,0.08822366272946747
PLS-DA,10,AsLS + SNV,440 nm,22,11,2,24,G6,G6,True,0.5638042493652132
PLS-DA,10,AsLS + SNV,440 nm,22,11,2,28,G6,G6,True,0.015188702269419374
PLS-DA,10,AsLS + SNV,440 nm,22,11,2,31,G6,G4,False,0.008832124228271676
PLS-DA,10,AsLS + SNV,440 nm,22,11,2,32,G6,G6,True,0.4345377487398018
PLS-DA,10,AsLS + SNV,440 nm,22,11,2,36,G7,G7,True,0.04985147028669823
PLS-DA,10,AsLS + SNV,440 nm,22,11,2,37,G8,G3,False,0.052793823429605424
PLS-DA,10,AsLS + SNV,440 nm,22,11,2,39,G9,G9,True,0.6476887035199762
PLS-DA,10,AsLS + SNV,440 nm,22,11,2,42,G10,G2,False,0.19301664031025273
PLS-DA,10,AsLS + SNV,440 nm,22,11,2,43,G11,G11,True,0.11344627783570205
PLS-DA,10,AsLS + SNV,440 nm,23,12,1,3,G1,G4,False,0.949704527341915
PLS-DA,10,AsLS + SNV,440 nm,23,12,1,4,G2,G7,False,0.022476270763154893
PLS-DA,10,AsLS + SNV,440 nm,23,12,1,7,G2,G2,True,0.026566459030456957
PLS-DA,10,AsLS + SNV,440 nm,23,12,1,8,G2,G6,False,0.03546177954113988
PLS-DA,10,AsLS + SNV,440 nm,23,12,1,10,G3,G3,True,0.0255478912555398
PLS-DA,10,AsLS + SNV,440 nm,23,12,1,12,G3,G6,False,0.39522031917823724
PLS-DA,10,AsLS + SNV,440 nm,23,12,1,13,G4,G7,False,0.2561231560248822
PLS-DA,10,AsLS + SNV,440 nm,23,12,1,17,G4,G2,False,0.01996508709834363
PLS-DA,10,AsLS + SNV,440 nm,23,12,1,18,G4,G8,False,0.8775357920480207
PLS-DA,10,AsLS + SNV,440 nm,23,12,1,22,G5,G4,False,0.3735809654319675
PLS-DA,10,AsLS + SNV,440 nm,23,12,1,23,G5,G11,False,0.053389876443415196
PLS-DA,10,AsLS + SNV,440 nm,23,12,1,24,G6,G6,True,2.3011072158753594
PLS-DA,10,AsLS + SNV,440 nm,23,12,1,26,G6,G6,True,0.21997499949544175
PLS-DA,10,AsLS + SNV,440 nm,23,12,1,30,G6,G6,True,0.6517466631727447
PLS-DA,10,AsLS + SNV,440 nm,23,12,1,31,G6,G4,False,0.3859556745243453
PLS-DA,10,AsLS + SNV,440 nm,23,12,1,34,G7,G7,True,0.055434378587578825
PLS-DA,10,AsLS + SNV,440 nm,23,12,1,37,G8,G7,False,0.11026989328602066
PLS-DA,10,AsLS + SNV,440 nm,23,12,1,40,G9,G9,True,0.2475676044866939
PLS-DA,10,AsLS + SNV,440 nm,23,12,1,41,G10,G2,False,0.5041335825889179
PLS-DA,10,AsLS + SNV,440 nm,23,12,1,43,G11,G11,True,0.02031395874292874
PLS-DA,10,AsLS + SNV,440 nm,24,12,2,1,G1,G9,False,0.3394645402258293
PLS-DA,10,AsLS + SNV,440 nm,24,12,2,5,G2,G10,False,0.5496099097368593
PLS-DA,10,AsLS + SNV,440 nm,24,12,2,6,G2,G2,True,0.48271730274258134
PLS-DA,10,AsLS + SNV,440 nm,24,12,2,9,G3,G3,True,0.5031605651494149
PLS-DA,10,AsLS + SNV,440 nm,24,12,2,11,G3,G5,False,0.19694423407459732
PLS-DA,10,AsLS + SNV,440 nm,24,12,2,14,G4,G1,False,0.13400067067042531
PLS-DA,10,AsLS + SNV,440 nm,24,12,2,15,G4,G1,False,0.5588066197757857
PLS-DA,10,AsLS + SNV,440 nm,24,12,2,16,G4,G1,False,0.36115126747746756
PLS-DA,10,AsLS + SNV,440 nm,24,12,2,19,G4,G5,False,0.18307651952492277
PLS-DA,10,AsLS + SNV,440 nm,24,12,2,20,G5,G3,False,0.831390634361791
PLS-DA,10,AsLS + SNV,440 nm,24,12,2,21,G5,G10,False,0.5461591108057842
PLS-DA,10,AsLS + SNV,440 nm,24,12,2,27,G6,G6,True,0.14270016526846674
PLS-DA,10,AsLS + SNV,440 nm,24,12,2,28,G6,G3,False,0.20511096942127516
PLS-DA,10,AsLS + SNV,440 nm,24,12,2,32,G6,G3,False,0.014233064749286484
PLS-DA,10,AsLS + SNV,440 nm,24,12,2,33,G6,G6,True,0.030294920483811938
PLS-DA,10,AsLS + SNV,440 nm,24,12,2,36,G7,G7,True,0.08000726148948017
PLS-DA,10,AsLS + SNV,440 nm,24,12,2,38,G8,G4,False,0.395609377226516
PLS-DA,10,AsLS + SNV,440 nm,24,12,2,39,G9,G9,True,0.1500548027242104
PLS-DA,10,AsLS + SNV,440 nm,24,12,2,42,G10,G10,True,0.1211924647222663
PLS-DA,10,AsLS + SNV,440 nm,24,12,2,44,G11,G5,False,0.06334460109836226
PLS-DA,10,AsLS + SNV,440 nm,25,13,1,1,G1,G6,False,0.11162121690652427
PLS-DA,10,AsLS + SNV,440 nm,25,13,1,4,G2,G7,False,0.03625196354700527
PLS-DA,10,AsLS + SNV,440 nm,25,13,1,6,G2,G2,True,0.22721645742761948
PLS-DA,10,AsLS + SNV,440 nm,25,13,1,8,G2,G6,False,0.9490326564797811
PLS-DA,10,AsLS + SNV,440 nm,25,13,1,9,G3,G3,True,0.15903656881539974
PLS-DA,10,AsLS + SNV,440 nm,25,13,1,11,G3,G4,False,0.14991916774039465
PLS-DA,10,AsLS + SNV,440 nm,25,13,1,14,G4,G6,False,0.13616023538233385
PLS-DA,10,AsLS + SNV,440 nm,25,13,1,15,G4,G4,True,0.06816162153760641
PLS-DA,10,AsLS + SNV,440 nm,25,13,1,17,G4,G6,False,0.018857075941937362
PLS-DA,10,AsLS + SNV,440 nm,25,13,1,20,G5,G6,False,0.03626567378487511
PLS-DA,10,AsLS + SNV,440 nm,25,13,1,22,G5,G4,False,0.018021187599593924
PLS-DA,10,AsLS + SNV,440 nm,25,13,1,24,G6,G6,True,1.200651492422283
PLS-DA,10,AsLS + SNV,440 nm,25,13,1,26,G6,G6,True,0.4962244914375361
PLS-DA,10,AsLS + SNV,440 nm,25,13,1,27,G6,G6,True,0.39190449700154184
PLS-DA,10,AsLS + SNV,440 nm,25,13,1,33,G6,G6,True,0.4859382285805418
PLS-DA,10,AsLS + SNV,440 nm,25,13,1,36,G7,G7,True,0.28336269009807363
PLS-DA,10,AsLS + SNV,440 nm,25,13,1,38,G8,G4,False,0.6257729371517612
PLS-DA,10,AsLS + SNV,440 nm,25,13,1,39,G9,G9,True,0.792274677738159
PLS-DA,10,AsLS + SNV,440 nm,25,13,1,42,G10,G6,False,0.07588059766771804
PLS-DA,10,AsLS + SNV,440 nm,25,13,1,43,G11,G5,False,0.08356870438278369
PLS-DA,10,AsLS + SNV,440 nm,26,13,2,3,G1,G4,False,0.9544384186256072
PLS-DA,10,AsLS + SNV,440 nm,26,13,2,5,G2,G4,False,0.12993838839252747
PLS-DA,10,AsLS + SNV,440 nm,26,13,2,7,G2,G2,True,0.8346392820116335
PLS-DA,10,AsLS + SNV,440 nm,26,13,2,10,G3,G3,True,0.07390112582518082
PLS-DA,10,AsLS + SNV,440 nm,26,13,2,12,G3,G6,False,0.3049406089027452
PLS-DA,10,AsLS + SNV,440 nm,26,13,2,13,G4,G7,False,0.06520537880008626
PLS-DA,10,AsLS + SNV,440 nm,26,13,2,16,G4,G4,True,0.5780017074215742
PLS-DA,10,AsLS + SNV,440 nm,26,13,2,18,G4,G8,False,0.8352465160359032
PLS-DA,10,AsLS + SNV,440 nm,26,13,2,19,G4,G11,False,0.044601832563340604
PLS-DA,10,AsLS + SNV,440 nm,26,13,2,21,G5,G1,False,0.37347637082509555
PLS-DA,10,AsLS + SNV,440 nm,26,13,2,23,G5,G11,False,0.22391639738376318
PLS-DA,10,AsLS + SNV,440 nm,26,13,2,28,G6,G6,True,0.14833649387098222
PLS-DA,10,AsLS + SNV,440 nm,26,13,2,30,G6,G6,True,0.28000707458264795
PLS-DA,10,AsLS + SNV,440 nm,26,13,2,31,G6,G5,False,0.018871647797987168
PLS-DA,10,AsLS + SNV,440 nm,26,13,2,32,G6,G6,True,0.29224563392089487
PLS-DA,10,AsLS + SNV,440 nm,26,13,2,34,G7,G7,True,0.09962317466203138
PLS-DA,10,AsLS + SNV,440 nm,26,13,2,37,G8,G7,False,0.03144546177870167
PLS-DA,10,AsLS + SNV,440 nm,26,13,2,40,G9,G9,True,0.09592627172726198
PLS-DA,10,AsLS + SNV,440 nm,26,13,2,41,G10,G4,False,0.08128963545483875
PLS-DA,10,AsLS + SNV,440 nm,26,13,2,44,G11,G11,True,0.20016995437172366
PLS-DA,10,AsLS + SNV,440 nm,27,14,1,3,G1,G4,False,0.8129611910121345
PLS-DA,10,AsLS + SNV,440 nm,27,14,1,4,G2,G6,False,0.02966338394484236
PLS-DA,10,AsLS + SNV,440 nm,27,14,1,5,G2,G10,False,0.401245414447745
PLS-DA,10,AsLS + SNV,440 nm,27,14,1,6,G2,G2,True,0.21185420911589248
PLS-DA,10,AsLS + SNV,440 nm,27,14,1,10,G3,G8,False,0.20508512755148867
PLS-DA,10,AsLS + SNV,440 nm,27,14,1,12,G3,G6,False,0.9415567521488241
PLS-DA,10,AsLS + SNV,440 nm,27,14,1,13,G4,G8,False,0.3735341293660437
PLS-DA,10,AsLS + SNV,440 nm,27,14,1,16,G4,G4,True,0.6281515080066716
PLS-DA,10,AsLS + SNV,440 nm,27,14,1,18,G4,G4,True,0.3135020786034133
PLS-DA,10,AsLS + SNV,440 nm,27,14,1,20,G5,G3,False,0.0006199940898856671
PLS-DA,10,AsLS + SNV,440 nm,27,14,1,23,G5,G3,False,0.011580780830835469
PLS-DA,10,AsLS + SNV,440 nm,27,14,1,24,G6,G6,True,1.8046731012610697
PLS-DA,10,AsLS + SNV,440 nm,27,14,1,26,G6,G6,True,0.9506413726198147
PLS-DA,10,AsLS + SNV,440 nm,27,14,1,27,G6,G6,True,0.38785777618953626
PLS-DA,10,AsLS + SNV,440 nm,27,14,1,31,G6,G4,False,0.17345657974927675
PLS-DA,10,AsLS + SNV,440 nm,27,14,1,34,G7,G7,True,0.4220360817698156
PLS-DA,10,AsLS + SNV,440 nm,27,14,1,38,G8,G4,False,0.002261640930157238
PLS-DA,10,AsLS + SNV,440 nm,27,14,1,39,G9,G9,True,0.767922451112226
PLS-DA,10,AsLS + SNV,440 nm,27,14,1,42,G10,G6,False,0.024180469627746615
PLS-DA,10,AsLS + SNV,440 nm,27,14,1,43,G11,G11,True,0.15887263663510237
PLS-DA,10,AsLS + SNV,440 nm,28,14,2,1,G1,G6,False,0.04314645014073304
PLS-DA,10,AsLS + SNV,440 nm,28,14,2,7,G2,G2,True,0.31646961650146666
PLS-DA,10,AsLS + SNV,440 nm,28,14,2,8,G2,G6,False,0.3848939720913519
PLS-DA,10,AsLS + SNV,440 nm,28,14,2,9,G3,G5,False,0.004095947948029366
PLS-DA,10,AsLS + SNV,440 nm,28,14,2,11,G3,G6,False,0.2679149119661428
PLS-DA,10,AsLS + SNV,440 nm,28,14,2,14,G4,G6,False,0.08817344078198758
PLS-DA,10,AsLS + SNV,440 nm,28,14,2,15,G4,G4,True,0.03130767402963053
PLS-DA,10,AsLS + SNV,440 nm,28,14,2,17,G4,G11,False,0.003137909160421587
PLS-DA,10,AsLS + SNV,440 nm,28,14,2,19,G4,G6,False,0.16055133424270035
PLS-DA,10,AsLS + SNV,440 nm,28,14,2,21,G5,G2,False,0.5633309699695486
PLS-DA,10,AsLS + SNV,440 nm,28,14,2,22,G5,G6,False,0.4073108224881669
PLS-DA,10,AsLS + SNV,440 nm,28,14,2,28,G6,G6,True,0.16938492448120152
PLS-DA,10,AsLS + SNV,440 nm,28,14,2,30,G6,G6,True,0.2796896859190682
PLS-DA,10,AsLS + SNV,440 nm,28,14,2,32,G6,G3,False,0.16319387269287267
PLS-DA,10,AsLS + SNV,440 nm,28,14,2,33,G6,G3,False,0.21299099400657448
PLS-DA,10,AsLS + SNV,440 nm,28,14,2,36,G7,G7,True,0.10826192735086015
PLS-DA,10,AsLS + SNV,440 nm,28,14,2,37,G8,G6,False,0.04688416294492537
PLS-DA,10,AsLS + SNV,440 nm,28,14,2,40,G9,G9,True,0.1803971848382131
PLS-DA,10,AsLS + SNV,440 nm,28,14,2,41,G10,G2,False,0.5899229817688664
PLS-DA,10,AsLS + SNV,440 nm,28,14,2,44,G11,G5,False,0.07045384972687785
PLS-DA,10,AsLS + SNV,440 nm,29,15,1,3,G1,G4,False,0.9041321765964809
PLS-DA,10,AsLS + SNV,440 nm,29,15,1,4,G2,G6,False,0.08012437472089468
PLS-DA,10,AsLS + SNV,440 nm,29,15,1,5,G2,G10,False,0.3278662903125477
PLS-DA,10,AsLS + SNV,440 nm,29,15,1,6,G2,G2,True,0.3233519877925512
PLS-DA,10,AsLS + SNV,440 nm,29,15,1,9,G3,G5,False,0.0592630118289057
PLS-DA,10,AsLS + SNV,440 nm,29,15,1,10,G3,G5,False,0.048302353788212626
PLS-DA,10,AsLS + SNV,440 nm,29,15,1,13,G4,G8,False,0.0987183590433901
PLS-DA,10,AsLS + SNV,440 nm,29,15,1,15,G4,G4,True,0.8207559022419941
PLS-DA,10,AsLS + SNV,440 nm,29,15,1,19,G4,G4,True,0.04411297076044346
PLS-DA,10,AsLS + SNV,440 nm,29,15,1,22,G5,G4,False,0.07613844826338328
PLS-DA,10,AsLS + SNV,440 nm,29,15,1,23,G5,G3,False,0.2292437568321286
PLS-DA,10,AsLS + SNV,440 nm,29,15,1,24,G6,G6,True,2.27516584069794
PLS-DA,10,AsLS + SNV,440 nm,29,15,1,31,G6,G4,False,0.20686355863864425
PLS-DA,10,AsLS + SNV,440 nm,29,15,1,32,G6,G6,True,0.04949980994796216
PLS-DA,10,AsLS + SNV,440 nm,29,15,1,33,G6,G6,True,0.045401175491942614
PLS-DA,10,AsLS + SNV,440 nm,29,15,1,34,G7,G7,True,0.0765906671371635
PLS-DA,10,AsLS + SNV,440 nm,29,15,1,38,G8,G4,False,0.759156478393793
PLS-DA,10,AsLS + SNV,440 nm,29,15,1,40,G9,G9,True,0.24287236864938694
PLS-DA,10,AsLS + SNV,440 nm,29,15,1,42,G10,G2,False,0.011050362673722947
PLS-DA,10,AsLS + SNV,440 nm,29,15,1,43,G11,G3,False,0.19602211994698904
PLS-DA,10,AsLS + SNV,440 nm,30,15,2,1,G1,G7,False,0.1861800872623396
PLS-DA,10,AsLS + SNV,440 nm,30,15,2,7,G2,G2,True,0.4336236449201528
PLS-DA,10,AsLS + SNV,440 nm,30,15,2,8,G2,G6,False,0.6037607036851432
PLS-DA,10,AsLS + SNV,440 nm,30,15,2,11,G3,G5,False,0.15185689687693987
PLS-DA,10,AsLS + SNV,440 nm,30,15,2,12,G3,G6,False,0.4062574176127716
PLS-DA,10,AsLS + SNV,440 nm,30,15,2,14,G4,G6,False,0.2710323570474602
PLS-DA,10,AsLS + SNV,440 nm,30,15,2,16,G4,G1,False,0.010770148701653937
PLS-DA,10,AsLS + SNV,440 nm,30,15,2,17,G4,G6,False,0.03748824170103754
PLS-DA,10,AsLS + SNV,440 nm,30,15,2,18,G4,G8,False,0.7998856519021703
PLS-DA,10,AsLS + SNV,440 nm,30,15,2,20,G5,G3,False,1.3491368698987758
PLS-DA,10,AsLS + SNV,440 nm,30,15,2,21,G5,G2,False,0.23397899429166302
PLS-DA,10,AsLS + SNV,440 nm,30,15,2,26,G6,G9,False,0.6005492013960179
PLS-DA,10,AsLS + SNV,440 nm,30,15,2,27,G6,G7,False,0.02497287622166372
PLS-DA,10,AsLS + SNV,440 nm,30,15,2,28,G6,G3,False,0.316746445389192
PLS-DA,10,AsLS + SNV,440 nm,30,15,2,30,G6,G6,True,0.7836123526005084
PLS-DA,10,AsLS + SNV,440 nm,30,15,2,36,G7,G7,True,0.4468677985145581
PLS-DA,10,AsLS + SNV,440 nm,30,15,2,37,G8,G4,False,0.010016328152554238
PLS-DA,10,AsLS + SNV,440 nm,30,15,2,39,G9,G9,True,0.8568533873011935
PLS-DA,10,AsLS + SNV,440 nm,30,15,2,41,G10,G2,False,0.7102835658169474
PLS-DA,10,AsLS + SNV,440 nm,30,15,2,44,G11,G11,True,0.07761256406981198
PLS-DA,10,AsLS + SNV,440 nm,31,16,1,3,G1,G4,False,0.7835612658381579
PLS-DA,10,AsLS + SNV,440 nm,31,16,1,4,G2,G7,False,0.283627626483946
PLS-DA,10,AsLS + SNV,440 nm,31,16,1,6,G2,G3,False,0.06177619302849907
PLS-DA,10,AsLS + SNV,440 nm,31,16,1,7,G2,G3,False,0.09560958296818145
PLS-DA,10,AsLS + SNV,440 nm,31,16,1,9,G3,G7,False,0.22558878842569485
PLS-DA,10,AsLS + SNV,440 nm,31,16,1,10,G3,G7,False,0.05365350042890371
PLS-DA,10,AsLS + SNV,440 nm,31,16,1,17,G4,G2,False,0.019453495276090638
PLS-DA,10,AsLS + SNV,440 nm,31,16,1,18,G4,G8,False,0.7283739225439221
PLS-DA,10,AsLS + SNV,440 nm,31,16,1,19,G4,G3,False,0.053841887657893606
PLS-DA,10,AsLS + SNV,440 nm,31,16,1,20,G5,G6,False,0.8526152390071524
PLS-DA,10,AsLS + SNV,440 nm,31,16,1,23,G5,G3,False,0.08176490897882255
PLS-DA,10,AsLS + SNV,440 nm,31,16,1,24,G6,G6,True,0.25868743926431015
PLS-DA,10,AsLS + SNV,440 nm,31,16,1,27,G6,G7,False,0.45539257521155097
PLS-DA,10,AsLS + SNV,440 nm,31,16,1,28,G6,G7,False,0.2957463140322555
PLS-DA,10,AsLS + SNV,440 nm,31,16,1,32,G6,G6,True,0.5540649341325097
PLS-DA,10,AsLS + SNV,440 nm,31,16,1,34,G7,G7,True,0.43743483603195144
PLS-DA,10,AsLS + SNV,440 nm,31,16,1,37,G8,G7,False,0.47795353958658304
PLS-DA,10,AsLS + SNV,440 nm,31,16,1,40,G9,G9,True,0.3032086298051608
PLS-DA,10,AsLS + SNV,440 nm,31,16,1,41,G10,G2,False,0.22906873918870174
PLS-DA,10,AsLS + SNV,440 nm,31,16,1,44,G11,G3,False,0.09040079793061606
PLS-DA,10,AsLS + SNV,440 nm,32,16,2,1,G1,G6,False,0.2748701882636173
PLS-DA,10,AsLS + SNV,440 nm,32,16,2,5,G2,G10,False,0.33895355363958674
PLS-DA,10,AsLS + SNV,440 nm,32,16,2,8,G2,G6,False,0.08295751669393592
PLS-DA,10,AsLS + SNV,440 nm,32,16,2,11,G3,G4,False,0.13491985162671283
PLS-DA,10,AsLS + SNV,440 nm,32,16,2,12,G3,G6,False,0.5221125226432863
PLS-DA,10,AsLS + SNV,440 nm,32,16,2,13,G4,G3,False,0.15780956554679182
PLS-DA,10,AsLS + SNV,440 nm,32,16,2,14,G4,G1,False,0.5215016189701593
PLS-DA,10,AsLS + SNV,440 nm,32,16,2,15,G4,G1,False,0.6250347819054863
PLS-DA,10,AsLS + SNV,440 nm,32,16,2,16,G4,G1,False,0.45551222861522334
PLS-DA,10,AsLS + SNV,440 nm,32,16,2,21,G5,G1,False,0.2426226062442507
PLS-DA,10,AsLS + SNV,440 nm,32,16,2,22,G5,G1,False,0.23201808652875577
PLS-DA,10,AsLS + SNV,440 nm,32,16,2,26,G6,G9,False,0.009628166794761972
PLS-DA,10,AsLS + SNV,440 nm,32,16,2,30,G6,G6,True,0.4567306302469342
PLS-DA,10,AsLS + SNV,440 nm,32,16,2,31,G6,G1,False,0.11341590877530433
PLS-DA,10,AsLS + SNV,440 nm,32,16,2,33,G6,G6,True,0.4506855456240917
PLS-DA,10,AsLS + SNV,440 nm,32,16,2,36,G7,G7,True,0.10276388450636109
PLS-DA,10,AsLS + SNV,440 nm,32,16,2,38,G8,G4,False,0.5275728145460854
PLS-DA,10,AsLS + SNV,440 nm,32,16,2,39,G9,G9,True,0.3491035685931734
PLS-DA,10,AsLS + SNV,440 nm,32,16,2,42,G10,G10,True,0.015705650004682714
PLS-DA,10,AsLS + SNV,440 nm,32,16,2,43,G11,G4,False,0.07770764191851476
PLS-DA,10,AsLS + SNV,440 nm,33,17,1,3,G1,G4,False,0.8507081533552534
PLS-DA,10,AsLS + SNV,440 nm,33,17,1,5,G2,G10,False,0.18893198695296415
PLS-DA,10,AsLS + SNV,440 nm,33,17,1,7,G2,G2,True,0.46089651299135836
PLS-DA,10,AsLS + SNV,440 nm,33,17,1,8,G2,G6,False,0.3365548829091194
PLS-DA,10,AsLS + SNV,440 nm,33,17,1,9,G3,G5,False,0.00125591148759846
PLS-DA,10,AsLS + SNV,440 nm,33,17,1,12,G3,G6,False,0.31460402068428006
PLS-DA,10,AsLS + SNV,440 nm,33,17,1,17,G4,G11,False,0.015496058724654982
PLS-DA,10,AsLS + SNV,440 nm,33,17,1,18,G4,G8,False,0.8180503039520731
PLS-DA,10,AsLS + SNV,440 nm,33,17,1,19,G4,G3,False,0.028056571929196306
PLS-DA,10,AsLS + SNV,440 nm,33,17,1,21,G5,G5,True,0.1419047071848485
PLS-DA,10,AsLS + SNV,440 nm,33,17,1,23,G5,G11,False,0.12678191458162502
PLS-DA,10,AsLS + SNV,440 nm,33,17,1,26,G6,G9,False,0.25454176720378374
PLS-DA,10,AsLS + SNV,440 nm,33,17,1,27,G6,G6,True,0.07201682829498535
PLS-DA,10,AsLS + SNV,440 nm,33,17,1,30,G6,G6,True,0.5018325362653484
PLS-DA,10,AsLS + SNV,440 nm,33,17,1,33,G6,G6,True,0.381421113676524
PLS-DA,10,AsLS + SNV,440 nm,33,17,1,34,G7,G2,False,0.04557191701329294
PLS-DA,10,AsLS + SNV,440 nm,33,17,1,37,G8,G7,False,0.08975792670843485
PLS-DA,10,AsLS + SNV,440 nm,33,17,1,40,G9,G9,True,0.2972219034853699
PLS-DA,10,AsLS + SNV,440 nm,33,17,1,42,G10,G2,False,0.05630811004515435
PLS-DA,10,AsLS + SNV,440 nm,33,17,1,44,G11,G11,True,0.12033943137534242
PLS-DA,10,AsLS + SNV,440 nm,34,17,2,1,G1,G9,False,0.48913171070672
PLS-DA,10,AsLS + SNV,440 nm,34,17,2,4,G2,G8,False,0.02234371152444875
PLS-DA,10,AsLS + SNV,440 nm,34,17,2,6,G2,G2,True,0.4936956568241625
PLS-DA,10,AsLS + SNV,440 nm,34,17,2,10,G3,G3,True,0.30176925277269623
PLS-DA,10,AsLS + SNV,440 nm,34,17,2,11,G3,G4,False,0.17947523081161332
PLS-DA,10,AsLS + SNV,440 nm,34,17,2,13,G4,G9,False,0.054153490992963904
PLS-DA,10,AsLS + SNV,440 nm,34,17,2,14,G4,G1,False,0.5310065060045116
PLS-DA,10,AsLS + SNV,440 nm,34,17,2,15,G4,G1,False,0.7214643203908179
PLS-DA,10,AsLS + SNV,440 nm,34,17,2,16,G4,G1,False,0.5190409841290038
PLS-DA,10,AsLS + SNV,440 nm,34,17,2,20,G5,G3,False,0.5243543793275782
PLS-DA,10,AsLS + SNV,440 nm,34,17,2,22,G5,G2,False,0.07512691244476599
PLS-DA,10,AsLS + SNV,440 nm,34,17,2,24,G6,G6,True,0.3893784301247645
PLS-DA,10,AsLS + SNV,440 nm,34,17,2,28,G6,G3,False,0.09269525845863491
PLS-DA,10,AsLS + SNV,440 nm,34,17,2,31,G6,G4,False,0.040932634315432426
PLS-DA,10,AsLS + SNV,440 nm,34,17,2,32,G6,G6,True,0.4424491315871284
PLS-DA,10,AsLS + SNV,440 nm,34,17,2,36,G7,G7,True,0.02579493139178851
PLS-DA,10,AsLS + SNV,440 nm,34,17,2,38,G8,G4,False,0.4639637794893118
PLS-DA,10,AsLS + SNV,440 nm,34,17,2,39,G9,G9,True,0.518264713849482
PLS-DA,10,AsLS + SNV,440 nm,34,17,2,41,G10,G2,False,0.3430711708471143
PLS-DA,10,AsLS + SNV,440 nm,34,17,2,43,G11,G4,False,0.005733049974016691
PLS-DA,10,AsLS + SNV,440 nm,35,18,1,1,G1,G9,False,0.18046776662563457
PLS-DA,10,AsLS + SNV,440 nm,35,18,1,5,G2,G4,False,0.3229283570730546
PLS-DA,10,AsLS + SNV,440 nm,35,18,1,6,G2,G2,True,0.23762475905628175
PLS-DA,10,AsLS + SNV,440 nm,35,18,1,8,G2,G6,False,0.7566697810864225
PLS-DA,10,AsLS + SNV,440 nm,35,18,1,10,G3,G5,False,0.04075715146479075
PLS-DA,10,AsLS + SNV,440 nm,35,18,1,12,G3,G10,False,0.005585807616116267
PLS-DA,10,AsLS + SNV,440 nm,35,18,1,13,G4,G7,False,0.11679619969023902
PLS-DA,10,AsLS + SNV,440 nm,35,18,1,14,G4,G6,False,0.4736216270265378
PLS-DA,10,AsLS + SNV,440 nm,35,18,1,19,G4,G3,False,0.06541421236683032
PLS-DA,10,AsLS + SNV,440 nm,35,18,1,22,G5,G6,False,0.23578504215200047
PLS-DA,10,AsLS + SNV,440 nm,35,18,1,23,G5,G11,False,0.08391830646710219
PLS-DA,10,AsLS + SNV,440 nm,35,18,1,27,G6,G7,False,0.08022007719875601
PLS-DA,10,AsLS + SNV,440 nm,35,18,1,28,G6,G3,False,0.07767421396102947
PLS-DA,10,AsLS + SNV,440 nm,35,18,1,30,G6,G6,True,0.6589991280303908
PLS-DA,10,AsLS + SNV,440 nm,35,18,1,33,G6,G6,True,0.34983703629320934
PLS-DA,10,AsLS + SNV,440 nm,35,18,1,34,G7,G2,False,0.1530961785381575
PLS-DA,10,AsLS + SNV,440 nm,35,18,1,38,G8,G4,False,0.3144584652433359
PLS-DA,10,AsLS + SNV,440 nm,35,18,1,39,G9,G9,True,0.13886335703781139
PLS-DA,10,AsLS + SNV,440 nm,35,18,1,41,G10,G4,False,0.34434394582337235
PLS-DA,10,AsLS + SNV,440 nm,35,18,1,43,G11,G11,True,0.26876695916670046
PLS-DA,10,AsLS + SNV,440 nm,36,18,2,3,G1,G4,False,0.439266752754861
PLS-DA,10,AsLS + SNV,440 nm,36,18,2,4,G2,G3,False,0.1308518652456434
PLS-DA,10,AsLS + SNV,440 nm,36,18,2,7,G2,G2,True,0.3955381870868851
PLS-DA,10,AsLS + SNV,440 nm,36,18,2,9,G3,G3,True,0.306463019621499
PLS-DA,10,AsLS + SNV,440 nm,36,18,2,11,G3,G4,False,0.0009345612433706019
PLS-DA,10,AsLS + SNV,440 nm,36,18,2,15,G4,G4,True,0.44505854743514023
PLS-DA,10,AsLS + SNV,440 nm,36,18,2,16,G4,G4,True,0.22048626331590265
PLS-DA,10,AsLS + SNV,440 nm,36,18,2,17,G4,G6,False,0.020767787420194694
PLS-DA,10,AsLS + SNV,440 nm,36,18,2,18,G4,G8,False,0.8524514971267936
PLS-DA,10,AsLS + SNV,440 nm,36,18,2,20,G5,G3,False,0.07407692631731999
PLS-DA,10,AsLS + SNV,440 nm,36,18,2,21,G5,G10,False,0.2547683190635327
PLS-DA,10,AsLS + SNV,440 nm,36,18,2,24,G6,G6,True,1.1773403047341706
PLS-DA,10,AsLS + SNV,440 nm,36,18,2,26,G6,G6,True,0.8548230184902676
PLS-DA,10,AsLS + SNV,440 nm,36,18,2,31,G6,G4,False,0.09412887447071067
PLS-DA,10,AsLS + SNV,440 nm,36,18,2,32,G6,G6,True,0.29923283484084995
PLS-DA,10,AsLS + SNV,440 nm,36,18,2,36,G7,G7,True,0.3448541860935777
PLS-DA,10,AsLS + SNV,440 nm,36,18,2,37,G8,G3,False,0.08335596212709656
PLS-DA,10,AsLS + SNV,440 nm,36,18,2,40,G9,G9,True,0.4084266304583869
PLS-DA,10,AsLS + SNV,440 nm,36,18,2,42,G10,G2,False,0.22014135633320803
PLS-DA,10,AsLS + SNV,440 nm,36,18,2,44,G11,G5,False,0.04030075546584411
PLS-DA,10,AsLS + SNV,440 nm,37,19,1,3,G1,G4,False,0.941472068645452
PLS-DA,10,AsLS + SNV,440 nm,37,19,1,4,G2,G9,False,0.008019538771980583
PLS-DA,10,AsLS + SNV,440 nm,37,19,1,6,G2,G2,True,0.12129721560861029
PLS-DA,10,AsLS + SNV,440 nm,37,19,1,7,G2,G3,False,0.0034877313717117664
PLS-DA,10,AsLS + SNV,440 nm,37,19,1,10,G3,G5,False,0.016295457981895578
PLS-DA,10,AsLS + SNV,440 nm,37,19,1,11,G3,G4,False,0.20075364790798758
PLS-DA,10,AsLS + SNV,440 nm,37,19,1,13,G4,G7,False,0.07556656712756038
PLS-DA,10,AsLS + SNV,440 nm,37,19,1,16,G4,G4,True,0.6281593142497315
PLS-DA,10,AsLS + SNV,440 nm,37,19,1,19,G4,G4,True,0.1332378026815263
PLS-DA,10,AsLS + SNV,440 nm,37,19,1,21,G5,G2,False,0.09579719916732965
PLS-DA,10,AsLS + SNV,440 nm,37,19,1,22,G5,G4,False,0.379663068256946
PLS-DA,10,AsLS + SNV,440 nm,37,19,1,26,G6,G6,True,0.22712919479071436
PLS-DA,10,AsLS + SNV,440 nm,37,19,1,30,G6,G2,False,0.10627165509845327
PLS-DA,10,AsLS + SNV,440 nm,37,19,1,31,G6,G4,False,0.11929842105200117
PLS-DA,10,AsLS + SNV,440 nm,37,19,1,32,G6,G6,True,0.07685877192138996
PLS-DA,10,AsLS + SNV,440 nm,37,19,1,34,G7,G3,False,0.010747032063189998
PLS-DA,10,AsLS + SNV,440 nm,37,19,1,38,G8,G4,False,0.7309669472228169
PLS-DA,10,AsLS + SNV,440 nm,37,19,1,39,G9,G9,True,0.7034440294316869
PLS-DA,10,AsLS + SNV,440 nm,37,19,1,42,G10,G2,False,0.20389611703775157
PLS-DA,10,AsLS + SNV,440 nm,37,19,1,44,G11,G5,False,0.03965764407028932
PLS-DA,10,AsLS + SNV,440 nm,38,19,2,1,G1,G9,False,0.283120182388543
PLS-DA,10,AsLS + SNV,440 nm,38,19,2,5,G2,G4,False,0.1644248359867912
PLS-DA,10,AsLS + SNV,440 nm,38,19,2,8,G2,G6,False,0.7082193898808158
PLS-DA,10,AsLS + SNV,440 nm,38,19,2,9,G3,G3,True,0.2542014237733936
PLS-DA,10,AsLS + SNV,440 nm,38,19,2,12,G3,G6,False,0.0556107532425541
PLS-DA,10,AsLS + SNV,440 nm,38,19,2,14,G4,G6,False,0.3111040160926899
PLS-DA,10,AsLS + SNV,440 nm,38,19,2,15,G4,G4,True,0.13480878645166605
PLS-DA,10,AsLS + SNV,440 nm,38,19,2,17,G4,G11,False,0.023421632200368303
PLS-DA,10,AsLS + SNV,440 nm,38,19,2,18,G4,G8,False,0.6298817654840607
PLS-DA,10,AsLS + SNV,440 nm,38,19,2,20,G5,G6,False,0.2958774518769043
PLS-DA,10,AsLS + SNV,440 nm,38,19,2,23,G5,G11,False,0.2330038571317654
PLS-DA,10,AsLS + SNV,440 nm,38,19,2,24,G6,G2,False,0.13645102998176922
PLS-DA,10,AsLS + SNV,440 nm,38,19,2,27,G6,G7,False,0.32032790081618373
PLS-DA,10,AsLS + SNV,440 nm,38,19,2,28,G6,G3,False,0.07942419032939257
PLS-DA,10,AsLS + SNV,440 nm,38,19,2,33,G6,G6,True,0.47083910939421614
PLS-DA,10,AsLS + SNV,440 nm,38,19,2,36,G7,G7,True,0.5917157125358903
PLS-DA,10,AsLS + SNV,440 nm,38,19,2,37,G8,G7,False,0.022548347320746565
PLS-DA,10,AsLS + SNV,440 nm,38,19,2,40,G9,G9,True,0.2357933766003772
PLS-DA,10,AsLS + SNV,440 nm,38,19,2,41,G10,G4,False,0.19937491898196624
PLS-DA,10,AsLS + SNV,440 nm,38,19,2,43,G11,G11,True,0.3851369718598481
PLS-DA,10,AsLS + SNV,440 nm,39,20,1,3,G1,G4,False,0.6766525726749031
PLS-DA,10,AsLS + SNV,440 nm,39,20,1,4,G2,G3,False,0.4732049375760565
PLS-DA,10,AsLS + SNV,440 nm,39,20,1,5,G2,G10,False,0.17348416174165693
PLS-DA,10,AsLS + SNV,440 nm,39,20,1,7,G2,G2,True,0.3511424757016639
PLS-DA,10,AsLS + SNV,440 nm,39,20,1,11,G3,G2,False,0.10233722621411892
PLS-DA,10,AsLS + SNV,440 nm,39,20,1,12,G3,G6,False,0.4182288416134713
PLS-DA,10,AsLS + SNV,440 nm,39,20,1,14,G4,G4,True,0.17667734937383578
PLS-DA,10,AsLS + SNV,440 nm,39,20,1,17,G4,G6,False,0.09970626567576829
PLS-DA,10,AsLS + SNV,440 nm,39,20,1,19,G4,G2,False,0.04563629882590442
PLS-DA,10,AsLS + SNV,440 nm,39,20,1,20,G5,G3,False,0.8950459123675001
PLS-DA,10,AsLS + SNV,440 nm,39,20,1,23,G5,G11,False,0.08025046723670648
PLS-DA,10,AsLS + SNV,440 nm,39,20,1,24,G6,G3,False,0.7685918190412253
PLS-DA,10,AsLS + SNV,440 nm,39,20,1,26,G6,G3,False,0.18889647423464312
PLS-DA,10,AsLS + SNV,440 nm,39,20,1,27,G6,G7,False,0.32436062656391784
PLS-DA,10,AsLS + SNV,440 nm,39,20,1,28,G6,G3,False,0.8662711498029618
PLS-DA,10,AsLS + SNV,440 nm,39,20,1,34,G7,G7,True,0.3422765774209707
PLS-DA,10,AsLS + SNV,440 nm,39,20,1,37,G8,G3,False,0.08315365847523243
PLS-DA,10,AsLS + SNV,440 nm,39,20,1,40,G9,G9,True,0.3812344709332879
PLS-DA,10,AsLS + SNV,440 nm,39,20,1,42,G10,G6,False,0.10879945850183037
PLS-DA,10,AsLS + SNV,440 nm,39,20,1,43,G11,G11,True,0.07818498782592975
PLS-DA,10,AsLS + SNV,440 nm,40,20,2,1,G1,G7,False,0.021681345938285634
PLS-DA,10,AsLS + SNV,440 nm,40,20,2,6,G2,G2,True,0.4337286866661375
PLS-DA,10,AsLS + SNV,440 nm,40,20,2,8,G2,G4,False,0.6543010524113386
PLS-DA,10,AsLS + SNV,440 nm,40,20,2,9,G3,G5,False,0.2603066762325018
PLS-DA,10,AsLS + SNV,440 nm,40,20,2,10,G3,G8,False,0.17377475024343547
PLS-DA,10,AsLS + SNV,440 nm,40,20,2,13,G4,G8,False,0.20737337112786403
PLS-DA,10,AsLS + SNV,440 nm,40,20,2,15,G4,G1,False,0.6792443701786812
PLS-DA,10,AsLS + SNV,440 nm,40,20,2,16,G4,G1,False,0.22993186178924552
PLS-DA,10,AsLS + SNV,440 nm,40,20,2,18,G4,G3,False,0.9238575342168647
PLS-DA,10,AsLS + SNV,440 nm,40,20,2,21,G5,G1,False,1.447178263823441
PLS-DA,10,AsLS + SNV,440 nm,40,20,2,22,G5,G4,False,0.581844495245293
PLS-DA,10,AsLS + SNV,440 nm,40,20,2,30,G6,G4,False,0.32770980085544266
PLS-DA,10,AsLS + SNV,440 nm,40,20,2,31,G6,G4,False,0.7351926549338638
PLS-DA,10,AsLS + SNV,440 nm,40,20,2,32,G6,G4,False,0.032363027231070984
PLS-DA,10,AsLS + SNV,440 nm,40,20,2,33,G6,G4,False,0.0068091175116361535
PLS-DA,10,AsLS + SNV,440 nm,40,20,2,36,G7,G7,True,0.09339458601984774
PLS-DA,10,AsLS + SNV,440 nm,40,20,2,38,G8,G3,False,1.0919512821075992
PLS-DA,10,AsLS + SNV,440 nm,40,20,2,39,G9,G9,True,0.22214904130744062
PLS-DA,10,AsLS + SNV,440 nm,40,20,2,41,G10,G2,False,0.5604648223745974
PLS-DA,10,AsLS + SNV,440 nm,40,20,2,44,G11,G5,False,0.05222322510270161
PLS-DA,10,AsLS + SNV,Combined,1,1,1,3,G1,G4,False,0.7856098404878028
PLS-DA,10,AsLS + SNV,Combined,1,1,1,4,G2,G1,False,0.02302850507400994
PLS-DA,10,AsLS + SNV,Combined,1,1,1,6,G2,G2,True,0.01945852933018072
PLS-DA,10,AsLS + SNV,Combined,1,1,1,7,G2,G2,True,0.19889135731433868
PLS-DA,10,AsLS + SNV,Combined,1,1,1,9,G3,G6,False,0.0010799248903011205
PLS-DA,10,AsLS + SNV,Combined,1,1,1,11,G3,G4,False,0.28391733251730233
PLS-DA,10,AsLS + SNV,Combined,1,1,1,14,G4,G4,True,0.3858113917927033
PLS-DA,10,AsLS + SNV,Combined,1,1,1,17,G4,G4,True,0.20724903249100302
PLS-DA,10,AsLS + SNV,Combined,1,1,1,18,G4,G8,False,0.867332852716453
PLS-DA,10,AsLS + SNV,Combined,1,1,1,21,G5,G1,False,0.0071284349124187685
PLS-DA,10,AsLS + SNV,Combined,1,1,1,22,G5,G6,False,0.019655288888227485
PLS-DA,10,AsLS + SNV,Combined,1,1,1,24,G6,G3,False,0.01593156156143427
PLS-DA,10,AsLS + SNV,Combined,1,1,1,27,G6,G1,False,0.05832304643308572
PLS-DA,10,AsLS + SNV,Combined,1,1,1,28,G6,G1,False,0.10158419200967111
PLS-DA,10,AsLS + SNV,Combined,1,1,1,32,G6,G6,True,0.17514662153857935
PLS-DA,10,AsLS + SNV,Combined,1,1,1,34,G7,G7,True,0.13064259869200806
PLS-DA,10,AsLS + SNV,Combined,1,1,1,37,G8,G7,False,0.2809471636185741
PLS-DA,10,AsLS + SNV,Combined,1,1,1,39,G9,G9,True,0.6424972921399673
PLS-DA,10,AsLS + SNV,Combined,1,1,1,42,G10,G2,False,0.22554612270099994
PLS-DA,10,AsLS + SNV,Combined,1,1,1,44,G11,G11,True,0.046894087941127593
PLS-DA,10,AsLS + SNV,Combined,2,1,2,1,G1,G7,False,0.25826723856454287
PLS-DA,10,AsLS + SNV,Combined,2,1,2,5,G2,G2,True,0.0066557210293410884
PLS-DA,10,AsLS + SNV,Combined,2,1,2,8,G2,G6,False,0.3490883066699446
PLS-DA,10,AsLS + SNV,Combined,2,1,2,10,G3,G3,True,0.4490336222318226
PLS-DA,10,AsLS + SNV,Combined,2,1,2,12,G3,G6,False,0.10419552518173897
PLS-DA,10,AsLS + SNV,Combined,2,1,2,13,G4,G8,False,0.11879162226622225
PLS-DA,10,AsLS + SNV,Combined,2,1,2,15,G4,G4,True,0.08792653567957709
PLS-DA,10,AsLS + SNV,Combined,2,1,2,16,G4,G4,True,0.0980931765872694
PLS-DA,10,AsLS + SNV,Combined,2,1,2,19,G4,G3,False,0.011258522600032628
PLS-DA,10,AsLS + SNV,Combined,2,1,2,20,G5,G3,False,0.6481496216148411
PLS-DA,10,AsLS + SNV,Combined,2,1,2,23,G5,G11,False,0.21351454711002843
PLS-DA,10,AsLS + SNV,Combined,2,1,2,26,G6,G3,False,0.034664443429963276
PLS-DA,10,AsLS + SNV,Combined,2,1,2,30,G6,G6,True,0.3452923646263274
PLS-DA,10,AsLS + SNV,Combined,2,1,2,31,G6,G5,False,0.007160021901666147
PLS-DA,10,AsLS + SNV,Combined,2,1,2,33,G6,G6,True,0.16455578096075335
PLS-DA,10,AsLS + SNV,Combined,2,1,2,36,G7,G8,False,0.11716925272275963
PLS-DA,10,AsLS + SNV,Combined,2,1,2,38,G8,G4,False,0.5530793303477166
PLS-DA,10,AsLS + SNV,Combined,2,1,2,40,G9,G9,True,0.3676492571089218
PLS-DA,10,AsLS + SNV,Combined,2,1,2,41,G10,G11,False,0.02785293536527106
PLS-DA,10,AsLS + SNV,Combined,2,1,2,43,G11,G11,True,0.42892171321182604
PLS-DA,10,AsLS + SNV,Combined,3,2,1,1,G1,G7,False,0.1291800128146613
PLS-DA,10,AsLS + SNV,Combined,3,2,1,4,G2,G7,False,0.4284164840656586
PLS-DA,10,AsLS + SNV,Combined,3,2,1,6,G2,G2,True,0.4395052373677518
PLS-DA,10,AsLS + SNV,Combined,3,2,1,8,G2,G2,True,0.37016861227845577
PLS-DA,10,AsLS + SNV,Combined,3,2,1,9,G3,G3,True,0.18315997973137377
PLS-DA,10,AsLS + SNV,Combined,3,2,1,12,G3,G2,False,0.005845359633945113
PLS-DA,10,AsLS + SNV,Combined,3,2,1,13,G4,G3,False,0.24308495042162165
PLS-DA,10,AsLS + SNV,Combined,3,2,1,18,G4,G4,True,0.4029196030552392
PLS-DA,10,AsLS + SNV,Combined,3,2,1,19,G4,G4,True,0.023798822566812705
PLS-DA,10,AsLS + SNV,Combined,3,2,1,20,G5,G3,False,0.6158390280536237
PLS-DA,10,AsLS + SNV,Combined,3,2,1,23,G5,G11,False,0.20798810915533963
PLS-DA,10,AsLS + SNV,Combined,3,2,1,24,G6,G6,True,0.10254508828270997
PLS-DA,10,AsLS + SNV,Combined,3,2,1,30,G6,G2,False,0.4096308843389783
PLS-DA,10,AsLS + SNV,Combined,3,2,1,32,G6,G2,False,0.15547505822750424
PLS-DA,10,AsLS + SNV,Combined,3,2,1,33,G6,G2,False,0.1715680448423153
PLS-DA,10,AsLS + SNV,Combined,3,2,1,36,G7,G8,False,0.1339697252892983
PLS-DA,10,AsLS + SNV,Combined,3,2,1,38,G8,G4,False,0.26939714167236184
PLS-DA,10,AsLS + SNV,Combined,3,2,1,40,G9,G9,True,0.23695052263544497
PLS-DA,10,AsLS + SNV,Combined,3,2,1,42,G10,G2,False,0.3787303086230647
PLS-DA,10,AsLS + SNV,Combined,3,2,1,43,G11,G11,True,0.29972438374435495
PLS-DA,10,AsLS + SNV,Combined,4,2,2,3,G1,G4,False,0.703589500962711
PLS-DA,10,AsLS + SNV,Combined,4,2,2,5,G2,G4,False,0.14869388890755902
PLS-DA,10,AsLS + SNV,Combined,4,2,2,7,G2,G2,True,0.5934627757589763
PLS-DA,10,AsLS + SNV,Combined,4,2,2,10,G3,G3,True,0.01803231032108732
PLS-DA,10,AsLS + SNV,Combined,4,2,2,11,G3,G4,False,0.6467711468680373
PLS-DA,10,AsLS + SNV,Combined,4,2,2,14,G4,G4,True,0.18141261766670969
PLS-DA,10,AsLS + SNV,Combined,4,2,2,15,G4,G4,True,0.6722148201106912
PLS-DA,10,AsLS + SNV,Combined,4,2,2,16,G4,G4,True,0.4098970762554621
PLS-DA,10,AsLS + SNV,Combined,4,2,2,17,G4,G4,True,0.6094628815953449
PLS-DA,10,AsLS + SNV,Combined,4,2,2,21,G5,G4,False,0.21638569262698637
PLS-DA,10,AsLS + SNV,Combined,4,2,2,22,G5,G4,False,0.19301940699488396
PLS-DA,10,AsLS + SNV,Combined,4,2,2,26,G6,G3,False,0.04300678463100699
PLS-DA,10,AsLS + SNV,Combined,4,2,2,27,G6,G1,False,0.01713278276452246
PLS-DA,10,AsLS + SNV,Combined,4,2,2,28,G6,G1,False,0.013519879160023562
PLS-DA,10,AsLS + SNV,Combined,4,2,2,31,G6,G4,False,0.546760032934723
PLS-DA,10,AsLS + SNV,Combined,4,2,2,34,G7,G2,False,0.014499779006798996
PLS-DA,10,AsLS + SNV,Combined,4,2,2,37,G8,G7,False,0.22640194741078495
PLS-DA,10,AsLS + SNV,Combined,4,2,2,39,G9,G9,True,0.7292058458905588
PLS-DA,10,AsLS + SNV,Combined,4,2,2,41,G10,G4,False,0.05044531281092479
PLS-DA,10,AsLS + SNV,Combined,4,2,2,44,G11,G11,True,0.06470766210156781
PLS-DA,10,AsLS + SNV,Combined,5,3,1,1,G1,G2,False,0.37135326490966125
PLS-DA,10,AsLS + SNV,Combined,5,3,1,5,G2,G11,False,0.09943906931594432
PLS-DA,10,AsLS + SNV,Combined,5,3,1,6,G2,G2,True,0.18321526526618484
PLS-DA,10,AsLS + SNV,Combined,5,3,1,8,G2,G6,False,0.32380374305924764
PLS-DA,10,AsLS + SNV,Combined,5,3,1,11,G3,G4,False,0.37465931099104655
PLS-DA,10,AsLS + SNV,Combined,5,3,1,12,G3,G6,False,0.1463638030734576
PLS-DA,10,AsLS + SNV,Combined,5,3,1,13,G4,G3,False,0.18858119158292258
PLS-DA,10,AsLS + SNV,Combined,5,3,1,15,G4,G4,True,0.36774246709281466
PLS-DA,10,AsLS + SNV,Combined,5,3,1,18,G4,G8,False,0.8691732619864998
PLS-DA,10,AsLS + SNV,Combined,5,3,1,21,G5,G11,False,0.03184512630056924
PLS-DA,10,AsLS + SNV,Combined,5,3,1,22,G5,G6,False,0.09160943814370825
PLS-DA,10,AsLS + SNV,Combined,5,3,1,27,G6,G2,False,0.42943754134267975
PLS-DA,10,AsLS + SNV,Combined,5,3,1,28,G6,G6,True,0.056455935499783005
PLS-DA,10,AsLS + SNV,Combined,5,3,1,30,G6,G6,True,0.6055168902654575
PLS-DA,10,AsLS + SNV,Combined,5,3,1,32,G6,G6,True,0.3753831075343994
PLS-DA,10,AsLS + SNV,Combined,5,3,1,34,G7,G2,False,0.05008713497930167
PLS-DA,10,AsLS + SNV,Combined,5,3,1,37,G8,G7,False,0.3002122307465015
PLS-DA,10,AsLS + SNV,Combined,5,3,1,39,G9,G9,True,0.6475664642859875
PLS-DA,10,AsLS + SNV,Combined,5,3,1,41,G10,G11,False,0.09627282216414113
PLS-DA,10,AsLS + SNV,Combined,5,3,1,43,G11,G5,False,0.07431685385444381
PLS-DA,10,AsLS + SNV,Combined,6,3,2,3,G1,G4,False,0.4510939254664912
PLS-DA,10,AsLS + SNV,Combined,6,3,2,4,G2,G7,False,0.20606524821672492
PLS-DA,10,AsLS + SNV,Combined,6,3,2,7,G2,G2,True,0.3888075663705754
PLS-DA,10,AsLS + SNV,Combined,6,3,2,9,G3,G6,False,0.759668307704983
PLS-DA,10,AsLS + SNV,Combined,6,3,2,10,G3,G4,False,0.21553111583485918
PLS-DA,10,AsLS + SNV,Combined,6,3,2,14,G4,G4,True,0.17754063607104476
PLS-DA,10,AsLS + SNV,Combined,6,3,2,16,G4,G4,True,0.5126174874227971
PLS-DA,10,AsLS + SNV,Combined,6,3,2,17,G4,G3,False,0.3854342615236428
PLS-DA,10,AsLS + SNV,Combined,6,3,2,19,G4,G3,False,0.16726039552424005
PLS-DA,10,AsLS + SNV,Combined,6,3,2,20,G5,G6,False,0.2930481166323702
PLS-DA,10,AsLS + SNV,Combined,6,3,2,23,G5,G3,False,0.04355304087367051
PLS-DA,10,AsLS + SNV,Combined,6,3,2,24,G6,G6,True,0.11116631090603524
PLS-DA,10,AsLS + SNV,Combined,6,3,2,26,G6,G6,True,0.3903078651930413
PLS-DA,10,AsLS + SNV,Combined,6,3,2,31,G6,G5,False,0.059723977121760696
PLS-DA,10,AsLS + SNV,Combined,6,3,2,33,G6,G6,True,0.14086797683509145
PLS-DA,10,AsLS + SNV,Combined,6,3,2,36,G7,G8,False,0.13438417688643334
PLS-DA,10,AsLS + SNV,Combined,6,3,2,38,G8,G4,False,0.39131899803371817
PLS-DA,10,AsLS + SNV,Combined,6,3,2,40,G9,G9,True,0.4510194846832318
PLS-DA,10,AsLS + SNV,Combined,6,3,2,42,G10,G2,False,0.34023120757277364
PLS-DA,10,AsLS + SNV,Combined,6,3,2,44,G11,G3,False,0.047352618349449316
PLS-DA,10,AsLS + SNV,Combined,7,4,1,1,G1,G7,False,0.3591793173891326
PLS-DA,10,AsLS + SNV,Combined,7,4,1,5,G2,G11,False,0.176448194630619
PLS-DA,10,AsLS + SNV,Combined,7,4,1,6,G2,G2,True,0.08650869738727446
PLS-DA,10,AsLS + SNV,Combined,7,4,1,7,G2,G2,True,0.022402420374708548
PLS-DA,10,AsLS + SNV,Combined,7,4,1,9,G3,G3,True,0.05541816014105316
PLS-DA,10,AsLS + SNV,Combined,7,4,1,12,G3,G6,False,0.016658834957402863
PLS-DA,10,AsLS + SNV,Combined,7,4,1,13,G4,G3,False,0.3838993002626082
PLS-DA,10,AsLS + SNV,Combined,7,4,1,15,G4,G4,True,0.35365960047527173
PLS-DA,10,AsLS + SNV,Combined,7,4,1,19,G4,G3,False,0.004908967407352138
PLS-DA,10,AsLS + SNV,Combined,7,4,1,21,G5,G7,False,0.21763600931027927
PLS-DA,10,AsLS + SNV,Combined,7,4,1,22,G5,G6,False,0.07396447032660014
PLS-DA,10,AsLS + SNV,Combined,7,4,1,24,G6,G6,True,0.20551529886276565
PLS-DA,10,AsLS + SNV,Combined,7,4,1,26,G6,G6,True,0.2365476169264713
PLS-DA,10,AsLS + SNV,Combined,7,4,1,32,G6,G2,False,0.06939047256818681
PLS-DA,10,AsLS + SNV,Combined,7,4,1,33,G6,G6,True,0.17920801516805163
PLS-DA,10,AsLS + SNV,Combined,7,4,1,36,G7,G8,False,0.23601818048409595
PLS-DA,10,AsLS + SNV,Combined,7,4,1,38,G8,G4,False,0.6053393945567942
PLS-DA,10,AsLS + SNV,Combined,7,4,1,39,G9,G9,True,0.8508370530120365
PLS-DA,10,AsLS + SNV,Combined,7,4,1,41,G10,G11,False,0.1823047150774467
PLS-DA,10,AsLS + SNV,Combined,7,4,1,44,G11,G11,True,0.1133261798141948
PLS-DA,10,AsLS + SNV,Combined,8,4,2,3,G1,G4,False,0.49402167536167474
PLS-DA,10,AsLS + SNV,Combined,8,4,2,4,G2,G1,False,0.06585444764887005
PLS-DA,10,AsLS + SNV,Combined,8,4,2,8,G2,G6,False,0.3832480980937029
PLS-DA,10,AsLS + SNV,Combined,8,4,2,10,G3,G3,True,0.03173853883337163
PLS-DA,10,AsLS + SNV,Combined,8,4,2,11,G3,G4,False,0.3342010246780652
PLS-DA,10,AsLS + SNV,Combined,8,4,2,14,G4,G4,True,0.21471456366516783
PLS-DA,10,AsLS + SNV,Combined,8,4,2,16,G4,G4,True,0.5556901772747389
PLS-DA,10,AsLS + SNV,Combined,8,4,2,17,G4,G4,True,0.6091180159379856
PLS-DA,10,AsLS + SNV,Combined,8,4,2,18,G4,G8,False,0.9262236350544578
PLS-DA,10,AsLS + SNV,Combined,8,4,2,20,G5,G3,False,0.30260649881973534
PLS-DA,10,AsLS + SNV,Combined,8,4,2,23,G5,G6,False,0.0907349911335652
PLS-DA,10,AsLS + SNV,Combined,8,4,2,27,G6,G6,True,0.2410258370814048
PLS-DA,10,AsLS + SNV,Combined,8,4,2,28,G6,G6,True,0.1607745196147085
PLS-DA,10,AsLS + SNV,Combined,8,4,2,30,G6,G6,True,0.5337983134454023
PLS-DA,10,AsLS + SNV,Combined,8,4,2,31,G6,G4,False,0.0921808472150899
PLS-DA,10,AsLS + SNV,Combined,8,4,2,34,G7,G7,True,0.15053192776879593
PLS-DA,10,AsLS + SNV,Combined,8,4,2,37,G8,G7,False,0.28058128842306074
PLS-DA,10,AsLS + SNV,Combined,8,4,2,40,G9,G9,True,0.44629686111786737
PLS-DA,10,AsLS + SNV,Combined,8,4,2,42,G10,G2,False,0.2887944233138091
PLS-DA,10,AsLS + SNV,Combined,8,4,2,43,G11,G4,False,0.13825799110083353
PLS-DA,10,AsLS + SNV,Combined,9,5,1,1,G1,G9,False,0.019346803821535807
PLS-DA,10,AsLS + SNV,Combined,9,5,1,4,G2,G7,False,0.07729007519357417
PLS-DA,10,AsLS + SNV,Combined,9,5,1,5,G2,G10,False,0.4682025279441899
PLS-DA,10,AsLS + SNV,Combined,9,5,1,6,G2,G2,True,0.25544106494314045
PLS-DA,10,AsLS + SNV,Combined,9,5,1,9,G3,G3,True,0.07877883672939268
PLS-DA,10,AsLS + SNV,Combined,9,5,1,12,G3,G6,False,0.06279051813583053
PLS-DA,10,AsLS + SNV,Combined,9,5,1,13,G4,G3,False,0.3664849013090704
PLS-DA,10,AsLS + SNV,Combined,9,5,1,14,G4,G4,True,0.1944234162951043
PLS-DA,10,AsLS + SNV,Combined,9,5,1,19,G4,G4,True,0.019649243660617488
PLS-DA,10,AsLS + SNV,Combined,9,5,1,20,G5,G3,False,0.5508937414723402
PLS-DA,10,AsLS + SNV,Combined,9,5,1,21,G5,G10,False,0.44815485420039425
PLS-DA,10,AsLS + SNV,Combined,9,5,1,24,G6,G6,True,0.22306334653327048
PLS-DA,10,AsLS + SNV,Combined,9,5,1,26,G6,G6,True,0.2956152264043822
PLS-DA,10,AsLS + SNV,Combined,9,5,1,32,G6,G2,False,0.04488503897871021
PLS-DA,10,AsLS + SNV,Combined,9,5,1,33,G6,G6,True,0.2605593356807049
PLS-DA,10,AsLS + SNV,Combined,9,5,1,34,G7,G7,True,0.3145851611524396
PLS-DA,10,AsLS + SNV,Combined,9,5,1,38,G8,G4,False,0.5058193552259236
PLS-DA,10,AsLS + SNV,Combined,9,5,1,39,G9,G9,True,0.867072188616468
PLS-DA,10,AsLS + SNV,Combined,9,5,1,42,G10,G10,True,0.1307003641662885
PLS-DA,10,AsLS + SNV,Combined,9,5,1,43,G11,G11,True,0.008968163685796005
PLS-DA,10,AsLS + SNV,Combined,10,5,2,3,G1,G4,False,0.9114945222527782
PLS-DA,10,AsLS + SNV,Combined,10,5,2,7,G2,G2,True,0.14020568461534527
PLS-DA,10,AsLS + SNV,Combined,10,5,2,8,G2,G6,False,0.3949431221093974
PLS-DA,10,AsLS + SNV,Combined,10,5,2,10,G3,G4,False,0.17622452415693812
PLS-DA,10,AsLS + SNV,Combined,10,5,2,11,G3,G4,False,0.6238282299284927
PLS-DA,10,AsLS + SNV,Combined,10,5,2,15,G4,G4,True,0.7997114865149538
PLS-DA,10,AsLS + SNV,Combined,10,5,2,16,G4,G4,True,0.9245226121318335
PLS-DA,10,AsLS + SNV,Combined,10,5,2,17,G4,G4,True,0.626130119938932
PLS-DA,10,AsLS + SNV,Combined,10,5,2,18,G4,G8,False,0.8297930379533339
PLS-DA,10,AsLS + SNV,Combined,10,5,2,22,G5,G4,False,0.4995891656505309
PLS-DA,10,AsLS + SNV,Combined,10,5,2,23,G5,G6,False,0.08720550380332381
PLS-DA,10,AsLS + SNV,Combined,10,5,2,27,G6,G1,False,0.12176113475708855
PLS-DA,10,AsLS + SNV,Combined,10,5,2,28,G6,G5,False,0.03442676601360828
PLS-DA,10,AsLS + SNV,Combined,10,5,2,30,G6,G6,True,0.4750766720501204
PLS-DA,10,AsLS + SNV,Combined,10,5,2,31,G6,G4,False,0.5978235475304086
PLS-DA,10,AsLS + SNV,Combined,10,5,2,36,G7,G6,False,0.14953457293200606
PLS-DA,10,AsLS + SNV,Combined,10,5,2,37,G8,G6,False,0.06533201963230717
PLS-DA,10,AsLS + SNV,Combined,10,5,2,40,G9,G9,True,0.4316189570512758
PLS-DA,10,AsLS + SNV,Combined,10,5,2,41,G10,G2,False,0.4811116402837046
PLS-DA,10,AsLS + SNV,Combined,10,5,2,44,G11,G11,True,0.02602212795256842
PLS-DA,10,AsLS + SNV,Combined,11,6,1,3,G1,G4,False,0.622084286062276
PLS-DA,10,AsLS + SNV,Combined,11,6,1,4,G2,G7,False,0.10929541142640137
PLS-DA,10,AsLS + SNV,Combined,11,6,1,6,G2,G2,True,0.0957797934212104
PLS-DA,10,AsLS + SNV,Combined,11,6,1,8,G2,G6,False,0.7803964413861134
PLS-DA,10,AsLS + SNV,Combined,11,6,1,9,G3,G6,False,1.6551472494867492
PLS-DA,10,AsLS + SNV,Combined,11,6,1,10,G3,G6,False,0.12825042740888715
PLS-DA,10,AsLS + SNV,Combined,11,6,1,14,G4,G6,False,0.041591320716743096
PLS-DA,10,AsLS + SNV,Combined,11,6,1,15,G4,G4,True,0.5858303017877275
PLS-DA,10,AsLS + SNV,Combined,11,6,1,17,G4,G4,True,0.06537348748590055
PLS-DA,10,AsLS + SNV,Combined,11,6,1,20,G5,G6,False,0.23905150540556225
PLS-DA,10,AsLS + SNV,Combined,11,6,1,22,G5,G6,False,0.2734632054904334
PLS-DA,10,AsLS + SNV,Combined,11,6,1,26,G6,G4,False,0.11983846971032275
PLS-DA,10,AsLS + SNV,Combined,11,6,1,27,G6,G6,True,0.4302810347545438
PLS-DA,10,AsLS + SNV,Combined,11,6,1,28,G6,G6,True,0.5872597992951611
PLS-DA,10,AsLS + SNV,Combined,11,6,1,30,G6,G6,True,0.8230533365745106
PLS-DA,10,AsLS + SNV,Combined,11,6,1,36,G7,G8,False,0.49142246549874047
PLS-DA,10,AsLS + SNV,Combined,11,6,1,38,G8,G4,False,0.5557971544636787
PLS-DA,10,AsLS + SNV,Combined,11,6,1,39,G9,G9,True,0.6674305126819757
PLS-DA,10,AsLS + SNV,Combined,11,6,1,42,G10,G2,False,0.1104968087310833
PLS-DA,10,AsLS + SNV,Combined,11,6,1,44,G11,G3,False,0.013313151832653025
PLS-DA,10,AsLS + SNV,Combined,12,6,2,1,G1,G2,False,0.10657519799726412
PLS-DA,10,AsLS + SNV,Combined,12,6,2,5,G2,G11,False,0.278152918275151
PLS-DA,10,AsLS + SNV,Combined,12,6,2,7,G2,G2,True,0.20208704484355072
PLS-DA,10,AsLS + SNV,Combined,12,6,2,11,G3,G4,False,0.19542985057876544
PLS-DA,10,AsLS + SNV,Combined,12,6,2,12,G3,G2,False,0.12938978290251518
PLS-DA,10,AsLS + SNV,Combined,12,6,2,13,G4,G3,False,0.18111813336656268
PLS-DA,10,AsLS + SNV,Combined,12,6,2,16,G4,G4,True,0.4055497587262019
PLS-DA,10,AsLS + SNV,Combined,12,6,2,18,G4,G8,False,0.731373413406877
PLS-DA,10,AsLS + SNV,Combined,12,6,2,19,G4,G4,True,0.19422033067062394
PLS-DA,10,AsLS + SNV,Combined,12,6,2,21,G5,G11,False,0.32325339281762366
PLS-DA,10,AsLS + SNV,Combined,12,6,2,23,G5,G11,False,0.25226976797746165
PLS-DA,10,AsLS + SNV,Combined,12,6,2,24,G6,G6,True,0.12450201561985502
PLS-DA,10,AsLS + SNV,Combined,12,6,2,31,G6,G4,False,0.1615040032116843
PLS-DA,10,AsLS + SNV,Combined,12,6,2,32,G6,G2,False,0.23847484330029428
PLS-DA,10,AsLS + SNV,Combined,12,6,2,33,G6,G6,True,0.09253327743747652
PLS-DA,10,AsLS + SNV,Combined,12,6,2,34,G7,G2,False,0.031190863942936464
PLS-DA,10,AsLS + SNV,Combined,12,6,2,37,G8,G7,False,0.4083559171505375
PLS-DA,10,AsLS + SNV,Combined,12,6,2,40,G9,G9,True,0.4193992965802883
PLS-DA,10,AsLS + SNV,Combined,12,6,2,41,G10,G11,False,0.29509610874108777
PLS-DA,10,AsLS + SNV,Combined,12,6,2,43,G11,G11,True,0.4736181537300773
PLS-DA,10,AsLS + SNV,Combined,13,7,1,3,G1,G4,False,0.4024250019787312
PLS-DA,10,AsLS + SNV,Combined,13,7,1,5,G2,G4,False,0.10200813938397135
PLS-DA,10,AsLS + SNV,Combined,13,7,1,6,G2,G2,True,0.15778471319870901
PLS-DA,10,AsLS + SNV,Combined,13,7,1,8,G2,G6,False,0.715011866478799
PLS-DA,10,AsLS + SNV,Combined,13,7,1,9,G3,G6,False,0.7326780315020649
PLS-DA,10,AsLS + SNV,Combined,13,7,1,10,G3,G4,False,0.010992219863365182
PLS-DA,10,AsLS + SNV,Combined,13,7,1,14,G4,G4,True,0.14181635234477624
PLS-DA,10,AsLS + SNV,Combined,13,7,1,15,G4,G4,True,0.3996376368781177
PLS-DA,10,AsLS + SNV,Combined,13,7,1,16,G4,G4,True,0.3891584721787198
PLS-DA,10,AsLS + SNV,Combined,13,7,1,20,G5,G6,False,0.1556907254336602
PLS-DA,10,AsLS + SNV,Combined,13,7,1,22,G5,G2,False,0.04881830322730957
PLS-DA,10,AsLS + SNV,Combined,13,7,1,24,G6,G6,True,0.1870264844585865
PLS-DA,10,AsLS + SNV,Combined,13,7,1,26,G6,G6,True,0.6299612250901412
PLS-DA,10,AsLS + SNV,Combined,13,7,1,31,G6,G4,False,0.16118695444969872
PLS-DA,10,AsLS + SNV,Combined,13,7,1,33,G6,G6,True,0.47048738283252917
PLS-DA,10,AsLS + SNV,Combined,13,7,1,36,G7,G7,True,0.47610944642869574
PLS-DA,10,AsLS + SNV,Combined,13,7,1,37,G8,G9,False,0.09897352867960407
PLS-DA,10,AsLS + SNV,Combined,13,7,1,39,G9,G9,True,0.736058485192894
PLS-DA,10,AsLS + SNV,Combined,13,7,1,41,G10,G5,False,0.010691400616003932
PLS-DA,10,AsLS + SNV,Combined,13,7,1,43,G11,G5,False,0.043119196230066104
PLS-DA,10,AsLS + SNV,Combined,14,7,2,1,G1,G9,False,0.13896587854478026
PLS-DA,10,AsLS + SNV,Combined,14,7,2,4,G2,G3,False,0.015954409524263413
PLS-DA,10,AsLS + SNV,Combined,14,7,2,7,G2,G2,True,0.6471024871425733
PLS-DA,10,AsLS + SNV,Combined,14,7,2,11,G3,G6,False,0.20423451372273138
PLS-DA,10,AsLS + SNV,Combined,14,7,2,12,G3,G6,False,0.21993567501087763
PLS-DA,10,AsLS + SNV,Combined,14,7,2,13,G4,G3,False,0.05454532531813627
PLS-DA,10,AsLS + SNV,Combined,14,7,2,17,G4,G6,False,0.5625846768711458
PLS-DA,10,AsLS + SNV,Combined,14,7,2,18,G4,G6,False,0.07102238157639923
PLS-DA,10,AsLS + SNV,Combined,14,7,2,19,G4,G6,False,0.27490324263762433
PLS-DA,10,AsLS + SNV,Combined,14,7,2,21,G5,G2,False,0.220771440781095
PLS-DA,10,AsLS + SNV,Combined,14,7,2,23,G5,G11,False,0.16926377892544997
PLS-DA,10,AsLS + SNV,Combined,14,7,2,27,G6,G6,True,0.47290626143458114
PLS-DA,10,AsLS + SNV,Combined,14,7,2,28,G6,G6,True,0.06859029694294583
PLS-DA,10,AsLS + SNV,Combined,14,7,2,30,G6,G6,True,0.023926129471387503
PLS-DA,10,AsLS + SNV,Combined,14,7,2,32,G6,G2,False,0.11355634200727382
PLS-DA,10,AsLS + SNV,Combined,14,7,2,34,G7,G7,True,0.32352462639848945
PLS-DA,10,AsLS + SNV,Combined,14,7,2,38,G8,G6,False,0.3957318194879475
PLS-DA,10,AsLS + SNV,Combined,14,7,2,40,G9,G9,True,0.36641187281855725
PLS-DA,10,AsLS + SNV,Combined,14,7,2,42,G10,G2,False,0.44941027885891816
PLS-DA,10,AsLS + SNV,Combined,14,7,2,44,G11,G11,True,0.36920996880263923
PLS-DA,10,AsLS + SNV,Combined,15,8,1,3,G1,G4,False,0.9251732259992194
PLS-DA,10,AsLS + SNV,Combined,15,8,1,5,G2,G10,False,0.03580389261610073
PLS-DA,10,AsLS + SNV,Combined,15,8,1,6,G2,G2,True,0.10096777966025794
PLS-DA,10,AsLS + SNV,Combined,15,8,1,8,G2,G6,False,0.15634991848123808
PLS-DA,10,AsLS + SNV,Combined,15,8,1,9,G3,G3,True,0.2115332265116301
PLS-DA,10,AsLS + SNV,Combined,15,8,1,11,G3,G4,False,0.26372876982458315
PLS-DA,10,AsLS + SNV,Combined,15,8,1,16,G4,G4,True,0.9753119879902344
PLS-DA,10,AsLS + SNV,Combined,15,8,1,18,G4,G8,False,0.8539340257288275
PLS-DA,10,AsLS + SNV,Combined,15,8,1,19,G4,G4,True,0.32238513515593115
PLS-DA,10,AsLS + SNV,Combined,15,8,1,20,G5,G3,False,0.6205613678146213
PLS-DA,10,AsLS + SNV,Combined,15,8,1,23,G5,G11,False,0.06641025153784347
PLS-DA,10,AsLS + SNV,Combined,15,8,1,24,G6,G6,True,0.028937515494897814
PLS-DA,10,AsLS + SNV,Combined,15,8,1,30,G6,G6,True,0.10453385971673651
PLS-DA,10,AsLS + SNV,Combined,15,8,1,31,G6,G4,False,0.18578490347351284
PLS-DA,10,AsLS + SNV,Combined,15,8,1,33,G6,G3,False,0.020348783620318334
PLS-DA,10,AsLS + SNV,Combined,15,8,1,36,G7,G9,False,0.2269422105921134
PLS-DA,10,AsLS + SNV,Combined,15,8,1,37,G8,G9,False,0.25613810936889775
PLS-DA,10,AsLS + SNV,Combined,15,8,1,39,G9,G9,True,0.6760135693169249
PLS-DA,10,AsLS + SNV,Combined,15,8,1,42,G10,G2,False,0.11275016961681406
PLS-DA,10,AsLS + SNV,Combined,15,8,1,44,G11,G11,True,0.06021743128537366
PLS-DA,10,AsLS + SNV,Combined,16,8,2,1,G1,G9,False,0.09316969975249295
PLS-DA,10,AsLS + SNV,Combined,16,8,2,4,G2,G7,False,0.027148899953070793
PLS-DA,10,AsLS + SNV,Combined,16,8,2,7,G2,G2,True,0.5846765834545404
PLS-DA,10,AsLS + SNV,Combined,16,8,2,10,G3,G3,True,0.1271056251516527
PLS-DA,10,AsLS + SNV,Combined,16,8,2,12,G3,G6,False,0.41732198972825646
PLS-DA,10,AsLS + SNV,Combined,16,8,2,13,G4,G8,False,0.5258437636638058
PLS-DA,10,AsLS + SNV,Combined,16,8,2,14,G4,G4,True,0.0003691165302627253
PLS-DA,10,AsLS + SNV,Combined,16,8,2,15,G4,G4,True,0.1276874640044658
PLS-DA,10,AsLS + SNV,Combined,16,8,2,17,G4,G6,False,0.3134932867999275
PLS-DA,10,AsLS + SNV,Combined,16,8,2,21,G5,G2,False,0.8777043613671809
PLS-DA,10,AsLS + SNV,Combined,16,8,2,22,G5,G6,False,0.18689551343511357
PLS-DA,10,AsLS + SNV,Combined,16,8,2,26,G6,G8,False,0.0024134569016962537
PLS-DA,10,AsLS + SNV,Combined,16,8,2,27,G6,G4,False,0.2688698959723411
PLS-DA,10,AsLS + SNV,Combined,16,8,2,28,G6,G3,False,0.030004724802301375
PLS-DA,10,AsLS + SNV,Combined,16,8,2,32,G6,G6,True,0.360780186733308
PLS-DA,10,AsLS + SNV,Combined,16,8,2,34,G7,G7,True,0.37170511906234116
PLS-DA,10,AsLS + SNV,Combined,16,8,2,38,G8,G4,False,0.30547315784776063
PLS-DA,10,AsLS + SNV,Combined,16,8,2,40,G9,G9,True,0.4361634770172299
PLS-DA,10,AsLS + SNV,Combined,16,8,2,41,G10,G2,False,0.4746270332911533
PLS-DA,10,AsLS + SNV,Combined,16,8,2,43,G11,G11,True,0.00425159126385144
PLS-DA,10,AsLS + SNV,Combined,17,9,1,1,G1,G7,False,0.3340334137017386
PLS-DA,10,AsLS + SNV,Combined,17,9,1,5,G2,G11,False,0.1464878670040854
PLS-DA,10,AsLS + SNV,Combined,17,9,1,6,G2,G11,False,0.020199380260094102
PLS-DA,10,AsLS + SNV,Combined,17,9,1,7,G2,G10,False,0.008677783981683784
PLS-DA,10,AsLS + SNV,Combined,17,9,1,9,G3,G5,False,0.04953809579262758
PLS-DA,10,AsLS + SNV,Combined,17,9,1,10,G3,G5,False,0.16232391275034108
PLS-DA,10,AsLS + SNV,Combined,17,9,1,13,G4,G2,False,0.056490906279937914
PLS-DA,10,AsLS + SNV,Combined,17,9,1,15,G4,G4,True,0.19895210692236043
PLS-DA,10,AsLS + SNV,Combined,17,9,1,18,G4,G8,False,0.8060686923162965
PLS-DA,10,AsLS + SNV,Combined,17,9,1,21,G5,G10,False,0.11469148204783441
PLS-DA,10,AsLS + SNV,Combined,17,9,1,23,G5,G11,False,0.14365551142081906
PLS-DA,10,AsLS + SNV,Combined,17,9,1,27,G6,G2,False,0.7820056151025206
PLS-DA,10,AsLS + SNV,Combined,17,9,1,31,G6,G4,False,0.316728556058375
PLS-DA,10,AsLS + SNV,Combined,17,9,1,32,G6,G2,False,0.17399940279986642
PLS-DA,10,AsLS + SNV,Combined,17,9,1,33,G6,G6,True,0.05198933750971979
PLS-DA,10,AsLS + SNV,Combined,17,9,1,36,G7,G7,True,0.48494078604636187
PLS-DA,10,AsLS + SNV,Combined,17,9,1,37,G8,G9,False,0.07201638878290845
PLS-DA,10,AsLS + SNV,Combined,17,9,1,39,G9,G9,True,0.6285045484124805
PLS-DA,10,AsLS + SNV,Combined,17,9,1,41,G10,G11,False,0.11895605756420047
PLS-DA,10,AsLS + SNV,Combined,17,9,1,43,G11,G11,True,0.2850511853990412
PLS-DA,10,AsLS + SNV,Combined,18,9,2,3,G1,G4,False,0.3632880546032839
PLS-DA,10,AsLS + SNV,Combined,18,9,2,4,G2,G1,False,0.15984892667894124
PLS-DA,10,AsLS + SNV,Combined,18,9,2,8,G2,G6,False,0.45478915297855627
PLS-DA,10,AsLS + SNV,Combined,18,9,2,11,G3,G6,False,0.19785345445756236
PLS-DA,10,AsLS + SNV,Combined,18,9,2,12,G3,G6,False,0.5130017771233604
PLS-DA,10,AsLS + SNV,Combined,18,9,2,14,G4,G6,False,0.15246197741353562
PLS-DA,10,AsLS + SNV,Combined,18,9,2,16,G4,G4,True,0.41107327096132956
PLS-DA,10,AsLS + SNV,Combined,18,9,2,17,G4,G6,False,0.3644345920094352
PLS-DA,10,AsLS + SNV,Combined,18,9,2,19,G4,G6,False,0.22936657155023832
PLS-DA,10,AsLS + SNV,Combined,18,9,2,20,G5,G3,False,0.6997515004207824
PLS-DA,10,AsLS + SNV,Combined,18,9,2,22,G5,G6,False,0.4315527303787577
PLS-DA,10,AsLS + SNV,Combined,18,9,2,24,G6,G6,True,0.24377349706807577
PLS-DA,10,AsLS + SNV,Combined,18,9,2,26,G6,G6,True,0.0650757945651313
PLS-DA,10,AsLS + SNV,Combined,18,9,2,28,G6,G3,False,0.04330589190490708
PLS-DA,10,AsLS + SNV,Combined,18,9,2,30,G6,G6,True,0.7523234567465372
PLS-DA,10,AsLS + SNV,Combined,18,9,2,34,G7,G7,True,0.006729931962454028
PLS-DA,10,AsLS + SNV,Combined,18,9,2,38,G8,G4,False,0.17824795457504983
PLS-DA,10,AsLS + SNV,Combined,18,9,2,40,G9,G9,True,0.49040049194310176
PLS-DA,10,AsLS + SNV,Combined,18,9,2,42,G10,G2,False,0.278003219571939
PLS-DA,10,AsLS + SNV,Combined,18,9,2,44,G11,G5,False,0.00409730907468947
PLS-DA,10,AsLS + SNV,Combined,19,10,1,3,G1,G4,False,0.9372680030305435
PLS-DA,10,AsLS + SNV,Combined,19,10,1,4,G2,G1,False,0.19894589175918131
PLS-DA,10,AsLS + SNV,Combined,19,10,1,5,G2,G4,False,0.2295069051132187
PLS-DA,10,AsLS + SNV,Combined,19,10,1,6,G2,G2,True,0.1722975610041238
PLS-DA,10,AsLS + SNV,Combined,19,10,1,9,G3,G3,True,0.30802107285567837
PLS-DA,10,AsLS + SNV,Combined,19,10,1,11,G3,G4,False,0.17786138825632514
PLS-DA,10,AsLS + SNV,Combined,19,10,1,13,G4,G3,False,0.17444051742332967
PLS-DA,10,AsLS + SNV,Combined,19,10,1,14,G4,G4,True,0.5684683043460569
PLS-DA,10,AsLS + SNV,Combined,19,10,1,17,G4,G4,True,0.3659985327627805
PLS-DA,10,AsLS + SNV,Combined,19,10,1,20,G5,G3,False,0.8341099619286017
PLS-DA,10,AsLS + SNV,Combined,19,10,1,21,G5,G1,False,0.32583970709820653
PLS-DA,10,AsLS + SNV,Combined,19,10,1,27,G6,G1,False,0.2055632935778271
PLS-DA,10,AsLS + SNV,Combined,19,10,1,28,G6,G6,True,0.23879561442848046
PLS-DA,10,AsLS + SNV,Combined,19,10,1,31,G6,G4,False,0.161464488638154
PLS-DA,10,AsLS + SNV,Combined,19,10,1,32,G6,G6,True,0.014419380085793854
PLS-DA,10,AsLS + SNV,Combined,19,10,1,34,G7,G1,False,0.034330577297313425
PLS-DA,10,AsLS + SNV,Combined,19,10,1,38,G8,G4,False,0.49735973625464264
PLS-DA,10,AsLS + SNV,Combined,19,10,1,40,G9,G9,True,0.4377231435339421
PLS-DA,10,AsLS + SNV,Combined,19,10,1,41,G10,G4,False,0.19931112549900548
PLS-DA,10,AsLS + SNV,Combined,19,10,1,43,G11,G5,False,0.10300910894357806
PLS-DA,10,AsLS + SNV,Combined,20,10,2,1,G1,G7,False,0.18099178296070678
PLS-DA,10,AsLS + SNV,Combined,20,10,2,7,G2,G2,True,0.30693944219411073
PLS-DA,10,AsLS + SNV,Combined,20,10,2,8,G2,G6,False,0.39625118429104667
PLS-DA,10,AsLS + SNV,Combined,20,10,2,10,G3,G3,True,0.04312293252420296
PLS-DA,10,AsLS + SNV,Combined,20,10,2,12,G3,G6,False,0.06362902472851523
PLS-DA,10,AsLS + SNV,Combined,20,10,2,15,G4,G4,True,0.034038650060828735
PLS-DA,10,AsLS + SNV,Combined,20,10,2,16,G4,G4,True,0.04244658578089211
PLS-DA,10,AsLS + SNV,Combined,20,10,2,18,G4,G8,False,0.8597814500246094
PLS-DA,10,AsLS + SNV,Combined,20,10,2,19,G4,G4,True,0.1006155409587561
PLS-DA,10,AsLS + SNV,Combined,20,10,2,22,G5,G6,False,0.17296325893053427
PLS-DA,10,AsLS + SNV,Combined,20,10,2,23,G5,G6,False,0.00966399894984088
PLS-DA,10,AsLS + SNV,Combined,20,10,2,24,G6,G6,True,0.288536645803056
PLS-DA,10,AsLS + SNV,Combined,20,10,2,26,G6,G6,True,0.07995767464114856
PLS-DA,10,AsLS + SNV,Combined,20,10,2,30,G6,G6,True,0.3976623151366791
PLS-DA,10,AsLS + SNV,Combined,20,10,2,33,G6,G6,True,0.3419793164685045
PLS-DA,10,AsLS + SNV,Combined,20,10,2,36,G7,G7,True,0.32345891498336177
PLS-DA,10,AsLS + SNV,Combined,20,10,2,37,G8,G9,False,0.2282347842671819
PLS-DA,10,AsLS + SNV,Combined,20,10,2,39,G9,G9,True,0.7984788433200183
PLS-DA,10,AsLS + SNV,Combined,20,10,2,42,G10,G2,False,0.256692262100167
PLS-DA,10,AsLS + SNV,Combined,20,10,2,44,G11,G11,True,0.1599414588639967
PLS-DA,10,AsLS + SNV,Combined,21,11,1,3,G1,G4,False,0.8058409843349595
PLS-DA,10,AsLS + SNV,Combined,21,11,1,5,G2,G11,False,0.1042014328940043
PLS-DA,10,AsLS + SNV,Combined,21,11,1,6,G2,G2,True,0.1415362070565492
PLS-DA,10,AsLS + SNV,Combined,21,11,1,8,G2,G6,False,0.4299312296145524
PLS-DA,10,AsLS + SNV,Combined,21,11,1,9,G3,G3,True,0.2564030279982794
PLS-DA,10,AsLS + SNV,Combined,21,11,1,11,G3,G4,False,0.29985580564404485
PLS-DA,10,AsLS + SNV,Combined,21,11,1,13,G4,G1,False,0.02369518759648198
PLS-DA,10,AsLS + SNV,Combined,21,11,1,14,G4,G4,True,0.20960770866510975
PLS-DA,10,AsLS + SNV,Combined,21,11,1,17,G4,G4,True,0.23874063491861142
PLS-DA,10,AsLS + SNV,Combined,21,11,1,20,G5,G3,False,0.6373548211502404
PLS-DA,10,AsLS + SNV,Combined,21,11,1,21,G5,G1,False,0.277097894561983
PLS-DA,10,AsLS + SNV,Combined,21,11,1,26,G6,G6,True,0.10960262462820747
PLS-DA,10,AsLS + SNV,Combined,21,11,1,27,G6,G6,True,0.013439182809481198
PLS-DA,10,AsLS + SNV,Combined,21,11,1,30,G6,G6,True,0.2796690278927014
PLS-DA,10,AsLS + SNV,Combined,21,11,1,33,G6,G6,True,0.05088420337074373
PLS-DA,10,AsLS + SNV,Combined,21,11,1,34,G7,G2,False,0.03638748632301053
PLS-DA,10,AsLS + SNV,Combined,21,11,1,38,G8,G4,False,0.37606524859336843
PLS-DA,10,AsLS + SNV,Combined,21,11,1,40,G9,G9,True,0.4840436657172952
PLS-DA,10,AsLS + SNV,Combined,21,11,1,41,G10,G11,False,0.0055749473831174234
PLS-DA,10,AsLS + SNV,Combined,21,11,1,44,G11,G11,True,0.15958433816008205
PLS-DA,10,AsLS + SNV,Combined,22,11,2,1,G1,G7,False,0.2806864572510196
PLS-DA,10,AsLS + SNV,Combined,22,11,2,4,G2,G7,False,0.14064228246580657
PLS-DA,10,AsLS + SNV,Combined,22,11,2,7,G2,G2,True,0.4358731579265254
PLS-DA,10,AsLS + SNV,Combined,22,11,2,10,G3,G4,False,0.05716103505310688
PLS-DA,10,AsLS + SNV,Combined,22,11,2,12,G3,G6,False,0.19435612789363355
PLS-DA,10,AsLS + SNV,Combined,22,11,2,15,G4,G1,False,0.03178001298305949
PLS-DA,10,AsLS + SNV,Combined,22,11,2,16,G4,G1,False,0.050187924797944095
PLS-DA,10,AsLS + SNV,Combined,22,11,2,18,G4,G8,False,0.908740530471965
PLS-DA,10,AsLS + SNV,Combined,22,11,2,19,G4,G3,False,0.07500987548779525
PLS-DA,10,AsLS + SNV,Combined,22,11,2,22,G5,G3,False,0.05279939469454392
PLS-DA,10,AsLS + SNV,Combined,22,11,2,23,G5,G2,False,0.0765457532610404
PLS-DA,10,AsLS + SNV,Combined,22,11,2,24,G6,G4,False,0.10873199146739587
PLS-DA,10,AsLS + SNV,Combined,22,11,2,28,G6,G3,False,0.12427091691510445
PLS-DA,10,AsLS + SNV,Combined,22,11,2,31,G6,G4,False,0.0015899549765744925
PLS-DA,10,AsLS + SNV,Combined,22,11,2,32,G6,G6,True,0.1106909478976491
PLS-DA,10,AsLS + SNV,Combined,22,11,2,36,G7,G7,True,0.3928606913668487
PLS-DA,10,AsLS + SNV,Combined,22,11,2,37,G8,G9,False,0.1181958117058921
PLS-DA,10,AsLS + SNV,Combined,22,11,2,39,G9,G9,True,0.8146577663064757
PLS-DA,10,AsLS + SNV,Combined,22,11,2,42,G10,G2,False,0.3343409796471808
PLS-DA,10,AsLS + SNV,Combined,22,11,2,43,G11,G11,True,0.017281153465342425
PLS-DA,10,AsLS + SNV,Combined,23,12,1,3,G1,G4,False,0.9374317026427585
PLS-DA,10,AsLS + SNV,Combined,23,12,1,4,G2,G1,False,0.04963584368427881
PLS-DA,10,AsLS + SNV,Combined,23,12,1,7,G2,G2,True,0.20324571401425034
PLS-DA,10,AsLS + SNV,Combined,23,12,1,8,G2,G6,False,0.6401882994660112
PLS-DA,10,AsLS + SNV,Combined,23,12,1,10,G3,G3,True,0.4175357168949154
PLS-DA,10,AsLS + SNV,Combined,23,12,1,12,G3,G6,False,0.37533889048207086
PLS-DA,10,AsLS + SNV,Combined,23,12,1,13,G4,G1,False,0.3188283848705727
PLS-DA,10,AsLS + SNV,Combined,23,12,1,17,G4,G4,True,0.34729855530534925
PLS-DA,10,AsLS + SNV,Combined,23,12,1,18,G4,G8,False,0.8878369788517754
PLS-DA,10,AsLS + SNV,Combined,23,12,1,22,G5,G4,False,0.17151911011548554
PLS-DA,10,AsLS + SNV,Combined,23,12,1,23,G5,G2,False,0.07298286199388682
PLS-DA,10,AsLS + SNV,Combined,23,12,1,24,G6,G6,True,0.10617841578953419
PLS-DA,10,AsLS + SNV,Combined,23,12,1,26,G6,G6,True,0.21325674026749858
PLS-DA,10,AsLS + SNV,Combined,23,12,1,30,G6,G6,True,0.7188243099672755
PLS-DA,10,AsLS + SNV,Combined,23,12,1,31,G6,G4,False,0.31304025779791755
PLS-DA,10,AsLS + SNV,Combined,23,12,1,34,G7,G7,True,0.14074680532008532
PLS-DA,10,AsLS + SNV,Combined,23,12,1,37,G8,G7,False,0.41217005988306726
PLS-DA,10,AsLS + SNV,Combined,23,12,1,40,G9,G9,True,0.46336846117798614
PLS-DA,10,AsLS + SNV,Combined,23,12,1,41,G10,G2,False,0.476195958116039
PLS-DA,10,AsLS + SNV,Combined,23,12,1,43,G11,G2,False,0.3354428866413009
PLS-DA,10,AsLS + SNV,Combined,24,12,2,1,G1,G7,False,0.055351296282442675
PLS-DA,10,AsLS + SNV,Combined,24,12,2,5,G2,G10,False,0.014971427038851848
PLS-DA,10,AsLS + SNV,Combined,24,12,2,6,G2,G2,True,0.22597628120185065
PLS-DA,10,AsLS + SNV,Combined,24,12,2,9,G3,G3,True,0.1841359454853555
PLS-DA,10,AsLS + SNV,Combined,24,12,2,11,G3,G5,False,0.007290647048573962
PLS-DA,10,AsLS + SNV,Combined,24,12,2,14,G4,G1,False,0.20309902569603067
PLS-DA,10,AsLS + SNV,Combined,24,12,2,15,G4,G1,False,0.4355479654493681
PLS-DA,10,AsLS + SNV,Combined,24,12,2,16,G4,G1,False,0.4514511673925243
PLS-DA,10,AsLS + SNV,Combined,24,12,2,19,G4,G4,True,0.0933787528907466
PLS-DA,10,AsLS + SNV,Combined,24,12,2,20,G5,G3,False,0.6664799651255633
PLS-DA,10,AsLS + SNV,Combined,24,12,2,21,G5,G1,False,0.09061964376940956
PLS-DA,10,AsLS + SNV,Combined,24,12,2,27,G6,G4,False,0.18072817323727164
PLS-DA,10,AsLS + SNV,Combined,24,12,2,28,G6,G6,True,0.15762165588992727
PLS-DA,10,AsLS + SNV,Combined,24,12,2,32,G6,G2,False,0.15063566929645017
PLS-DA,10,AsLS + SNV,Combined,24,12,2,33,G6,G6,True,0.10339651650742679
PLS-DA,10,AsLS + SNV,Combined,24,12,2,36,G7,G8,False,0.06320346529613508
PLS-DA,10,AsLS + SNV,Combined,24,12,2,38,G8,G4,False,0.5174187696471655
PLS-DA,10,AsLS + SNV,Combined,24,12,2,39,G9,G9,True,0.8188708043188457
PLS-DA,10,AsLS + SNV,Combined,24,12,2,42,G10,G2,False,0.16910066985310662
PLS-DA,10,AsLS + SNV,Combined,24,12,2,44,G11,G11,True,0.054674781799968375
PLS-DA,10,AsLS + SNV,Combined,25,13,1,1,G1,G7,False,0.14489436475872203
PLS-DA,10,AsLS + SNV,Combined,25,13,1,4,G2,G7,False,0.24343478270092922
PLS-DA,10,AsLS + SNV,Combined,25,13,1,6,G2,G2,True,0.12937693290700847
PLS-DA,10,AsLS + SNV,Combined,25,13,1,8,G2,G6,False,0.9022488246360658
PLS-DA,10,AsLS + SNV,Combined,25,13,1,9,G3,G3,True,0.3919432281554045
PLS-DA,10,AsLS + SNV,Combined,25,13,1,11,G3,G4,False,0.08758068781478612
PLS-DA,10,AsLS + SNV,Combined,25,13,1,14,G4,G6,False,0.10316467919083816
PLS-DA,10,AsLS + SNV,Combined,25,13,1,15,G4,G4,True,0.2079687795710355
PLS-DA,10,AsLS + SNV,Combined,25,13,1,17,G4,G4,True,0.20542066503460646
PLS-DA,10,AsLS + SNV,Combined,25,13,1,20,G5,G3,False,0.6381259763948899
PLS-DA,10,AsLS + SNV,Combined,25,13,1,22,G5,G6,False,0.3736384678948406
PLS-DA,10,AsLS + SNV,Combined,25,13,1,24,G6,G6,True,0.5792388435063645
PLS-DA,10,AsLS + SNV,Combined,25,13,1,26,G6,G6,True,0.35108964175363433
PLS-DA,10,AsLS + SNV,Combined,25,13,1,27,G6,G6,True,0.4324544829876964
PLS-DA,10,AsLS + SNV,Combined,25,13,1,33,G6,G6,True,0.44337447097294047
PLS-DA,10,AsLS + SNV,Combined,25,13,1,36,G7,G8,False,0.2469486275756947
PLS-DA,10,AsLS + SNV,Combined,25,13,1,38,G8,G4,False,0.4784575000397593
PLS-DA,10,AsLS + SNV,Combined,25,13,1,39,G9,G9,True,0.8583825825972651
PLS-DA,10,AsLS + SNV,Combined,25,13,1,42,G10,G2,False,0.020273946366726026
PLS-DA,10,AsLS + SNV,Combined,25,13,1,43,G11,G5,False,0.023708946852772028
PLS-DA,10,AsLS + SNV,Combined,26,13,2,3,G1,G4,False,0.8376229706159379
PLS-DA,10,AsLS + SNV,Combined,26,13,2,5,G2,G11,False,0.10327091224376178
PLS-DA,10,AsLS + SNV,Combined,26,13,2,7,G2,G2,True,0.2937917383004573
PLS-DA,10,AsLS + SNV,Combined,26,13,2,10,G3,G3,True,0.23227508791079565
PLS-DA,10,AsLS + SNV,Combined,26,13,2,12,G3,G2,False,0.1594221458666436
PLS-DA,10,AsLS + SNV,Combined,26,13,2,13,G4,G6,False,0.0643939691601444
PLS-DA,10,AsLS + SNV,Combined,26,13,2,16,G4,G4,True,0.7922167789366314
PLS-DA,10,AsLS + SNV,Combined,26,13,2,18,G4,G8,False,0.9725105321659011
PLS-DA,10,AsLS + SNV,Combined,26,13,2,19,G4,G4,True,0.16878423980153345
PLS-DA,10,AsLS + SNV,Combined,26,13,2,21,G5,G1,False,0.30381037954558127
PLS-DA,10,AsLS + SNV,Combined,26,13,2,23,G5,G11,False,0.188169773014849
PLS-DA,10,AsLS + SNV,Combined,26,13,2,28,G6,G6,True,0.28412414022903987
PLS-DA,10,AsLS + SNV,Combined,26,13,2,30,G6,G2,False,0.20417449029551926
PLS-DA,10,AsLS + SNV,Combined,26,13,2,31,G6,G4,False,0.28119527636132424
PLS-DA,10,AsLS + SNV,Combined,26,13,2,32,G6,G2,False,0.47079603115414004
PLS-DA,10,AsLS + SNV,Combined,26,13,2,34,G7,G7,True,0.015529555482066415
PLS-DA,10,AsLS + SNV,Combined,26,13,2,37,G8,G7,False,0.3039241203324911
PLS-DA,10,AsLS + SNV,Combined,26,13,2,40,G9,G9,True,0.4361969166331457
PLS-DA,10,AsLS + SNV,Combined,26,13,2,41,G10,G11,False,0.14973382870350344
PLS-DA,10,AsLS + SNV,Combined,26,13,2,44,G11,G11,True,0.25180933847890014
PLS-DA,10,AsLS + SNV,Combined,27,14,1,3,G1,G4,False,0.9350299552065684
PLS-DA,10,AsLS + SNV,Combined,27,14,1,4,G2,G1,False,0.08385619290856489
PLS-DA,10,AsLS + SNV,Combined,27,14,1,5,G2,G10,False,0.22241126494535707
PLS-DA,10,AsLS + SNV,Combined,27,14,1,6,G2,G2,True,0.10715227878896016
PLS-DA,10,AsLS + SNV,Combined,27,14,1,10,G3,G3,True,0.2974431527148128
PLS-DA,10,AsLS + SNV,Combined,27,14,1,12,G3,G6,False,0.6972385594190291
PLS-DA,10,AsLS + SNV,Combined,27,14,1,13,G4,G8,False,0.11928109991683977
PLS-DA,10,AsLS + SNV,Combined,27,14,1,16,G4,G4,True,0.9434012189838884
PLS-DA,10,AsLS + SNV,Combined,27,14,1,18,G4,G6,False,0.01535907997285424
PLS-DA,10,AsLS + SNV,Combined,27,14,1,20,G5,G3,False,0.5426446983286684
PLS-DA,10,AsLS + SNV,Combined,27,14,1,23,G5,G6,False,0.11980454246090427
PLS-DA,10,AsLS + SNV,Combined,27,14,1,24,G6,G6,True,0.5603680619769142
PLS-DA,10,AsLS + SNV,Combined,27,14,1,26,G6,G6,True,0.7727076494974452
PLS-DA,10,AsLS + SNV,Combined,27,14,1,27,G6,G6,True,0.31655440901295195
PLS-DA,10,AsLS + SNV,Combined,27,14,1,31,G6,G4,False,0.2842660561959355
PLS-DA,10,AsLS + SNV,Combined,27,14,1,34,G7,G7,True,0.20228054020831399
PLS-DA,10,AsLS + SNV,Combined,27,14,1,38,G8,G6,False,0.25432105922125614
PLS-DA,10,AsLS + SNV,Combined,27,14,1,39,G9,G9,True,0.6664149982375045
PLS-DA,10,AsLS + SNV,Combined,27,14,1,42,G10,G10,True,0.026515834613382527
PLS-DA,10,AsLS + SNV,Combined,27,14,1,43,G11,G10,False,0.0045146816690380676
PLS-DA,10,AsLS + SNV,Combined,28,14,2,1,G1,G7,False,0.09482930841758858
PLS-DA,10,AsLS + SNV,Combined,28,14,2,7,G2,G2,True,0.18484910043117597
PLS-DA,10,AsLS + SNV,Combined,28,14,2,8,G2,G3,False,0.01713026397096762
PLS-DA,10,AsLS + SNV,Combined,28,14,2,9,G3,G3,True,0.3217657058797454
PLS-DA,10,AsLS + SNV,Combined,28,14,2,11,G3,G6,False,0.09254862850182255
PLS-DA,10,AsLS + SNV,Combined,28,14,2,14,G4,G1,False,0.09410902842968194
PLS-DA,10,AsLS + SNV,Combined,28,14,2,15,G4,G4,True,0.058778752415904634
PLS-DA,10,AsLS + SNV,Combined,28,14,2,17,G4,G6,False,0.09824210425991081
PLS-DA,10,AsLS + SNV,Combined,28,14,2,19,G4,G6,False,0.1112277887241806
PLS-DA,10,AsLS + SNV,Combined,28,14,2,21,G5,G2,False,1.9866205604691098
PLS-DA,10,AsLS + SNV,Combined,28,14,2,22,G5,G6,False,0.09175330799526293
PLS-DA,10,AsLS + SNV,Combined,28,14,2,28,G6,G6,True,0.5798891334845359
PLS-DA,10,AsLS + SNV,Combined,28,14,2,30,G6,G3,False,0.2557525506879173
PLS-DA,10,AsLS + SNV,Combined,28,14,2,32,G6,G3,False,0.08780459579172661
PLS-DA,10,AsLS + SNV,Combined,28,14,2,33,G6,G3,False,0.2396701893736025
PLS-DA,10,AsLS + SNV,Combined,28,14,2,36,G7,G7,True,0.4373424710113285
PLS-DA,10,AsLS + SNV,Combined,28,14,2,37,G8,G7,False,0.03329726455587567
PLS-DA,10,AsLS + SNV,Combined,28,14,2,40,G9,G9,True,0.4411721019203018
PLS-DA,10,AsLS + SNV,Combined,28,14,2,41,G10,G2,False,0.5031938733209689
PLS-DA,10,AsLS + SNV,Combined,28,14,2,44,G11,G5,False,0.025262015841872765
PLS-DA,10,AsLS + SNV,Combined,29,15,1,3,G1,G4,False,0.96216723891464
PLS-DA,10,AsLS + SNV,Combined,29,15,1,4,G2,G1,False,0.08747791002460797
PLS-DA,10,AsLS + SNV,Combined,29,15,1,5,G2,G10,False,0.23843326498947437
PLS-DA,10,AsLS + SNV,Combined,29,15,1,6,G2,G2,True,0.11868351693483384
PLS-DA,10,AsLS + SNV,Combined,29,15,1,9,G3,G6,False,0.11960471243079851
PLS-DA,10,AsLS + SNV,Combined,29,15,1,10,G3,G5,False,0.20541425210987563
PLS-DA,10,AsLS + SNV,Combined,29,15,1,13,G4,G1,False,0.1204944381505485
PLS-DA,10,AsLS + SNV,Combined,29,15,1,15,G4,G4,True,0.801010353869617
PLS-DA,10,AsLS + SNV,Combined,29,15,1,19,G4,G4,True,0.11769685295097898
PLS-DA,10,AsLS + SNV,Combined,29,15,1,22,G5,G4,False,0.19350251278186936
PLS-DA,10,AsLS + SNV,Combined,29,15,1,23,G5,G3,False,0.01930632770188917
PLS-DA,10,AsLS + SNV,Combined,29,15,1,24,G6,G6,True,0.3289325127155732
PLS-DA,10,AsLS + SNV,Combined,29,15,1,31,G6,G4,False,0.33965564967327755
PLS-DA,10,AsLS + SNV,Combined,29,15,1,32,G6,G2,False,0.22600737696557277
PLS-DA,10,AsLS + SNV,Combined,29,15,1,33,G6,G3,False,0.07783178134191321
PLS-DA,10,AsLS + SNV,Combined,29,15,1,34,G7,G1,False,0.011415619579093761
PLS-DA,10,AsLS + SNV,Combined,29,15,1,38,G8,G4,False,0.6299790804031795
PLS-DA,10,AsLS + SNV,Combined,29,15,1,40,G9,G9,True,0.4832831306072065
PLS-DA,10,AsLS + SNV,Combined,29,15,1,42,G10,G2,False,0.04294598592843957
PLS-DA,10,AsLS + SNV,Combined,29,15,1,43,G11,G10,False,0.0506790275773113
PLS-DA,10,AsLS + SNV,Combined,30,15,2,1,G1,G7,False,0.16641386699937982
PLS-DA,10,AsLS + SNV,Combined,30,15,2,7,G2,G2,True,0.2350080769296358
PLS-DA,10,AsLS + SNV,Combined,30,15,2,8,G2,G6,False,0.6290310880187011
PLS-DA,10,AsLS + SNV,Combined,30,15,2,11,G3,G4,False,0.04561089326302703
PLS-DA,10,AsLS + SNV,Combined,30,15,2,12,G3,G6,False,0.22382905006359055
PLS-DA,10,AsLS + SNV,Combined,30,15,2,14,G4,G6,False,0.04354719466000084
PLS-DA,10,AsLS + SNV,Combined,30,15,2,16,G4,G4,True,0.05698049795268112
PLS-DA,10,AsLS + SNV,Combined,30,15,2,17,G4,G4,True,0.15164262066249123
PLS-DA,10,AsLS + SNV,Combined,30,15,2,18,G4,G8,False,0.8780420243832556
PLS-DA,10,AsLS + SNV,Combined,30,15,2,20,G5,G3,False,0.653804249879053
PLS-DA,10,AsLS + SNV,Combined,30,15,2,21,G5,G2,False,1.5151609774386308
PLS-DA,10,AsLS + SNV,Combined,30,15,2,26,G6,G2,False,0.06869473205859533
PLS-DA,10,AsLS + SNV,Combined,30,15,2,27,G6,G4,False,0.09680725868048135
PLS-DA,10,AsLS + SNV,Combined,30,15,2,28,G6,G3,False,0.23976343215655377
PLS-DA,10,AsLS + SNV,Combined,30,15,2,30,G6,G6,True,0.6174628892000622
PLS-DA,10,AsLS + SNV,Combined,30,15,2,36,G7,G7,True,0.3308502480699047
PLS-DA,10,AsLS + SNV,Combined,30,15,2,37,G8,G9,False,0.16570131431938928
PLS-DA,10,AsLS + SNV,Combined,30,15,2,39,G9,G9,True,0.8414484141157271
PLS-DA,10,AsLS + SNV,Combined,30,15,2,41,G10,G2,False,0.359168794689979
PLS-DA,10,AsLS + SNV,Combined,30,15,2,44,G11,G11,True,0.10028759037633322
PLS-DA,10,AsLS + SNV,Combined,31,16,1,3,G1,G4,False,0.886270885676542
PLS-DA,10,AsLS + SNV,Combined,31,16,1,4,G2,G4,False,0.14868525335204624
PLS-DA,10,AsLS + SNV,Combined,31,16,1,6,G2,G2,True,0.07492338662025197
PLS-DA,10,AsLS + SNV,Combined,31,16,1,7,G2,G2,True,0.24490624470069694
PLS-DA,10,AsLS + SNV,Combined,31,16,1,9,G3,G6,False,0.6384440499235007
PLS-DA,10,AsLS + SNV,Combined,31,16,1,10,G3,G4,False,0.20836277375717782
PLS-DA,10,AsLS + SNV,Combined,31,16,1,17,G4,G3,False,0.19165476444038143
PLS-DA,10,AsLS + SNV,Combined,31,16,1,18,G4,G8,False,0.8470863681376847
PLS-DA,10,AsLS + SNV,Combined,31,16,1,19,G4,G3,False,0.12419748224930444
PLS-DA,10,AsLS + SNV,Combined,31,16,1,20,G5,G6,False,0.23099727723886865
PLS-DA,10,AsLS + SNV,Combined,31,16,1,23,G5,G3,False,0.013906488913345061
PLS-DA,10,AsLS + SNV,Combined,31,16,1,24,G6,G4,False,0.13897267471180874
PLS-DA,10,AsLS + SNV,Combined,31,16,1,27,G6,G1,False,0.2673245026108222
PLS-DA,10,AsLS + SNV,Combined,31,16,1,28,G6,G1,False,0.007289120353669798
PLS-DA,10,AsLS + SNV,Combined,31,16,1,32,G6,G6,True,0.11616907311214864
PLS-DA,10,AsLS + SNV,Combined,31,16,1,34,G7,G7,True,0.12306762919405279
PLS-DA,10,AsLS + SNV,Combined,31,16,1,37,G8,G7,False,0.21200476974925941
PLS-DA,10,AsLS + SNV,Combined,31,16,1,40,G9,G9,True,0.6093194433270993
PLS-DA,10,AsLS + SNV,Combined,31,16,1,41,G10,G2,False,0.26634583298165565
PLS-DA,10,AsLS + SNV,Combined,31,16,1,44,G11,G11,True,0.048991059322671504
PLS-DA,10,AsLS + SNV,Combined,32,16,2,1,G1,G7,False,0.32458761689963433
PLS-DA,10,AsLS + SNV,Combined,32,16,2,5,G2,G10,False,0.197425172409202
PLS-DA,10,AsLS + SNV,Combined,32,16,2,8,G2,G6,False,0.002343984488076045
PLS-DA,10,AsLS + SNV,Combined,32,16,2,11,G3,G4,False,0.3751008512844895
PLS-DA,10,AsLS + SNV,Combined,32,16,2,12,G3,G4,False,0.00814663247996067
PLS-DA,10,AsLS + SNV,Combined,32,16,2,13,G4,G3,False,0.22330857304897855
PLS-DA,10,AsLS + SNV,Combined,32,16,2,14,G4,G1,False,0.47627922141150614
PLS-DA,10,AsLS + SNV,Combined,32,16,2,15,G4,G1,False,0.5589007501587213
PLS-DA,10,AsLS + SNV,Combined,32,16,2,16,G4,G1,False,0.5920005535888071
PLS-DA,10,AsLS + SNV,Combined,32,16,2,21,G5,G10,False,0.2640974192020906
PLS-DA,10,AsLS + SNV,Combined,32,16,2,22,G5,G2,False,0.08779982734356429
PLS-DA,10,AsLS + SNV,Combined,32,16,2,26,G6,G3,False,0.2057599250421382
PLS-DA,10,AsLS + SNV,Combined,32,16,2,30,G6,G6,True,0.1969596630604783
PLS-DA,10,AsLS + SNV,Combined,32,16,2,31,G6,G4,False,0.3204464476611325
PLS-DA,10,AsLS + SNV,Combined,32,16,2,33,G6,G6,True,0.08304038012761544
PLS-DA,10,AsLS + SNV,Combined,32,16,2,36,G7,G8,False,0.1974055961748572
PLS-DA,10,AsLS + SNV,Combined,32,16,2,38,G8,G4,False,0.663741835815544
PLS-DA,10,AsLS + SNV,Combined,32,16,2,39,G9,G9,True,0.8081835306567382
PLS-DA,10,AsLS + SNV,Combined,32,16,2,42,G10,G2,False,0.006299669052138301
PLS-DA,10,AsLS + SNV,Combined,32,16,2,43,G11,G5,False,0.05231690982678988
PLS-DA,10,AsLS + SNV,Combined,33,17,1,3,G1,G4,False,0.905762020149219
PLS-DA,10,AsLS + SNV,Combined,33,17,1,5,G2,G10,False,0.005049405191729306
PLS-DA,10,AsLS + SNV,Combined,33,17,1,7,G2,G2,True,0.1810255138865707
PLS-DA,10,AsLS + SNV,Combined,33,17,1,8,G2,G6,False,0.2774687415424919
PLS-DA,10,AsLS + SNV,Combined,33,17,1,9,G3,G6,False,0.004437974355078367
PLS-DA,10,AsLS + SNV,Combined,33,17,1,12,G3,G2,False,0.03539955988576643
PLS-DA,10,AsLS + SNV,Combined,33,17,1,17,G4,G3,False,0.17010051177046415
PLS-DA,10,AsLS + SNV,Combined,33,17,1,18,G4,G8,False,0.8659152338373162
PLS-DA,10,AsLS + SNV,Combined,33,17,1,19,G4,G3,False,0.17571381946471548
PLS-DA,10,AsLS + SNV,Combined,33,17,1,21,G5,G1,False,0.08137424107816449
PLS-DA,10,AsLS + SNV,Combined,33,17,1,23,G5,G11,False,0.011352504994881607
PLS-DA,10,AsLS + SNV,Combined,33,17,1,26,G6,G6,True,0.14614427278808195
PLS-DA,10,AsLS + SNV,Combined,33,17,1,27,G6,G6,True,0.023398397082604827
PLS-DA,10,AsLS + SNV,Combined,33,17,1,30,G6,G6,True,0.29985284013915336
PLS-DA,10,AsLS + SNV,Combined,33,17,1,33,G6,G6,True,0.2692959824349864
PLS-DA,10,AsLS + SNV,Combined,33,17,1,34,G7,G7,True,0.002467154723637899
PLS-DA,10,AsLS + SNV,Combined,33,17,1,37,G8,G7,False,0.31163178502302913
PLS-DA,10,AsLS + SNV,Combined,33,17,1,40,G9,G9,True,0.5130533436206066
PLS-DA,10,AsLS + SNV,Combined,33,17,1,42,G10,G6,False,0.08542425310329427
PLS-DA,10,AsLS + SNV,Combined,33,17,1,44,G11,G11,True,0.04151698683966759
PLS-DA,10,AsLS + SNV,Combined,34,17,2,1,G1,G7,False,0.378013270093292
PLS-DA,10,AsLS + SNV,Combined,34,17,2,4,G2,G7,False,0.4163715626854724
PLS-DA,10,AsLS + SNV,Combined,34,17,2,6,G2,G2,True,0.2972487687963765
PLS-DA,10,AsLS + SNV,Combined,34,17,2,10,G3,G3,True,0.27313067919530853
PLS-DA,10,AsLS + SNV,Combined,34,17,2,11,G3,G4,False,0.5323721756216415
PLS-DA,10,AsLS + SNV,Combined,34,17,2,13,G4,G8,False,0.238726143020085
PLS-DA,10,AsLS + SNV,Combined,34,17,2,14,G4,G1,False,0.375413296905165
PLS-DA,10,AsLS + SNV,Combined,34,17,2,15,G4,G1,False,0.40207606069890023
PLS-DA,10,AsLS + SNV,Combined,34,17,2,16,G4,G1,False,0.4260020144700193
PLS-DA,10,AsLS + SNV,Combined,34,17,2,20,G5,G3,False,0.11136052247176409
PLS-DA,10,AsLS + SNV,Combined,34,17,2,22,G5,G4,False,0.1124910163393612
PLS-DA,10,AsLS + SNV,Combined,34,17,2,24,G6,G6,True,0.1777513506085357
PLS-DA,10,AsLS + SNV,Combined,34,17,2,28,G6,G6,True,0.0074160615802521535
PLS-DA,10,AsLS + SNV,Combined,34,17,2,31,G6,G4,False,0.3358921320348256
PLS-DA,10,AsLS + SNV,Combined,34,17,2,32,G6,G6,True,0.14921863854096618
PLS-DA,10,AsLS + SNV,Combined,34,17,2,36,G7,G8,False,0.11559229547105299
PLS-DA,10,AsLS + SNV,Combined,34,17,2,38,G8,G4,False,0.3739921490157554
PLS-DA,10,AsLS + SNV,Combined,34,17,2,39,G9,G9,True,0.7294041343841687
PLS-DA,10,AsLS + SNV,Combined,34,17,2,41,G10,G2,False,0.41440211878333394
PLS-DA,10,AsLS + SNV,Combined,34,17,2,43,G11,G4,False,0.011963948358232224
PLS-DA,10,AsLS + SNV,Combined,35,18,1,1,G1,G2,False,0.22903740049458376
PLS-DA,10,AsLS + SNV,Combined,35,18,1,5,G2,G4,False,0.03544436259203099
PLS-DA,10,AsLS + SNV,Combined,35,18,1,6,G2,G2,True,0.16300885650079844
PLS-DA,10,AsLS + SNV,Combined,35,18,1,8,G2,G6,False,0.5715883359318152
PLS-DA,10,AsLS + SNV,Combined,35,18,1,10,G3,G3,True,0.27464351897227324
PLS-DA,10,AsLS + SNV,Combined,35,18,1,12,G3,G6,False,0.15769875089774377
PLS-DA,10,AsLS + SNV,Combined,35,18,1,13,G4,G2,False,0.29496462765711967
PLS-DA,10,AsLS + SNV,Combined,35,18,1,14,G4,G6,False,0.037011625915651325
PLS-DA,10,AsLS + SNV,Combined,35,18,1,19,G4,G4,True,0.03888004295568526
PLS-DA,10,AsLS + SNV,Combined,35,18,1,22,G5,G6,False,0.29136072803500696
PLS-DA,10,AsLS + SNV,Combined,35,18,1,23,G5,G6,False,0.010833768929321308
PLS-DA,10,AsLS + SNV,Combined,35,18,1,27,G6,G6,True,0.022513261242625093
PLS-DA,10,AsLS + SNV,Combined,35,18,1,28,G6,G6,True,0.16149007722533976
PLS-DA,10,AsLS + SNV,Combined,35,18,1,30,G6,G6,True,0.5399098978484723
PLS-DA,10,AsLS + SNV,Combined,35,18,1,33,G6,G6,True,0.44403845862639074
PLS-DA,10,AsLS + SNV,Combined,35,18,1,34,G7,G2,False,0.20364691040206145
PLS-DA,10,AsLS + SNV,Combined,35,18,1,38,G8,G4,False,0.4368342222018704
PLS-DA,10,AsLS + SNV,Combined,35,18,1,39,G9,G9,True,0.7705096093473327
PLS-DA,10,AsLS + SNV,Combined,35,18,1,41,G10,G2,False,0.020673530539577267
PLS-DA,10,AsLS + SNV,Combined,35,18,1,43,G11,G3,False,0.05347265598997614
PLS-DA,10,AsLS + SNV,Combined,36,18,2,3,G1,G4,False,0.7152304780480953
PLS-DA,10,AsLS + SNV,Combined,36,18,2,4,G2,G7,False,0.19108205049085336
PLS-DA,10,AsLS + SNV,Combined,36,18,2,7,G2,G2,True,0.497232665854134
PLS-DA,10,AsLS + SNV,Combined,36,18,2,9,G3,G3,True,0.4079542471450145
PLS-DA,10,AsLS + SNV,Combined,36,18,2,11,G3,G4,False,0.25987609492167457
PLS-DA,10,AsLS + SNV,Combined,36,18,2,15,G4,G4,True,0.69436773439295
PLS-DA,10,AsLS + SNV,Combined,36,18,2,16,G4,G4,True,0.6784789946990067
PLS-DA,10,AsLS + SNV,Combined,36,18,2,17,G4,G4,True,0.39874198587871457
PLS-DA,10,AsLS + SNV,Combined,36,18,2,18,G4,G8,False,0.8383755791205723
PLS-DA,10,AsLS + SNV,Combined,36,18,2,20,G5,G3,False,0.6260047970716549
PLS-DA,10,AsLS + SNV,Combined,36,18,2,21,G5,G2,False,0.46491069895071613
PLS-DA,10,AsLS + SNV,Combined,36,18,2,24,G6,G6,True,0.1657234533735727
PLS-DA,10,AsLS + SNV,Combined,36,18,2,26,G6,G6,True,0.7773114024406
PLS-DA,10,AsLS + SNV,Combined,36,18,2,31,G6,G4,False,0.3152564790092469
PLS-DA,10,AsLS + SNV,Combined,36,18,2,32,G6,G6,True,0.06954250780553972
PLS-DA,10,AsLS + SNV,Combined,36,18,2,36,G7,G7,True,0.6100074418120716
PLS-DA,10,AsLS + SNV,Combined,36,18,2,37,G8,G9,False,0.0894028662994365
PLS-DA,10,AsLS + SNV,Combined,36,18,2,40,G9,G9,True,0.4966365912921356
PLS-DA,10,AsLS + SNV,Combined,36,18,2,42,G10,G2,False,0.37256184103888934
PLS-DA,10,AsLS + SNV,Combined,36,18,2,44,G11,G11,True,0.035469730809906286
PLS-DA,10,AsLS + SNV,Combined,37,19,1,3,G1,G4,False,1.127786263629586
PLS-DA,10,AsLS + SNV,Combined,37,19,1,4,G2,G1,False,0.004066980505889717
PLS-DA,10,AsLS + SNV,Combined,37,19,1,6,G2,G2,True,0.1023019276562801
PLS-DA,10,AsLS + SNV,Combined,37,19,1,7,G2,G2,True,0.1465740927756201
PLS-DA,10,AsLS + SNV,Combined,37,19,1,10,G3,G3,True,0.43274451960071214
PLS-DA,10,AsLS + SNV,Combined,37,19,1,11,G3,G4,False,0.5160286395112994
PLS-DA,10,AsLS + SNV,Combined,37,19,1,13,G4,G1,False,0.06499576911896843
PLS-DA,10,AsLS + SNV,Combined,37,19,1,16,G4,G4,True,1.0565468921463674
PLS-DA,10,AsLS + SNV,Combined,37,19,1,19,G4,G4,True,0.5097886627322825
PLS-DA,10,AsLS + SNV,Combined,37,19,1,21,G5,G2,False,0.2754408335816204
PLS-DA,10,AsLS + SNV,Combined,37,19,1,22,G5,G4,False,0.41895969343205064
PLS-DA,10,AsLS + SNV,Combined,37,19,1,26,G6,G6,True,0.07244840805126695
PLS-DA,10,AsLS + SNV,Combined,37,19,1,30,G6,G2,False,0.14152245589645668
PLS-DA,10,AsLS + SNV,Combined,37,19,1,31,G6,G4,False,0.6190478872097622
PLS-DA,10,AsLS + SNV,Combined,37,19,1,32,G6,G2,False,0.13275144545974693
PLS-DA,10,AsLS + SNV,Combined,37,19,1,34,G7,G1,False,0.06083928354799256
PLS-DA,10,AsLS + SNV,Combined,37,19,1,38,G8,G4,False,0.6341686355865364
PLS-DA,10,AsLS + SNV,Combined,37,19,1,39,G9,G9,True,0.6129573544760292
PLS-DA,10,AsLS + SNV,Combined,37,19,1,42,G10,G2,False,0.24706049736712576
PLS-DA,10,AsLS + SNV,Combined,37,19,1,44,G11,G11,True,0.04880761334406475
PLS-DA,10,AsLS + SNV,Combined,38,19,2,1,G1,G7,False,0.11579418852827084
PLS-DA,10,AsLS + SNV,Combined,38,19,2,5,G2,G4,False,0.025806485316968608
PLS-DA,10,AsLS + SNV,Combined,38,19,2,8,G2,G6,False,0.7419259455194406
PLS-DA,10,AsLS + SNV,Combined,38,19,2,9,G3,G6,False,0.08795655778539757
PLS-DA,10,AsLS + SNV,Combined,38,19,2,12,G3,G6,False,0.11684605859466551
PLS-DA,10,AsLS + SNV,Combined,38,19,2,14,G4,G6,False,0.24072481395924394
PLS-DA,10,AsLS + SNV,Combined,38,19,2,15,G4,G4,True,0.1971317572215598
PLS-DA,10,AsLS + SNV,Combined,38,19,2,17,G4,G4,True,0.1932642867860383
PLS-DA,10,AsLS + SNV,Combined,38,19,2,18,G4,G8,False,0.82712948317217
PLS-DA,10,AsLS + SNV,Combined,38,19,2,20,G5,G3,False,0.547399123381546
PLS-DA,10,AsLS + SNV,Combined,38,19,2,23,G5,G11,False,0.12798537826542933
PLS-DA,10,AsLS + SNV,Combined,38,19,2,24,G6,G6,True,0.1427817053185792
PLS-DA,10,AsLS + SNV,Combined,38,19,2,27,G6,G6,True,0.6011524608089084
PLS-DA,10,AsLS + SNV,Combined,38,19,2,28,G6,G2,False,0.28290125326753823
PLS-DA,10,AsLS + SNV,Combined,38,19,2,33,G6,G6,True,0.6805635718731101
PLS-DA,10,AsLS + SNV,Combined,38,19,2,36,G7,G7,True,0.6586515829804542
PLS-DA,10,AsLS + SNV,Combined,38,19,2,37,G8,G7,False,0.08956051477936411
PLS-DA,10,AsLS + SNV,Combined,38,19,2,40,G9,G9,True,0.5396200772845654
PLS-DA,10,AsLS + SNV,Combined,38,19,2,41,G10,G4,False,0.012095235258199943
PLS-DA,10,AsLS + SNV,Combined,38,19,2,43,G11,G11,True,0.2462481787576432
PLS-DA,10,AsLS + SNV,Combined,39,20,1,3,G1,G4,False,0.815196231420805
PLS-DA,10,AsLS + SNV,Combined,39,20,1,4,G2,G1,False,0.07508605381765121
PLS-DA,10,AsLS + SNV,Combined,39,20,1,5,G2,G10,False,0.10809907229329363
PLS-DA,10,AsLS + SNV,Combined,39,20,1,7,G2,G2,True,0.6842716115273351
PLS-DA,10,AsLS + SNV,Combined,39,20,1,11,G3,G6,False,0.1403169045985358
PLS-DA,10,AsLS + SNV,Combined,39,20,1,12,G3,G6,False,0.5682482851217938
PLS-DA,10,AsLS + SNV,Combined,39,20,1,14,G4,G4,True,0.4041618985386449
PLS-DA,10,AsLS + SNV,Combined,39,20,1,17,G4,G6,False,0.784845570421877
PLS-DA,10,AsLS + SNV,Combined,39,20,1,19,G4,G6,False,0.27656187068945187
PLS-DA,10,AsLS + SNV,Combined,39,20,1,20,G5,G3,False,0.6640913988117184
PLS-DA,10,AsLS + SNV,Combined,39,20,1,23,G5,G6,False,0.19230389486917204
PLS-DA,10,AsLS + SNV,Combined,39,20,1,24,G6,G3,False,0.07095579875217528
PLS-DA,10,AsLS + SNV,Combined,39,20,1,26,G6,G1,False,0.0814569695989743
PLS-DA,10,AsLS + SNV,Combined,39,20,1,27,G6,G1,False,0.09969884768654325
PLS-DA,10,AsLS + SNV,Combined,39,20,1,28,G6,G3,False,0.3425346115932199
PLS-DA,10,AsLS + SNV,Combined,39,20,1,34,G7,G7,True,0.11230873771499494
PLS-DA,10,AsLS + SNV,Combined,39,20,1,37,G8,G7,False,0.3059461235227949
PLS-DA,10,AsLS + SNV,Combined,39,20,1,40,G9,G9,True,0.5269594658856388
PLS-DA,10,AsLS + SNV,Combined,39,20,1,42,G10,G2,False,0.0665571444254921
PLS-DA,10,AsLS + SNV,Combined,39,20,1,43,G11,G10,False,0.034920109268765875
PLS-DA,10,AsLS + SNV,Combined,40,20,2,1,G1,G7,False,0.1974145483648903
PLS-DA,10,AsLS + SNV,Combined,40,20,2,6,G2,G2,True,0.10781707712105942
PLS-DA,10,AsLS + SNV,Combined,40,20,2,8,G2,G3,False,0.17074153566531602
PLS-DA,10,AsLS + SNV,Combined,40,20,2,9,G3,G5,False,0.007125375143804513
PLS-DA,10,AsLS + SNV,Combined,40,20,2,10,G3,G2,False,0.14349077943671273
PLS-DA,10,AsLS + SNV,Combined,40,20,2,13,G4,G2,False,0.05660241357474427
PLS-DA,10,AsLS + SNV,Combined,40,20,2,15,G4,G1,False,0.2469517343128671
PLS-DA,10,AsLS + SNV,Combined,40,20,2,16,G4,G1,False,0.10720157938171526
PLS-DA,10,AsLS + SNV,Combined,40,20,2,18,G4,G6,False,0.19712078132505867
PLS-DA,10,AsLS + SNV,Combined,40,20,2,21,G5,G2,False,0.06247993049866429
PLS-DA,10,AsLS + SNV,Combined,40,20,2,22,G5,G4,False,0.2835466657551172
PLS-DA,10,AsLS + SNV,Combined,40,20,2,30,G6,G3,False,0.2594689173195379
PLS-DA,10,AsLS + SNV,Combined,40,20,2,31,G6,G4,False,0.4029788754971019
PLS-DA,10,AsLS + SNV,Combined,40,20,2,32,G6,G3,False,0.29590728163584507
PLS-DA,10,AsLS + SNV,Combined,40,20,2,33,G6,G3,False,0.21380680645778788
PLS-DA,10,AsLS + SNV,Combined,40,20,2,36,G7,G8,False,0.12669743189171345
PLS-DA,10,AsLS + SNV,Combined,40,20,2,38,G8,G6,False,0.09403168900973591
PLS-DA,10,AsLS + SNV,Combined,40,20,2,39,G9,G9,True,0.736334620028136
PLS-DA,10,AsLS + SNV,Combined,40,20,2,41,G10,G2,False,0.5145801046194324
PLS-DA,10,AsLS + SNV,Combined,40,20,2,44,G11,G11,True,0.04390249310419386
