SampleId,ActualClass,Year,Normalization,Modality,PC1,PC2,PC3,PC4,PC5,PC6,PC7,PC8,PC9,PC10
1,G1,1394,Raw,250 nm,779352.9645511198,-430253.2086241853,40779.28827946172,83157.04211609013,-115225.98583496276,37854.266394274695,137992.95212597595,-32711.390759390477,27278.007124635627,-73631.30681931891
3,G1,1404,Raw,250 nm,-861795.5696666787,35974.08503999592,14729.49228676395,-7401.936814001403,-8253.150959265955,-2736.7942241902606,-2289.5839588600998,1249.0517844657568,630.3906606718019,1175.8339204583096
4,G2,1394,Raw,250 nm,1939372.6289831528,74584.42228827524,14955.583426478503,1023.6397690985752,-24913.94844663409,-78193.45595380457,33828.01735432075,-128452.56672683958,48927.39990320006,77574.55212894698
5,G2,1404,Raw,250 nm,-861795.5852909416,35974.08601995878,14729.503085386226,-7401.914040416908,-8253.15489221291,-2736.816596675238,-2289.5724322414217,1249.019609494913,630.3883900097201,1175.8506015990913
6,G2,1404,Raw,250 nm,-861795.5866681575,35974.08934034461,14729.506599039212,-7401.931458782939,-8253.147852680368,-2736.8193981978884,-2289.5904363466652,1249.0116350327137,630.3824446186151,1175.8378396992382
7,G2,1404,Raw,250 nm,-861795.5821479029,35974.08612312607,14729.505142726954,-7401.932567929808,-8253.154582016472,-2736.815617129554,-2289.590943520193,1248.9923587162375,630.3762715526065,1175.8281197933052
8,G2,1404,Raw,250 nm,-861795.5838653855,35974.08298955354,14729.505301264948,-7401.9073914514665,-8253.14292891906,-2736.784540995344,-2289.578985056275,1249.0853756749523,630.4071304562239,1175.8226175548969
9,G3,1394,Raw,250 nm,1654713.7325032086,441242.72875983047,281067.60857212223,-88546.97694238964,133610.53584764947,95678.7315612838,-87392.37020637032,-38731.87011607359,-37762.85790336397,8616.865663939308
10,G3,1394,Raw,250 nm,1283979.7955148125,573861.6084746195,-135221.92061920709,-45651.64628544261,154686.84005200438,13893.294099130804,-7809.597412824142,20229.329502615656,32400.255843663577,33411.318223883725
11,G3,1404,Raw,250 nm,-861795.581895723,35974.09547769527,14729.505192069757,-7401.954963559182,-8253.146531562277,-2736.8117957988957,-2289.5960563267627,1249.0298490601874,630.3727119175031,1175.8209690632593
12,G3,1404,Raw,250 nm,-861795.5890087616,35974.09017938048,14729.507516123296,-7401.93422494814,-8253.140155142995,-2736.8174492190087,-2289.595059162945,1249.0337409235067,630.3932196940561,1175.8309357287485
13,G4,1394,Raw,250 nm,1522860.405657368,352850.1537416183,-59322.87335179746,98661.52301576843,118651.83216792253,-40624.785907198115,36653.65689372865,98955.42512919333,84614.83959253828,23334.000190726856
14,G4,1404,Raw,250 nm,-861795.5718187791,35974.085670092594,14729.49526713291,-7401.942654129682,-8253.145882569097,-2736.7902386042524,-2289.5864571021,1249.0605368916129,630.3916751093681,1175.8370779867296
15,G4,1404,Raw,250 nm,-861795.5686386034,35974.08516684232,14729.490952634096,-7401.934733182261,-8253.149188182839,-2736.797790291824,-2289.580445043747,1249.062472372162,630.3971146453371,1175.8476124309295
16,G4,1404,Raw,250 nm,-861795.5737031439,35974.08711298058,14729.49547098758,-7401.94520288056,-8253.14943028537,-2736.798800972006,-2289.590225425468,1249.039516777293,630.3880763740285,1175.8323686651866
17,G4,1404,Raw,250 nm,-861795.5645959402,35974.098736515705,14729.4865978905,-7401.963435886089,-8253.12376189655,-2736.805874986806,-2289.582869163025,1249.099381977492,630.395334108321,1175.832227045215
18,G4,1404,Raw,250 nm,-861795.5800739877,35974.08347349263,14729.50154429086,-7401.929725360261,-8253.145712948088,-2736.7947730824935,-2289.579228484619,1249.0447160574095,630.3810485282531,1175.819413770945
19,G4,1404,Raw,250 nm,-861795.5724290594,35974.09529005846,14729.495180776938,-7401.946748572745,-8253.134168745893,-2736.8069353536744,-2289.5799906114053,1249.0826732184896,630.3921390120383,1175.8363942822318
20,G5,1394,Raw,250 nm,564055.5126255252,-102433.73659047116,-31644.489836374683,145636.52346406208,312029.1177762521,-52598.00202492961,2565.772256109051,-44476.128285793406,-12585.627375667758,-82183.00505704345
21,G5,1404,Raw,250 nm,-861795.53578167,35974.075542431674,14729.49923478425,-7401.859454105197,-8253.22456664491,-2736.8491671547235,-2289.435133424034,1248.9763759488567,630.3984933901472,1175.8760947698922
22,G5,1404,Raw,250 nm,-861795.5717878331,35974.09149632973,14729.496039606136,-7401.941124609523,-8253.13415014256,-2736.7931951835303,-2289.580649404484,1249.0937791487281,630.3868734885258,1175.8289925978936
23,G5,1404,Raw,250 nm,-861795.5949589341,35974.090606011705,14729.513422508318,-7401.942466896822,-8253.155906669703,-2736.8171253469873,-2289.6048745360554,1248.972698744675,630.3715898641308,1175.8153765735
24,G6,1394,Raw,250 nm,1841346.9914512015,816471.0744554054,-116842.64071278076,-212849.27838474963,-13075.046795791459,107085.6672198658,108074.83895701043,14638.249864701742,-27481.836478145065,5948.441211004437
26,G6,1394,Raw,250 nm,367435.2080672507,-1090815.819083057,-544757.6554215484,94692.41575344813,-4627.894769215506,133862.7094315557,-64799.3896781677,-17086.037900011488,31954.42598061423,11805.34337322799
27,G6,1394,Raw,250 nm,1789629.3093982537,-951363.6899328645,45108.64428663093,-112408.94615772352,40198.33303365297,-40206.57992409118,9097.242056969508,49702.80862544887,-56282.673531778906,-10067.173322313618
28,G6,1394,Raw,250 nm,608763.0280034384,-457597.5920068384,-40841.41534353631,-73800.58627434706,76373.46534653123,5183.550414005771,46489.46391366658,-18185.546466610678,-40738.16677899347,477.53952118967584
30,G6,1404,Raw,250 nm,-861795.5842012228,35974.08514943219,14729.505753822086,-7401.908487586815,-8253.134523811545,-2736.7936170787666,-2289.578854924647,1249.0954258111194,630.4144359241855,1175.8347793439748
31,G6,1404,Raw,250 nm,-861795.5754580804,35974.094291727524,14729.501123448621,-7401.953530549833,-8253.14334612443,-2736.8041196499344,-2289.5896771617445,1249.0540699810601,630.3786216955367,1175.8251846293142
32,G6,1404,Raw,250 nm,-861795.5815812136,35974.086824670754,14729.50140707547,-7401.914724119536,-8253.132695693423,-2736.800777506713,-2289.578611129124,1249.0744694062923,630.4103512786311,1175.8407567605168
33,G6,1404,Raw,250 nm,-861795.5831443574,35974.08846669108,14729.500469693345,-7401.920053402028,-8253.130124509344,-2736.8115057629434,-2289.5818115761585,1249.0690679305214,630.4130347997373,1175.8368068200841
34,G7,1394,Raw,250 nm,1710644.312445239,-1283637.4468369926,37999.9132007843,-150314.20785031235,-39684.944028684775,-79373.53927633721,-16296.964303504745,19071.932661874718,-10687.19318957579,28097.63923497681
36,G7,1394,Raw,250 nm,2342825.061663983,-16070.93774294582,198161.57032956264,-20288.47557055231,-96976.72418919008,734.1628130348811,-51580.30548747421,35902.849214650465,49536.83123615102,-35636.38403352452
37,G8,1394,Raw,250 nm,1868810.946817315,1023379.5789925904,-458256.8756914099,-14236.119413313578,-157215.2555865022,-96918.93604799238,-61051.44700779646,-8753.677245443283,-43726.86302930892,-48510.053047611895
38,G8,1404,Raw,250 nm,-861795.5795546571,35974.088224903026,14729.499780693191,-7401.941512118738,-8253.132314721677,-2736.789511144831,-2289.594732970557,1249.0768019573977,630.388978754381,1175.81091566053
39,G9,1394,Raw,250 nm,1244725.329423326,110112.48652795395,66341.94107752964,373093.2005450564,-50958.231846019895,12221.977042064003,31024.994481062706,29091.8559990328,-88171.61670972656,62827.03041907471
40,G9,1394,Raw,250 nm,2026374.2505983675,40318.17210916995,334235.7824489706,106880.16222173747,-126543.40096433251,49821.133982195664,-59557.367229126576,-10421.274208338753,26965.326882235484,-31460.66850995039
41,G10,1404,Raw,250 nm,-861795.5887788952,35974.08637947752,14729.505977686907,-7401.924369108863,-8253.158966181265,-2736.821467753081,-2289.581266328733,1248.9984618101564,630.3801654079356,1175.8448777169697
42,G10,1404,Raw,250 nm,-861795.5834279564,35974.084915972955,14729.502836256057,-7401.912605940152,-8253.15197512146,-2736.808344465524,-2289.5709603506375,1249.051067765582,630.3978329167273,1175.8499470493994
43,G11,1404,Raw,250 nm,-861795.5952497533,35974.09211154515,14729.511528246714,-7401.942459395114,-8253.15431256049,-2736.829287559969,-2289.5981876806413,1248.9713658913201,630.373505696627,1175.8336109370305
44,G11,1404,Raw,250 nm,-861795.5939759287,35974.09083866287,14729.51164420413,-7401.935257496399,-8253.152834070186,-2736.821668953965,-2289.5948667486196,1248.9934759251796,630.3783336076052,1175.833381855352
1,G1,1394,Raw,308 nm,805586.125860875,-503814.0730379833,-256078.82581965614,116733.79394968762,-130507.22623797016,23855.64481284098,-160715.67112943914,-278674.41560484294,30292.97942853681,-134862.32549563097
3,G1,1404,Raw,308 nm,-319135.58138957724,-27672.1091143318,33861.77619641656,-25844.838648798126,-15260.872914609778,-12.53916228806418,-9120.634144999141,-7822.103059487279,-4975.590530387153,-4419.68569730982
4,G2,1394,Raw,308 nm,777395.7503153096,-135167.263328281,578677.1393777486,68281.31831674995,-196307.14227189572,-18649.59325871272,382732.5144895292,164115.6901412962,-151487.16085654587,13123.171544795758
5,G2,1404,Raw,308 nm,-319135.5024975434,-27672.012808340605,33861.79110744038,-25844.87112377188,-15260.792858783268,-12.512319352813742,-9120.681362260904,-7822.085567195374,-4975.5972069282925,-4419.722322587948
6,G2,1404,Raw,308 nm,-319135.5176996389,-27671.953564121806,33861.81422144286,-25844.81816046396,-15260.723614778612,-12.538763156871847,-9120.787807499213,-7822.086995505651,-4975.611635706406,-4419.750060022514
7,G2,1404,Raw,308 nm,-319135.37754870055,-27671.95331084344,33861.781464054875,-25844.817131186024,-15260.684373455004,-12.478171969209704,-9120.737478681993,-7822.094802464263,-4975.662956118051,-4419.736071637049
8,G2,1404,Raw,308 nm,-319135.6211686354,-27672.0312995995,33861.9167544659,-25844.83106655718,-15260.755023806667,-12.539767115725509,-9120.690020451277,-7822.054786632002,-4975.561121111225,-4419.849244722059
9,G3,1394,Raw,308 nm,717538.3461580003,573385.3901075256,283976.65399460966,-188152.07914168047,494538.20949041744,306858.409047229,-6837.594001655114,-50898.15098178907,38939.911763280164,-208049.78168391794
10,G3,1394,Raw,308 nm,743697.2643433288,219077.7959937401,308799.8761876187,-116201.08184983066,128707.5130472583,71630.93832789268,-61379.92461986117,104941.62525841901,-691.2374195653668,87666.34441725895
11,G3,1404,Raw,308 nm,-319135.6458047538,-27672.078000872585,33861.820064589316,-25844.825978113986,-15260.799439739902,-12.502425275413152,-9120.66754666725,-7822.118379364504,-4975.6363676460605,-4419.741901377997
12,G3,1404,Raw,308 nm,-319135.6385946645,-27671.950130695128,33861.84936847347,-25844.764883038293,-15260.655879751706,-12.564923723808427,-9120.882588441245,-7822.126276742742,-4975.575848124552,-4419.738721695173
13,G4,1394,Raw,308 nm,1252547.65090178,-180833.57236742048,178402.3403359997,-139651.21080389628,-342784.5422644323,-59482.47643318192,-430718.9356891875,69340.81292421647,-153888.16361411734,4915.852799715919
14,G4,1404,Raw,308 nm,-319135.57895419863,-27672.11691037273,33861.82670016164,-25844.837511543345,-15260.849234455469,-12.554790667262546,-9120.611840159256,-7822.091429536836,-4975.572191061841,-4419.738862859136
15,G4,1404,Raw,308 nm,-319135.55391430977,-27672.089136057835,33861.77568790361,-25844.855719248088,-15260.858370584081,-12.521803431678055,-9120.622235510662,-7822.099941565079,-4975.5903237203975,-4419.709734631319
16,G4,1404,Raw,308 nm,-319135.58967193385,-27672.086826827206,33861.7818599077,-25844.830611591955,-15260.842795951687,-12.5239043833365,-9120.650739111552,-7822.109137135741,-4975.60888325459,-4419.704261216581
17,G4,1404,Raw,308 nm,-319135.5994399091,-27672.006558822726,33861.839095612624,-25844.84241431174,-15260.75505704823,-12.521712953057122,-9120.72462986957,-7822.0942958262995,-4975.600031577943,-4419.768366361164
18,G4,1404,Raw,308 nm,-319135.67903582065,-27671.951235101038,33861.81268090288,-25844.717137374053,-15260.786059304319,-12.609062156573641,-9120.794657022716,-7822.104346978456,-4975.578090113972,-4419.69198520394
19,G4,1404,Raw,308 nm,-319135.56516605365,-27672.100022175284,33861.781921074005,-25844.86783049869,-15260.842388670611,-12.487799756747775,-9120.608485250224,-7822.1089338051615,-4975.611623316244,-4419.73287647276
20,G5,1394,Raw,308 nm,374357.0706035742,14728.72062220331,7223.6814795682,-17032.289173350346,231365.9308626438,245070.41621187027,-114946.4902222703,-159418.3093040936,83877.31364886792,306503.2036864522
21,G5,1404,Raw,308 nm,-319135.57809020556,-27672.087410855747,33861.84811737079,-25844.835257660037,-15260.837219081153,-12.546917238632734,-9120.607839846423,-7822.074334135199,-4975.582310204223,-4419.7283791281325
22,G5,1404,Raw,308 nm,-319135.535580801,-27672.059511219264,33861.85155766038,-25844.83581315336,-15260.76813185937,-12.500062826788945,-9120.62925100149,-7822.079880800136,-4975.611372230296,-4419.780351113574
23,G5,1404,Raw,308 nm,-319135.72397086397,-27672.013992656633,33861.83857606456,-25844.75109539501,-15260.708711210225,-12.556909107810554,-9120.827630531965,-7822.15109812748,-4975.6516280288215,-4419.744603934129
24,G6,1394,Raw,308 nm,369509.79485280655,493834.6486390919,197318.3935121921,107839.59361149232,-18980.496131700205,-433699.29941425653,-115197.90725261984,174395.98413268206,312700.1560281873,-6044.951678973476
26,G6,1394,Raw,308 nm,593210.6423774414,263996.9713308806,-629909.6728148435,-747007.0459075465,-280963.9494150383,25274.361267162905,226255.7154475009,57010.50759247241,66769.54868962815,14893.84475348744
27,G6,1394,Raw,308 nm,41780.54715702928,749215.7437242616,-341864.2394452331,594150.1660865982,-408118.9848119857,346698.4819678807,-13544.785571535967,154976.06513664097,15942.474758252805,-10788.43013930886
28,G6,1394,Raw,308 nm,370430.7214878511,841865.419846844,-208853.3534956871,171906.2646303723,128201.26868568218,-346488.80634538503,99500.50204519852,-339364.86620358663,-209535.4189334978,39233.24758603413
30,G6,1404,Raw,308 nm,-319135.5747960476,-27672.033376326977,33861.89774509591,-25844.85131436293,-15260.75956651104,-12.536155715173184,-9120.679720885275,-7822.050526811937,-4975.544076959814,-4419.840742205935
31,G6,1404,Raw,308 nm,-319135.6238354736,-27672.079150510075,33861.87091565143,-25844.842803790856,-15260.797529539279,-12.521973878535064,-9120.651364381145,-7822.085123485322,-4975.5795572706475,-4419.781968536287
32,G6,1404,Raw,308 nm,-319135.6147373176,-27671.986550216734,33861.92388930637,-25844.8247559324,-15260.707082134984,-12.575732902531504,-9120.765966195635,-7822.047154060813,-4975.534378576168,-4419.863000386047
33,G6,1404,Raw,308 nm,-319135.67146764847,-27672.01578912071,33861.89284748916,-25844.801191080667,-15260.732540725174,-12.56315557373049,-9120.75831923945,-7822.095289661298,-4975.587728223448,-4419.803852062471
34,G7,1394,Raw,308 nm,730388.8680472772,-423542.35471134575,153271.898419294,219291.04443534417,-101016.81030323535,24736.899306295454,298535.17039635347,-146761.514066074,123467.2337427472,26102.670935150858
36,G7,1394,Raw,308 nm,381025.21009005234,-369023.262643448,-128797.11618319966,193398.79499882905,74862.47542875598,-25232.78663272023,106612.64773012852,-87309.15176970352,110561.60011975314,-22783.493531375952
37,G8,1394,Raw,308 nm,475356.4462463647,-434521.25958410185,-326280.7530983279,172027.5062856144,153535.45238784092,-37908.91830472671,3534.53233230603,37634.20804490454,30722.593092720952,-20457.048622559872
38,G8,1404,Raw,308 nm,-319135.7487271212,-27671.967468531315,33861.82777417245,-25844.700747279967,-15260.781110461825,-12.598710288594237,-9120.812010030371,-7822.097959050493,-4975.564291879821,-4419.724305062059
39,G9,1394,Raw,308 nm,323894.9362764128,-264311.238607795,-443363.9600780276,145544.26790611102,428862.8994385559,-79963.4285750324,12074.915921840184,326300.86469064426,-111727.66807566375,15110.344152275238
40,G9,1394,Raw,308 nm,21670.34917095767,-153090.88616174346,-219067.81511160426,64991.51554741591,220124.8048659693,-42386.52904098843,2112.882059378289,169263.0017718239,-61554.26127679291,5931.209782155172
41,G10,1404,Raw,308 nm,-319135.489230433,-27672.021365539826,33861.77040738369,-25844.870169880392,-15260.798667563553,-12.49996123437953,-9120.660827820164,-7822.093236788343,-4975.614066862656,-4419.728913408061
42,G10,1404,Raw,308 nm,-319135.46459079627,-27672.056253570558,33861.806120271496,-25844.899932400447,-15260.82084854391,-12.489343625687287,-9120.58817103199,-7822.063751682621,-4975.575895967374,-4419.773710680587
43,G11,1404,Raw,308 nm,-319135.64452606364,-27672.011167370023,33861.82119366642,-25844.796314735057,-15260.721562207336,-12.514622553141113,-9120.777031681795,-7822.133786935544,-4975.638695042109,-4419.744511641036
44,G11,1404,Raw,308 nm,-319135.6034505488,-27672.008868347915,33861.83647297026,-25844.831279741455,-15260.751790089877,-12.51478499229971,-9120.720267095647,-7822.101669231462,-4975.62028547887,-4419.774061302371
1,G1,1394,Raw,440 nm,2139897.750547236,-3171263.0944505967,1365339.874603929,-283878.19973254605,619897.7037311356,-182634.7640360984,-121299.1857439882,-60737.32897866932,173928.28221338557,62357.851243598256
3,G1,1404,Raw,440 nm,-2699371.6780103967,61654.0413940149,-32540.468428281776,16554.543853046835,3566.2818162816848,-191.100825614617,7752.866251621118,4318.286783018864,-3822.9872103708094,1450.0419473687307
4,G2,1394,Raw,440 nm,5981326.189715231,646034.2476163968,215467.78383038915,183991.65600455122,-172174.98814145185,-497031.3447598559,-217572.41683262814,333152.0478242947,-98586.49764151605,-45823.22778032348
5,G2,1404,Raw,440 nm,-2699371.6956488965,61654.12995202933,-32540.458369947424,16554.441344964114,3566.267133168966,-191.0574135238828,7752.884118811095,4318.2033091414305,-3823.104168231433,1449.9250771394695
6,G2,1404,Raw,440 nm,-2699371.709762634,61654.18061311832,-32540.4961032352,16554.400758963795,3566.2325073897514,-190.9796639839172,7752.81345084942,4318.098417409806,-3823.176769191005,1449.880112062989
7,G2,1404,Raw,440 nm,-2699371.718965522,61654.161292245415,-32540.508268896327,16554.41231479936,3566.2033591552427,-190.9476517366352,7752.789897831148,4318.057171087735,-3823.202124854154,1449.892267310986
8,G2,1404,Raw,440 nm,-2699371.7150417566,61654.17085574746,-32540.460566724483,16554.431241189533,3566.2224414042134,-191.0297891834516,7752.82076382192,4318.156469507016,-3823.142336224238,1449.893703803976
9,G3,1394,Raw,440 nm,4430789.570363404,2010729.5860825444,-611909.6038604224,255707.9374918051,359422.33240068285,-161160.0029686375,-188119.70775732788,-278555.0812647245,-81971.92830720526,-85312.77076377324
10,G3,1394,Raw,440 nm,4827087.334428229,2274019.1904140306,27103.41301334553,-380733.89386241895,247179.77490976948,-195653.9368861101,-119468.58430731039,69551.28278394634,30140.690580299746,-45052.47696528969
11,G3,1404,Raw,440 nm,-2699371.7241199035,61654.14403833538,-32540.48103933704,16554.46513862685,3566.2243724539007,-191.03203346096964,7752.798452906501,4318.218696202858,-3823.1362084338825,1449.9483979397767
12,G3,1404,Raw,440 nm,-2699371.711568651,61654.17444885895,-32540.523565236483,16554.34083214293,3566.1840967106878,-190.8893236566642,7752.885449137876,4317.873602075027,-3823.204978144796,1449.8234102564775
13,G4,1394,Raw,440 nm,5458880.456802572,690041.4268021232,-351365.9102909929,-852763.5953709485,269217.8973560687,158554.96897049827,569347.1874617205,71698.95426473084,-29228.39625953176,-112296.67612951
14,G4,1404,Raw,440 nm,-2699371.693299461,61654.08460976061,-32540.459930489345,16554.490941794404,3566.25133473646,-191.1029188250629,7752.870047595029,4318.282324466151,-3823.048709602717,1450.0068654828117
15,G4,1404,Raw,440 nm,-2699371.6649654973,61654.03746531175,-32540.462006803435,16554.52225493195,3566.3046307116733,-191.11561271168196,7752.906227787464,4318.310091811039,-3822.9759217818514,1450.029857194615
16,G4,1404,Raw,440 nm,-2699371.695425249,61654.080609764365,-32540.475333807393,16554.50366995107,3566.2490240515554,-191.07996411926757,7752.861619172007,4318.282766315373,-3823.059360747905,1450.0063804487907
17,G4,1404,Raw,440 nm,-2699371.696203958,61654.176723651886,-32540.478255466962,16554.358259877168,3566.2468735136017,-190.9980987634132,7752.876383592211,4318.120362370736,-3823.1605134297643,1449.8531586707325
18,G4,1404,Raw,440 nm,-2699371.664348316,61654.14540353511,-32540.428385106563,16554.368691154898,3566.140906290142,-190.860755947163,7752.990760284829,4317.83886821721,-3823.2120714822217,1449.889736558358
19,G4,1404,Raw,440 nm,-2699371.69377923,61654.16345267578,-32540.451997222903,16554.424085700044,3566.2606731041315,-191.0491306820362,7752.855407565125,4318.226078114554,-3823.11635734215,1449.9161983496624
20,G5,1394,Raw,440 nm,2787623.1108912937,202831.3605696522,-511921.87719453406,-661253.5886918311,-529386.7445382042,177756.73959386497,-361264.23878898687,-57318.42121522781,152440.98047315524,12132.202146633104
21,G5,1404,Raw,440 nm,-2699371.4320932794,61653.56240867028,-32540.244689907835,16554.98646544525,3566.9073742729734,-190.85389795469354,7753.0517845466175,4318.037570899766,-3822.0529575935757,1450.4678158534707
22,G5,1404,Raw,440 nm,-2699371.6834273967,61654.123761835086,-32540.45418567282,16554.492092603545,3566.242559811316,-191.06968878668687,7752.846342629928,4318.253033923523,-3823.0907258238535,1449.9933600744184
23,G5,1404,Raw,440 nm,-2699371.753637628,61654.1820318945,-32540.52669748558,16554.384758888653,3566.1813696177514,-190.92156685533683,7752.7840310948295,4318.009383837335,-3823.2170297854573,1449.8472558640894
24,G6,1394,Raw,440 nm,4931569.333875365,3385237.86819498,1644173.3120717471,326258.2607425917,-326825.7364090953,119584.59005517708,243768.29746117516,-129714.15403031846,50762.034350354945,111938.12653788982
26,G6,1394,Raw,440 nm,2582750.846726122,-1779821.355811092,1096954.4328521604,-398614.05269836704,-246603.83802229728,144252.3217074813,-161219.57196329336,-51466.28726964728,-308163.26918681373,-43881.43214923773
27,G6,1394,Raw,440 nm,5477503.265423332,-914138.9078755915,-47690.735417088545,549008.7799483724,197692.6303425344,610000.1459178821,-54992.308438945925,234602.74987774633,-68231.80339146506,966.1613851002131
28,G6,1394,Raw,440 nm,2873893.1931816596,166049.7946884911,277653.68489188777,16518.929206832876,-274885.4390458686,31519.361808569414,-59438.101945706236,67104.77828815879,252617.78444324882,-162476.06071734615
30,G6,1404,Raw,440 nm,-2699371.6926801046,61654.17801027054,-32540.453644793884,16554.40283994454,3566.2329897233562,-191.01103744250932,7752.873236436946,4318.071383358252,-3823.125737039265,1449.8495594973303
31,G6,1404,Raw,440 nm,-2699371.7159138964,61654.14263629449,-32540.459528504354,16554.465981385692,3566.218063889888,-191.04513690884633,7752.817623889644,4318.223570157902,-3823.119947483308,1449.9507081709535
32,G6,1404,Raw,440 nm,-2699371.6853237287,61654.21251965944,-32540.449151461453,16554.379097322428,3566.2110246510765,-190.96644415746087,7752.86578315945,4318.020514749526,-3823.161814014843,1449.827723739676
33,G6,1404,Raw,440 nm,-2699371.6776336017,61654.200574061564,-32540.512135573925,16554.33287537934,3566.210200422698,-190.95132510112708,7752.879146020318,4317.95919207682,-3823.1646086866685,1449.808559074991
34,G7,1394,Raw,440 nm,5287674.094358506,-1355973.941285235,-501931.31618345116,343333.8041748658,-22591.348141711613,109987.45889450313,4958.691847563128,-24490.098165541487,240857.8959209699,14023.117227453817
36,G7,1394,Raw,440 nm,5673791.501603982,-362152.9286829568,-594432.5390319787,-205678.90830104233,-15748.449216097139,160153.59771223072,-250030.88144450323,-133744.43687339334,-113472.37838502764,111968.1893019531
37,G8,1394,Raw,440 nm,5449489.238148368,808017.858952724,-348138.21958646923,304742.76259132265,396827.44847585855,22660.907232081398,-37983.27668061477,-7436.943533654369,-26852.565315780506,71623.48503367665
38,G8,1404,Raw,440 nm,-2699371.703681199,61654.15889355823,-32540.491530307092,16554.39464015042,3566.103391899561,-190.82827778463906,7752.875690123785,4317.784975952271,-3823.233878313654,1449.8915465078032
39,G9,1394,Raw,440 nm,4824891.038545872,-2696632.199453585,-172828.93250279568,461419.2858697703,-312547.37349369586,-196831.5793440738,258185.8040100183,-177044.56647679716,-60395.51205028048,-201979.02324154507
40,G9,1394,Raw,440 nm,4757125.3368642265,-1444331.9692033513,-672961.6901616844,-71920.37804953383,-278630.21700788493,-296383.5429075093,301306.69071058795,36444.69360317646,-18268.053844181082,275564.2319111734
41,G10,1404,Raw,440 nm,-2699371.6996548395,61654.11610852109,-32540.468993705148,16554.460915530133,3566.2742621046286,-191.06384340130634,7752.862169176768,4318.234333080379,-3823.0893369035884,1449.9475773703098
42,G10,1404,Raw,440 nm,-2699371.689494022,61654.14166130649,-32540.444988417097,16554.437210587224,3566.271086912901,-191.07182426103844,7752.882828947372,4318.203587054122,-3823.0935072025127,1449.9149645818616
43,G11,1404,Raw,440 nm,-2699371.7366110156,61654.179190997005,-32540.51062247286,16554.37513943745,3566.21019179288,-190.93849635712002,7752.82368302148,4318.024958082185,-3823.1996220092947,1449.8438926221984
44,G11,1404,Raw,440 nm,-2699371.730185199,61654.17478534802,-32540.508615187387,16554.38527275664,3566.215116181357,-190.95626878483193,7752.821262215243,4318.033723007853,-3823.187704917926,1449.8528836046053
1,G1,1394,Raw,Combined,2345603.7845151653,-3222128.639888538,1169490.7940910894,1029203.9972131727,27175.815859954295,-627487.9028047274,188778.09613784496,313135.29479445773,244431.91835504424,-325804.2258397445
3,G1,1404,Raw,Combined,-2852014.7113968255,67308.17287932342,-41163.10508043207,-1879.1650933409255,18549.221115115513,-14116.56549475221,-562.1623746492451,-10981.26159495691,-2780.698078933488,11027.9139000571
4,G2,1394,Raw,Combined,6331310.70859956,680659.1649190222,144534.2084124255,91838.4990790724,43417.708891461654,-393275.5854371493,-796914.8578610051,32916.43201100686,-59077.94187573226,359173.4288870409
5,G2,1404,Raw,Combined,-2852014.724080315,67308.26957564264,-41163.07489709705,-1879.1643643433074,18549.119711417952,-14116.437143178093,-562.0773525101749,-10981.157581718224,-2780.618436869547,11027.884048185842
6,G2,1404,Raw,Combined,-2852014.7387407683,67308.33110126623,-41163.10666499892,-1879.2202421002721,18549.100093456207,-14116.35884910721,-562.0078294964727,-10981.112480827378,-2780.5672441513566,11027.788679721256
7,G2,1404,Raw,Combined,-2852014.730605901,67308.30545971518,-41163.10559751735,-1879.2169675306818,18549.044614854793,-14116.35439652307,-562.0216089704622,-10981.04013184543,-2780.5944992700124,11027.770444277287
8,G2,1404,Raw,Combined,-2852014.754803814,67308.32153484071,-41163.10771980862,-1879.1999352592575,18549.172848429153,-14116.439489170789,-562.1315653759661,-10981.17864760727,-2780.593909141762,11027.832112745467
9,G3,1394,Raw,Combined,4773720.231037153,2138109.2684928183,-593670.4696884356,-256635.26475330724,-115935.65516191321,-113457.62929824059,78438.89796045166,893860.6304952105,23296.18548094194,-240538.58809704712
10,G3,1394,Raw,Combined,5035971.379646609,2381493.574357176,103392.28835671954,233971.73587638722,-507222.6381869406,27199.670697337515,25461.608660442234,228002.73285324685,-46438.73787179569,77773.14541508074
11,G3,1404,Raw,Combined,-2852014.7656465983,67308.28228885084,-41163.134292457406,-1879.2121607997785,18549.19154362856,-14116.462264686334,-562.1215302968833,-10981.217561408883,-2780.681444958723,11027.825237258694
12,G3,1404,Raw,Combined,-2852014.7538883816,67308.3342183033,-41163.155231084645,-1879.2401193366156,18549.126660919603,-14116.242798012101,-561.9294301495348,-10981.152284692484,-2780.4891048045033,11027.68447073175
13,G4,1394,Raw,Combined,5755174.046931849,753097.473998495,-184016.3548543227,672975.686367371,-1071538.0738373166,-58757.25863593804,479979.2508648382,-376454.78422047105,385794.9086218244,387798.58981799905
14,G4,1404,Raw,Combined,-2852014.726401807,67308.22002376558,-41163.099757607095,-1879.1479500911198,18549.195727951985,-14116.553853816846,-562.2011278440872,-10981.273377891277,-2780.681364873146,11027.903974257382
15,G4,1404,Raw,Combined,-2852014.6957757426,67308.17076168011,-41163.09432683691,-1879.148323043592,18549.196136718525,-14116.56876577263,-562.1529347074214,-10981.24255338734,-2780.6788146600356,11027.937228162227
16,G4,1404,Raw,Combined,-2852014.729807569,67308.21403882481,-41163.11223385186,-1879.1820717110234,18549.1971605244,-14116.520450064727,-562.1494128477576,-10981.256954535704,-2780.6868402352193,11027.89229767139
17,G4,1404,Raw,Combined,-2852014.728662977,67308.32801849286,-41163.10830228267,-1879.1880167750062,18549.112264816118,-14116.383296167336,-562.0252129774585,-10981.188954913929,-2780.5895225044983,11027.806701243297
18,G4,1404,Raw,Combined,-2852014.7100372287,67308.29583969175,-41163.055209959726,-1879.2513012747918,18549.21497074505,-14116.236320002781,-561.928106088218,-10981.29197775613,-2780.4926618216305,11027.743186389103
19,G4,1404,Raw,Combined,-2852014.725676738,67308.2932440144,-41163.08525375122,-1879.155596534741,18549.132022970345,-14116.476476655434,-562.1012340936152,-10981.221093395161,-2780.6964738605893,11027.864481468643
20,G5,1394,Raw,Combined,2849826.289527125,169186.82354915384,-379992.4125170726,-202926.68356492653,-832632.034600218,525356.2360655693,-171780.90254988664,-167700.08248979083,-4803.504577213385,-376412.2785387703
21,G5,1404,Raw,Combined,-2852014.467950086,67307.71706430025,-41162.96148910184,-1879.105995778155,18549.620026521097,-14116.9549657893,-561.7859324487301,-10980.965525917816,-2780.4423162448593,11027.934134964033
22,G5,1404,Raw,Combined,-2852014.711898799,67308.26714614473,-41163.099115556295,-1879.174629111217,18549.177225619987,-14116.5081734215,-562.1666892709608,-10981.181284019569,-2780.646641061741,11027.879582118283
23,G5,1404,Raw,Combined,-2852014.8050985127,67308.33013979119,-41163.18161415943,-1879.2669678445075,18549.178512118622,-14116.31221282591,-561.9973233712188,-10981.189140782877,-2780.5758880953226,11027.70003931766
24,G6,1394,Raw,Combined,5269908.153771314,3533739.6492579356,1537284.9911386168,136257.92661480635,884458.0227550718,102180.86588176481,-121552.77632209577,-375609.5532946997,163046.39584475232,-148652.8526856771
26,G6,1394,Raw,Combined,2619851.1060712757,-2027919.0054596355,1551407.1519481118,-228943.6642700884,-635544.2286463904,517209.57478248846,-50017.64662515354,9930.522017195131,-571045.4543316631,-32310.73643179857
27,G6,1394,Raw,Combined,5749933.068384827,-1091227.7717905364,153239.24393409776,-1365980.0949999334,482384.3355702722,-204903.58561962296,726231.7668214509,-100051.08748099407,35978.91602610319,149929.27082667538
28,G6,1394,Raw,Combined,2953269.6064263773,97977.17948897353,589652.8907202302,-730253.7718732208,-108178.80754874839,395423.8270811447,-26826.097555867742,276728.5845131645,397461.4752952112,8047.694693466123
30,G6,1404,Raw,Combined,-2852014.728883747,67308.3270659212,-41163.08984819154,-1879.1748177857942,18549.13519705524,-14116.411037694737,-562.0961100536532,-10981.163625583058,-2780.5772366217657,11027.835037996516
31,G6,1404,Raw,Combined,-2852014.7537941085,67308.28742078712,-41163.110844768395,-1879.191556629434,18549.19345452135,-14116.485840604628,-562.163996236053,-10981.227142580572,-2780.6643913114235,11027.844742284253
32,G6,1404,Raw,Combined,-2852014.724992464,67308.37178088287,-41163.085531909994,-1879.2031020414593,18549.148844623796,-14116.34999268995,-562.0507550698203,-10981.155473863964,-2780.5259870895716,11027.787822624558
33,G6,1404,Raw,Combined,-2852014.7243629224,67308.35281779556,-41163.15275987328,-1879.2123133372672,18549.122534984457,-14116.326102725461,-562.0192835675564,-10981.196110026514,-2780.537144165181,11027.763046225838
34,G7,1394,Raw,Combined,5606281.268984146,-1637437.7405478363,-342895.55983332393,-728813.314553598,-260712.9294923384,-705703.4234874364,-415642.0439430878,-156283.7474399144,-93369.38907879719,162005.96780516495
36,G7,1394,Raw,Combined,6125108.974740637,-388460.4945718077,-753860.7627374649,38787.56332495979,60282.3693881512,-178384.73567497768,-5850.906548694568,-324545.56767208944,-184299.477395983,-567570.0855320566
37,G8,1394,Raw,Combined,5777022.262448594,959091.4314905291,-579643.3000838795,725091.5543772365,489095.4542609187,-601.0423092106654,422903.9418420474,12662.35367045384,-646516.9272317758,142909.36112081847
38,G8,1404,Raw,Combined,-2852014.7545225895,67308.31106260988,-41163.12626607065,-1879.313088517707,18549.241162077735,-14116.222340026168,-561.9372107754461,-10981.280510682709,-2780.5378936032107,11027.669233629507
39,G9,1394,Raw,Combined,4983908.638559655,-2631439.999527748,-448375.6574823299,469138.4572017585,655137.9863298218,732115.7900689504,-145569.94061093457,250504.0885274655,114066.70732917108,407586.9109472501
40,G9,1394,Raw,Combined,5123478.639847244,-1397447.5905690643,-937469.4639904822,163267.2770251322,426083.355582842,335995.9974697688,-173586.92053730844,-242566.25485891002,310990.01001784886,-279631.1648829388
41,G10,1404,Raw,Combined,-2852014.727471362,67308.25245253158,-41163.08411198877,-1879.1704887240805,18549.122469471688,-14116.462974782045,-562.0886435275585,-10981.145441038865,-2780.6467171841737,11027.88647834873
42,G10,1404,Raw,Combined,-2852014.714028205,67308.27565516849,-41163.05984324459,-1879.1372936639507,18549.101072546397,-14116.479335031476,-562.1264363934184,-10981.153135174252,-2780.660110967919,11027.903692899336
43,G11,1404,Raw,Combined,-2852014.7807892524,67308.32467855728,-41163.152805305894,-1879.2342327229535,18549.134529903116,-14116.33058803206,-561.9957007532573,-10981.159953911363,-2780.592228007483,11027.740022264605
44,G11,1404,Raw,Combined,-2852014.7701748097,67308.32053216756,-41163.13861612608,-1879.2264365254703,18549.118934380705,-14116.355618184356,-562.0319315673348,-10981.148886813187,-2780.6096575022893,11027.771899696352
1,G1,1394,AreaNormalized,250 nm,-0.07816589965184455,0.0014422637344007796,0.0007373530343330622,-0.020629050970672577,-0.0012644230017190992,0.00017190839338231971,0.0007985027006693463,0.0014372515016718192,-0.0027442759508894124,-0.0015183826035070217
3,G1,1404,AreaNormalized,250 nm,0.02378033498418721,-0.04411402497726672,-0.034096157659300255,0.004275457007719907,-2.1050888156836064e-05,-0.025839678469383863,-0.002381079365302958,-0.005983525001637015,-0.0029272227477028893,-0.004503931606232371
4,G2,1394,AreaNormalized,250 nm,-0.09066637816125352,0.005674512552805518,0.009400054538601132,0.006833162664737401,-0.0016105317481080825,-0.0008706936346287307,0.001787126590749324,0.001496649250264506,-0.0009551408666253889,0.00026401995628714067
5,G2,1404,AreaNormalized,250 nm,0.055913048499814495,-0.024371685703646208,0.02477886630679234,-0.0024012738289893327,0.0044242033621856094,0.005984065485806469,-0.0035204083979084866,-0.0023864131775663006,-0.0059382618552742,0.004556215700965742
6,G2,1404,AreaNormalized,250 nm,0.06464518086180356,0.024944783225874425,0.013510060038388214,-0.0018121794291033645,0.0014361037587823679,0.005862190085890677,0.014139894934868676,-0.008970760807332182,0.0043437274215627885,-0.004400160294855897
7,G2,1404,AreaNormalized,250 nm,0.05404216762581199,-0.024733764921688127,0.029768246868542188,-0.003994297515678348,0.007656499540566938,0.0017948727553699377,-0.013897541631545938,0.0022017406677167237,-0.002571066602205182,0.0025863604572187223
8,G2,1404,AreaNormalized,250 nm,0.08873259999874039,-0.02830524432866839,0.05495665817845003,-0.00019203691244729936,-0.005349958062749396,-0.0026180598573882718,0.0016426087748008852,0.015441620540321065,0.002729395811122029,0.008907399420586751
9,G3,1394,AreaNormalized,250 nm,-0.09805247109864544,0.008653239220280004,0.015179138533959797,0.026394999538487954,-0.0028683067829408976,-0.002134619775523784,0.0036461483417084815,0.00781833807239714,-0.006116207412975224,-0.005192720245569655
10,G3,1394,AreaNormalized,250 nm,-0.08265396219799513,0.0040736768351226195,0.006214506484566862,0.026589584290585874,0.005206057822495782,0.0012230193068883755,-0.003416323510156374,-0.006306232764746095,0.004873672448178933,0.003143543706871386
11,G3,1404,AreaNormalized,250 nm,0.04478600104727694,-0.017418002476034804,-0.017601027522803445,0.006254264450771094,-0.015085652885151813,0.017463804564939088,0.005819126161416586,0.0031546782444997995,0.0032295404451390406,0.001554058286736785
12,G3,1404,AreaNormalized,250 nm,0.054202949037488964,0.07588199976568769,-0.04101492125789045,0.0017686827796848158,-0.0008329560690514455,-0.01418861036760372,-0.008730290605496717,0.004332416168474398,-0.006064032623235642,0.010862820221967127
13,G4,1394,AreaNormalized,250 nm,-0.07938340446093341,0.003030889369251805,0.003943351402593432,0.015115658124819716,0.004081986166642955,0.0009991455102339151,-0.0027752438271472345,-0.004220355465197293,0.0015242106982358515,0.0006570618121137903
14,G4,1404,AreaNormalized,250 nm,0.037625753438146975,-0.04537038588711928,-0.02670188834528308,0.007821527990531436,-0.01540497668908582,-0.015846476387957328,0.005737206233915386,-0.0019350506630235675,-0.0009681353601809112,-5.401765345458356e-07
15,G4,1404,AreaNormalized,250 nm,0.027140874026676406,-0.04301381622844182,-0.03078045227646776,0.004816177755105952,-0.003497005416435257,-0.022868272630183456,0.0017848084838331195,-0.007195542056456885,0.0001022981262443101,-0.0064711481598292995
16,G4,1404,AreaNormalized,250 nm,0.0265002378463721,-0.04265234135303656,-0.030867689475531254,0.005279873654096997,-0.007243079409575919,-0.016102868758358386,5.280438703869015e-05,-0.006694190814112958,-0.0020329054536027368,-0.0024147346000228083
17,G4,1404,AreaNormalized,250 nm,0.025849404097719457,0.022549885795754506,-0.054096885697460066,0.00552795951858196,-0.00975860388093066,0.03356663619756055,-0.010246390629920206,-0.005931355045654417,-0.01223698551029949,-0.0023764620923681784
18,G4,1404,AreaNormalized,250 nm,0.04550182348454258,0.0037049666592555075,-0.004743942937152825,-0.0024176871879125917,0.009142403095604162,-0.006389505385748149,-0.029551457006369016,0.011515618277575678,-0.001840565095662375,0.0006715030894819426
19,G4,1404,AreaNormalized,250 nm,0.046167279391926164,-0.004490195702977104,-0.016803900811999548,0.005171937330080777,-0.013357483361815215,0.027174158541859235,0.006239381719219606,-0.0015737471836680945,0.0008216488003108523,-0.002846546000884486
20,G5,1394,AreaNormalized,250 nm,-0.07743915111931793,0.0020639613372853047,0.001326655228375347,-0.00541838645764682,0.0004324684033755899,0.0009569948258446889,-0.003379026591435979,-0.004997490518013566,0.0017915058252547965,2.1082487198696333e-05
21,G5,1404,AreaNormalized,250 nm,-0.007364084861402824,-0.02497919674805962,-0.04611232198122671,-0.010898194402700744,0.07496159960787975,0.009155435922858684,0.01712418292782377,0.010716924490732959,0.0009910433264088314,0.0021658662892138567
22,G5,1404,AreaNormalized,250 nm,0.052403357695793136,-0.02102492030728894,-0.017964449539742213,0.00848729321477392,-0.02048376420060117,0.007421847086665743,0.00999421831147487,0.01104035088855299,0.010231899139827597,0.0019501682508584592
23,G5,1404,AreaNormalized,250 nm,0.06496640407641018,0.001638899946391088,0.03192280167657768,-0.004544479781510577,0.009434469156978877,0.0013004532192481813,-0.0041602846794458375,-0.003007437315148028,0.002718518062637074,-0.007604922816128114
24,G6,1394,AreaNormalized,250 nm,-0.08697647323035436,0.005301644766180936,0.008814989959245253,0.03275598364905609,0.004388383376087026,0.0006043913297522022,-0.002294021814343536,-0.00381552955908554,0.0041888819700875365,0.002679842031918446
26,G6,1394,AreaNormalized,250 nm,-0.06512794155825427,-0.003435234095417361,-0.009907661669851442,-0.0599312071362671,-0.005286860892877474,0.0017647917749008019,-0.006026482494066468,-0.014243581001860442,0.014405750631383364,0.011332945247840393
27,G6,1394,AreaNormalized,250 nm,-0.08828710862309684,0.004053406738549075,0.0052298175720429125,-0.030343295853757276,-0.010506387532816934,-0.0015351416763894228,0.003962684856064422,0.0060247396307595135,-0.003292299944963204,-0.0026706570026522576
28,G6,1394,AreaNormalized,250 nm,-0.07645795874485294,0.001190234904007359,-0.00044896469909761795,-0.024294837588222484,-0.0033999176011702955,0.0004722394068230789,-0.0008883683413618608,-0.0014339922904934685,0.0002347032376691281,-0.0003497211068642649
30,G6,1404,AreaNormalized,250 nm,0.08846760841426617,0.05608577274511551,0.013803897226827325,0.00012651867860514625,-0.001939742963834372,-0.017162479325521538,0.020045199870748976,-0.0004587992947532147,0.0011366502909309069,0.004831885286930752
31,G6,1404,AreaNormalized,250 nm,0.04837045555034133,-0.017976832545874944,-0.01768226095343456,0.007478745839423519,-0.018651108140282015,0.016064018563311702,0.009600198414833942,0.004829613803612403,0.004352329231170246,0.002274845979027996
32,G6,1404,AreaNormalized,250 nm,0.08415305686749149,0.04436192681724203,0.02789954341525595,-0.002912958301544495,0.004317440545793236,-0.008970580963600342,0.010014478784344062,-0.003386976413989837,0.0072683252487433835,-0.009570197008089065
33,G6,1404,AreaNormalized,250 nm,0.06399199807261999,0.0676440544060997,-0.021112654370646945,0.0008523773075532612,-0.0010224724193661796,-0.008695071604571659,0.004087401396045743,-0.0036131588289516924,-0.008271794280368023,0.007890097499203995
34,G7,1394,AreaNormalized,250 nm,-0.08692290038897083,0.0034408020209896156,0.00381601720983576,-0.04305503911899226,-0.012564300013772376,-0.002039321295583465,0.004945431746384406,0.007381131582680846,-0.003955398826614668,-0.0027247865839301675
36,G7,1394,AreaNormalized,250 nm,-0.09519936296967646,0.0069555094507960154,0.011740337362932693,0.005693689874048513,-0.005674257348264513,-0.0021360576369958252,0.004325961263815932,0.007171776602078865,-0.004561363256135918,-0.0032868968480268936
37,G8,1394,AreaNormalized,250 nm,-0.08777608575810875,0.005637224530077791,0.009702574551769204,0.03895815358322702,0.006908331263853841,0.0011217095933305718,-0.00428935566056542,-0.01017832533613321,0.011730835543528214,0.010342775196808643
38,G8,1404,AreaNormalized,250 nm,0.04750939034296565,0.027404376314184832,-0.02318760146366038,0.0011793865268051188,-0.00019009105355009988,-0.002466844315571021,-0.020267965349032482,0.01728677180299194,0.017681763723733483,-0.01037413246940828
39,G9,1394,AreaNormalized,250 nm,-0.08067077455925856,0.0028853534204500673,0.004227640816079885,0.006715216556543088,0.0032447483309304918,0.00027540806808245324,-0.0007252522663868785,-0.001037313106203269,-0.0019371175198152157,-0.000983733772975061
40,G9,1394,AreaNormalized,250 nm,-0.09609920987090648,0.007461843474071649,0.013049629337440834,0.008142191889680917,-0.004894105352131257,-0.0028389868758852176,0.005562254056339775,0.01052189807334505,-0.007871963620063883,-0.005432320496568901
41,G10,1404,AreaNormalized,250 nm,0.050985480829201374,-0.0358025440136947,0.02084807145413312,-0.0014764741853437635,0.0023231057715418857,0.0022555540610827603,-0.0024500833075212967,-0.0027711422896026586,-0.008125939570576885,0.009378281519912476
42,G10,1404,AreaNormalized,250 nm,0.06716127874319447,-0.0242696295771766,0.035899066680977795,-0.002015179365825491,0.0020721624811514605,0.0031725034838955488,-0.0022137772607320667,0.0008463705518537304,-0.007362045802038911,0.00689042333467187
43,G11,1404,AreaNormalized,250 nm,0.05220628013505395,0.00964005406536285,0.018982452135385006,-0.0054132136917461725,0.011978620912034449,0.007808438693654832,-0.0056666381125354895,-0.01474903852948668,-0.003663384364050404,-0.010633674174217882
44,G11,1404,AreaNormalized,250 nm,0.06214020218702752,0.006236536771154498,0.0273710506484428,-0.004489050496559712,0.008898452118482596,0.00608968208951228,-0.004429629104821608,-0.008327932686412897,-0.0009205933188877253,-0.009605527717149969
1,G1,1394,AreaNormalized,308 nm,-0.05086586225439607,0.009089711734931382,0.019808322144046018,0.010759860477772753,-0.00087739824378801,0.004955869980942547,0.01284146759270843,-0.008689494960410486,0.012456684936085927,-0.005919321879789035
3,G1,1404,AreaNormalized,308 nm,0.027610251314527667,0.04241221794107698,-0.013538326746565478,0.006059419778953252,-0.01012350888451528,0.015011839315967371,-0.00029477767407250265,0.006895899070610772,0.0038030429507115884,-0.0008237804322150667
4,G2,1394,AreaNormalized,308 nm,-0.041724758086758615,0.007737002233961208,0.015182212606193847,-0.009276519281188961,0.028126289592163622,0.023788152733898317,0.003182307827675747,0.0074694477766166145,-0.012183835571326846,0.003464410973301089
5,G2,1404,AreaNormalized,308 nm,0.025836913000993864,-0.0003529259358330816,-0.007545502645946874,0.016666764454999566,0.006607382093795716,-0.0036173439285041476,0.0018374875123297347,-0.0036606771315665356,-0.004102929269455834,-0.0022032843386226276
6,G2,1404,AreaNormalized,308 nm,0.012707735643450901,-0.026559301957618825,-0.007340263106343127,0.012871731608297758,-0.0006753885914433879,0.004055927747538068,0.0006820440783422965,0.0018664541927692995,0.002318110906318349,-0.0003410198227252938
7,G2,1404,AreaNormalized,308 nm,0.002933309856585402,-0.004183290390377534,-0.0026395015150348627,0.0023343364000914333,0.005213826891979463,-0.008807096833048058,-0.0023529301775401103,-0.006232031179525608,-0.0019784455026152703,0.002480675329933288
8,G2,1404,AreaNormalized,308 nm,0.047265939790543804,-0.02844909229939924,0.025012792599426643,-0.017630679116277092,0.00492374428149533,-0.011602004542715295,0.0022185599009142245,0.003542716519196695,0.003510317489829709,-0.0015035163581954961
9,G3,1394,AreaNormalized,308 nm,-0.03814709949411509,-0.0036657195037457495,-0.011470440851512092,-0.011485071926307537,0.01509142130191351,-0.0013452817671228648,-0.021030657924807617,-0.0011203656129123226,0.003349618262749949,0.015500804522751165
10,G3,1394,AreaNormalized,308 nm,-0.04075595807572592,0.00021319978713115083,-0.0038423352817785715,-0.007815324007555765,0.013973452734108152,0.007040302021356718,-0.011886054959443003,-0.00174763823410694,-0.0014716374911716641,0.005896810923820055
11,G3,1404,AreaNormalized,308 nm,0.03602494177525714,0.017889588477999586,-0.005093254227699261,0.011021650326755086,0.006000155397185982,-0.004463581751206139,0.0013819942511007679,-0.005388834281394986,-0.006145336372860592,0.00010797469696784454
12,G3,1404,AreaNormalized,308 nm,0.0016151948265895855,-0.038361390508708744,-0.015236919096532615,0.012981222243851346,-0.011599364044931303,0.019546557205111847,-0.005131287702270573,0.006119240507194703,0.005804860908698286,0.005354953403713554
13,G4,1394,AreaNormalized,308 nm,-0.043732582301703585,0.0035332491298440422,0.006559086231239346,-0.0018118564961446084,0.01135673108189492,0.010490858933023728,0.0008455107568427955,-0.007196044622917494,0.00609634576356276,-0.00516805135881691
14,G4,1404,AreaNormalized,308 nm,0.0334706288329166,0.05008224548629837,0.004252300459350633,-0.019657597488889712,-0.011312738549163447,0.008215182725363484,-0.0034381222873964166,0.008822505735817207,0.0076540416917518775,0.0006368879708238908
15,G4,1404,AreaNormalized,308 nm,0.03074446339218422,0.03970677889322085,-0.01141146012363097,0.005129533159452899,-0.008275620986099162,0.01138550121738033,-0.0002867052076817767,0.005164344649262066,0.002337828484882429,-0.00015379416693667248
16,G4,1404,AreaNormalized,308 nm,0.02770873970695336,0.03516168210264455,-0.011777377326660109,0.005162581501432211,-0.008286694097802754,0.010824121029000766,-0.00011835934091660487,0.003536906183521319,0.0012089999506793975,0.0003600285483785981
17,G4,1404,AreaNormalized,308 nm,0.03190035163938299,-0.013429287296180882,-0.004199142166328266,0.017017955324466046,0.00991581479201992,-0.006258738909020998,0.0015168270952304187,-0.0048103118617198164,-0.005998482653405842,-0.002526426133548746
18,G4,1404,AreaNormalized,308 nm,-0.0015443670567361878,-0.023599061564532987,-0.0046440430855909515,-0.02137506899654089,-0.021088244958688333,0.011538347736256683,0.0028740254615093686,-0.012354518655033226,-0.011799617482094548,-0.0005616320182617367
19,G4,1404,AreaNormalized,308 nm,0.03351661391091627,0.03661933215848347,-0.00894044029257952,0.00984050546306552,-8.019758315732623e-05,0.0031805767551510633,-9.020354639866635e-05,0.0008992109592063836,0.00019229712662514303,0.0011967433204087372
20,G5,1394,AreaNormalized,308 nm,-0.044372916972654323,0.0018454885863983918,-0.0022662002555729165,0.0009198180996185201,0.004362512684951155,-0.0008764277852765596,-0.007995439043882873,-0.008302320562426259,0.005482418518226693,0.015993077677192994
21,G5,1404,AreaNormalized,308 nm,0.03426084583653957,0.026137035098759934,0.014613774583605382,-0.02570221819647063,-0.003864793541284617,-0.005159711463177254,-0.0007626844538296269,-0.0021920380194124906,-0.0004693025419991565,0.0009710783303040173
22,G5,1404,AreaNormalized,308 nm,0.030546899935385136,0.011041079500966097,0.013228245147035843,-0.013341974081557099,0.006127921575063683,-0.0133770882522851,-0.001199023091822522,-0.005954800638673144,-0.0033928145522930655,0.0024837109577407978
23,G5,1404,AreaNormalized,308 nm,0.019475203255796422,-0.02965538468243397,-0.016816251331574675,0.03020082367432692,0.0030919669023794353,0.007695396639144653,0.0005775995355607872,0.0021468183585827386,-0.0007514083962021248,-0.0011385112051613508
24,G6,1394,AreaNormalized,308 nm,-0.0388740746680508,-0.0052436272515782424,-0.01868069033508243,-0.020448495615823056,0.01204861629104037,0.0020229763722117225,-0.009500893074097782,0.012699406714716558,-0.008328584094140465,-0.021044047296612228
26,G6,1394,AreaNormalized,308 nm,-0.03024958100123143,0.0036720177197588784,-0.009433298453654648,-0.004941720471944586,-0.007689749903242274,-0.004287182424147983,-0.005137023165975913,-0.02121551316091699,0.019136536249939284,-0.008703996021858541
27,G6,1394,AreaNormalized,308 nm,-0.04038723470838681,-0.004101067258304022,-0.04195163809133635,-0.020128211116514375,-0.0006974255966710447,-0.023046895795821788,0.034034861261156554,0.009432393322680503,0.002489422029084766,0.01133375817158802
28,G6,1394,AreaNormalized,308 nm,-0.04251204742782288,-0.004318250733490912,-0.03092593596012937,-0.015963998123921352,0.006505831761627117,-0.013690412802857741,-0.006539476046075853,0.0032472244377429542,0.004287815529077761,-0.013168437193717684
30,G6,1404,AreaNormalized,308 nm,0.04210260785412725,-0.01927813766202016,0.019944096524520998,-0.012547904536664184,0.005551135275481637,-0.010322141417748277,0.0001766198306597349,0.003948569592003215,0.004872933842269223,-0.0006408756094119331
31,G6,1404,AreaNormalized,308 nm,0.04654437408426535,0.0203500617873958,0.011733450051744802,-0.008967291228089237,0.008957979738537835,-0.012864660078219032,-0.001073765996201545,-0.0038520103346218163,-0.004002617449039849,-0.0001411455254185232
32,G6,1404,AreaNormalized,308 nm,0.03162258873420669,-0.061293979979816886,0.016583073175300302,-0.010668705241339947,-0.008214856886565437,0.00967897862972997,-0.0019214979102502487,0.015168402945975112,0.014528822659694978,0.0023216057023456695
33,G6,1404,AreaNormalized,308 nm,0.035353870502688935,-0.035234570880459226,0.007258343071828127,0.0049048987981854105,0.006367334834416916,-0.00394238567343735,0.0008720594236271792,0.003856394249763485,0.0025367341832534837,-0.0027770085597063066
34,G7,1394,AreaNormalized,308 nm,-0.04545818411352669,0.009871057962187686,0.024768721628966997,0.003410854288573005,0.011578338781484973,0.015226317461973926,0.014273806289426698,0.002652037824702839,-0.003142936120835927,0.001094231780365156
36,G7,1394,AreaNormalized,308 nm,-0.052744940723809516,0.00830783625192584,0.02143240870755265,0.012399631226232811,-0.0029128146723074793,0.001144522207172524,0.009898834210641765,0.0019561239884017543,-0.000708375950705393,-0.0024525157408677163
37,G8,1394,AreaNormalized,308 nm,-0.05298755709669979,0.009159663570149577,0.02185520679483744,0.01632937490961206,-0.012643273091199723,-0.0061164384066847155,0.004927244324732797,0.0016520932238338407,0.0011815113739296358,-0.0033981468857147788
38,G8,1404,AreaNormalized,308 nm,0.0019346788191303983,-0.03281862341857883,-0.004176339405915124,-0.026735735761747897,-0.02887636232594546,0.01806971363138088,0.0042858758300570576,-0.012833229323992154,-0.01448598989169006,0.0003313472928137071
39,G9,1394,AreaNormalized,308 nm,-0.048422802164347294,0.004067580032432486,0.012049042017229778,0.014433941707905169,-0.022967465747173055,-0.020126217688036043,-0.011123447212723087,0.00849507618382501,-0.007794070266134749,0.001716858564875399
40,G9,1394,AreaNormalized,308 nm,-0.0484228021643473,0.004067580032432487,0.012049042017229778,0.01443394170790517,-0.022967465747173055,-0.020126217688036043,-0.011123447212723087,0.008495076183825006,-0.00779407026613475,0.0017168585648753988
41,G10,1404,AreaNormalized,308 nm,0.024823486061933468,0.008409615622167415,-0.008611809770615946,0.013245230925040256,0.002287881330999454,-0.0009456247917172702,0.001342016386543049,-0.003012237018015056,-0.002716449623758575,-0.0002185334958030365
42,G10,1404,AreaNormalized,308 nm,0.03389818232207714,0.017654792074554514,0.00463048730207017,-0.0036892734409974272,0.0014143181746396698,-0.005058774300877611,0.0004555946988390188,-0.0008986269544341013,0.0007161226993993681,0.0010014720181715424
43,G11,1404,AreaNormalized,308 nm,0.020821560153970686,-0.019145979901824553,-0.008926792917155325,0.02033892585515492,0.006949473024011686,-0.002330056540674247,0.000702139827447212,-0.004256387392337234,-0.003301431357305189,-0.00040905804459179544
44,G11,1404,AreaNormalized,308 nm,0.02848338705988956,-0.017339124959816724,-0.0014926420749393058,0.011724643196282336,0.0067012349099606055,-0.00550685950199001,0.0020789199327641648,-0.004349262675831409,-0.0033961307036006988,-0.0006701866623954391
1,G1,1394,AreaNormalized,440 nm,-0.10093692744845634,-0.0006612924211386262,-0.010742650309799966,0.021102839948382374,-0.06520645996711885,-0.0002746608277617197,-0.00976448992290398,0.0214329864225736,0.0003519684904998326,-0.0016572969833650148
3,G1,1404,AreaNormalized,440 nm,0.037993540120346295,0.124360064897884,-0.04748278242584853,-0.02953629218322134,0.00036288368163734036,0.02345377258780411,-0.01373521295450314,-0.005940235540357238,0.004095626102951345,-0.0007949181407237834
4,G2,1394,AreaNormalized,440 nm,-0.12258874456108101,-0.005569235015876559,0.01352160081464979,-0.004541483493625644,0.011778978970058723,0.0016274688351530751,0.0006966654334547173,0.0023324325024888445,0.0024757304791260984,-0.003920472864460827
5,G2,1404,AreaNormalized,440 nm,0.08230331428650316,0.005606743295370511,0.022838362438751904,0.014545791379613215,0.0011476761243720379,-0.00015211148989694234,0.0019481777281047964,0.0034572804039821356,-0.005490951874130763,0.009630722851115839
6,G2,1404,AreaNormalized,440 nm,0.08784474629064395,-0.03313524836136843,0.024210379706931236,0.02118968974147718,0.003291580565690445,-0.000471938871221426,-0.017703164682970698,-0.007848923988014133,-0.0015599544051358907,-0.005102868264120765
7,G2,1404,AreaNormalized,440 nm,0.0858423267632464,-0.03004264510578737,0.025831528268118097,0.02196928554778556,0.0021158110583689876,-0.005122691960029073,-0.017558685742109732,-0.008281824997958962,-0.00019702606824151413,-0.011110953522025546
8,G2,1404,AreaNormalized,440 nm,0.10515774391124542,-0.003558008398168982,0.04375372819054222,0.02075788496810958,0.00188843983463507,-0.003935519275442916,0.007098210893778166,-0.0003085205461050887,0.015929746569892052,0.0035482269245706486
9,G3,1394,AreaNormalized,440 nm,-0.12862042294871023,-0.008258284646211159,0.019582686386514708,-0.012882033778914512,0.04280119617366866,0.0006188484517636645,0.0052602311599238396,-0.008183108997003865,0.0003438204017312635,-0.0032724271747149344
10,G3,1394,AreaNormalized,440 nm,-0.11769188099583866,-0.006827974735763923,0.01320601980295586,-0.011356382951898645,0.039214546121160335,-0.0021735748268345324,-0.0033509432694294036,0.00532190530023658,-0.0016484402901907377,0.0021275537192353487
11,G3,1404,AreaNormalized,440 nm,0.08307448307055298,0.059395344032798295,0.038082680991636086,0.00696542434986725,-0.0021802520597668695,-0.021398004512351455,0.005090502021383376,0.002259109606787695,-0.01150873758344421,-0.0021785474240891022
12,G3,1404,AreaNormalized,440 nm,0.05399297676258864,-0.0906431033682603,-0.057115861051255906,-0.03741698183408041,-0.004338946224851601,0.00709039273513838,0.011464233652405467,0.007679033106536843,-0.021322960363990333,9.906866609260186e-05
13,G4,1394,AreaNormalized,440 nm,-0.11125666498783823,-0.005267214480798314,0.006765158707145381,-0.004433206476784159,0.011584188780605393,-0.0013861738949135416,-0.0024880955031990584,-0.0011756895318363156,-0.004855281851428218,0.0067939780105700205
14,G4,1404,AreaNormalized,440 nm,0.06417823484776171,0.11908528441572251,-0.006670814203341888,-0.030640167797110887,-0.0045962841044552925,0.00538107472282714,0.006770104216806994,0.0008152011254547101,0.007354107283195524,-0.0030894168350080616
15,G4,1404,AreaNormalized,440 nm,0.03947922495856584,0.11899670809650935,-0.04165396592894328,-0.0277321063303864,-0.00018909562140214872,0.01966607333369874,-0.012879679507021593,-0.004897968443195876,0.0018788400190501524,0.000573445611679749
16,G4,1404,AreaNormalized,440 nm,0.051888289253476244,0.11704849969631521,-0.016787848150063157,-0.03067182646022284,-0.003993159520060424,0.010728450688305803,-0.001647862364725361,0.001502151849025924,-0.004156404920459539,0.0060380939031855355
17,G4,1404,AreaNormalized,440 nm,0.08704269805468423,-0.028861066536380268,0.022063768129277482,0.016681024825655914,0.002660058966940039,0.005672945699804866,-0.0022230484130868456,0.0010915313367709702,0.003925685528216867,0.012268454380076586
18,G4,1404,AreaNormalized,440 nm,0.04837148707183634,-0.05957452572592575,-0.04195530386082069,-0.029830260740555583,-0.007045049997381543,-0.04056940456702282,-0.00270666672727997,-0.003631080956018963,0.009847643258868555,0.007232285270252333
19,G4,1404,AreaNormalized,440 nm,0.08822124987110237,0.025902437162702286,0.037315672394437824,0.013676878261172276,0.0001021495563132,-0.015246833446020347,-0.002555557115518633,-0.0016997290767055053,-0.0027151570643390967,-0.0018011838130990831
20,G5,1394,AreaNormalized,440 nm,-0.12416482724280338,-0.007551647080477823,0.014640138633459277,-0.005927982276443419,0.0064615185755093904,0.002413975328286814,0.003920167239355974,-0.010750244028753603,-0.0017920439326550195,0.009077250404924348
21,G5,1404,AreaNormalized,440 nm,-0.022165031894883943,0.06075435306985976,-0.1329487692075089,0.10066361357156821,0.028718887665634827,-0.01078700424720604,0.00854660563266195,-0.00038905962544372755,-0.00023304513823080145,-0.0004989229970133837
22,G5,1404,AreaNormalized,440 nm,0.07565272215141709,0.08702615543393995,0.024466204392920035,-0.007595450404156514,-0.0037827214539793963,-0.019354956590580855,0.008588685227126905,0.0019197825134747992,-0.005942135223159397,-0.013871795030420075
23,G5,1404,AreaNormalized,440 nm,0.08317960450280303,-0.06512252807138165,0.002068680403356747,0.012175679468136436,0.0035474584450558644,0.01663438840555736,-0.015856331979613912,-0.00502634618807023,-0.002801606702141963,0.0021535391741685046
24,G6,1394,AreaNormalized,440 nm,-0.11069020604854526,-0.005954056039050341,0.00977219522077931,-0.01342926127446474,0.04987970478873575,-0.007254167654360079,-0.013070510994352823,0.028775285617676,0.00357887119731758,-0.002968630487953973
26,G6,1394,AreaNormalized,440 nm,-0.11049694099798424,-0.00391300082018678,4.590650396697325e-05,0.008743194776911978,-0.03903623226139762,-0.00013212075648019243,-0.009186405526766448,0.018520621309963133,0.002439468741511698,0.002125389611720903
27,G6,1394,AreaNormalized,440 nm,-0.12081039859468165,-0.005212085852195434,0.007751941308025626,0.003606177076794743,-0.011231301194179387,0.0017577048662591325,0.0030810581368978665,-0.0034039987072777226,0.0011561391919804333,-0.0038699396044547564
28,G6,1394,AreaNormalized,440 nm,-0.11844116102011953,-0.005474597984042019,0.008856161067592034,-0.0016051729297950979,0.00493510764174076,-0.00016716229627607482,-0.0015315473124074708,0.005598625257892465,0.0017170143105992716,-0.0006749286261068622
30,G6,1404,AreaNormalized,440 nm,0.09178933682142555,-0.06319440095455081,-0.010286379992723008,-0.0052212649319975215,0.0019209109897673396,0.022285898963931527,0.017014264741581884,0.0051548037744787905,0.00886586477389327,-0.0056415822432463875
31,G6,1404,AreaNormalized,440 nm,0.08836182242831071,0.06970384819820603,0.03934586445734261,0.0025135910239682657,-0.0025044560201098218,-0.01624277756266721,0.01546375140720893,0.005290189654101246,0.0032802392110599637,0.003043908389924379
32,G6,1404,AreaNormalized,440 nm,0.08495952849421247,-0.08591605259993768,-0.021703596704049078,-0.014730626596746612,0.0005046170712871417,0.01458122038719229,0.015103026426267733,0.005113885706604361,0.001873121715343798,-0.011581273623725371
33,G6,1404,AreaNormalized,440 nm,0.07968961975018979,-0.08053947868830424,-0.02145209861528429,-0.01199099113896984,0.0011772680784083592,0.022978485141106484,0.01238150561923367,0.005286585916003467,0.004484718757096073,0.005689106345657884
34,G7,1394,AreaNormalized,440 nm,-0.12288475938861344,-0.004681945421834164,0.008074707402865396,0.00507703742960707,-0.018265292564512477,0.003824165075550042,0.0069008360866570405,-0.011888466279920594,0.00022868282520322248,-0.0022574501561639154
36,G7,1394,AreaNormalized,440 nm,-0.1241082800803333,-0.006046245871775891,0.011800908329234373,-0.0007355960622616475,-0.002525371947085136,0.0030037101246341586,0.0053032823597985185,-0.01032515555502455,-0.0005940275907119336,0.0012211488978793976
37,G8,1394,AreaNormalized,440 nm,-0.12150932183012089,-0.005876286260859632,0.012076603282884102,-0.004342943008283916,0.01615091724104343,0.0007168338003434921,0.003180655528469009,-0.004663902703997477,-0.00012471924099315547,-0.003033812896067286
38,G8,1404,AreaNormalized,440 nm,0.03981427301371699,-0.07374366275294852,-0.06241048455189849,-0.04624144831951499,-0.00962015554407001,-0.048212596285616686,-0.007755250334115637,-0.008465904688385957,0.0033818352932915696,-0.000534843824161355
39,G9,1394,AreaNormalized,440 nm,-0.11952767117515625,-0.004297497668697893,0.003962862185669374,0.010720623203474462,-0.041977463121374965,0.004285901702584815,0.0055160059527556244,-0.009390358309557579,0.0011806929446622407,-0.0028944288751520516
40,G9,1394,AreaNormalized,440 nm,-0.11883408056576962,-0.004814490309213154,0.006504802141565804,0.0045108380548939155,-0.020793981338608773,0.003020973558719955,0.005521175837398325,-0.01354504731871768,-0.0022978049706490924,0.0022674021080115888
41,G10,1404,AreaNormalized,440 nm,0.0796301631232824,0.03313707316846423,0.025158348947313548,0.012422045935606954,0.00027941829924560104,-0.005238082250474201,0.003173139519390622,0.003483784099506651,-0.009603874781805945,0.007203749336885308
42,G10,1404,AreaNormalized,440 nm,0.0911655836560959,-0.005998763633241925,0.022674681138312582,0.012339141913732707,0.001352804660202663,0.002992664907033167,0.007255748998244744,0.002817852000971911,0.0018980847708129779,0.0019697264259211484
43,G11,1404,AreaNormalized,440 nm,0.07929117411136336,-0.06165000660603745,0.0002526024937332114,0.009686472001443314,0.0027576902580952124,0.013722163399625285,-0.01489803188269619,-0.003932816896639016,-0.003974742436422974,-0.00041948275492325156
44,G11,1404,AreaNormalized,440 nm,0.0858031764655653,-0.05863116605735726,0.006586361261555654,0.011514245511233525,0.002652409392177811,0.011662668599835821,-0.010366549586205373,-0.0041046651255461685,0.0005310125718269276,-0.001887873890876447
1,G1,1394,AreaNormalized,Combined,-0.13683831606160407,-0.0017327850087726399,-0.00775930460551304,0.025534823421124238,-0.0663105896378953,-0.0024767698424124807,0.006068981652714489,0.004815176916910127,0.01913032531466127,0.01965384324234684
3,G1,1404,AreaNormalized,Combined,0.049573016559211994,0.14298888330458626,-0.05307029306498995,-0.028775278232631145,-0.0023779609530227438,0.02071794049625072,0.025992226314567112,-0.025861804753551546,7.851240186842758e-05,0.000773185657160688
4,G2,1394,AreaNormalized,Combined,-0.15857893758800787,-0.00709849803211472,0.014120773083691982,-0.006314733976209193,0.01937197709539646,-0.0013305578264067321,0.006570789275742114,0.009264168967635884,-0.00223162809258034,0.031555399995854466
5,G2,1404,AreaNormalized,Combined,0.10265589699522414,0.010226051122723125,0.038011309566083507,0.020563357974745494,0.0006018440582424423,0.010508205414270855,-0.0023393574109452165,-0.015840733898663688,0.0031691579994400946,-0.0003811437626806029
6,G2,1404,AreaNormalized,Combined,0.10889169774144543,-0.04799037522024678,0.026760120819299158,0.011774360692751763,0.0002541926296583295,-0.009423451550691058,0.002980776450336124,-0.013040700323813513,0.00038326625124404196,-0.004149109694471819
7,G2,1404,AreaNormalized,Combined,0.09796223399586822,-0.024359178974071635,0.042602339280580104,0.028799542491114404,0.0004394805292403506,0.02458209231679052,-0.01726768688279633,-0.016635825000633726,0.009389634113277355,0.00124390628777177
8,G2,1404,AreaNormalized,Combined,0.1449473169429828,-0.007843870143198331,0.0651361138205459,0.03181772039292941,0.009476770931997348,0.03684136816301066,0.006010303456678984,0.04047369861597474,-0.009950062094362458,-0.0019869073510405356
9,G3,1394,AreaNormalized,Combined,-0.16602287638344346,-0.013289574428543725,0.02148084368674475,-0.020130922833788346,0.0550655476269399,4.962982011196333e-06,0.00118623224500715,0.0015211163804173939,-0.009675961895210743,-0.009434116442275507
10,G3,1394,AreaNormalized,Combined,-0.1495445092167256,-0.00947510597292522,0.01186878111202565,-0.01667422807572688,0.050435736167412704,0.0005153317621851521,-0.004732778329117617,-0.005191655977413476,-0.00204088709299839,0.009828818310826737
11,G3,1404,AreaNormalized,Combined,0.09906093817387639,0.0685023501757847,0.03672396191913057,-0.006838026449748074,-0.0042842345418393065,-0.03036632766882286,-0.023279830474621895,0.004572004235408419,0.003586979433610038,-0.002448059756482999
12,G3,1404,AreaNormalized,Combined,0.07507410631032561,-0.1132686215783957,-0.08305118435538512,-0.05173182063006408,-0.009607964064847409,-0.024804284762180277,0.008805559681606024,-0.013222186096575373,0.003259887348894755,-0.002826768678129577
13,G4,1394,AreaNormalized,Combined,-0.14353132820368567,-0.007152845085133557,0.0061812739022437,-0.006415175812720015,0.018432898359129608,-0.00013759228389552793,-0.0007478449914457639,-0.002141053112261267,0.008966947513481122,0.016421953564242996
14,G4,1404,AreaNormalized,Combined,0.07839328015251652,0.14168718855032053,-0.01352377081427494,-0.03509650722692365,-0.004582741792394282,0.011909621479804814,0.01088389723760024,0.01538527609906002,-0.0035562755014147086,0.0025483092672972532
15,G4,1404,AreaNormalized,Combined,0.05352832658321254,0.13705489332267043,-0.04549127092513457,-0.027050976186940384,-0.002266111289813586,0.01840957876347685,0.023525799543886734,-0.021080634870179072,-0.0008661170982142012,-0.00020811276618714486
16,G4,1404,AreaNormalized,Combined,0.061978040332183564,0.1336942314481794,-0.022725049557691824,-0.03429755998881277,-0.006763154168707329,0.010310453056782106,0.012204886216005177,-0.01567718347802953,0.0001469615490574866,-0.000888122823040712
17,G4,1404,AreaNormalized,Combined,0.0922428142105358,-0.02588890299498305,0.00698154999353784,-0.004858083652176876,-0.0024697226557302203,-0.07413514229098457,-0.021460082602646136,-0.02185467397590678,0.005490635817616476,0.002594201322033918
18,G4,1404,AreaNormalized,Combined,0.06417597342041569,-0.061903690479534035,-0.04875574208198004,-0.01905381591616445,-0.0070538246657537145,0.04118231901678665,-0.051206865806898344,0.008086980368572057,0.013525459349898825,0.002535124952662572
19,G4,1404,AreaNormalized,Combined,0.10263356820222523,0.041104140920397464,0.03493057623585778,-0.002228946651849381,-0.004279013697012729,-0.03881734751363841,-0.022652743651569503,-0.00620292091835525,0.007222959166631561,0.0034836060029521656
20,G5,1394,AreaNormalized,Combined,-0.15267807808416065,-0.009834185939610123,0.01066538298186601,-0.00590072062881428,0.0024586613311507527,0.0003790917709370571,-0.0008439823913921722,-0.003985136287751128,-0.0063946108094258,0.0012980933209210726
21,G5,1404,AreaNormalized,Combined,-0.01179970614899827,0.07949051391124808,-0.1391325799387775,0.12970772234624842,0.043218490263463735,-0.018772855716322177,-0.00789515376594054,0.012195325728055019,-0.00021277392643931811,-0.0027725501976102952
22,G5,1404,AreaNormalized,Combined,0.09579231890508935,0.09047225924513069,0.022119439074316766,-0.017578142597695683,-0.002633517472079171,-0.013740581909462184,-0.015265336740247317,0.037166871345739504,-0.003226067510598655,-0.005063678913953956
23,G5,1404,AreaNormalized,Combined,0.1081783930403749,-0.0714910554661369,0.01684472081242953,0.0200867747512914,0.0018527426785235398,0.01790123347498773,0.011858008130304527,-0.039974219611682515,0.004609902368701359,-0.00011628786957128682
24,G6,1394,AreaNormalized,Combined,-0.14589279992273435,-0.009968227722664801,0.009157135798513436,-0.02139223000896976,0.06559879615708367,0.0037048027223365843,-0.014866482667808111,-0.008786974353379173,-0.016368392482545163,0.000917320732555889
26,G6,1394,AreaNormalized,Combined,-0.13128187103779712,-0.0023976139575978724,-0.008848339883131993,0.018744309107912534,-0.06530527985313352,0.0012952268722904777,-0.011386203517470527,-0.007247866748370354,-0.03701275517545957,0.01316097568532415
27,G6,1394,AreaNormalized,Combined,-0.15509844720984164,-0.009009716624473465,0.0060283566200817085,0.004590760076225748,-0.025302556466629482,0.0029526101694637404,-0.011623471945720982,-0.007585232123228409,-0.046497497613312885,-0.033815026897990985
28,G6,1394,AreaNormalized,Combined,-0.14714920505666637,-0.008765677936375072,0.004404198662753011,-0.0005767535537815759,-0.005590547087336702,0.0031467489856240372,-0.01351347310603825,-0.011382311085846216,-0.040968791710782465,-0.013525698303970518
30,G6,1404,AreaNormalized,Combined,0.13294598103634447,-0.08019393516688475,-0.013485617777256433,-0.00470808537700059,0.006134399140759395,-0.00947504414511831,0.04267123906340224,0.0347986232619446,-0.016310937255832283,-0.0011042554684505055
31,G6,1404,AreaNormalized,Combined,0.1076302648450186,0.07972729474243517,0.036508663201285735,-0.009092327832172908,-0.0006384821260567943,-0.03304164709744727,-0.015853248688768456,0.03168629373861917,-0.0043592879087879875,-0.0008322182110951527
32,G6,1404,AreaNormalized,Combined,0.12420986528051628,-0.1129415524765429,-0.021255599707830797,-0.007257922381748304,0.005370189326158246,0.01845006593811283,0.03290263158091033,0.02770940522675107,-0.012585778843316827,-0.0012879724120418601
33,G6,1404,AreaNormalized,Combined,0.1091764820226886,-0.09954429802018275,-0.036639339011243305,-0.020515084534655052,0.000964764821205404,-0.03723557228921359,0.029183051984597967,0.007111368972822692,-0.010099047625496436,-4.8532356085418505e-05
34,G7,1394,AreaNormalized,Combined,-0.15769963417789032,-0.005765269275318743,0.0075016812325336725,0.011107620823250619,-0.03877394626972558,-0.0021880424266187666,0.010496962171054235,0.013057217891190463,-0.00910480670091465,0.026729778471380184
36,G7,1394,AreaNormalized,Combined,-0.1650448143248251,-0.00918609541425244,0.015482631230545468,-0.001857976558981174,-0.0045373993021213055,-0.0019043785892550076,0.013237677864359646,0.009351893215899052,0.021451127871016374,0.0043089830798300486
37,G8,1394,AreaNormalized,Combined,-0.1587892396550269,-0.008233649774991853,0.014582960320725417,-0.008805841288556554,0.026480525806654793,-0.001845554031222816,0.010724012758605914,0.004546125655732867,0.040211140044259866,-0.0030245790410433106
38,G8,1404,AreaNormalized,Combined,0.06016267668813525,-0.08206392006634705,-0.07915313078916686,-0.04146030504919259,-0.009929857414388147,0.0315289777788178,-0.05788411098738611,0.01923416089212841,0.013877095430256153,0.0005064622288289484
39,G9,1394,AreaNormalized,Combined,-0.15185278012731546,-0.006898882639751057,0.004604965255847618,0.010964599981184611,-0.03389013710641432,-0.001618766988938338,0.011929775226043745,0.00788619771187342,0.03487138113132154,-0.03025832475980457
40,G9,1394,AreaNormalized,Combined,-0.16003684147560213,-0.008832223416505358,0.011325255873438677,0.0033127424736106893,-0.017043026547392915,-0.0014984987374209533,0.01355788707368449,0.009229453505991057,0.03164417885930685,-0.03038773432293125
41,G10,1404,AreaNormalized,Combined,0.0971853047938173,0.04163233554440463,0.03931524095138862,0.01739665623803373,-0.0004158566435208411,0.015947986637176077,-0.004860979130879462,-0.013537320151858155,0.0037268579518330196,-0.0016126580482055878
42,G10,1404,AreaNormalized,Combined,0.11721875296993507,0.005359985635956225,0.03989384787342215,0.02380815541053512,0.003391436693953648,0.022244799377719802,0.0036313320116544965,0.004506271499315762,0.0005290123667919842,0.003517240741146969
43,G11,1404,AreaNormalized,Combined,0.09786215931618768,-0.06529716755815027,0.010340841601396486,0.018277673023813952,0.0013186284312544682,0.0014015070408050598,0.0062455012432776425,-0.034576862226066436,0.0043559458347991655,0.0027372653851787643
44,G11,1404,AreaNormalized,Combined,0.11035997615619371,-0.06151320855013208,0.019318257602091438,0.02212464624055151,0.0031888417075907026,0.008877491450410712,0.007012101909653362,-0.01877233523647606,0.0018343112197250562,0.002357389828748108
1,G1,1394,MaxNormalized,250 nm,2.585900638963103,0.07886869618948517,-0.3867045525177275,-0.5304520647029194,-0.1746953636052252,0.04685418573704241,0.12512577981014578,0.18355091574970434,0.16636616509578986,-0.08436690232301747
3,G1,1404,MaxNormalized,250 nm,-1.6240369121453808,1.8521891390393599,0.14161773154801696,-0.15290149704973316,0.2182132379159315,-0.7624012964132141,-0.04997072533230434,-0.10470110313237095,0.14043993114589515,0.1365060921396466
4,G2,1394,MaxNormalized,250 nm,2.712158119585591,0.06392801610557308,0.19963460000335548,0.2513367960332579,-0.10452161460150741,0.01969585559773489,0.08528097114054477,0.07359435664748934,0.029683742827949396,-0.011393543806966637
5,G2,1404,MaxNormalized,250 nm,-1.4336026210710684,-0.043510497698970536,-0.7108837547476198,0.5419624733768201,-0.012194231966896648,0.2379762410735475,0.02143492710785523,-0.13704569995785112,0.10098607197524527,-0.03609828695690042
6,G2,1404,MaxNormalized,250 nm,-1.3224004851808442,-0.831860071311717,-0.16771081260897977,0.11622083106064088,0.03977524582513776,0.053983343149911794,-0.3245232165424274,0.22375410654455363,-0.09530347071486032,0.15699986614466904
7,G2,1404,MaxNormalized,250 nm,-1.2926976434512494,-0.11574671332051203,-0.7894964146038708,0.5752526024528618,0.06295848075160541,0.06844012787989492,0.11116930185567034,-0.2417583393756801,0.09738430489169486,-0.14123280929315232
8,G2,1404,MaxNormalized,250 nm,-1.2692008417567278,-0.14792772458817327,-0.7704549608685648,0.5748875979942226,0.04508215705487508,0.09506647994331163,-0.09691284044394459,-0.04503435753446289,-0.01748051255117107,-0.2433827570311135
9,G3,1394,MaxNormalized,250 nm,2.2813100620791418,-0.03901415874270572,0.3881530467990291,0.5728941456232834,0.09681337944056848,-0.03736190859461942,-0.10924628892532175,0.11293950911558889,0.2008250192642369,-0.12704833583168795
10,G3,1394,MaxNormalized,250 nm,2.4295417960256582,0.04029678782570394,0.6158559080631928,0.772408924612689,0.08866523603239865,-0.011483875943099056,-0.030498467296231523,-0.18363409186360757,-0.2029794044808175,0.06138867261181206
11,G3,1404,MaxNormalized,250 nm,-1.9768835734787327,0.4563710279417537,0.392323566416078,-0.12225405807507608,-0.5924746009971255,0.6673387125634255,0.08011889408595788,0.15414173632555428,-0.1443958891976386,-0.04001430494269235
12,G3,1404,MaxNormalized,250 nm,-0.979097700627862,-1.2243609047818191,0.6831905536457749,-0.6115975520230084,0.34642981197339023,-0.6581284077452347,-0.3809552804837831,0.009478665577024882,0.026853516890818864,-0.21194981870081833
13,G4,1394,MaxNormalized,250 nm,2.547712000758361,0.09014429712998852,0.45760570912110266,0.5147947893776939,-0.018000378317692106,0.00815261400243258,0.10087482900711303,-0.05430366604071533,-0.08111918154638338,0.1567063315875633
14,G4,1404,MaxNormalized,250 nm,-1.7612804824902006,1.5644211387608125,0.12358950609512909,-0.032421176608787336,-0.24079184581831353,-0.22470589595532398,-0.20036507635085804,0.06782896676375436,-0.014196847401726167,-0.04523419760269594
15,G4,1404,MaxNormalized,250 nm,-1.597851805970925,1.638973854969058,0.08959058651688996,-0.08571226865306454,0.10876473955144607,-0.5738893696430172,-0.22138590595343985,0.04370067626935207,0.01824151440817404,0.11221409765391514
16,G4,1404,MaxNormalized,250 nm,-1.6688267305774378,1.6799656835382122,0.16563854609720083,-0.10196241628993492,-0.08566204577780845,-0.38718282088498246,-0.182373653809212,-0.05008573842600138,0.059692709362009086,0.03315470886942298
17,G4,1404,MaxNormalized,250 nm,-1.3790149390356738,-0.6194360511472934,1.6064208553782677,-1.1431589415773151,-0.20193443224926,0.5299623173622039,-0.1864086013071032,-0.6318233108737745,0.48014416718242287,0.027825578483286848
18,G4,1404,MaxNormalized,250 nm,-2.002555915247787,-0.43761489860187675,-0.005369956024614491,0.02532970403706161,-0.19889114809024913,-0.5574768050017479,1.2514338990678284,-0.2837447629773599,0.1232554380294535,-0.0254206527503417
19,G4,1404,MaxNormalized,250 nm,-1.9708045520315978,-0.02361909401628378,0.5385067567941813,-0.22669320639117552,-0.6221412992887885,0.8640275043237894,0.050710147289552324,0.059699141384771684,-0.01925677677918025,0.16141055127989182
20,G5,1394,MaxNormalized,250 nm,2.718467838211532,0.08718045263283183,0.0015148909906584562,-0.06763099358104711,-0.24039368093095767,0.006924928350540477,0.17000572501586256,0.024933220931217262,-0.1188797760851885,0.6104725801733075
21,G5,1404,MaxNormalized,250 nm,-0.4150410305916506,0.5425694664111346,0.05736778919442552,-0.6505093798972558,2.9234554059789883,0.669704424444572,0.30517975290626825,0.1321455144386028,-0.06335239463571202,0.01565681827245265
22,G5,1404,MaxNormalized,250 nm,-1.8559941847616708,0.5576555399842614,0.31372045098189444,-0.10376031568420396,-0.4610272934253882,0.35501023385624036,0.008022833409986009,0.3102617402427296,-0.2986090802310389,-0.1929422280041119
23,G5,1404,MaxNormalized,250 nm,-1.3288770667938339,-0.5798965164720418,-0.6010777628263978,0.4337305275609692,0.08846140799399929,-0.00012254499033959647,-0.024595669019367262,-0.01068901819928187,0.000996250966708091,0.06815732316317155
24,G6,1394,MaxNormalized,250 nm,2.3221577449537025,0.004802058671125544,0.6321942907900973,0.8308590223295244,0.15030188313309242,-0.0283844700241529,-0.10602734422561656,-0.16322031669582737,-0.12210140282008689,-0.18525439428232496
26,G6,1394,MaxNormalized,250 nm,1.921695793848643,0.009352959387579447,-1.2510800249612348,-1.633912261249422,-0.18328089770067524,-0.025116928886688376,-0.2504354107268723,-0.5639803623676968,-0.5531551462272792,-0.030316963420118727
27,G6,1394,MaxNormalized,250 nm,2.5489703544455096,0.06216594800321405,-0.5246200487684668,-0.7260745091685568,-0.2793064838431567,0.02531371253128066,0.06049032352052393,0.15466447191935107,0.1680628627473768,-0.06671303370471096
28,G6,1394,MaxNormalized,250 nm,2.671078600842283,0.09253369344015888,-0.4786485394172116,-0.6911033772562379,-0.3273334803783547,0.03092189608988635,0.12754962666403993,0.09482584858905012,0.026332905389607662,0.04448896744330726
30,G6,1404,MaxNormalized,250 nm,-1.2610934943687184,-1.0022263089736505,-0.02507054308635318,-0.022965172250073322,0.16448271729206243,-0.34250539767996885,-0.37751996094327284,0.26824443934442094,-0.07509179963149049,0.05304706427357922
31,G6,1404,MaxNormalized,250 nm,-1.9545506173935223,0.4854617660255996,0.39748062674964846,-0.1287202770119578,-0.5924877280738172,0.6272931983090904,-0.0005073305958438137,0.2165614016479642,-0.1775544454964463,-0.07319071753182597
32,G6,1404,MaxNormalized,250 nm,-1.272567825802252,-1.020941048360971,-0.24251480184808896,0.1511605850468638,0.127374585466351,-0.24296459670723805,-0.22472106519918852,0.21181416424314958,-0.09015420145728832,0.1249736877329391
33,G6,1404,MaxNormalized,250 nm,-1.1685942001351335,-1.2192883562391053,0.47400878384677814,-0.4176647592622387,0.215749194514906,-0.4548562868331049,-0.4126231405335092,0.08480745788379507,0.06004517677590467,0.0038197745368466164
34,G7,1394,MaxNormalized,250 nm,2.347855903860389,0.026741488422975072,-0.7450292052305713,-0.975119781484884,-0.2360406220291487,0.012322679422470933,-0.025001203032568146,0.1427994731048248,0.20044474882075553,-0.17897254808950624
36,G7,1394,MaxNormalized,250 nm,2.594957763802488,0.05410960495376279,0.15000597826279352,0.17317940548057403,-0.10680941768032107,0.003931337484146224,0.05534006978773597,0.15997544066015457,0.17977168864003118,-0.11391583144432568
37,G8,1394,MaxNormalized,250 nm,2.302537597500056,-0.010543558748229577,0.7123939872712443,0.9655303469498434,0.21403776478102354,-0.0321301915041746,-0.1630900700212303,-0.3905470718448244,-0.4087848197036887,-0.14879861130834238
38,G8,1404,MaxNormalized,250 nm,-1.7694012357959428,-0.8479907633141966,0.6986491869308649,-0.49600787412848985,-0.19209603767586791,-0.5331422294907162,0.7858739212253811,0.22590424662121303,-0.3697928756081986,-0.12581532883178084
39,G9,1394,MaxNormalized,250 nm,2.520372495971661,0.07537875214444746,0.23147528138412937,0.27754570468976897,-0.00381528494761258,0.018470479660894764,0.10588902910307396,0.08171355376847025,0.06772647003980356,0.14553354902161697
40,G9,1394,MaxNormalized,250 nm,2.4657416517078015,0.0216460787584994,0.15512565789213817,0.22711978365270138,-0.02315434354561757,-0.006999607218951221,0.029506793705660433,0.23021801733620395,0.2786729736671719,-0.13869585265481058
41,G10,1404,MaxNormalized,250 nm,-1.4355351285380382,0.2672921158940291,-0.7715572288758914,0.5881875354908871,-0.020205158711328854,0.2300483916854971,-0.03739092668824892,-0.16071770558775053,0.1179255822996851,-0.10745599697065547
42,G10,1404,MaxNormalized,250 nm,-1.4188250336942063,-0.11026144960924318,-0.7638210463491695,0.5848843063535124,-0.01746743177537297,0.18273258463147501,-0.004470358945430096,-0.14085221094850067,0.12104094546624952,-0.07012699217605697
43,G11,1404,MaxNormalized,250 nm,-1.4242341951853292,-0.7965376390624576,-0.4627523696875341,0.34669727039190135,0.018218152782455713,0.06512928126668002,-0.036097034811217434,-0.06838160805061624,0.12286006174346792,0.31356598589323215
44,G11,1404,MaxNormalized,250 nm,-1.3874901464301337,-0.6812728112403212,-0.5292722683505905,0.39663952983030126,0.02594142094225501,0.05955210415050584,-0.028887253516208036,-0.03703770123262114,0.0644557769377456,0.17241845837729394
1,G1,1394,MaxNormalized,308 nm,2.159346494890995,1.6572381688600826,0.18431575021723237,-0.01327786771922183,0.05598336203743454,-0.689654929419418,-0.6981963528179629,0.38466744085322196,-0.06983938525431813,-0.29374459549508564
3,G1,1404,MaxNormalized,308 nm,-1.112770230032849,0.3706652393804572,0.24341332461001006,0.16022299236499474,-1.1566121857008094,0.06473084514843791,0.006198303909050419,-0.21017604461628756,0.43516791511088826,-0.17290677103309093
4,G2,1394,MaxNormalized,308 nm,1.2299049483100797,0.16056053632069198,-0.26857974210243163,-0.9820766982986414,-0.628814556304158,-0.9984896894976316,-0.02559922044386203,-0.29184319643081197,-0.9155018750004187,0.10438527356418524
5,G2,1404,MaxNormalized,308 nm,-1.5982119861510358,-0.08363053553722098,0.7206061625951053,-0.28348153354330907,-0.04393905632862904,0.3369976123466831,0.1881616433932535,0.7002000885627317,0.21439418691626103,-0.012715258267137191
6,G2,1404,MaxNormalized,308 nm,-1.2489919346569145,-0.26283937925279216,0.03908503832826404,-0.27665240317584305,0.9271265661277397,0.050627793276760355,-0.023844521602599856,0.5155130005528807,-0.0097619405407049,-0.05045593117172245
7,G2,1404,MaxNormalized,308 nm,-0.8856130570843365,-0.25252283813822385,0.46175039036228227,-0.14051593119729475,0.147719129790561,0.3374839215670178,0.13425706030892148,0.23981401152043766,-0.10318593631114703,0.21529351407301686
8,G2,1404,MaxNormalized,308 nm,-1.2612437974362738,0.017381574339861962,-0.2429105785460631,-0.22137981021753972,0.3282533230171884,-0.18272763875694642,-0.0497855915817803,-0.3618911977622848,-0.498176446090034,0.16418028732583015
9,G3,1394,MaxNormalized,308 nm,2.5589302489617385,-2.435394709027133,-0.005039236863763252,-0.7396182960264579,-0.12895168287836098,1.6486559532730993,0.2815008009816174,-0.5900840901855469,-0.9979186960435202,0.23971197299299307
10,G3,1394,MaxNormalized,308 nm,3.442006632785522,-1.7458271082099284,0.7159600244315389,-1.220145499445996,-0.15583137835832322,0.0726706343622152,0.5255803192193267,-0.23280356744716477,0.021755550260488185,0.4527941699647806
11,G3,1404,MaxNormalized,308 nm,-1.4486232645903516,0.1662247057690602,0.4657259635191214,-0.11452261715838123,-0.6426788631146823,0.2530390016223042,0.09632397389429187,0.1841374409461277,0.10716926461332608,0.0175236630751926
12,G3,1404,MaxNormalized,308 nm,-0.985188463694592,-0.35550837332824814,-0.4215141621975985,-0.22447289063967976,1.3105276645980801,-0.08125862626840093,-0.16913545985255793,0.2867392155166179,0.12340390591938448,-0.26700732327183935
13,G4,1394,MaxNormalized,308 nm,3.698831069097895,-0.09136658466380373,1.5342070644053387,-0.8647555533919173,-0.008765137393006512,-1.7575821404295169,0.059754743773060566,0.696557731167583,0.4950739558220276,0.8669358762909783
14,G4,1404,MaxNormalized,308 nm,-0.9568383262247145,0.3865880531876759,0.0017512481862843648,0.18170732713485244,-1.1587382707250344,-0.09489043053514377,-0.011139678365855875,-0.7195094823259139,0.09364821786368215,-0.04668253851566901
15,G4,1404,MaxNormalized,308 nm,-1.180251031187874,0.3281599086101251,0.3051772660427613,0.12118750618374988,-1.1163948268859594,0.11292460248364657,0.02724148919391548,-0.20464162502715402,0.40748235534480864,-0.13752470244511522
16,G4,1404,MaxNormalized,308 nm,-1.1894527315882257,0.28821952538974227,0.3404005541420061,0.11266122485036587,-1.046117188736929,0.11999055928915321,0.026188068977165104,-0.17868665776777878,0.44407805686345925,-0.13293412487818726
17,G4,1404,MaxNormalized,308 nm,-1.543049533060742,-0.10415998120173979,0.31568275562094594,-0.3303093764597624,0.30610947572910735,0.21616509336881806,0.10744349024713594,0.5900335277980239,-0.09874618966034317,0.03205604452595653
18,G4,1404,MaxNormalized,308 nm,-0.9115770399143166,-0.7627313183364698,-0.20499125961039938,0.2123609293527269,1.3636739935993285,-0.7469027165773757,-0.2933835723490835,-1.2434046782660735,0.6747846778943496,-0.07237395754181546
19,G4,1404,MaxNormalized,308 nm,-1.2508038005616136,0.3438642706854738,0.36277622838482765,0.052690580915174055,-1.0782344204957535,0.21267977189681384,0.048459341496836644,-0.02721618503963302,0.21271986762036998,-0.06279487811013394
20,G5,1394,MaxNormalized,308 nm,3.608425335756059,-0.30497065104882914,0.5847436915722155,-0.9033134765934085,0.28629756693797587,2.0452114590595247,-1.4397017282530702,-0.31506869043495206,0.9714026054512876,-0.3959932255402236
21,G5,1404,MaxNormalized,308 nm,-1.0279592746837642,0.25781231163440693,-0.03726194269667443,0.08710317910569282,-0.7191325957989808,-0.149294464925085,-0.04107498194132679,-0.7378285627001584,-0.13571427298761468,0.0818123697134471
22,G5,1404,MaxNormalized,308 nm,-1.064917702553523,0.17099328810707376,0.029405392469281345,-0.044715270929996144,-0.44825114303921204,0.015271881528670334,0.00863701780302542,-0.4214964682655456,-0.3190263943792567,0.16833336895699255
23,G5,1404,MaxNormalized,308 nm,-1.4352970150710247,-0.18988099919521664,-0.004027200902482365,-0.36500742082475934,0.8877557162557487,0.2019553564310256,-0.0019479200544202358,0.9995280332533828,0.04883686553810951,-0.19426657756406976
24,G6,1394,MaxNormalized,308 nm,1.740065435568164,-2.2594013121167946,-1.4766465957254273,-0.059523754687937976,-0.5561231998291721,-1.244546298331727,1.475386149891643,0.3125898141363369,0.7917623525323229,-0.5827924478153325
26,G6,1394,MaxNormalized,308 nm,1.787349610232449,-0.9340122118377729,2.7660785069641074,3.6804903279348906,0.48109510928407406,-0.3090881405890954,-0.03396772575818605,-0.06345447475495586,-0.4680317954205543,-0.16686298157149432
27,G6,1394,MaxNormalized,308 nm,0.2255714525707009,-0.9479195964749502,-2.3496369175632217,1.417122579140282,-0.8089532025677489,-0.2395660661711334,-1.6448921787852055,0.7633904147379984,0.13691489586280275,1.3119881551376367
28,G6,1394,MaxNormalized,308 nm,1.222524137434282,-1.769299810820898,-1.7694475665101268,1.3179634532077105,-0.5732213983700424,0.322333921014064,-0.08131261087918032,0.6121491635266051,-0.34822088971275295,-1.0903068290023805
30,G6,1404,MaxNormalized,308 nm,-1.3249381781598941,-0.03334440006004088,-0.0026790755589002927,-0.2503580869564364,0.27267299915763615,-0.11857345648255903,0.03322115109404285,-0.2906472093907331,-0.4375801455062864,0.16789659579990968
31,G6,1404,MaxNormalized,308 nm,-1.2604149933818392,0.20794650511340526,0.1253330890401848,-0.08694490500178255,-0.646113315636131,0.04238373904989273,0.06600114240990991,-0.3054497138639096,-0.21477226416996303,0.12233535959308214
32,G6,1404,MaxNormalized,308 nm,-1.09183028231914,-0.08570179857120158,-0.5901143223429173,-0.21373176529401208,0.95117977173395,-0.3207999327313313,-0.1640176962533546,-0.2903412625937573,-0.4954841749275582,0.018486473126060513
33,G6,1404,MaxNormalized,308 nm,-1.3687028844063114,-0.12141461810407363,-0.14681177656083932,-0.32048918867339093,0.6868490068072768,-0.07502623392722756,-0.008351113790723758,0.15592364219108362,-0.3871271769305037,0.048231396551084646
34,G7,1394,MaxNormalized,308 nm,1.713069842518222,1.2316131881533734,-0.13458242952550692,-0.8118798531659887,-0.2985595237692253,-0.7814983578491002,-0.5506792966230009,-0.11883091236119789,-0.5845108933528129,-0.5646060705554481
36,G7,1394,MaxNormalized,308 nm,2.284084275997422,2.0572553355470693,-0.4290508442372303,-0.2145549112324764,0.10229272997693944,-0.2793322085405195,-0.23603269258473714,0.15130055255084976,-0.3108092666010152,-0.7109035038703088
37,G8,1394,MaxNormalized,308 nm,2.1164271816545277,2.212003515451997,-0.3962166238268518,0.32686629682176427,0.31232267424675514,0.04057372687334709,0.14243364820104532,0.15303139880876815,0.06537917287121885,-0.14096112012047626
38,G8,1404,MaxNormalized,308 nm,-0.9539095685967802,-0.6622826605477221,-0.47597773064988824,0.20366823427540262,1.439862796007411,-0.8146361108784788,-0.36998310214169333,-1.3317276220151257,0.5842811908857463,-0.06111728865445994
39,G9,1394,MaxNormalized,308 nm,1.554895899323819,1.8807425357869163,-1.011441501371656,0.8481355194193617,0.596183894976774,0.9419259853568499,1.130096598184115,-0.1739664219860867,0.18379798822908525,0.5416104294456998
40,G9,1394,MaxNormalized,308 nm,1.554895899323819,1.8807425357869163,-1.0114415013716558,0.8481355194193615,0.5961838949767737,0.9419259853568498,1.130096598184115,-0.17396642198608667,0.18379798822908514,0.5416104294456998
41,G10,1404,MaxNormalized,308 nm,-1.5055491733110407,-0.002271860474701471,0.7317537661085528,-0.16290563770460986,-0.3587526526356868,0.3392316259160969,0.16021339778200736,0.4677791097395894,0.35517820034600156,-0.04209742857262823
42,G10,1404,MaxNormalized,308 nm,-1.2954239391272295,0.16297646714034195,0.39976746468453095,-0.0525046854083886,-0.6267729230189546,0.1064070592858392,0.07608504715958984,-0.24497905461977365,0.006067181929336234,0.07683838943925506
43,G11,1404,MaxNormalized,308 nm,-1.5029642723963055,-0.24657147562207424,0.3921872629513602,-0.3675594814648972,0.693458159525707,0.31157063161977533,0.07537281860530497,0.8810344740531177,-0.015031457959490273,-0.02653234057222986
44,G11,1404,MaxNormalized,308 nm,-1.4918059842350015,-0.12993544269484006,0.2582500635276758,-0.30561875491419727,0.45540968680034005,0.1491102817838046,0.04439263936922467,0.43362447992557596,-0.147657195255745,0.05355612554704633
1,G1,1394,MaxNormalized,440 nm,1.9490618435184943,0.058870735087981955,-0.7803981411910934,1.5435696120553288,-0.11281833834872847,0.033387362105005654,0.5338846324378544,-0.035134228153369335,-0.053230095039337205,0.028776358247278946
3,G1,1404,MaxNormalized,440 nm,-0.987320969144174,1.858601392573357,-0.586460628755991,-0.3692851323081611,-0.45190237603004574,-0.37641843913042505,0.017951281916556584,-0.0971718299489102,0.19803176772627032,-0.042232731331703015
4,G2,1394,MaxNormalized,440 nm,2.505388265240132,-0.08910697837429182,0.29110008349016986,-0.24912807303008602,-0.005548288394896708,-0.001168658661146749,0.059728247436616956,0.13015307248365865,0.09408513142149717,0.044217526536989404
5,G2,1404,MaxNormalized,440 nm,-1.6626665135186713,0.09159736346437075,0.5139103409056556,0.24965620178742506,0.22263618042505134,0.03691929142491853,-0.02466786809028556,0.18738758398932345,0.05122457633596453,-0.045667626983872084
6,G2,1404,MaxNormalized,440 nm,-1.4342272567096157,-0.4120858073159806,0.3057634194948968,0.16851794175856183,0.3377560756897679,0.025374072974138958,0.012061882432873532,-0.2980912754482844,0.11409174909441847,0.03452631742760867
7,G2,1404,MaxNormalized,440 nm,-1.3679161076325548,-0.3499666681832277,0.2839314392539085,0.1699572806740928,0.33071814605347927,0.08383679533373228,0.0148197854378211,-0.3422515143104058,0.0742698976810978,0.05515700402505939
8,G2,1404,MaxNormalized,440 nm,-1.5965781919817301,-0.028783763328738388,0.5748402945409471,0.27028579297679967,0.27667325845073776,0.131292982077945,-0.009683543522397099,0.06842054803012199,0.029751687462308656,-0.061181812013054816
9,G3,1394,MaxNormalized,440 nm,2.1469626962777446,-0.09073055993033285,0.3967675256250589,-0.8248741792724064,0.10989300949055489,-0.010064011505655928,-0.15824187669185716,-0.08812339288745985,-0.04317328441852415,0.15395594079493802
10,G3,1394,MaxNormalized,440 nm,2.1908745230750593,-0.09892897808916505,0.4304236995239447,-0.8646791205296036,0.1113427855285282,0.010268099350849616,0.10878241240920519,-0.07319664052868956,-0.07526954955404976,-0.0774569259148477
11,G3,1404,MaxNormalized,440 nm,-1.3719105080628988,0.8287454827998281,0.48800580569861346,0.18451270370748502,0.03813167764880269,0.31732232497976665,-0.0062757168178787116,-0.09657731152878636,-0.19556570903793194,0.09145845429306826
12,G3,1404,MaxNormalized,440 nm,-1.2105424937168816,-1.3519397114400675,-0.7616202492398914,-0.36304831874863297,-0.4067257119394362,-0.32259100712174477,0.02970254034726646,-0.02724001722898451,-0.3633675248542111,0.1646924442683082
13,G4,1394,MaxNormalized,440 nm,2.3956029721176937,-0.10385056996252702,0.2619853572117324,-0.2981680597795877,-0.004490034996480703,-0.010527641932329256,-0.123768115009808,2.811103505610193e-06,-0.04560609648079514,-0.2501332394606369
14,G4,1404,MaxNormalized,440 nm,-1.2431408425108157,1.7039221431980065,-0.01720270408204793,-0.1301567189522671,-0.5024311876594175,-0.0819926290527796,0.0034036662061911554,0.08264388613965716,-0.04659798639375869,-0.006740251123300568
15,G4,1404,MaxNormalized,440 nm,-1.0528298888352767,1.870414347616131,-0.502001879870886,-0.33343474633870723,-0.464989362510479,-0.3399462380543194,0.009347021780770931,-0.05601453580067529,0.20038557616377461,-0.05088605149957514
16,G4,1404,MaxNormalized,440 nm,-1.1127045152074773,1.698265528745308,-0.1650531132133837,-0.18910515160066105,-0.4769010685242806,-0.18945223431429337,0.02140334893541791,-0.03391791475229801,-0.037633511397486684,0.026625337112219958
17,G4,1404,MaxNormalized,440 nm,-1.6264495448626726,-0.4430166446912853,0.43285675437474513,0.21937348634526666,0.2974364601240789,-0.0630879041252193,-0.008757901834164923,0.07017613002642033,0.11006771970945506,-0.09836799872497969
18,G4,1404,MaxNormalized,440 nm,-1.549001481757505,-1.3599985093817177,-0.578916101213896,-0.28683250599307575,-0.7026091879160066,0.6805691815748507,-0.07182213370920502,0.19770642568489663,0.22175198059871623,-0.15088293635413508
19,G4,1404,MaxNormalized,440 nm,-1.5658309123359015,0.3955044239285107,0.5995237065449868,0.252733326468589,0.1551777951165276,0.2737409643364422,-0.01492208053065367,-0.05914918175185504,-0.01025182761191531,0.026210264842215437
20,G5,1394,MaxNormalized,440 nm,2.1160550863581347,-0.07824170516100269,0.13547419090643018,-0.16941387799457366,-0.028644601936256973,-0.05581511853364262,-0.2312259724043995,-0.2377284658460621,-0.22201746370436515,-0.3368982267129822
21,G5,1404,MaxNormalized,440 nm,-0.30229773147964767,1.1161898450460568,-2.119121606674689,-0.5152114018502272,1.5743839628295393,0.2789494044992904,-0.07306958374151777,0.11040983223130572,-0.050828137979010445,-0.021006532322415644
22,G5,1404,MaxNormalized,440 nm,-1.3185610934527165,1.216307073631465,0.3416767561286935,0.08173744479204403,-0.18373617934888353,0.2843582220882575,-0.0037579304090092445,-0.02560479310433623,-0.19518096717658945,0.0992264103391013
23,G5,1404,MaxNormalized,440 nm,-1.3835232173145273,-0.83180653231376,0.019300882951620517,0.04718765212417006,0.27850979456865155,-0.24835234569197923,0.028963592782462966,-0.2676023437366675,0.10084959643871673,0.013468709613344912
24,G6,1394,MaxNormalized,440 nm,2.1793509245093166,-0.10474957698653392,0.5514361933998659,-1.1989765947636333,0.16356500029798388,0.10750572502899693,0.7351651772398753,0.05894109895635007,0.05768878980269681,0.10027125100307474
26,G6,1394,MaxNormalized,440 nm,2.223073553547344,-0.03601366981112944,-0.33613558900795887,0.9076017318440858,-0.15504225749823927,0.015247744379974991,0.4819953578267216,-0.04488530820088063,-0.04282037996719155,-0.18703995348364622
27,G6,1394,MaxNormalized,440 nm,2.540119510075855,-0.0811766561644197,0.014498806010252387,0.29360940974960775,-0.03822818367200747,0.009246613581343974,-0.12811164078124018,0.1734164309490559,0.1526426712385565,0.18137598932128418
28,G6,1394,MaxNormalized,440 nm,2.3819007463720414,-0.08104248717976507,0.15013067150924536,-0.11394528366078381,0.0067933477210584,0.01824167954452025,0.12501681877405466,0.06019562654939167,0.025856278164905856,-0.03185957587575347
30,G6,1404,MaxNormalized,440 nm,-1.6149635058203808,-0.9394860270206011,-0.047566064090579376,-0.015583662083783714,0.024156850136170558,-0.3528135782186196,0.009037356050894783,0.3048037081723771,-0.03109975690728609,-0.03873592122646745
31,G6,1404,MaxNormalized,440 nm,-1.452788517331972,0.9735835856136318,0.5450214730069506,0.19268461176477303,-0.0348098103230094,0.2710212323264369,-0.01065434077082429,0.0927235874897972,-0.19640061788723007,0.02011496363942023
32,G6,1404,MaxNormalized,440 nm,-1.501730141798708,-1.2400840200458785,-0.23341169321755997,-0.1139604525712056,-0.08865231728381764,-0.2838224371717059,0.028208103213587295,0.17559287894076298,-0.11506990756148547,0.030124492722889362
33,G6,1404,MaxNormalized,440 nm,-1.514026814610774,-1.2265114067832106,-0.2098887292519859,-0.09818589041796037,-0.04504369882924188,-0.43248715883997074,0.00690794594665739,0.19540191223900105,-0.0802308086397048,-0.03474080454836013
34,G7,1394,MaxNormalized,440 nm,2.3711025590056467,-0.04361370382234098,-0.0922241422805051,0.40199494374885514,-0.051421994910092694,-0.0251864276575716,-0.3068122883203979,0.05605859413559128,0.05984853297343418,0.1141092572032342
36,G7,1394,MaxNormalized,440 nm,2.4137242958172327,-0.0805150787801099,0.1026664187370718,0.05950569525153982,-0.037116593128504134,-0.031666109902602955,-0.26764202210531013,0.0010333568641958865,-0.016413158053473532,-0.07497248473512512
37,G8,1394,MaxNormalized,440 nm,2.397097004459616,-0.08675822335273896,0.26370970492064777,-0.3506080810305191,0.04329498233520341,0.004769524215133294,-0.14153737729820956,0.08487318755750899,0.0713097971161223,0.1363554957072478
38,G8,1404,MaxNormalized,440 nm,-1.2046563029295072,-1.3554031393462675,-0.9453371853387007,-0.47004079455500064,-0.8270687723932695,0.6150739265277793,-0.03727167324753201,-0.20352451115703418,0.023409998156756404,0.04776358208144958
39,G9,1394,MaxNormalized,440 nm,2.2383173523873388,-0.024259263124423544,-0.33957686502967477,0.8828670760717845,-0.12343034578856009,-0.028885925942689943,-0.23713078484752548,0.010722755659909542,0.054950235430921916,0.16570577619003893
40,G9,1394,MaxNormalized,440 nm,2.224056910248549,-0.0406539621553793,-0.1327709006348641,0.42571893422021917,-0.0719518571565362,-0.040192128068412276,-0.3585439949587456,-0.06533820143883559,-0.03484258173763212,-0.008788960294698079
41,G10,1404,MaxNormalized,440 nm,-1.5664502548424,0.5378637355665892,0.5035212905634983,0.2274664260869784,0.15242447825988914,0.12261551463970617,-0.026454817986384643,0.13719882013263657,-0.02185663030883245,-0.00476542682665679
42,G10,1404,MaxNormalized,440 nm,-1.7110334485170797,-0.10288840145527657,0.4807071699991084,0.23066537075449398,0.1909983155626138,-0.00222884630105028,-0.023271635903613405,0.2557792470361522,0.05411666418746967,-0.053553734172510144
43,G11,1404,MaxNormalized,440 nm,-1.4361679098191962,-0.8603728448470274,0.03924118736394419,0.05361212958423967,0.24562957701459348,-0.2394941307759009,0.024785373018675984,-0.2360659472764158,0.09190330018708852,0.029770983271335857
44,G11,1404,MaxNormalized,440 nm,-1.4853700788171205,-0.8078807682240371,0.12119242093171675,0.09138027371453797,0.2540404713349571,-0.1835476899870315,0.012458754787456793,-0.1660240812716688,0.09122004482063821,0.012004634964612616
1,G1,1394,MaxNormalized,Combined,3.8726870916904814,-0.5426208989493413,2.061428818069043,0.18517779013747335,0.6893007977069985,-0.275641843281932,0.19801529477440302,-0.7325337960570381,-0.9020300201224072,0.1411443433228705
3,G1,1404,MaxNormalized,Combined,-2.1686040043408963,-2.860345641306095,-0.4622287812955922,-0.24912011913594856,-0.29195907470108384,-0.9216906377834656,-0.2041986379746003,0.19940985739096984,-0.02024894578979295,0.24697462180048893
4,G2,1394,MaxNormalized,Combined,3.790014769251977,-0.11190432557580927,-0.22625159114276067,0.5187090968256677,-0.8117628597031056,0.021570826446720537,0.38964321218075154,-1.2394137845287232,-0.43505635993532893,-0.054450275735260185
5,G2,1404,MaxNormalized,Combined,-2.7302771536038963,-0.04601155909664176,-0.13349514502895074,0.3261858051676017,0.5988124542562799,1.1731003337200592,0.31841941354956266,-0.10167555964216975,0.2051073010578005,0.4337289614421866
6,G2,1404,MaxNormalized,Combined,-2.325267822415584,1.2285056506979801,0.16478246668139818,0.1811793368017631,0.1570584723590969,0.5465678610498896,0.23305233548183069,0.017210412019274552,0.04030180481182358,-0.03154785523575652
7,G2,1404,MaxNormalized,Combined,-2.0845699893385654,0.4313480031072259,-0.1902094170297987,0.23665882865355223,0.6052391363386485,0.791215126775329,0.3247124705052987,0.16333816400762222,0.2429644437464526,0.7241908858057239
8,G2,1404,MaxNormalized,Combined,-2.376590917457707,0.33561258960816004,0.12477560794391387,0.2242477362050461,-0.09776327411469919,0.6648771063453961,0.2425818217029911,-0.17430852120642468,0.10728411187760024,0.7861826909425231
9,G3,1394,MaxNormalized,Combined,3.9576187947505486,0.7637225462049634,-2.794345822804912,0.2566136524775014,-0.03778940034878928,0.34794899273943347,0.11217403778260646,1.6202541912551314,-0.12015638674906073,-0.1780960302133967
10,G3,1394,MaxNormalized,Combined,4.514980853004598,0.5837027911002433,-2.6652835034486655,1.218450532238411,0.6491010403677624,-0.39075100588720185,0.17864176692178418,0.06163729946837478,0.2502186336263672,-0.08943811409240979
11,G3,1404,MaxNormalized,Combined,-2.7974600204940074,-1.2061457596696306,-0.2888887930349567,0.24457460862803276,0.24765039977046419,0.5739706193986843,-0.5033509937635713,-0.16932394045495344,-0.08626591297588103,-0.6268978445877006
12,G3,1404,MaxNormalized,Combined,-1.8235709164359708,2.270111192751158,0.43182112192372224,-0.19176214997175495,-0.4436976334724259,-1.0744283579380718,-0.0019988272216317896,0.350374999636441,-0.24681731514235777,-0.8068273756042463
13,G4,1394,MaxNormalized,Combined,4.838530913656613,0.11650812787674716,-0.928676130419918,1.5161342094955474,1.5497992767937443,-0.8355703467520931,0.2858865996716169,-1.728585961019815,0.1416639792926843,-0.023550519561080396
14,G4,1404,MaxNormalized,Combined,-2.308821951585685,-2.6080240687088354,-0.4503896862160106,-0.07147399780323765,-0.27727620258120633,-0.5522497516138286,-0.6183468302410207,-0.03154986312910814,-0.049264406889419146,0.16216432118935603
15,G4,1404,MaxNormalized,Combined,-2.2335152185009046,-2.7350393709043317,-0.47104311596754145,-0.19027817769759636,-0.215581032855196,-0.6966151888914622,-0.2043863836065389,0.17831300125952582,-0.011435441303115811,0.2047598863062656
16,G4,1404,MaxNormalized,Combined,-2.3135738511928894,-2.615575702232451,-0.5039329021942422,-0.12178259093420282,-0.09171292128534105,-0.4731993928015549,-0.45450998402718856,0.09214462911870894,-0.010146449700602408,0.11930686171707752
17,G4,1404,MaxNormalized,Combined,-2.6179981093941476,0.7654037886632205,0.10760672840796981,0.2072821024177586,0.09016818490247541,0.3024783984236044,-0.12026057986071018,-0.08657146534625189,-0.29404065353862535,-2.191659672964104
18,G4,1404,MaxNormalized,Combined,-2.6271673403464333,1.9190348499503747,-0.10028389464515025,-0.47937557472395587,0.09730878220814168,-1.8707078255554115,-1.1718296124547454,-0.07928437029542315,0.09821497714041005,1.1506070269699873
19,G4,1404,MaxNormalized,Combined,-2.7879540307299164,-0.9529178587039923,-0.1268052334186713,0.2796301344054667,0.21712048406584072,0.5807663168987489,-0.574263624006004,-0.24551394874469068,-0.16582725521027025,-0.9229023647806569
20,G5,1394,MaxNormalized,Combined,4.737504414875726,0.19670876075033455,-0.8444123314687719,1.116815303984855,1.2059419712563781,-0.027838936283573448,-0.4318998088298535,2.1020415696493706,-1.696584151162081,0.2756137337549171
21,G5,1404,MaxNormalized,Combined,-1.0048576727949987,-1.4841985601520469,0.24347845428407708,-0.7467044138387174,-0.9412820283723373,-1.77629727483309,3.4099419760442364,0.8130988253239997,0.04109626641985699,-0.17039880502355131
22,G5,1404,MaxNormalized,Combined,-2.479120672352029,-1.3527007153805812,-0.2926758623319512,0.15111279286753732,-0.0605157942928478,0.05952770656880929,-0.5466677708996911,-0.09536335477963806,-0.10006825981111664,-0.3234529721519717
23,G5,1404,MaxNormalized,Combined,-2.3856606506526217,1.3611679792584868,0.273212616336324,0.1849844194798134,0.06287089522413213,0.714520277020074,0.40157593153780113,0.07622241154391085,0.06154731045925488,0.3658193441089602
24,G6,1394,MaxNormalized,Combined,3.6714315333430476,0.7427675093250024,-2.6325602582507197,-0.4870543091314866,-1.6860934711613418,0.01885011747049106,0.03487009705651591,-1.206947323497767,1.5974428670316865,-0.1078948204028323
26,G6,1394,MaxNormalized,Combined,3.3818740718294253,-0.21973144654086765,0.6535752631575127,-3.5643536811230536,3.8527201292651947,-0.2242335059405081,0.10814429383935786,-0.05674548812225004,0.9073450344863268,-0.3800431996106005
27,G6,1394,MaxNormalized,Combined,3.3230990852579048,0.04348567674715054,0.2728276080901017,-2.7432198974119846,-1.9745157103165327,1.1268036264586052,-0.30707888870068606,-0.39005037761982997,-1.1893366922376238,0.3032020206749442
28,G6,1394,MaxNormalized,Combined,3.7866925896122106,0.31971823548740386,-0.8653610389101138,-2.4545048345978824,-1.2043321222365013,1.0072250832286695,-0.3091217060634215,0.21265548015753555,-0.2868557873897972,0.007952821753988745
30,G6,1404,MaxNormalized,Combined,-2.424899580248829,1.3215910664363475,0.3270534700002707,0.15117871593623805,-0.1047402517759916,0.01722423184920496,0.3575420568368929,-0.0807139446337036,-0.06264904994787787,-0.09919898126482503
31,G6,1404,MaxNormalized,Combined,-2.7200377610615343,-1.2820168266837126,-0.27569024288025995,0.23765584122067587,-0.0015705682664362989,0.36059682340340565,-0.5697055218351963,-0.2293433966877106,-0.12043189647932366,-0.604262610220909
32,G6,1404,MaxNormalized,Combined,-2.2189804070254078,1.8991445577080612,0.5136145355233928,0.05456771478144043,-0.42584466308982744,-0.2909164229262919,0.1418025473753985,-0.02955588055306474,-0.100366032586445,0.20861236415008294
33,G6,1404,MaxNormalized,Combined,-2.323463646009066,1.857623443653023,0.4533287149618429,0.07467587709730741,-0.26389187578277534,-0.1906565010942596,0.2775276095388069,-0.0034282449150153417,-0.19496875279293024,-0.7473055985463484
34,G7,1394,MaxNormalized,Combined,3.7301207210064433,-0.3879434540593118,1.2142775338074778,0.2817348489330582,-0.030954018932791073,-0.07042898307166727,0.2741598050934178,-0.9622329130390658,-1.3761453182777987,0.19439232353998182
36,G7,1394,MaxNormalized,Combined,4.2521576165504635,-0.4031820004164221,1.5921180290296177,1.1426902189898671,-0.32894667189538074,-0.047531220534661064,-0.17838368050172027,-0.358090665937547,-0.20921276267331926,0.09318800001254379
37,G8,1394,MaxNormalized,Combined,3.9851745023432987,-0.37645235394436083,1.4787308072815293,1.380412757883871,-0.43273332054515473,-0.1342057737965472,-0.24072132599774484,0.029195728394770318,0.979950177814816,-0.08728630005034392
38,G8,1404,MaxNormalized,Combined,-2.297591432427531,2.1263300615686385,0.11478259513359905,-0.6185836703264197,-0.33644564097421353,-2.3448269890012114,-1.219282017053021,-0.00901960512438773,-0.10034070232598226,0.27782566964277283
39,G9,1394,MaxNormalized,Combined,3.75095927711848,-0.3782876939457414,2.1408128777900974,0.3479378570993951,-0.7129658450295914,0.23698723518043685,-0.4859797325407261,1.1504794165059864,1.2893444679747792,-0.08499892640389634
40,G9,1394,MaxNormalized,Combined,3.7090300446133155,-0.3198361463439896,1.9688689903632846,0.4105106010042346,-0.7882255019845779,0.27239287042352306,-0.4873636389547657,1.1178692289720387,1.273791888118038,-0.07979082210945616
41,G10,1404,MaxNormalized,Combined,-2.6273582265327513,-0.6993826738636068,-0.2494778170193785,0.2605765582852643,0.5775447977719212,1.0663106137615777,0.2549691925857355,-0.05311148633115022,0.2477736262998993,0.7167350675752947
42,G10,1404,MaxNormalized,Combined,-2.5692590790632237,-0.2288549753044861,-0.02248885198423447,0.2633461796292866,0.33955432909028926,0.7904366630273306,0.22555482565155957,-0.15636394552935887,0.15032989816186698,0.7076192782685903
43,G11,1404,MaxNormalized,Combined,-2.5314984998216876,1.3760641590182132,0.176840860325567,0.24152848922518189,0.37763188403906217,0.7983997253015689,0.4411565293534032,0.07064431121719131,0.06663305926422909,0.12421942301368769
44,G11,1404,MaxNormalized,Combined,-2.523777325078257,1.1526210418695184,0.2105633203818549,0.22364140682439113,0.24277684830171845,0.7260194024952703,0.41897774704886404,-0.03516168872576598,0.07723870545726463,0.3657634425671002
1,G1,1394,SNV,250 nm,-34.33148357252897,-0.11785616555266834,0.7223108142684649,-8.7816068027663,-1.6509233340656517,0.26740405355533936,0.168359362931461,2.9350595475720818,1.5198802584110482,0.5134914965914028
3,G1,1404,SNV,250 nm,17.029521487916956,22.506375792341057,-8.72550713280712,0.7935018158358694,-1.113854241285904,-10.242874432164301,0.10776952616734094,-1.4432058785056734,2.3929415356718673,-1.7963409127889347
4,G2,1394,SNV,250 nm,-35.536368952094755,-0.5788913534635381,1.6416810543281173,3.409955559494185,-0.33883071752845,-0.01949737701294134,0.27418969105128543,0.7220341130960513,0.3556768465273545,0.21775303222580775
5,G2,1404,SNV,250 nm,22.799551353189962,3.97965296147846,12.96541885435225,-0.7812973700157418,1.8681210180239844,2.6105704090974737,-1.03001177368323,-0.9495621719420688,1.476620847697363,2.2039097161809353
6,G2,1404,SNV,250 nm,22.58728903313643,-11.730021607538223,3.801322256402903,-0.23369543764522963,0.6060816404784722,1.0474503842656309,6.738847855461526,0.8234600818819081,-1.1963869390752762,-1.6733065930785749
7,G2,1404,SNV,250 nm,21.893087005135012,3.5172216904169953,14.855350875252078,-1.2072491987245824,2.8058525277850204,0.21939653342616114,-4.838111938222781,-1.029277984994264,0.7748843660949546,0.9855447806337845
8,G2,1404,SNV,250 nm,22.421676450365315,3.3381716732382856,14.723082298895804,-0.8834612850370773,1.777696648242224,0.6788591913174826,-1.3079141283564921,0.7356519717157026,-1.8138073901445269,2.5082995007005566
9,G3,1394,SNV,250 nm,-34.57002004460541,-0.7699177999747413,1.726340943504482,9.783231677408809,0.4487470219839905,-0.23509609732079065,0.07886314619217896,2.7377160646225747,1.9705191825040476,0.08458270605996815
10,G3,1394,SNV,250 nm,-33.74545018795344,-0.4770369618612934,1.366853891959625,12.55003517392928,1.3824380241290606,-0.11311153620076726,-0.15101030643346913,-3.0772631114741364,-1.9629271332338551,-0.36149429036746444
11,G3,1404,SNV,250 nm,22.512310571607703,5.575942364453108,-3.9371590992577303,2.1501901915120563,-6.677456237270838,8.737744032521174,0.7506249490313291,1.949544528998864,-2.3256985416268505,0.8311290799199088
12,G3,1404,SNV,250 nm,16.405952187501132,-21.64257555538445,-17.124798572357466,0.4231708913750649,-0.455724152518977,-7.894083440523081,-0.11012212117607224,-0.5305496671267975,0.4198140718059428,5.1171067253113485
13,G4,1394,SNV,250 nm,-34.39265208370997,-0.37706087861102755,1.3629642025772677,8.309621722774132,0.4205223510758129,-0.08899651950924628,-0.214940306117728,-0.7895623869882789,-0.5432725850674487,-0.5047530900263919
14,G4,1404,SNV,250 nm,19.51591427675205,19.723209789180597,-5.519130765356181,1.6128925672251282,-5.629027910877171,-3.4613243432028615,2.1770044988841097,0.03394561657355897,-0.0658149425477212,0.838332994306647
15,G4,1404,SNV,250 nm,18.17655184224173,21.404240939429013,-7.233460103366992,1.0688053089293543,-2.5217453384451334,-8.455728564648732,2.53567988688202,-0.5383197836331337,0.8732665529700382,-2.752048652023595
16,G4,1404,SNV,250 nm,18.561947039485915,21.309208199156895,-7.186822283802206,1.475512497608378,-4.6854116138763136,-5.5481958476206374,1.4273956821332734,-0.9057333265236351,1.21141309956515,-0.38172523075698467
17,G4,1404,SNV,250 nm,15.122121192667349,-9.954326513359737,-23.034151699465614,2.5665497120884266,-6.8309075654479585,11.697541040169892,-4.380028350620534,-5.407667540143079,6.945076732869286,-1.3457789125617758
18,G4,1404,SNV,250 nm,22.02806124889897,-4.740731744394544,0.4887871990670251,-0.4252223524319654,1.5500288881475768,-5.738631916526908,-13.115081618514498,0.8825550920731111,0.6415893887803213,0.949318985639782
19,G4,1404,SNV,250 nm,22.329904657667807,-0.5651831224119166,-4.715636925531352,2.0461034134200307,-6.274358884138434,11.65315603903949,1.292454180786502,0.4112446590631747,-0.13245388316996412,-1.6234555155580135
20,G5,1394,SNV,250 nm,-34.35828586509189,-0.41666289416965985,1.0588480296433558,-1.272180481887172,-1.5934492350773162,-0.08274181726137073,-0.2850375290686843,-0.32915169790146126,-0.49996345863943165,-1.4648382690476804
21,G5,1404,SNV,250 nm,2.5039602350657244,11.250117540832818,-17.740582062769928,-5.924025064052925,36.551597286743984,6.221232904141709,0.7247334525597535,1.5548302899527031,-0.7761730208112514,0.14771249139722756
22,G5,1404,SNV,250 nm,22.416454013000536,7.496714729026188,-4.441431901684339,2.071338725747655,-6.6090547538140445,4.995244307716501,1.1265377812067114,3.864653321880416,-5.210537489363173,1.0678542106755362
23,G5,1404,SNV,250 nm,22.823824824074727,-5.519076240196044,11.946237699587094,-1.1181756790766724,3.363885173232868,-0.7024497168850474,-0.013654825885042838,-0.22349203175984975,0.006335604282788192,-3.2227747171526557
24,G6,1394,SNV,250 nm,-33.5294019635956,-0.519538375871054,1.3596525603974687,13.944120319933154,1.6952077745201757,-0.1732414928444841,-0.16864651509913384,-2.531550126915114,-1.5626092849872422,0.19959094233866972
26,G6,1394,SNV,250 nm,-26.719675743118955,0.6843124551750253,-2.047003678428755,-26.976287358189307,-3.632783834370797,0.11502544488014502,-0.2555345892313319,-9.004301222533194,-5.574676213966196,0.075514545810127
27,G6,1394,SNV,250 nm,-33.98950984726497,-0.1795258357358621,0.471014558405908,-11.794874100369515,-3.2782028269689842,0.2725601219582701,0.09829121359068115,2.5887910394617597,1.5281115667530971,-0.12265290565414338
28,G6,1394,SNV,250 nm,-34.02600848119886,-0.2044388172323762,0.5873414899191547,-10.691923878506282,-3.04108286865981,0.17939279875642,0.03638291024755035,1.1058036047904112,0.2616141870701529,-0.21762210240126628
30,G6,1404,SNV,250 nm,21.74689624502693,-15.442433781553767,-0.5519539310471947,-0.3067092566607714,1.3367242683953235,-5.3351714210991945,6.500437461958935,1.0234082412632612,-0.9461450178181969,1.7686051957518398
31,G6,1404,SNV,250 nm,22.35721990096767,5.949556359671572,-4.28096324309207,2.2022652628929413,-7.0157237466813696,8.241871379322603,1.7307143155560705,2.243899245872439,-2.8239098803774643,1.1230803203538509
32,G6,1404,SNV,250 nm,21.996856465656123,-14.740754594911493,4.6240619306949835,-0.7397577243447339,2.4468798909753517,-3.944335567854291,4.331333284648754,0.8179677043663961,-1.2565366949310064,-2.6049380772728155
33,G6,1404,SNV,250 nm,19.17976943114305,-20.377289675282896,-10.719263969795188,0.28037975994948466,-0.21624303951764046,-5.25290905082592,3.7571086529777595,-1.0333078480741287,1.8027526120655544,3.3901432596371266
34,G7,1394,SNV,250 nm,-32.589607348536276,-0.05131673504569873,-0.014124432839369233,-16.532567922548136,-3.5690515372650498,0.24790632304167443,0.19759130889763138,2.750833086360129,1.7588550009468245,0.25354292122280675
36,G7,1394,SNV,250 nm,-35.37352302548747,-0.48826306569571254,1.4539991671665038,2.516638974663249,-1.0028025572106405,-0.04479190510494699,0.15553957698814738,2.731619411323707,1.6683703944392005,0.12633838490361907
37,G8,1394,SNV,250 nm,-32.675581895664116,-0.5964114528627402,1.3335326796202385,15.60837833735636,2.6993594553382274,-0.244288750912409,-0.08715199636487074,-6.793128170020633,-4.400593018881125,0.6369123653325155
38,G8,1404,SNV,250 nm,20.639894366432387,-11.791761159089896,-9.512205851811633,0.7287043630937761,-1.7606895627841614,-4.296904539494771,-8.790307825915031,4.819032733029931,-6.428794545372288,-3.867844447496343
39,G9,1394,SNV,250 nm,-34.50319395395403,-0.23857711064266324,1.3398896604902202,4.211781745045961,0.4264829462639349,-0.04174272447315439,0.008080030105743447,1.4498800629369375,0.9439041316204791,-0.019659993202944585
40,G9,1394,SNV,250 nm,-35.02136131726978,-0.5069657047283451,1.5399067580991028,3.344677048181491,-0.3752831880978233,-0.14180038620227806,0.1193279536865157,4.3182680987531175,2.702510992053406,0.3764626020425989
41,G10,1404,SNV,250 nm,22.070068209771282,9.00097613337785,12.9160351862735,-0.6918528760826821,1.2706442061150982,2.021980742694572,-0.5834232326312818,-1.3243269122770662,1.6623219287611763,4.62883931993914
42,G10,1404,SNV,250 nm,22.68877179305808,3.171869071244133,13.979126187962239,-0.871153973186458,2.0144996510250905,1.7134000936860188,-1.052863022566713,-1.16805667498915,1.6549295902202819,2.69111827986085
43,G11,1404,SNV,250 nm,22.59820332090639,-9.487778391993212,9.634326327710628,-0.9500750602979049,2.9174562971237856,0.6165766664522744,1.4684738478986907,-2.3133812749541613,3.308577620534407,-4.8069810456816535
44,G11,1404,SNV,250 nm,22.956317130405257,-7.39317416145844,10.886111026834714,-0.9157392466413474,2.6903820763025075,0.5206049816453324,0.5780995100429297,-1.1083607048324016,1.6403335283682672,-3.9689691017648414
1,G1,1394,SNV,308 nm,-30.821628381400693,7.50871786966276,12.24027446674634,3.014320710311649,-0.8064836970963603,-8.379309777849098,4.097232329892776,8.853014089980448,2.0025942298763537,-5.798021683332577
3,G1,1404,SNV,308 nm,12.895558549096345,19.824173166104107,-6.912774337791414,-3.588109991379421,1.5939581632900484,-9.01314709289498,-5.806799414472623,-4.731416416306004,0.23369355725216256,0.3346440168132505
4,G2,1394,SNV,308 nm,-23.327740744263536,2.745023481023551,-3.223986847270921,20.574209498036222,-0.5024850369876283,-4.981376394524022,6.335121642470729,-5.277138575915662,-5.167651557371048,8.567644397042464
5,G2,1404,SNV,308 nm,19.132479811338655,2.4467532512602843,3.0540387230659953,-0.5334439393869403,9.185270276843779,-0.30303891389881266,1.4592801983522776,1.060798562662744,-1.2526987444956807,-0.4522684940664333
6,G2,1404,SNV,308 nm,15.50378280597072,-14.446698274469409,7.518520931645839,-0.06029260569079317,6.6183362583463925,-3.3966151078665554,-1.3504525328964432,-0.07970221476995751,-0.6550773503294782,0.36246834855770305
7,G2,1404,SNV,308 nm,13.372186445785825,-0.616335045036784,2.2516866585449256,2.375681078434086,3.5218307099616464,8.23866676091726,1.9769335582599847,3.49454784356971,-0.08143275177833428,-0.1469417521556247
8,G2,1404,SNV,308 nm,16.591868110775316,-8.242527159807093,4.374872507391761,4.122399066925001,-8.794467638898878,8.423163449177386,6.179407191197403,2.3197978404984054,0.15649492939580317,-0.22374022262508175
9,G3,1394,SNV,308 nm,-21.048544749590455,-8.403065340942302,-15.252986575524968,8.679217839539062,7.551860596295845,13.730533989394564,-9.742059938656116,-3.034292951552434,8.016407671002497,2.603797796227447
10,G3,1394,SNV,308 nm,-25.8361326925797,-3.656948669721163,-9.52567852190657,15.815056391652021,4.613311015574404,4.924690395200627,-6.687526397283186,-3.388370188882457,-0.14840313023450963,5.667561478373828
11,G3,1404,SNV,308 nm,18.93377141092541,10.92823130036617,-0.9464414005218093,-0.6083341963396885,5.220070508986053,0.6594070224191655,1.197265780931311,0.34749829572109725,-0.09309269181129946,-0.2748941742680626
12,G3,1404,SNV,308 nm,8.36859224736167,-22.560358396786487,6.625843441439158,-2.186312036545427,5.062716613622349,-11.181802472301511,-8.794377241496672,-5.019876637556398,1.3854808988244016,1.2430102192413341
13,G4,1394,SNV,308 nm,-27.630494460596463,1.9055790728653796,0.5365445128790407,14.528177791938877,0.6508913917030908,-5.855074634739305,-0.10560239121879031,6.51477628713008,-5.572670922275256,5.21324911959281
14,G4,1404,SNV,308 nm,10.816460763026983,20.800535899059465,-8.970318335075454,-0.5879873703749202,-9.221888676226419,-1.518046308197009,-3.0601071377072055,-3.4510780392912777,0.7820157129181108,-0.09935613123622208
15,G4,1404,SNV,308 nm,14.243521775300636,18.896509865150712,-6.3219986744085475,-3.0931677102309356,1.399432001750759,-6.907197564618097,-4.832436091710757,-4.109650338791092,0.6013274068068434,-0.04698653365714335
16,G4,1404,SNV,308 nm,14.591798622478676,17.7928732164624,-5.886405750407161,-3.004095519762502,1.5357745365370719,-7.027786041803583,-5.019009076518615,-4.0844675699210935,0.6998621346876874,-0.10144553325800527
17,G4,1404,SNV,308 nm,19.328206762757354,-4.154406000781781,5.0585168947789025,0.4176239371333618,8.326552196623789,1.8516051438257501,2.9664466993561542,1.9039531615042038,-1.3160547851543118,-0.16478055584736637
18,G4,1404,SNV,308 nm,7.410156414028767,-17.108495750115743,-1.4229760556581028,-0.8517172226272633,-19.670344794899624,-6.568072574934621,-5.849327411117528,-3.2361839097744975,2.7290270128350183,-2.493374907650093
19,G4,1404,SNV,308 nm,15.57443082686737,18.247911863019315,-4.608738370456754,-2.326822379251471,4.160940468579436,-3.2802840414745424,-1.9153165933481837,-1.732339594547581,0.39655848512399317,0.3493973353676072
20,G5,1394,SNV,308 nm,-28.702569023348524,-0.12596321486434425,-0.9070235459014583,5.5723617892904365,6.7686879345564375,6.0567792525749296,-7.4719075668616215,0.1362762201793068,19.167459834351618,-4.662957421716557
21,G5,1404,SNV,308 nm,13.54637893668619,13.037101935321983,-5.316682760298223,2.2684567859999056,-12.95891194409818,5.340672207086259,1.9562787568446525,0.010392485672320395,0.8103546691959902,-0.7411028538458176
22,G5,1404,SNV,308 nm,15.347049735581837,7.995614713532317,-1.3927224235348739,3.3639049562536285,-6.954159018450821,9.779625029234698,4.634151992222909,2.5634505290897813,0.5807866258637048,-0.34132579208960945
23,G5,1404,SNV,308 nm,15.826976840221358,-14.037443068506901,7.9448474586573035,-2.47349195793123,15.012137267799265,-7.2070011121915325,-2.0113594575934353,-1.2219652424658904,-1.2437260870343976,0.44618538355786214
24,G6,1394,SNV,308 nm,-19.62241601029575,-11.526164043450928,-21.10970688782559,3.022823681489974,0.2771050454313361,0.8962581384757666,1.836744291929154,-9.031636528439945,-16.81760321786646,-4.055620613370656
26,G6,1394,SNV,308 nm,-13.41992840247643,1.5681256705375788,-6.4596352277947515,-7.4758219858611765,-5.060907284205364,-2.179819755506019,-14.64316628986255,26.68114713367907,-6.075058268727546,4.743333544586691
27,G6,1394,SNV,308 nm,-15.564461466516711,-11.106697290388636,-25.44773519576934,-21.578230275313167,1.2184207557787905,-8.01702789169286,20.8508572809749,2.835051630102337,10.030582894793227,10.302568273789525
28,G6,1394,SNV,308 nm,-20.805206820422207,-12.224682076713114,-25.449466900665325,-11.93431260833707,6.213877371036033,4.512721355372273,1.2457186841532857,2.518740499458641,-4.964932914575363,-15.048052944340629
30,G6,1404,SNV,308 nm,17.363388351170773,-5.306346100826053,3.960821337949112,4.171461031039529,-6.9769858981745525,8.352110376789769,5.476595772020865,2.3764749211366274,-0.30029473902080134,-0.13619022541406545
31,G6,1404,SNV,308 nm,17.381285788723343,10.77539899996171,-2.357080320315404,2.27251647196108,-3.8086172070238478,7.324032091613449,4.315799365624647,1.4659239499079755,-0.2012658680331759,-0.36986402691584297
32,G6,1404,SNV,308 nm,11.859628770928541,-22.074984935595154,7.916204671209945,2.685509343086487,-7.7613629097085,0.7415236261173512,0.5943494039033659,-0.34234842018973094,0.4659148431474817,1.2747921467698655
33,G6,1404,SNV,308 nm,17.756897508294042,-13.353962072843824,7.176978066551984,2.580439133081722,0.7095399392134035,3.6369002309043785,3.8577962588122303,1.7669272939170544,-1.1840684338773564,-0.03762910393946199
34,G7,1394,SNV,308 nm,-27.080377389722322,7.1762784077983195,8.652590242091451,12.704698519632224,-2.0216125244765046,-7.583065936213847,8.858346380757132,-1.3585936733971515,1.8599127437346774,-3.862129027568121
36,G7,1394,SNV,308 nm,-32.36419598689276,7.411258434637322,14.7923132345544,0.07496319295392746,-0.6902047400646756,-4.438984158347933,6.456132306578646,-0.5764198710369518,1.1443716125867398,-6.815487893728603
37,G8,1394,SNV,308 nm,-32.17207832956837,8.29157186238413,17.469527845286112,-7.353094396297698,-1.4071632742190916,-1.379324522195433,2.22760968791432,0.42098893170104096,-0.663140861105111,-2.388107694135412
38,G8,1404,SNV,308 nm,6.150644986088084,-19.818442379615405,-1.1037401554940813,-1.86218807379776,-20.84887410136686,-8.53585309945427,-6.576399133523659,-4.343942798332708,3.6706004862321078,-1.3647103009131503
39,G9,1394,SNV,308 nm,-28.085143160383744,4.1814716784503965,15.76150143557561,-19.540849090266065,-1.7929997654753231,9.945127791314514,-3.7360445518050795,-7.3167786507583035,-3.964643914261638,5.006890333194045
40,G9,1394,SNV,308 nm,-28.085143160383748,4.181471678450397,15.76150143557561,-19.540849090266068,-1.7929997654753218,9.945127791314514,-3.73604455180508,-7.316778650758305,-3.964643914261639,5.006890333194044
41,G10,1404,SNV,308 nm,18.08868932300413,6.8293713251131125,0.7159596323951958,-1.3746750990598182,7.209176523048248,-1.7978400665285175,-0.5377044497430944,-0.22632992953151407,-0.26287110469656844,-0.670693870593559
42,G10,1404,SNV,308 nm,17.41788191341546,11.159520504715825,-1.6982860627445058,1.0988906343229852,-2.6566065636375535,3.490817502638154,1.543434844165971,0.5782700826193374,0.5007617911057881,-0.5453954667415833
43,G11,1404,SNV,308 nm,17.770514849359685,-8.545295271635897,6.692833120366135,-0.4102758894219508,11.415584860846787,-0.6703842698873617,0.8653353860299944,1.7750973098045584,-0.7437682521837963,0.10111646386098515
44,G11,1404,SNV,308 nm,19.29390922925422,-6.39467910377618,5.809007732660449,1.0413595850591908,5.461600404660611,2.3712895827490468,2.944802415227925,2.2561831338842144,-0.5611080306404168,-0.3824719667597445
1,G1,1394,SNV,440 nm,-28.316563951451325,0.29263288196337167,-4.684727029949784,-21.62769837664584,-5.780894896523178,0.31195375128304825,7.169371522571627,-0.09910244458289508,0.3860787454930093,-1.0569505955289065
3,G1,1404,SNV,440 nm,12.368992668294878,30.527835519962466,-11.832625755299489,4.314080620916551,-5.164555981504526,-6.143709766399948,-0.05874707539080105,-3.668665920515711,-0.11236302659844874,0.9931786747028711
4,G2,1394,SNV,440 nm,-34.04377002586374,-1.3150151132383194,2.9281008516556843,3.8834348834710988,0.817936707051119,-0.2024417305945739,0.9577665268861005,0.037512912041169265,1.0404142743387543,0.6952273928594397
5,G2,1404,SNV,440 nm,24.33548744068452,1.7208710202603041,7.827198257889794,-2.1436913049381325,2.7580484933100595,0.043846111600044944,-0.25070253660510794,1.5680551137486562,-0.038301096371866315,0.8184699921026546
6,G2,1404,SNV,440 nm,23.747980066051095,-7.900001204750425,7.098200608620612,-2.5541286985823266,4.534668304031854,0.2801202591296877,-0.10479890173823746,-4.70521134270987,0.5239096755699345,-1.1116088985802122
7,G2,1404,SNV,440 nm,23.532672614822705,-7.220535707824278,7.5883301302202115,-2.8613229758078833,4.462831376221771,1.4771711866363681,-0.1471088412564658,-4.837852269672722,0.7288544057165591,-1.278558255560818
8,G2,1404,SNV,440 nm,24.076024646676338,-0.36224340951637085,9.697398009428314,-2.4963853064028223,3.369773303270887,1.8227668670748725,0.08881987300417046,0.9455641288090677,-1.0474711847814744,2.6879428038604147
9,G3,1394,SNV,440 nm,-33.02660048930663,-1.7674206484428094,3.5887578173578176,12.058626986163155,3.759605040458437,0.13586452949960348,-2.000067205962888,0.1064048869565107,2.0680194319025182,-0.15633870312371223
10,G3,1394,SNV,440 nm,-32.82465672670705,-1.7539777984067806,3.6129179345115894,12.419510564900818,3.9292502809426244,0.23076534235136967,1.6375148341467611,-0.14428699428729055,-1.0648406302912226,-1.0325817976084501
11,G3,1404,SNV,440 nm,21.751796812882958,14.630953511581522,9.484736401428346,-1.1957996078236768,-0.03629073565279359,5.511207329405245,-0.05664309937346402,1.632817342220866,0.6502774155372278,-2.526517072374711
12,G3,1404,SNV,440 nm,17.17951546186661,-22.81429532941897,-14.561554458748821,4.3601274907622924,-6.667539628606273,-3.8125444719223616,0.2846552054589464,4.301459871146622,1.3401597183012208,-4.789692461569418
13,G4,1394,SNV,440 nm,-33.863447637173145,-1.6415080726000866,2.85020341163394,4.546082604859371,0.8853545384217201,-0.24563565397462953,-1.5841571215166879,-0.15207631800265833,-2.6220636504078305,-1.348072911050054
14,G4,1404,SNV,440 nm,16.572082071779967,27.450890540756646,-2.3260274694127445,3.2263692040388925,-6.5338312925592215,-1.2162273819201443,0.13485409818720107,1.1243788462876312,-0.3628787451623852,0.6487351541677617
15,G4,1404,SNV,440 nm,13.203818621606215,30.100812896444356,-10.411947148181488,4.086461479956933,-5.221104642132209,-5.486381192529337,-0.13251796247427283,-3.3253317097305413,-0.13443274401951785,0.6923490237293494
16,G4,1404,SNV,440 nm,15.34141192380619,28.799204448034768,-4.344098526703509,3.589008246947359,-6.664578400867634,-3.0793918122999373,0.18579075422113497,0.11649846124574305,0.23227148349414545,-0.21321161388048346
17,G4,1404,SNV,440 nm,24.172837715444434,-7.011681082829828,6.902059149827743,-2.1736942067678435,3.656247059916512,-1.3645180153700056,-0.028428673946547876,0.015608405468666013,-1.1104623871402841,2.1776056714304683
18,G4,1404,SNV,440 nm,19.03516547803705,-17.910795515072216,-11.22687963347531,3.9410403758052244,-8.187546195208434,10.142622493397573,-0.8160813363715871,-0.9091498814410702,-1.128393911120464,3.695502426774115
19,G4,1404,SNV,440 nm,23.48615109049371,6.655221816061787,9.961790532520109,-1.8748368836362554,1.7972181581766369,4.1151105331476,-0.09273838462917927,-0.6713186869282182,0.13989555333983172,-1.3695051023817584
20,G5,1394,SNV,440 nm,-34.14206161578772,-1.862841720219616,2.970966588187776,2.8351247294077955,-0.39001446166392034,-0.5421287620856255,-3.652030620999214,-0.18271067950148917,-6.104381828705804,-1.6145519018385506
21,G5,1404,SNV,440 nm,-0.46132225809794464,15.772546533226544,-31.763153487303587,-6.600210695189524,25.902934556513394,4.005353973779593,-0.9304598605878167,1.4762793297900032,-0.3613108120323578,-0.21771623049933836
22,G5,1404,SNV,440 nm,19.718379779694637,20.902430652740293,5.636853557224843,0.536476219547803,-2.957798686885887,4.861983235175671,0.01481364233854404,1.905433666528332,0.8901787884463784,-2.3249837802527664
23,G5,1404,SNV,440 nm,22.682204687567133,-15.66872344831507,1.4385459339620381,-1.4216454263692722,3.5507964162906442,-4.38374886398419,0.11950400913012253,-3.768092189959797,0.07120162355106642,-0.36600287269205445
24,G6,1394,SNV,440 nm,-30.81610233476609,-1.506484907343412,3.084811328896266,15.97950613053679,5.48777886916444,1.3568351461361516,9.897610831091056,-0.11757736596835017,1.226077111432805,0.9842873363444399
26,G6,1394,SNV,440 nm,-32.46794184464174,-0.9567196058136239,-0.7518342602792103,-12.456076441830545,-4.765005997155015,0.005474957305037789,6.443017091500661,-0.40146267235629723,-2.7907578135150484,-0.03068872535158798
27,G6,1394,SNV,440 nm,-34.25133817612061,-1.2578532996701635,1.2391287917031053,-3.4289495103100305,-1.0184241673919252,-0.09670674815916873,-1.3494802750406798,0.2611530617815239,2.881753038018643,1.229472891630135
28,G6,1394,SNV,440 nm,-34.35008616097253,-1.462147382983787,2.2798591402730066,1.814210026376334,0.41862841904653886,0.05822169077731393,1.7016004338587345,0.12533631024703412,-0.40215923339289156,0.6976789810511403
30,G6,1404,SNV,440 nm,22.899860215763134,-14.327666423481022,-2.157783415084942,0.484321894688204,-0.021875798237148594,-5.225920238216873,0.216913880330107,3.6678375004373303,-0.34753200792341904,1.8773536224432357
31,G6,1404,SNV,440 nm,21.421561616366912,16.259995641509352,8.72458267532038,-0.6832852849440537,-0.8758844745890302,4.312237838234526,0.1511182048172396,3.5693538883682785,-0.5721438765493743,0.10751043028323874
32,G6,1404,SNV,440 nm,21.21992130651149,-19.326975131167817,-5.201085174482736,1.5713145909403379,-1.6893707157395685,-3.7603404744075863,0.4997093055608951,3.2854640804040383,0.3068957867790254,-0.07842938675220087
33,G6,1404,SNV,440 nm,21.208153820338786,-18.931453707408117,-4.896504612371484,1.34393088190522,-1.080889275747793,-6.1451946141402525,0.16852067329221201,3.2848274055652316,-0.7765526294519856,1.084809662681037
34,G7,1394,SNV,440 nm,-33.99219780272877,-0.9957822929006488,0.7978103190870512,-5.359540270808218,-1.783071700885329,-0.4209849145240996,-3.998781311141827,0.2157983612059517,1.7991883817276573,0.706697208934156
36,G7,1394,SNV,440 nm,-34.45832562951035,-1.4394232399263445,2.1434586653565413,-0.3809566265740219,-0.6323231023011128,-0.4481655652856888,-3.4808931119097224,0.05132250735414552,-0.8377094502990317,-0.310199287220001
37,G8,1394,SNV,440 nm,-34.02411296917429,-1.45030526441677,2.760589858495372,5.079536710652108,1.6422305338669931,-0.029105283150601624,-1.6726547417338005,0.19881232700763798,2.344915003994559,0.44669078597884804
38,G8,1404,SNV,440 nm,15.3454117304977,-20.33688931538946,-17.288267880443946,5.830171747597178,-11.06213855283287,11.01147217586265,-0.6681282124549551,-2.9080446490186116,0.21511033326493456,-0.4733924976356682
39,G9,1394,SNV,440 nm,-32.6298801934896,-0.8107299528933114,-0.8262157998302105,-12.215599726366923,-4.2244854918141534,-0.40939580909620027,-3.1126313619951707,0.11749286977897777,2.3131444330534783,1.0697370717330947
40,G9,1394,SNV,440 nm,-33.776351091072726,-1.1449924412818255,0.8205580056844517,-6.089851920317761,-2.4660830744637283,-0.5302280849581309,-5.1293029816542255,0.041539667912757934,-0.08146415764655841,-0.034343514615348514
41,G10,1404,SNV,440 nm,23.396585149018584,8.970101543590589,8.16655283001929,-1.8578809892778385,1.9053377395714342,1.4723176857957994,-0.33826105139419216,1.8563862654530627,0.3352672263804403,-0.28296683081242247
42,G10,1404,SNV,440 nm,24.522436026471716,-1.2225031443697538,6.754993819699073,-1.7696606935473658,2.2805095895117242,-0.4585947896073331,-0.1592076485569958,2.06560374028369,-0.10574524032438594,1.4333894279161872
43,G11,1404,SNV,440 nm,22.909022991396075,-15.51928322019014,1.3387859311409973,-1.2296989492555543,2.9858478846480714,-4.066609014812543,0.09663555455144535,-3.468489402396719,0.365205405800533,-1.1278298289597888
44,G11,1404,SNV,440 nm,23.3172849707914,-14.165248626260981,2.5755141014228666,-1.4784214940775826,3.0787100023468748,-3.0873519191529244,-0.004394124213073863,-2.6115684229707283,0.1421465895916324,-0.3024962903343952
1,G1,1394,SNV,Combined,-53.219583899310216,1.695777897743516,3.3900626901956232,-27.055985451902558,3.27809386341779,-0.506034602599398,0.16632860782548653,12.28790326677951,3.5604142939707493,4.894161455071308
3,G1,1404,SNV,Combined,24.514813020220192,43.74158288738478,-14.638213983898344,-0.12926422450644792,-3.3760657203488194,-10.026388868250686,1.063878935178729,-3.5453535582698454,14.272349715906056,0.7365337054945936
4,G2,1394,SNV,Combined,-54.473670759553116,0.24317514007480343,3.2235077593949018,9.454312199411328,-9.251721533889725,4.173600424629628,-0.12089020190636385,15.450122134037121,2.8799182027246215,9.443806241393991
5,G2,1404,SNV,Combined,38.33745235753457,2.7432503461027085,16.470115580354182,1.0347011015518206,4.26139427873436,3.876889981208527,2.987281193996542,-2.472844565786728,5.171128150624084,0.5647710574534474
6,G2,1404,SNV,Combined,36.35078606119593,-19.85665604610674,8.766525096962836,0.12346115966878404,1.6392610262127134,0.8027547608994574,-3.41379588645624,-2.133399538422869,5.263808013345656,0.4121445873617183
7,G2,1404,SNV,Combined,34.475865016884235,-5.732052629392967,16.17581778742166,1.5197660578740915,3.5996388783835753,8.070943017543682,10.255057683016448,-0.3737555002985441,0.05164248828677454,-3.472374432583091
8,G2,1404,SNV,Combined,36.86015165037118,-5.056047112609244,12.786359929110285,2.037023125174271,2.824703858229847,8.591905540215832,14.53096280425712,1.9066373820713356,-7.5272852432814075,1.0941640973908677
9,G3,1394,SNV,Combined,-52.48208445425339,-3.9085097666222763,0.8856037143276109,26.24643072156468,-4.870169128616947,2.944287350682914,-1.5915725836846737,-3.039837267107157,0.028210799909236466,-11.096899315644595
10,G3,1394,SNV,Combined,-53.888918900205084,-2.502895992361416,2.167926327427363,23.060335004152947,-13.343918515914579,3.061786706335019,-0.03895885497137149,5.145306616020508,2.6341128234984557,-7.015610298920135
11,G3,1404,SNV,Combined,36.481751690904474,19.23955542177587,10.118268234898904,2.215478828863927,1.5962459898450416,-3.9507313781706395,-8.395405107766734,1.6342837252941105,-8.24264198952798,0.030325011793862534
12,G3,1404,SNV,Combined,25.143768900675596,-37.53169591772839,-23.25108504316778,-3.3375341105968683,-6.969895776693404,-13.142323544390505,-14.299960153786278,-2.190842687784329,10.55906606682682,-1.1114035500568011
13,G4,1394,SNV,Combined,-55.53862004378382,-1.014846959171318,4.293295200285895,5.981971366243617,-11.53229893711075,1.4692049700365386,0.36416708322843044,11.605204408702923,3.808173179890848,0.11464089683116241
14,G4,1404,SNV,Combined,27.5982646829438,40.99544928763348,-7.645837501229991,1.7872933586880742,-2.8826526458359973,-9.292395236686179,4.868802591119841,2.2976992338459143,-2.1192047086285526,-0.10782561731827854
15,G4,1404,SNV,Combined,26.385171265573756,42.36065755785342,-11.85909011674279,0.41796675218792406,-2.8311578457276716,-9.549220916128887,1.0318428102767097,-3.1685302536273685,11.991183284280563,0.509750980032024
16,G4,1404,SNV,Combined,28.08604871753408,40.815371763250276,-7.318400229837292,1.4409803288621625,-1.820860506404356,-11.795803070679526,0.4937657240397564,-1.888122566563869,8.295189690757827,0.1960670236771419
17,G4,1404,SNV,Combined,33.579241265710195,-10.38634760302884,1.5519896979445453,-0.22428508520155546,-1.271413043266259,-2.637761370577167,-28.97899737640479,1.4804360865927064,-9.337404781378044,-0.25805414681822414
18,G4,1404,SNV,Combined,29.262119821441566,-23.788186604339213,-21.375276527589012,-0.49353969212556414,-2.1680451554440108,-8.11194990771261,21.25295767044361,3.511907570715653,-7.906805487968448,-0.5820926499762926
19,G4,1404,SNV,Combined,35.73028909914332,15.465844623156162,9.713871344980994,0.8084559015062999,1.1643568058577143,-4.833001893449664,-11.566750940382489,2.3558857943468934,-7.651087998338344,0.2231909424338599
20,G5,1394,SNV,Combined,-56.214125710882506,-1.779828616622395,4.210149710270385,3.5416715586301386,-2.7000819683100756,-1.4412718484063063,-1.226989616387663,3.7477364709899703,3.3897218573512893,-10.923731838218846
21,G5,1404,SNV,Combined,7.928445032996188,25.594950822999397,-36.15404706549162,-9.903136877322323,-5.359511028978496,47.64855045390722,-4.501664258116145,-6.034610984320522,-0.7132632723063528,0.33123165839130286
22,G5,1404,SNV,Combined,33.5772381075433,22.646889442453126,3.583739034951497,2.5227892809285652,-1.2071532040753685,-1.7764233020305658,-0.7293130364894252,5.104479982659286,-16.64090371428653,-1.1608663626864617
23,G5,1404,SNV,Combined,35.87131581297309,-23.022507834936278,9.92205407735173,-0.42863673351053305,3.2868806851250194,1.3331057254928658,0.9292111905200945,-6.565131494365459,17.07591331300947,1.299935650274211
24,G6,1394,SNV,Combined,-49.873900949021504,-4.1910324543124,-5.261574773581182,33.04359292146191,-3.71679379979528,1.8758634615668,1.3263659033612545,-6.995389466859712,-2.3232969430770574,3.9352503625523916
26,G6,1394,SNV,Combined,-43.58400042952798,2.201943609003122,-7.623388304131775,-16.315084091912965,32.35320759352756,-0.2815232936710554,-0.9987045391682491,13.979807318156475,2.3222995209648913,-22.578958062025105
27,G6,1394,SNV,Combined,-50.72537959945573,-2.196238313504259,-8.577768064806436,7.7660053571360885,34.43608670536161,-3.1554810616158124,-1.7110672502032394,-11.053031443095316,-4.096866182462293,20.735814472596537
28,G6,1394,SNV,Combined,-53.181595378023346,-3.3432898057020966,-6.216653879608589,15.65737850353601,26.859824693465622,-1.5142008626017052,-1.5461863436389223,-7.196358357007824,-1.0404700738781978,-1.198707332735267
30,G6,1404,SNV,Combined,35.99520911258813,-20.4830136483443,-1.911713184917371,-1.865578405256118,-2.841587719847432,5.277953218875466,-1.923094640883774,3.1279039398596584,-4.790476505528825,0.8946669870261148
31,G6,1404,SNV,Combined,35.450161525708616,20.579294957430264,7.231298463768121,2.850079373953329,0.03637782965102086,-1.5033679536095077,-5.7057929233489,4.583599447822959,-16.04697295995295,-0.16023233214434357
32,G6,1404,SNV,Combined,32.7696023382181,-33.55710833841816,-6.112302570814499,-1.7183188342752913,-2.869926645263912,0.7157388379144048,5.164507775651487,0.9845745344601861,1.1444839052425935,1.1031432246311268
33,G6,1404,SNV,Combined,33.60715158371027,-29.870264411569,-7.47090360041524,-2.3536693475557686,-3.8851612665169935,-0.17415003534097387,-13.641639569868977,1.3579424235309594,-0.6945002655442672,0.8849403823321731
34,G7,1394,SNV,Combined,-54.003163552272426,1.4161252426806257,3.3716735224138055,-14.053404468454232,1.5156222854953505,1.2323770796711633,-0.22176667607554246,18.619078505569288,3.268071289329504,11.764670530533225
36,G7,1394,SNV,Combined,-58.392786415509505,-0.010485894319130428,7.907407457886394,-13.006747475164472,-10.509845119273788,-2.45118520524799,0.8450095247330218,1.6592452495440604,0.16033467479202734,7.953560074239701
37,G8,1394,SNV,Combined,-56.3014145015369,0.12549500765647986,8.553597584085583,-9.820362253884188,-19.27824282986879,-2.73275243527717,1.519858925034385,-9.072559104645883,-2.002741151402992,1.3923963899465421
38,G8,1404,SNV,Combined,25.584759649445797,-29.09473374922406,-30.938946958303138,-1.584928460870982,-4.8636737605129925,-13.614383866157134,14.034660422192655,4.3002287404001995,-10.96000702936506,-0.09922886259286698
39,G9,1394,SNV,Combined,-54.77470871286065,-0.44490609336474696,5.841378713264457,-21.45864745557735,-5.463312496636477,-4.257837575762008,1.7695889226246326,-21.174980917205644,-7.133725814296985,-5.169628342039507
40,G9,1394,SNV,Combined,-55.81610869992396,-0.8150381880173506,6.386077109759341,-18.09074157611805,-6.362939594073471,-4.573918736304856,1.6520714456548247,-20.948744912072538,-7.11638542927046,-4.171606916131791
41,G10,1404,SNV,Combined,36.8268513300985,12.84744518165068,15.657177815539622,1.5195246286943065,4.452509454589395,2.7219440656640423,6.902010744178862,-2.843241561337547,5.953214561249693,0.23229896246832885
42,G10,1404,SNV,Combined,37.454971985433644,5.667770598512691,13.148002445003526,0.3403146101090331,2.7537350027098766,6.58157848239452,9.55390460582292,1.1301519359934173,-1.3504557641324377,0.011807849076586054
43,G11,1404,SNV,Combined,36.71198227410258,-21.469111069851895,10.215666679927494,-0.9052301738250187,2.635622317396152,4.327823615862771,-2.52959366169673,-3.742431527987366,10.49156895102477,-0.09087825505958463
44,G11,1404,SNV,Combined,37.8866497031689,-18.325782737814926,10.78363582700827,-0.6244374221390289,2.6828669744029683,6.615799271769472,2.429909058079731,-1.8309690606346491,5.373690531641305,0.43882577194893035
1,G1,1394,AsLS+SNV,250 nm,-34.979782466933685,-0.17183611719392775,0.8286919096713663,-9.190174848803212,-1.6304779088349983,0.28263809575065413,0.14127198940099644,3.1543457345539494,1.6960637480877983,0.5664170025854968
3,G1,1404,AsLS+SNV,250 nm,17.404114300910972,23.19872674520479,-8.999767498447202,0.6784429313905187,-1.4235149069953048,-10.547159206593133,0.16946362705112536,-1.5377391214073741,2.4809871234337373,-1.8232105576502649
4,G2,1394,AsLS+SNV,250 nm,-35.88889805211153,-0.4041430057449982,1.521618259839319,3.5953339997337266,-0.396137998147378,0.023616323639169174,0.13290932780534342,0.8586193231534329,0.1769242690153381,0.06075587953434097
5,G2,1404,AsLS+SNV,250 nm,23.154470480858585,4.149309103420935,13.114642165847087,-0.7603185623053217,2.0841327938017744,2.700892605661392,-1.045025065857123,-1.0323634200073124,1.4788545772616104,2.3026871790943932
6,G2,1404,AsLS+SNV,250 nm,22.843160907947386,-12.00980482515377,4.052443609076952,-0.16263571631788865,0.6678608389417319,0.9712241051719355,7.097671872206349,1.0572935986328227,-1.1438166253390083,-1.3039708635753042
7,G2,1404,AsLS+SNV,250 nm,22.307685557545163,3.595092698482549,15.284252839156958,-1.1589427896281688,3.0870337396292786,0.20970196468683971,-4.819963537786188,-1.147842380728531,0.8260014192946252,1.0928881176359335
8,G2,1404,AsLS+SNV,250 nm,22.57408480162515,3.6596779797213137,14.520415191857245,-0.9715296934114973,2.208878504810227,0.8338791970750488,-1.6221058597734108,0.5743183296609479,-1.910610063049155,2.1300744505944453
9,G3,1394,AsLS+SNV,250 nm,-34.927536065637454,-0.5458788409781599,1.6798993699793967,9.984086543308594,0.3487479915933118,-0.21705490984175052,-0.04534261973047823,2.5001320288974496,1.9776562696363749,-0.02434571411739474
10,G3,1394,AsLS+SNV,250 nm,-34.22648003821578,-0.359878414329373,1.3966235219385357,13.178114116456097,1.1888148541588517,-0.1432790287470587,-0.014186497485405609,-3.1689058524598335,-1.9969425290968421,-0.3418159266655626
11,G3,1404,AsLS+SNV,250 nm,23.06647630132068,5.480627322307641,-3.925367200311955,2.0692090608910454,-6.935157091623583,9.106510465437806,0.6933954017511871,2.060611526453211,-2.369062633038669,0.9077067684122447
12,G3,1404,AsLS+SNV,250 nm,16.381017366424867,-22.128357156544368,-17.164299114249562,0.46788711432473995,-0.7393287521934838,-8.21860416262971,-0.1202344698155166,-0.5476793670761173,0.31102898376049304,5.190637937365739
13,G4,1394,AsLS+SNV,250 nm,-35.19688962913388,-0.4016567878679159,1.5774998969413614,8.902521210746825,0.18194253354910603,-0.14335087198550006,0.01562409706884843,-0.64069443214081,-0.4470061084600914,-0.1342720436499143
14,G4,1404,AsLS+SNV,250 nm,19.951868914102306,20.2129518029758,-5.744541094874157,1.391207761018184,-5.83625975302451,-3.3316965522083057,2.080774506944076,0.06173866190734893,-0.13235962653459873,0.8594050407389975
15,G4,1404,AsLS+SNV,250 nm,18.637430832659327,22.044530157192796,-7.478956523982825,0.9158269233174048,-2.79804016774145,-8.625985793427862,2.693268062923473,-0.4661054286885946,0.9046942945114055,-2.808620861403983
16,G4,1404,AsLS+SNV,250 nm,19.058103428162315,21.92586771284685,-7.3639524402293395,1.3106186831952142,-5.051551494775365,-5.592690493922764,1.5147928177556216,-0.8372937783616284,1.2097321573097455,-0.20396718950109827
17,G4,1404,AsLS+SNV,250 nm,15.23603179217479,-10.910555438677173,-23.272436601869448,2.5430752076013183,-7.3899292961764065,11.895362844185486,-4.412442186616215,-5.792543598632968,7.138767421209277,-1.5358957628849865
18,G4,1404,AsLS+SNV,250 nm,22.595390544092925,-5.19982257835106,0.8542673946585407,-0.25670001930173686,1.380315886603851,-6.151550806953156,-13.374688682345028,0.6755430372662379,0.7482236857369307,0.9285522237659842
19,G4,1404,AsLS+SNV,250 nm,22.791077388719824,-0.8800590683124322,-4.664354636723357,1.990311935702858,-6.491863347147407,12.011809177757575,1.3471551608201258,0.4471173993523516,-0.08960964774162553,-1.6100348024125144
20,G5,1394,AsLS+SNV,250 nm,-35.11511092457848,-0.4653124181949875,1.2920709775036545,-1.3094437972775486,-1.6814941251013529,-0.10779453805727388,0.04415580592423338,-0.08611043909788019,0.16417256648690717,-0.5657469626403344
21,G5,1404,AsLS+SNV,250 nm,2.474103666367265,10.967566698259514,-18.898092086168358,-5.276585913384202,37.903240508892054,6.265015292640386,0.49929298519715215,1.6043868240878532,-0.6945932960818871,0.08829714706749589
22,G5,1404,AsLS+SNV,250 nm,22.86905695961321,7.498073090735041,-4.517568206517252,1.9415354538823228,-6.754223134253471,5.291492086812108,0.9116788303450878,4.097355412266179,-5.339216360321316,1.0248905093260927
23,G5,1404,AsLS+SNV,250 nm,23.11244821367681,-5.555187148225469,12.217882917050563,-1.0323321322092731,3.6137939170113027,-0.782020750412043,0.1713013925842003,-0.2529345763142921,0.09904625199471308,-3.317079078289723
24,G6,1394,AsLS+SNV,250 nm,-33.87109499928224,-0.34496938704147617,1.31137610734366,14.487103082450039,1.5299783681444525,-0.18644934546939917,-0.17951905943972987,-2.7303605424660593,-1.7886253383580633,-0.15590576459974245
26,G6,1394,AsLS+SNV,250 nm,-26.98061515304434,0.4496344716917286,-2.032751647205502,-28.26888250129424,-3.2039055424079597,0.13170941330783123,-0.1008296802368653,-9.247296325381596,-5.883656531980836,-0.03738681406956578
27,G6,1394,AsLS+SNV,250 nm,-34.42472248221363,-0.13460044566299514,0.44332082539679674,-12.297917225042728,-3.0814886689521055,0.35648634289233594,-0.09562148024224501,2.6017773162554336,1.4006647205452978,-0.3336799156060994
28,G6,1394,AsLS+SNV,250 nm,-34.7454016074431,-0.31391444132509083,0.7944686313588826,-11.257748679080871,-3.0372315667993433,0.1780130110197286,0.09659233107105335,1.1665351053478714,0.4491405007915652,-0.2041775127598928
30,G6,1404,AsLS+SNV,250 nm,21.8588735121091,-15.466157200670263,-0.6156058281261986,-0.26832871564975647,1.4149873674713296,-5.439656414791736,6.49949945701231,1.1572795289531592,-0.9988802420406229,1.8814927698684858
31,G6,1404,AsLS+SNV,250 nm,22.851602827033425,5.9039729268375725,-4.3585686712156075,2.071412788243183,-7.195127960795947,8.600852688913362,1.5800459527433186,2.328344968355013,-2.8950833504541396,1.0647686554098181
32,G6,1404,AsLS+SNV,250 nm,22.127714759885134,-14.7745896913357,4.677636839766724,-0.6727441906386861,2.6104597588964853,-4.0768533253405455,4.4585149589875765,0.873559191240066,-1.2269559988774568,-2.6379189402037224
33,G6,1404,AsLS+SNV,250 nm,19.20458519112053,-20.73736110143924,-10.733055903787983,0.31289353937312814,-0.41746442330299405,-5.493343133747405,3.8349887956102857,-1.0460302169554676,1.7575628675159183,3.499052091149073
34,G7,1394,AsLS+SNV,250 nm,-33.012838923420055,-0.062158981598095055,-0.02117508073388678,-17.2044601977669,-3.2941253299852016,0.3220027593039668,-0.029377269394413447,2.6570724665530294,1.5799451461797718,-0.07869588721383049
36,G7,1394,AsLS+SNV,250 nm,-35.81783193115909,-0.3292604510056372,1.419455826948228,2.5817517814099227,-1.0208440167829953,0.002535711476272982,-0.025325084826219216,2.686300353228574,1.5042907585090386,-0.07914422814621433
37,G8,1394,AsLS+SNV,250 nm,-32.84740445192065,-0.35031427498028117,1.1443960286109394,16.192409049493254,2.5537774294253013,-0.25546097110970445,-0.08643432155945956,-7.01613961582404,-4.804514870250885,0.2012424172021234
38,G8,1404,AsLS+SNV,250 nm,20.81096742417815,-12.50633189013347,-9.285565811535063,0.8049574347311059,-1.9806818184102872,-4.59203684118305,-8.93769035953438,4.995050496163756,-6.506052555349209,-4.147300311083285
39,G9,1394,AsLS+SNV,250 nm,-35.19643303495087,-0.2232523437554699,1.4535891126743377,4.5471637305971475,0.23982271323422272,-0.08257945205314508,0.14495478260896594,1.7988820814421114,1.288584716834236,0.5346652490460305
40,G9,1394,AsLS+SNV,250 nm,-35.57803151711434,-0.39688855273069956,1.5994491745306427,3.4424778396713576,-0.45236762148429965,-0.13978046607914152,0.0007814609122422464,4.210988597382121,2.6954203488685478,0.36614862671854054
41,G10,1404,AsLS+SNV,250 nm,22.446002617287284,9.321116824733114,12.87857152990388,-0.7465511385869427,1.5181813679610765,2.185423223105514,-0.7291830798961267,-1.3577725111930887,1.5878036824007595,4.723284992338686
42,G10,1404,AsLS+SNV,250 nm,22.991055376576295,3.411974340830965,13.926152454032207,-0.8847102917061831,2.3318944934296097,1.8171964626945156,-1.1897583059235421,-1.3059262748421916,1.6171075035177769,2.609668034463851
43,G11,1404,AsLS+SNV,250 nm,22.861163496688352,-9.687230890088271,9.966434474351272,-0.8527479133188032,3.0615475318734178,0.4957741905629719,1.8754418198735525,-2.235967463169311,3.414193614998726,-4.686876005329135
44,G11,1404,AsLS+SNV,250 nm,23.200584616079393,-7.459600423900283,11.120899287539155,-0.8355858618140091,2.8858043255084636,0.4452111024578031,0.8241521238652509,-1.1175466364057849,1.7201191490738152,-4.002589950515177
1,G1,1394,AsLS+SNV,308 nm,-32.98278729591295,10.775973430856762,10.114940498823767,5.438592024851598,-1.6863114151770837,-11.525053980364687,0.8168573027829555,5.62839165008986,5.52982330710353,-4.558585634633795
3,G1,1404,AsLS+SNV,308 nm,11.747453757137915,18.31155328383827,-11.110651012577051,-4.044634234713493,1.5692646225093783,-4.870980605282942,3.2912432557208287,-10.8548552064195,0.3061521848538019,0.08616841685988302
4,G2,1394,AsLS+SNV,308 nm,-23.670948474855095,0.2291631906857679,-8.938731552262983,20.77415278870919,-3.858190958222888,-3.668586431417285,-8.583022494989486,-2.0090858567582983,-4.959141358679607,6.66051693622253
5,G2,1404,AsLS+SNV,308 nm,19.2938812092578,3.6585309252084857,2.4353058363383515,1.0388396141312046,9.069770143188686,-2.524864384498197,-1.8687394903183614,1.1837547122884462,-0.9701075099535054,-0.16564417828604255
6,G2,1404,AsLS+SNV,308 nm,16.862417735253022,-12.46073515773403,11.544029574693015,2.3213366889664067,6.153165841173281,-4.727203467386101,0.4302718689079997,-2.1448634329594904,-0.6770585227897464,0.42675386206408483
7,G2,1404,AsLS+SNV,308 nm,18.704470670859838,1.0851924465654688,3.2557364497451813,2.66835038498911,3.0698793876575072,3.858898607647005,-3.0325555920953624,7.876080463904754,-0.4417804944869936,0.2847244519731149
8,G2,1404,AsLS+SNV,308 nm,16.04729682998102,-6.995211053341604,5.903491654900071,3.6556815517819996,-8.021806270864715,6.990380829357427,-3.553570640755243,8.379525638451065,1.0779661060505292,-0.4639307939954118
9,G3,1394,AsLS+SNV,308 nm,-18.37299124308885,-15.570526117686336,-17.95725085436545,8.148861094871899,10.098307020174422,18.414199142729746,11.680693942752567,0.568306290465064,-3.8664468692717517,1.1929590656007927
10,G3,1394,AsLS+SNV,308 nm,-25.647551205603545,-8.239186715014064,-14.472341562070481,20.142924000150995,3.300767306182574,7.368454047114986,2.020081316219994,-4.511930601904631,-7.0357498703082335,5.781218720048251
11,G3,1404,AsLS+SNV,308 nm,18.593269097125894,11.015963475308586,-3.605423739772668,-0.2098356420448806,5.318079534272215,-0.4011691505705231,-1.082450889857142,0.9309427568593901,-0.14432220766806342,0.06022952465916742
12,G3,1404,AsLS+SNV,308 nm,8.507249416810922,-21.07193271716659,12.564090389724628,0.45171115244944693,4.5797812497063175,-7.483791011876784,6.744906028910557,-12.65089714823591,-0.5368883615359467,0.46551511099079407
13,G4,1394,AsLS+SNV,308 nm,-29.050169253078398,1.9029907749645554,-2.7665561670326038,17.311445961534783,-3.2580948973596375,-10.335518140349905,-1.9538889045916392,2.397322173093021,-6.046909421770494,5.953001517690727
14,G4,1404,AsLS+SNV,308 nm,10.24056165839126,18.713375656186102,-13.441364984160035,-3.0830010613539374,-8.670207814380877,2.373651186876303,1.6624287865183545,-5.315028840318899,1.5010089712869927,-0.36534702636416594
15,G4,1404,AsLS+SNV,308 nm,13.467225723506319,17.64192803181603,-10.348301681262402,-3.621524483622772,1.4194025541108743,-3.4728891334318495,2.6336566781171284,-9.02228048447981,0.6933833291239992,-0.05881291040739359
16,G4,1404,AsLS+SNV,308 nm,14.05473128166554,16.766536579986802,-9.645766268787519,-3.4344491751620088,1.4626368832419043,-3.6996393126750284,2.688428506577058,-9.172217212136246,0.8335322923733888,0.0023178669472607143
17,G4,1404,AsLS+SNV,308 nm,19.30859409982599,-2.6897561152427487,5.767472116770866,2.1655510006979037,8.272384273666187,-1.1346843911208477,-2.2368882694396666,3.744220299914574,-1.3089264807139438,0.12627324600260947
18,G4,1404,AsLS+SNV,308 nm,7.847431208238721,-17.130256441094303,4.169244661122756,-2.1001986535065673,-21.01869115614686,-0.004987928693874896,3.992098999404032,-8.643592475966745,5.415358453978281,-1.4019730221264937
19,G4,1404,AsLS+SNV,308 nm,14.642113401356298,17.28823802088402,-8.780873992739739,-2.484268545869319,4.338204290439232,-1.9863766986674938,1.1857468146906436,-3.9591223614091624,-0.09289636208980728,0.27745569748945925
20,G5,1394,AsLS+SNV,308 nm,-29.497103920656496,-0.25023784855073306,-1.7216701694078873,8.895523227701046,11.118830403384015,10.383372391051832,18.44211463762421,0.9519312373719859,17.61743997884331,-3.3369008512172216
21,G5,1404,AsLS+SNV,308 nm,13.272089261991951,11.944940423844178,-8.201588534271748,-0.25475340592584667,-12.33115515604501,6.637207854908084,-1.2816501737863966,2.893417096421366,2.050403581596152,-0.8933269590986891
22,G5,1404,AsLS+SNV,308 nm,16.4236005040685,8.085330292656609,-3.3916502857413486,1.7505986171621797,-6.631225337669266,7.6730845276738595,-3.0216659921698574,8.463422230526664,0.923986070532699,-0.2183161489125577
23,G5,1404,AsLS+SNV,308 nm,15.738094155242884,-12.046689943673973,11.247191927773256,0.953157037366353,14.639326225450818,-8.49303305002096,1.4529348507163304,-4.677083880210015,-1.9737983289473924,0.6485506340925814
24,G6,1394,AsLS+SNV,308 nm,-17.730608760966323,-19.226002305210333,-20.238345143637915,-2.962369433336571,-2.118868022767142,-0.0847511301878465,-15.61390711602728,-7.9482294488748435,-10.57649803417694,-6.207443122239871
26,G6,1394,AsLS+SNV,308 nm,-11.423318229080216,2.452209195571847,-5.01740654861299,-12.677581431007495,-10.678086518932515,-14.873007114352227,22.565774134305745,15.869205150323678,-16.64370802418094,1.2445176764408945
27,G6,1394,AsLS+SNV,308 nm,-16.618873348663122,-17.083900346951026,-19.071956371080912,-25.327234508612545,3.55423505754014,-8.100795109970834,-7.509529519093781,7.728932551112145,16.43119455689048,17.47474297262386
28,G6,1394,AsLS+SNV,308 nm,-18.22625347261071,-20.876390686454847,-22.503998164928692,-21.29385050975452,7.276902086906123,-1.650387428423941,-3.884485526094113,5.031040906670611,-0.639222549333924,-16.819400111410097
30,G6,1404,AsLS+SNV,308 nm,17.05707095499213,-4.16275350926919,4.796746713437517,3.758671155352797,-6.418432395746474,6.5929997208474,-3.4675841040452275,8.035754620770641,0.36413270409628584,-0.5820594858932692
31,G6,1404,AsLS+SNV,308 nm,16.876515408462527,10.266420387187429,-5.124470228920348,1.0684813023248734,-3.1654433409073763,6.051609349437387,-3.1043696505522966,6.088901858707893,0.30412372958535167,-0.40851446778996664
32,G6,1404,AsLS+SNV,308 nm,11.326232882626972,-19.937827140754855,12.783926860436322,3.520640666587348,-7.4623292733923,1.8764404372484527,0.9282403172411953,0.8583732475602626,0.18951235527256705,0.28594453769891365
33,G6,1404,AsLS+SNV,308 nm,17.363344741370053,-11.433160181078138,9.83035670534932,3.8765631727478467,0.8165092419195642,1.5918948230076622,-2.421882081661095,4.98871921013033,-0.8253839409545682,-0.40366483086632504
34,G7,1394,AsLS+SNV,308 nm,-28.480969548098845,8.580726844897173,4.110618990690288,14.77735080550906,-3.567992322718018,-6.703274328617378,-6.711215591836308,0.974662673593682,7.054816964729223,-3.7122935638531795
36,G7,1394,AsLS+SNV,308 nm,-34.491640947131664,10.985245798495843,13.2285787089073,2.078748107609558,-0.19278703612946904,-4.3848631091131605,-5.0387776428758775,1.279905727057698,5.544079596561231,-6.792680018139547
37,G8,1394,AsLS+SNV,308 nm,-34.514261686951514,12.808680332190688,17.079307916011032,-5.038496572455331,0.16182724253568012,-0.46620239594686474,-2.2465419402571656,0.31205473971192704,0.7314698912659692,-2.568656701805732
38,G8,1404,AsLS+SNV,308 nm,5.758647142349798,-19.591103616716257,5.100637659101499,-2.952209574826856,-21.523694255936366,-0.6734233991012154,5.348462319240797,-10.400800938051503,5.6127142056325345,-0.25475806183673805
39,G9,1394,AsLS+SNV,308 nm,-28.23530671185086,9.387775228831856,20.69668400229699,-20.033712753241833,1.5692938217604637,12.448185733322198,-2.3494801470741935,-4.837828521299188,-7.224880951869205,4.420693208967329
40,G9,1394,AsLS+SNV,308 nm,-28.235306711854196,9.38777522883729,20.69668400230842,-20.033712753246302,1.5692938217611634,12.448185733329948,-2.349480147103593,-4.837828521311376,-7.22488095185987,4.42069320895626
41,G10,1404,AsLS+SNV,308 nm,18.50426955336573,7.609559037562576,-0.7006707287689269,-0.3967879606219668,7.11324664855321,-2.7248607660120885,-0.510603514184179,-1.5846763149253278,-0.04083942961583475,-0.2375294156388837
42,G10,1404,AsLS+SNV,308 nm,17.464967613941475,11.160874844790118,-4.309012406396021,0.33720684223012287,-2.476535127120433,3.1663945222601306,-1.3534118669583222,2.3504303764942915,0.8492162210344192,-0.5549724265814984
43,G11,1404,AsLS+SNV,308 nm,18.452113372470862,-6.649220554366015,8.802031888956986,2.1396046876566586,11.256431729162436,-3.57284217849224,-0.6274839786270276,1.707069022596671,-1.3717153146283323,0.3307577704549111
44,G11,1404,AsLS+SNV,308 nm,19.624449130109305,-4.644092980861427,7.220953839410169,2.674628813919818,5.35231191422026,-0.311774260238137,-2.080754485336813,4.327956611144935,-0.42915951597563123,-0.1382246946865631
1,G1,1394,AsLS+SNV,440 nm,-28.40304255916896,0.37570480069062573,-5.378995368035656,-22.86625530803137,-4.540230570541715,0.39486906559062745,7.371772209795292,-0.103095149698098,0.016751514029132362,-1.4170824631203383
3,G1,1404,AsLS+SNV,440 nm,12.508507476123986,30.843663518436955,-11.901236742221448,4.219952373815128,-5.476906205550306,-6.205199392015243,-0.060632955043577116,-3.7020508179841616,0.3385063255918608,0.9562178465553228
4,G2,1394,AsLS+SNV,440 nm,-34.276617685131264,-1.305206741304941,2.9668568325395,4.038339717135851,0.5829688734565606,-0.1120786149129641,1.0363188020504528,0.039436031659088336,1.314008125546305,0.34296720571642564
5,G2,1404,AsLS+SNV,440 nm,24.61324543232324,1.740093729483077,7.892467392484816,-2.110574312368032,2.8967627768297257,0.036593012801106335,-0.28074618746176827,1.6540354715671182,0.35519760996966115,0.913311023207913
6,G2,1404,AsLS+SNV,440 nm,24.021501735988142,-7.985709473070698,7.157662511778233,-2.4094562223371585,4.728193334066603,0.26501885502015726,-0.09742203631257663,-4.75120652606819,-0.03512531406498505,-1.2559941508282955
7,G2,1404,AsLS+SNV,440 nm,23.903465983802676,-7.316917940604223,7.696614898567025,-2.723946799503246,4.699651949232951,1.4361629742781623,-0.19216323388178563,-4.915240993996611,-0.021784197078886704,-1.585785742801888
8,G2,1404,AsLS+SNV,440 nm,24.289852803549092,-0.3603271773238868,9.720513674867334,-2.4589717727401315,3.533622773250474,1.8587181581653165,0.09119971226896714,0.8869230881534096,0.16501502171023014,2.781705642177604
9,G3,1394,AsLS+SNV,440 nm,-33.24616207120629,-1.775023999278045,3.815094424384818,12.565209971958112,3.063495898614184,0.1473876121853423,-1.8954100692891351,0.1004294889723763,1.7953739442265833,-1.1484722629150526
10,G3,1394,AsLS+SNV,440 nm,-33.131119230649006,-1.7821591693419443,3.938718604327813,13.131826113004191,3.2774890734403996,0.17669244136882278,1.6507537526632852,-0.1497874241182777,-1.4063471384448352,-0.6603274137521129
11,G3,1404,AsLS+SNV,440 nm,21.967027468585975,14.778554853414363,9.550914862810979,-1.3396037841809663,0.011596695839331697,5.584279732695316,-0.020602471572403015,1.669179053526834,-0.503655001872137,-2.4901799691409376
12,G3,1404,AsLS+SNV,440 nm,17.310548003706504,-23.077769373068964,-14.646871833165882,4.16823908694096,-6.966059661440883,-3.885735033714059,0.3152213229053777,4.395799149123805,-0.8959884813584916,-4.836089351159511
13,G4,1394,AsLS+SNV,440 nm,-34.53121455983651,-1.7017091552894759,3.1941115216524314,4.839833023231843,0.6584480300844594,-0.42536383241967707,-1.870442418649659,-0.1644606955057844,-2.830869596565379,-0.48560309454074463
14,G4,1404,AsLS+SNV,440 nm,16.748453641544472,27.715687768283274,-2.3255505496988915,2.883947608984816,-6.7946684081595645,-1.2174656384393956,0.13247537595632644,1.0886923940494055,-0.052929812116431,0.634940919024627
15,G4,1404,AsLS+SNV,440 nm,13.353244717805781,30.42424077496654,-10.466493123911297,3.966662663198436,-5.524927856753804,-5.5487919603007745,-0.1394626579464523,-3.34487509490158,0.2229103789198876,0.6993439200889384
16,G4,1404,AsLS+SNV,440 nm,15.506336664039987,29.092669169396764,-4.356543745028409,3.2722044837963455,-6.955611962801403,-3.1021593226015787,0.20439631754426285,0.14458037756801911,0.14720895538279033,-0.24257085860054955
17,G4,1404,AsLS+SNV,440 nm,24.378486761113756,-7.086755677452826,6.9871786887618414,-2.1039446286554617,3.8162664709328156,-1.3964606328299687,-0.01282037881110261,0.03574316499761634,0.09851753222270938,2.4457152197405985
18,G4,1404,AsLS+SNV,440 nm,19.317832277761806,-18.252669914523807,-11.247386473759283,3.7035140444254218,-8.50831417561322,10.220794287466406,-0.8888920469850892,-0.9055013702569711,0.6658081708710875,3.8489651181160602
19,G4,1404,AsLS+SNV,440 nm,23.71171021369029,6.726954458348745,10.055161931173085,-1.9311498101545315,1.9089416461490591,4.157524321030439,-0.06668319495211698,-0.6801476468014082,-0.382127639990865,-1.3251962536980648
20,G5,1394,AsLS+SNV,440 nm,-34.50625192273784,-1.8811399624130745,3.0716704748368606,2.8074025671069958,-0.6055683176151161,-0.5215729715116675,-3.6722924454514354,-0.29749567989329,-6.45202690113766,1.2313140421325857
21,G5,1404,AsLS+SNV,440 nm,-0.4056119201413019,15.97063734614979,-32.12752310322417,-4.406840425678865,26.63172924868359,4.064373660847858,-1.0121925852310993,1.4675320304785267,-0.4675364072109266,-0.025286857402769484
22,G5,1404,AsLS+SNV,440 nm,20.01416077935825,21.16370910185154,5.738576815299814,0.3003675526386491,-3.034307807586427,4.885181906862934,-0.015191605262754614,1.9053598387631698,-0.3655542496617221,-2.552671583817974
23,G5,1404,AsLS+SNV,440 nm,22.869068667087582,-15.809613289907144,1.4266874479347367,-1.2674617175031444,3.667015441413413,-4.418954231150507,0.15230878017804794,-3.7711795489906805,0.009483114110869523,-0.3176235472236281
24,G6,1394,AsLS+SNV,440 nm,-30.94794074433281,-1.524457883897801,3.423114845030337,17.0471732948162,4.701772480349871,1.339610146758843,10.174522167837242,-0.07176054016850462,1.4913681965275878,0.5295650497737283
26,G6,1394,AsLS+SNV,440 nm,-32.874672012334145,-0.9585043553778513,-1.0435716641992872,-13.334983009939638,-4.142497591163545,0.048910552416865656,6.7058401946992205,-0.42066803106840556,-2.648320108108252,1.3264867879730304
27,G6,1394,AsLS+SNV,440 nm,-34.647562355910196,-1.2611461656484633,1.173112709742931,-3.6209059194138606,-0.82556835251881,-0.06165288721514457,-1.3414867880537744,0.3152689991088047,3.3028675779888617,-0.04412249459187054
28,G6,1394,AsLS+SNV,440 nm,-34.84178173345345,-1.4984241446423803,2.4178359037944714,1.9490786921199055,0.3269917690810259,0.019944144215972563,1.647190537809071,0.12384919402963085,-0.3106674577016531,0.9995972005186262
30,G6,1404,AsLS+SNV,440 nm,23.117758404570893,-14.459145037961047,-2.1927978244099235,0.4966950884212176,-0.042821988237887264,-5.26868826179663,0.16719804017492165,3.6564713215168037,0.4008929219526638,1.8000804268273454
31,G6,1404,AsLS+SNV,440 nm,21.623340629722634,16.416493145780688,8.791644621091667,-0.8756154707821363,-0.8634176285526521,4.3686245671857336,0.17402757047068756,3.562209631468129,-0.4456031411281183,0.26662561250414807
32,G6,1404,AsLS+SNV,440 nm,21.39859604903316,-19.49762752885308,-5.247560360547447,1.528741151074375,-1.774757831637059,-3.7913405524932897,0.48800425455465696,3.274518985488598,0.1301231849996511,-0.24059578768016862
33,G6,1404,AsLS+SNV,440 nm,21.361169682228724,-19.109693294674837,-4.924337064175942,1.312506265684891,-1.156742817822852,-6.210037925068913,0.17243283687217512,3.2960493006657017,-0.2046381823577188,1.2527122046476187
34,G7,1394,AsLS+SNV,440 nm,-34.39827231298222,-0.9891356545161278,0.692652975747265,-5.671130765827359,-1.4957236964575165,-0.4121118591469875,-4.128284593144291,0.23878695294735622,1.8989503672262014,-0.05325888170433843
36,G7,1394,AsLS+SNV,440 nm,-34.795081548498125,-1.4372472165343022,2.129014264566773,-0.4865800308298998,-0.6374615327857649,-0.3934785177000451,-3.4776231563726716,0.02344808581036734,-0.7947097836452048,0.07164224889042144
37,G8,1394,AsLS+SNV,440 nm,-34.3333032096085,-1.4519699351273425,2.868120899234718,5.338618009107547,1.3686457738483473,0.005869270453746208,-1.6957833201555683,0.22932423309882818,2.5736780407463447,-0.6946722706321008
38,G8,1404,AsLS+SNV,440 nm,15.544525482734853,-20.639078345383993,-17.406931644938535,5.530441905653468,-11.490923844228222,11.111137691493065,-0.6767873517147776,-2.9600368516091327,-0.04406841482548154,-0.5380889649887345
39,G9,1394,AsLS+SNV,440 nm,-32.995117435930105,-0.7916490660455399,-1.1162773505312504,-12.92187715591096,-3.5660446088917537,-0.38284532790281484,-3.1970242751491025,0.13444315908337542,2.5108026314806184,0.10526990256504595
40,G9,1394,AsLS+SNV,440 nm,-34.272875124603644,-1.1545127484192272,0.7624185883799476,-6.481810784196397,-2.1541092951479572,-0.5863062590363646,-5.3347519270855885,0.05853966079544937,-0.15755908551100087,0.02018590102739044
41,G10,1404,AsLS+SNV,440 nm,23.67211801567111,9.064752035940014,8.20768377569021,-1.863973123215555,2.0111085665057424,1.5026250794715672,-0.36914810864495373,1.9430121610001538,0.20321207982607603,-0.22039427815284937
42,G10,1404,AsLS+SNV,440 nm,24.77856674462044,-1.2334516048054096,6.772999135326521,-1.7444156020426533,2.392520014987325,-0.4498594024321846,-0.19994498196997565,2.0879596262431814,0.4545131274430716,1.4062764995282115
43,G11,1404,AsLS+SNV,440 nm,23.08951841543942,-15.671833428278115,1.3460925430505157,-1.112910652454446,3.0855591058012575,-4.112386792164161,0.13842577962616445,-3.4669734601519706,-0.08563903245322449,-1.1557830270438185
44,G11,1404,AsLS+SNV,440 nm,23.5075903760216,-14.300282418997805,2.5851565047728102,-1.3683463173485906,3.1938842309393376,-3.1218280654558943,0.02370113373550098,-2.627111568902666,0.0099611244607888,-0.34312351721989176
1,G1,1394,AsLS+SNV,Combined,-54.45478267166138,2.0648409142602504,24.132195431527467,-13.755855198176537,1.8755559777433235,3.7896646217312746,-15.468817213890288,0.5608144989873645,2.07770203923251,-5.055220790371565
3,G1,1404,AsLS+SNV,Combined,24.354092585679794,44.52759212511218,-8.665328111186298,-11.425183622505237,-5.353564231152047,-10.392160081384658,-0.6141343122309598,-0.3373209857561318,15.067928606072632,-1.7331087240400405
4,G2,1394,AsLS+SNV,Combined,-55.01931889970448,0.24129890547850938,-7.017814676515829,11.142806583631714,-10.384809264842431,6.597544388925812,-14.184424100865533,2.0689126180915367,-1.2551134285243517,-9.176779509134315
5,G2,1404,AsLS+SNV,Combined,38.853830553238524,2.9844525733488005,9.02900382407653,13.551937170146761,6.006489766245609,3.5717804886459943,2.146513607602617,2.9907077585793838,5.571575747356383,-1.453359251133882
6,G2,1404,AsLS+SNV,Combined,37.33393557190274,-20.504440265530107,5.559162258064022,6.830835988756865,2.730331667731081,0.7527364008280236,1.1194605391828087,-3.8459350438940336,5.608748258703677,-2.342380529735424
7,G2,1404,AsLS+SNV,Combined,37.49607155387191,-5.369837223335345,8.877191133924152,13.23314603077452,5.840052488245673,8.752795605990045,2.3579380232821103,9.870828331545384,0.487754836496186,1.8604858365815968
8,G2,1404,AsLS+SNV,Combined,36.82949247044088,-5.102043213236034,5.593162703419303,10.882778785874557,4.089862929024459,7.817628860920655,1.7686055061838215,15.770767730555981,-6.390369538315235,2.534524976536037
9,G3,1394,AsLS+SNV,Combined,-51.973149056578066,-4.596562831968843,-23.991414149776816,19.53520888009818,-3.878487795731101,1.2681481088955655,5.009112454609067,-3.4172913258061905,1.4513298917756927,18.810732093300054
10,G3,1394,AsLS+SNV,Combined,-54.45858383010896,-2.76818330924371,-19.54160647423986,20.464672562846978,-16.410220509804336,3.48870952220505,-5.620949928293283,-0.10857298838966098,1.2037920237534838,3.303372269158458
11,G3,1404,AsLS+SNV,Combined,36.848232113646674,19.58622544301359,4.392374240279658,9.322362165651896,2.970967254999629,-3.8813835856399637,-1.3288468576945391,-7.763049906225123,-9.294717839523205,-0.0028057234079854505
12,G3,1404,AsLS+SNV,Combined,25.214195525863097,-38.526779305707144,-10.409951884803258,-20.05911090331518,-9.634102374715294,-12.662052482194934,-2.5940679975463,-16.37096672786198,10.363196866234883,-0.9008990618855878
13,G4,1394,AsLS+SNV,Combined,-57.03578050892486,-0.9654791800072771,-1.266214222726657,9.798515406393792,-13.779208579648795,3.6092772672788005,-12.931881243945272,1.4780963166062981,0.6206550236176791,-8.855049496478452
14,G4,1404,AsLS+SNV,Combined,27.763508324590408,41.73524943597667,-6.077551306861695,-5.199330127455583,-3.7166494269483232,-9.53279743378067,-2.880695972045456,4.784662371594795,-1.8933570138971936,1.1853363557793788
15,G4,1404,AsLS+SNV,Combined,26.457376048758725,43.175356446128696,-7.42973000649108,-9.02218708171874,-4.371597985959012,-9.933561998704208,-0.46272285836731575,-0.22588946665925028,12.7328358508376,-1.0417702031733331
16,G4,1404,AsLS+SNV,Combined,28.30018153144666,41.666527991145664,-5.4039544246047555,-5.028891062148969,-2.75520621566782,-12.096897767101618,-1.5100768779874911,-0.41282409698887623,8.751775149812637,-0.9245966574637333
17,G4,1404,AsLS+SNV,Combined,33.75129129394279,-10.829398420936338,1.4877021663451726,1.7597813842439023,-0.6059456630405355,-1.850978036501814,-1.5438926271016962,-28.779860114482577,-12.174808884036615,-2.692728843952689
18,G4,1404,AsLS+SNV,Combined,29.963641899666513,-24.684129861503923,-12.128361913652876,-18.290643389253653,-5.589328454313082,-8.451478220530488,-2.9778400278202453,22.058095473776948,-7.137553144838906,2.6105472531758327
19,G4,1404,AsLS+SNV,Combined,35.80208721599494,15.863665278237267,5.279083589725989,8.17776711179089,2.485218841957714,-4.525017890113247,-2.592959892090881,-10.979559464715297,-9.321002941809468,-0.9672887888640774
20,G5,1394,AsLS+SNV,Combined,-57.21106107215363,-1.7118374543348298,0.8699426604633649,6.946091368611523,-4.298123015400762,-0.7644695575043432,-6.898515247445504,-3.978653803179987,6.67027625025692,28.751057130731184
21,G5,1404,AsLS+SNV,Combined,7.844858097030735,25.748116746649362,-16.135615180620622,-32.69865633589756,-10.56923306136218,47.56993036985567,14.495656684921103,-4.868714828272641,0.29954913061277366,0.8723348807624975
22,G5,1404,AsLS+SNV,Combined,34.56459250274025,23.064193622515333,0.1486693351810218,4.104381141971096,-0.3608496118525758,-1.580151591750701,-2.0881456631441995,0.2734382047883142,-17.396865485859383,3.3844584398943587
23,G5,1404,AsLS+SNV,Combined,36.11439010184319,-23.456823534926347,6.458364677322792,7.601106141291431,4.459283490611325,0.8329471144245787,3.1834142849225406,-0.1630232964914854,18.370386443666828,-2.939201763373036
24,G6,1394,AsLS+SNV,Combined,-49.634853009503885,-4.965626132280776,-31.57902929668075,16.09767546870286,-2.0748628276798575,-2.5720160168297377,12.309808260048458,3.086374405383714,-3.706030516539057,-19.289890623135495
26,G6,1394,AsLS+SNV,Combined,-43.238398108170436,3.2203692939648305,6.545501772297085,-21.64813212675442,34.035509877700996,5.236087256823963,-18.501748627610528,-0.8640259971465425,-1.4260047923059287,3.2537830060598747
27,G6,1394,AsLS+SNV,Combined,-52.03054951819398,-2.576750759020624,-14.006751426898791,-5.195526255516357,34.3639101623154,-4.464463291108432,8.083636175120057,-0.5024498832699251,-1.0450263123437171,-3.779170282193998
28,G6,1394,AsLS+SNV,Combined,-53.24411762286671,-4.029006314702563,-20.778982153011572,1.3067112193023978,31.520490223869597,-4.114996324158266,8.620597964488049,-1.7356821235166315,0.7232884062345616,-1.3147418979979382
30,G6,1404,AsLS+SNV,Combined,36.059835073532895,-20.64857846565712,0.345203843283252,-2.247852095693432,-3.008830773376935,5.509311411257067,-0.9872848182522437,-1.2348078709575314,-5.333978875849721,0.8997896500077947
31,G6,1404,AsLS+SNV,Combined,35.67621166160949,20.82349870416486,1.9576126989131817,7.455909141870583,1.1107286607497813,-1.5536860695344357,-1.8692446259883582,-4.399213584981321,-17.160890324437453,1.8340855055104308
32,G6,1404,AsLS+SNV,Combined,32.66794750185868,-34.06856032373393,-2.099942045879702,-5.706197327949105,-3.661265086597,0.5486804835284672,-0.7035898921819637,5.176413985157907,1.7785694101765794,0.9463938830819696
33,G6,1404,AsLS+SNV,Combined,33.502337541802326,-30.377972386191093,-2.267417898947378,-6.582146306435758,-4.525762759243162,0.37999051723494826,-1.5878535792421504,-13.595799499447544,-1.8902477848619756,-1.0860146122711152
34,G7,1394,AsLS+SNV,Combined,-54.976306811851494,1.6711866892365623,12.422202221163193,-4.593255685922318,-0.3825876106240349,5.887584357572455,-20.07720383368733,1.392003668169865,0.31144529425433615,-3.8565748652110825
36,G7,1394,AsLS+SNV,Combined,-59.62476855152836,0.2092975107319859,17.717004701606868,-1.2170923578093322,-9.912734067291062,-1.9344521080170054,-1.7970282600633265,1.3654287654253554,-0.13390021221546952,-4.225413794100622
37,G8,1394,AsLS+SNV,Combined,-57.43505151579162,0.3767930038653776,17.095371566200143,1.147170493168069,-17.750880254479746,-4.822842422914341,10.541384122770387,1.3892665197514866,-1.3751642710496779,-4.909734441948391
38,G8,1404,AsLS+SNV,Combined,25.57441391969297,-30.025298793828853,-16.558224400202654,-26.156220941880573,-9.174843378392737,-13.558183025781485,-4.5242870515706946,14.380100840937487,-10.524299625210478,2.9154908208247154
39,G9,1394,AsLS+SNV,Combined,-55.315766578816884,-0.2863056255925955,25.10088780125929,-11.031332956671218,-3.2316945917486812,-8.021657593695375,23.507922402491086,0.32367638321190767,-3.400918310384432,2.6977705622735146
40,G9,1394,AsLS+SNV,Combined,-56.35001785259375,-0.6477026301574899,22.961379334570836,-8.568109014270929,-3.8910229182139546,-8.556296936227843,23.515047207887026,0.34802052764961516,-3.441773024101903,2.765203658109801
41,G10,1404,AsLS+SNV,Combined,37.48293357825401,13.358945939424371,8.045221968153522,12.844198970906861,6.109704027386801,2.2777881379179736,2.368961917658657,6.752370035359698,6.829175027070701,-0.7665013040765017
42,G10,1404,AsLS+SNV,Combined,37.898076770857244,6.162547591558138,7.26095194855946,10.175671252660361,4.073348675749146,6.394618104844593,0.6274834484914267,10.21198758742923,-1.1086404472540492,0.9754757127403313
43,G11,1404,AsLS+SNV,Combined,37.31857069183268,-21.820921382383073,7.085459564352197,7.774374799505213,3.8221315952177632,4.378017644202787,2.196541772480435,-3.2156518196482886,10.812145321906529,-1.6211415390408004
44,G11,1404,AsLS+SNV,Combined,38.330401478350325,-18.517920800534515,6.994240132412122,8.27262072117448,3.8282248185371275,6.606301770389804,1.8941271369259018,2.517326804688744,5.678533195285634,-0.6664693315377441
