ppm,reference_mean,target_mean,mean_difference,standardized_effect,absolute_effect
6.15696,0.6303268771502264,1.1857551731399005,0.5554282959896741,21524.86432536571,21524.86432536571
8.05694,-0.7642964143702784,1.7085590532159403,2.4728554675862187,13727.373795428346,13727.373795428346
7.79094,-0.6429904468429504,0.11810367693556176,0.7610941237785122,11216.734498925547,11216.734498925547
8.65594,-0.8376027370409731,-1.2188179735322724,-0.3812152364912993,-7773.201086298399,7773.201086298399
8.54894,-0.9072162799006779,-1.3808797289046242,-0.4736634490039463,-5847.041870631872,5847.041870631872
8.43694,-0.8486717339435219,-1.2792792248045133,-0.43060749086099137,-4441.14966250148,4441.14966250148
6.75895,-0.24883452092410607,-0.5825827554329215,-0.3337482345088154,-4217.131882810353,4217.131882810353
6.10696,0.812396571667158,1.15308352843767,0.340686956770512,3699.3617241633165,3699.3617241633165
8.08394,-0.7768654237208441,1.4582275515380971,2.235092975258941,3483.2170648050505,3483.2170648050505
7.74094,-0.8077659953717654,0.34520776553140986,1.1529737609031754,3133.235645740357,3133.235645740357
8.22794,-0.8501005030922091,-1.28808088889432,-0.43798038580211096,-3070.3504069594687,3070.3504069594687
8.07294,-0.8180056577018111,1.9159867598190015,2.7339924175208123,3004.5471339518067,3004.5471339518067
8.15694,-0.7535879420345074,-0.16896138849184367,0.5846265535426638,2928.506027679899,2928.506027679899
7.64694,-0.7177646456087281,0.8859035175493275,1.6036681631580556,2905.9343983597205,2905.9343983597205
7.78094,-0.6452962085661815,-0.3111717287787134,0.3341244797874681,2811.408706225842,2811.408706225842
7.74394,-0.7211771941532639,0.39543308873845057,1.1166102828917144,2794.319133590365,2794.319133590365
8.94494,-0.9318328990369215,-1.5390794231597413,-0.6072465241228199,-2643.830024553446,2643.830024553446
6.87495,-0.061211977810355825,-0.335510862840005,-0.27429888502964916,-2476.926500416087,2476.926500416087
7.69694,-0.6963917221720666,5.093717054950315,5.790108777122382,2433.763989821566,2433.763989821566
7.10395,-0.3048000303839361,1.2377973866205487,1.542597417004485,2129.8094534594793,2129.8094534594793
7.51895,-0.6404439149253015,-0.4372315335443507,0.20321238138095082,2046.4688926428757,2046.4688926428757
7.64994,-0.6595103938773372,0.7063947585169424,1.3659051523942796,1940.5857500541138,1940.5857500541138
7.71894,-0.6572687045061744,1.9714864615232857,2.62875516602946,1859.2114515538808,1859.2114515538808
8.13794,-0.7580678836792624,0.25358612650630213,1.0116540101855644,1807.5872668108902,1807.5872668108902
5.98396,0.3711668324692302,0.19964067549151937,-0.17152615697771084,-1669.6304812571336,1669.6304812571336
7.69994,-0.6879729372438552,4.382071716099837,5.070044653343692,1515.9935674467804,1515.9935674467804
8.13294,-0.6795882452913853,0.03775755101438456,0.7173457963057699,1500.5589246423579,1500.5589246423579
7.68894,-0.7475967006556277,4.224667855762585,4.972264556418213,1465.9653872524582,1465.9653872524582
8.69594,-0.8798801828071002,-1.3424224579667745,-0.4625422751596743,-1386.8409340104374,1386.8409340104374
6.15196,0.5749933723608301,1.2225642907424246,0.6475709183815944,1336.2979306584423,1336.2979306584423
6.97095,-0.3226664902138347,0.12328811036975568,0.4459546005835904,1296.5270184498231,1296.5270184498231
7.58695,-0.6666133543136645,1.0014757279633513,1.6680890822770158,1271.853141670338,1271.853141670338
7.66094,-0.771801011171786,1.1444847804101035,1.9162857915818896,1183.1593923229207,1183.1593923229207
7.71194,-0.7679525477555877,2.8317066533220414,3.599659201077629,1171.7829894427966,1171.7829894427966
7.71394,-0.8199435545655587,2.3328893226601384,3.152832877225697,1129.41177660751,1129.41177660751
8.81394,-0.8824096489889934,-1.6182821674394288,-0.7358725184504353,-989.3695552023156,989.3695552023156
8.04894,-0.7091303901225036,1.1779911152974367,1.8871215054199402,974.8115716928857,974.8115716928857
7.71094,-0.7405780483622806,3.0053006250082683,3.745878673370549,958.0565191958693,958.0565191958693
6.88295,-0.07208088005351057,-0.5350126104871125,-0.4629317304336019,-953.2852000143563,953.2852000143563
8.72294,-0.8519730769489331,-1.5479591595642754,-0.6959860826153423,-888.6226247434415,888.6226247434415
8.75694,-0.8496693261927113,-1.5255671562278872,-0.6758978300351759,-843.4387809071702,843.4387809071702
8.04994,-0.7169607539166466,0.9028599608354866,1.6198207147521333,818.2144927094872,818.2144927094872
8.70594,-0.8869980305156469,-1.5715870080669687,-0.6845889775513219,-733.1150997135688,733.1150997135688
7.93294,-0.5023888445235911,1.229914601294859,1.73230344581845,731.3690067667817,731.3690067667817
8.03494,-0.6094536891546609,0.20843010705275142,0.8178837962074124,715.9242410840899,715.9242410840899
6.39295,3.4203895896211995,-0.49002928555461744,-3.910418875175817,-641.4389902125753,641.4389902125753
7.69294,-0.731151668458755,4.9207347096928284,5.651886378151583,631.7376406227429,631.7376406227429
7.93394,-0.5473798500157838,1.4080166195411443,1.9553964695569281,626.6928396115534,626.6928396115534
5.98096,0.3638431936778973,0.09724002011051666,-0.2666031735673806,-609.7749415683196,609.7749415683196
7.09195,-0.3621334752369406,1.1445207584353236,1.5066542336722644,606.6842625430855,606.6842625430855
8.72094,-0.8514370429557208,-1.5278600357751542,-0.6764229928194334,-588.9581638225217,588.9581638225217
7.67794,-0.7176345837237736,1.9131984628644558,2.6308330465882293,580.6710957048315,580.6710957048315
6.86795,0.003127738250116827,-0.34078524133724875,-0.34391297958736555,-564.3302546806632,564.3302546806632
7.69394,-0.7137383988494651,5.040577511700459,5.7543159105499235,563.713209920731,563.713209920731
8.50894,-0.9342382959574508,-1.364152465639116,-0.4299141696816652,-557.603225585363,557.603225585363
8.05494,-0.718643979727309,1.2195205498088173,1.9381645295361263,556.0022522378611,556.0022522378611
7.99594,-0.5601782045985565,-0.03277376962679228,0.5274044349717643,533.7773775816597,533.7773775816597
8.57094,-0.8423187155238016,-1.4751018595926293,-0.6327831440688277,-529.8280818588254,529.8280818588254
7.59795,-0.7203200203250402,0.6517981052456784,1.3721181255707187,526.8159697207179,526.8159697207179
8.05594,-0.7285527349645464,1.370102976564368,2.0986557115289144,519.8209683219088,519.8209683219088
7.08295,-0.3579016226327966,0.9917688567590103,1.3496704793918068,514.1990636558932,514.1990636558932
7.04995,-0.4588902273405184,0.20110857892049294,0.6599988062610114,505.5787971825128,505.5787971825128
8.13394,-0.6828537086210484,0.2747304119280629,0.9575841205491114,498.06494279741565,498.06494279741565
6.94095,-0.10594606406108423,-0.5037009351381959,-0.3977548710771117,-466.103601509986,466.103601509986
7.72294,-0.7454788633672635,1.5650211237984548,2.310499987165718,464.8338953231731,464.8338953231731
8.79694,-0.8145609284162036,-1.363544796793151,-0.5489838683769475,-462.25345976342174,462.25345976342174
8.06294,-0.7752610338650546,1.5075606197196831,2.2828216535847377,461.45184926808435,461.45184926808435
8.58494,-0.8777584078798526,-1.3813226183950815,-0.5035642105152289,-456.30661186065976,456.30661186065976
8.94394,-0.9607576978944647,-1.6036319155698677,-0.642874217675403,-453.1837648129199,453.1837648129199
8.10894,-0.7804951661478345,0.23969860877140414,1.0201937749192387,443.34775465579935,443.34775465579935
7.10295,-0.30188202419673466,1.3866456725604979,1.6885276967572325,441.670203687313,441.670203687313
7.92794,-0.46272603449042393,1.4928096293795066,1.9555356638699304,431.31041865258067,431.31041865258067
6.87395,-0.02796723028563232,-0.4883635029869341,-0.4603962727013018,-429.19408799990845,429.19408799990845
6.38595,3.710790677655023,-0.3654373842179539,-4.0762280618729765,-419.40636246383326,419.40636246383326
7.63694,-0.6477644231359735,0.18399743012588796,0.8317618532618615,415.28499526105134,415.28499526105134
6.16296,0.6409163157973123,1.4474089593544603,0.806492643557148,414.5859729525438,414.5859729525438
6.38695,3.6933557237821444,-0.2324050381646916,-3.9257607619468358,-414.18823103747565,414.18823103747565
5.54796,3.5242408604911466,1.935166645063753,-1.5890742154273936,-410.1641700651269,410.1641700651269
7.72794,-0.7548753940091308,1.2430393848950942,1.997914778904225,406.587166520048,406.587166520048
8.00294,-0.6457944413443357,-0.34860686402006436,0.29718757732427137,390.47396581401404,390.47396581401404
6.11096,0.7250704192991193,1.36642602238689,0.6413556030877707,386.67386922342337,386.67386922342337
7.71294,-0.8085378511999681,2.7803660113331823,3.5889038625331504,381.7544158387956,381.7544158387956
6.84395,-0.03981673623388653,-0.42794560523508335,-0.3881288690011968,-380.10647449676503,380.10647449676503
8.06594,-0.7775148537357117,1.8244658592645095,2.6019807130002213,377.89994901930135,377.89994901930135
7.61995,-0.6526105354553178,-0.08740280312075427,0.5652077323345635,376.36995177512154,376.36995177512154
6.85695,-0.009908093164395674,-0.5782078275661764,-0.5682997344017807,-370.87331837142733,370.87331837142733
7.60795,-0.693706745268104,0.749726692091842,1.443433437359946,369.4969017743927,369.4969017743927
8.07794,-0.8091756271524317,1.5430853218218554,2.352260948974287,368.1091466891815,368.1091466891815
8.05994,-0.7512467844504584,1.693444684821042,2.4446914692715005,368.04071473361245,368.04071473361245
7.70194,-0.7038753965166187,4.318354633435318,5.0222300299519365,366.7165056067915,366.7165056067915
7.71494,-0.7587958355371611,2.388385426561901,3.1471812620990622,365.4445713639634,365.4445713639634
7.86594,-0.5977236490937565,0.15294839436107682,0.7506720434548333,359.7676483516157,359.7676483516157
7.68294,-0.7407586342552546,3.183535761947867,3.9242943962031216,355.13678277014736,355.13678277014736
7.99994,-0.5760247893659691,-0.07161564565424315,0.504409143711726,352.5931075400942,352.5931075400942
6.86995,-0.043460390914992486,-0.4792970406315083,-0.4358366497165158,-351.37507414242367,351.37507414242367
7.59895,-0.6983057916170599,0.6582201827474384,1.3565259743644984,351.28395929080295,351.28395929080295
8.05894,-0.7013882817133223,1.672609810416173,2.3739980921294954,348.6216523862228,348.6216523862228
7.72894,-0.7936934402665308,1.2770026407027206,2.0706960809692516,343.7191433504812,343.7191433504812
8.07994,-0.8258717258929646,1.4321254942410282,2.257997220133993,343.1900573227732,343.1900573227732
8.22094,-0.8037786022163449,-1.1122667132717712,-0.3084881110554263,-336.62690321122403,336.62690321122403
7.62195,-0.6778905757279383,0.09161665476863959,0.7695072304965779,333.2163717597549,333.2163717597549
7.79494,-0.5148540847537171,-0.1657953222724887,0.34905876248122836,324.48033515607943,324.48033515607943
7.93594,-0.5275918013348736,1.5585558726664308,2.0861476740013045,320.37031989291376,320.37031989291376
7.00895,-0.4070805347337692,-0.6401763782050067,-0.23309584347123752,-316.6838182888401,316.6838182888401
6.81195,-0.19202838270318492,-0.6484117481778517,-0.45638336547466685,-315.76852023356304,315.76852023356304
7.93894,-0.5398086453597231,1.648482946703679,2.1882915920634023,315.4093279422855,315.4093279422855
7.65094,-0.7085015874933647,0.6879272381715454,1.39642882566491,311.5231328447589,311.5231328447589
7.47995,-0.573435379351821,-0.005516817720163355,0.5679185616316577,309.9483498400518,309.9483498400518
7.72394,-0.6775773470092886,1.4393462839026707,2.1169236309119595,309.3821571113721,309.3821571113721
7.61395,-0.6842271205033637,0.13411030035591465,0.8183374208592783,309.30312901439356,309.30312901439356
8.05094,-0.7266005066723433,0.8296734619330781,1.5562739686054214,309.26049856703935,309.26049856703935
8.08594,-0.7683249554247313,1.0782780184003642,1.8466029738250955,308.35619193827733,308.35619193827733
6.38495,3.676102519161077,-0.2329267195303808,-3.909029238691458,-299.97722109746195,299.97722109746195
7.08195,-0.3488228012537954,0.943867713981178,1.2926905152349732,299.4289471914504,299.4289471914504
6.38095,3.7561288894610554,-0.221406555854955,-3.9775354453160103,-299.24984364173486,299.24984364173486
7.68394,-0.7769510695300748,3.3895099563320423,4.166461025862117,298.5246284260552,298.5246284260552
6.72995,-0.17971993963202926,-0.606367827905826,-0.42664788827379674,-294.73815825401135,294.73815825401135
6.16196,0.6429006515232484,1.3854332131105858,0.7425325615873374,290.27943940636357,290.27943940636357
7.07995,-0.3192714578900991,0.852667017851144,1.171938475741243,288.46829022281605,288.46829022281605
7.08895,-0.29307904726585376,1.2543760606418983,1.547455107907752,288.4549138534489,288.4549138534489
8.05794,-0.7495399538671808,1.7353734754123642,2.484913429279545,283.9342143351274,283.9342143351274
8.09894,-0.7766225034122389,0.362876573716924,1.1394990771291629,283.2843744734882,283.2843744734882
6.11796,0.6336052320934635,1.0145789247484545,0.3809736926549909,275.3340924800334,275.3340924800334
7.07895,-0.30349165776869147,1.0369680498428253,1.3404597076115168,273.7016117683844,273.7016117683844
6.73095,-0.21042164379722544,-0.5574628982243571,-0.3470412544271317,-270.1483830826723,270.1483830826723
7.69594,-0.7035900035906741,5.153116774588441,5.856706778179115,269.19402311892117,269.19402311892117
8.06694,-0.8108237727557761,1.8267864418911959,2.6376102146469718,268.6495608696221,268.6495608696221
6.71895,-0.14074222212463197,-0.5740883436784929,-0.433346121553861,-264.9392434243206,264.9392434243206
7.69194,-0.775148994480263,4.904400686242974,5.6795496807232375,263.9866658826761,263.9866658826761
6.83395,-0.05962164552778661,-0.4927276374461132,-0.4331059919183266,-263.97704324805215,263.97704324805215
6.15096,0.5612929272676564,1.3494731769032524,0.788180249635596,263.8744476700905,263.8744476700905
7.07795,-0.2930024860742001,1.1751128732798413,1.4681153593540412,261.249045864394,261.249045864394
7.68694,-0.7493880361682073,3.9329940053045056,4.682382041472713,260.03580995183137,260.03580995183137
8.13494,-0.7433963079276276,0.18873573604735455,0.9321320439749821,259.6382291161591,259.6382291161591
7.11795,-0.2629792363187784,0.7026926197218101,0.9656718560405885,259.5829753717197,259.5829753717197
7.63594,-0.682193209605124,0.2778317177020219,0.960024927307146,256.65879406957583,256.65879406957583
7.66794,-0.7216400083543579,1.6539444109320665,2.375584419286424,255.57348607886962,255.57348607886962
8.69294,-0.9243841117358638,-1.448928565805625,-0.5245444540697612,-253.02520469937997,253.02520469937997
7.71994,-0.6927436565021194,1.8408754365673257,2.5336190930694453,251.4945672532562,251.4945672532562
8.77294,-0.8566606399489345,-1.1332372248317193,-0.2765765848827848,-250.43093675313688,250.43093675313688
5.82896,-0.021270657514443604,0.4024020322235537,0.4236726897379973,247.26841508098695,247.26841508098695
7.70794,-0.813636934765564,3.296326871012389,4.109963805777953,243.20574357184645,243.20574357184645
7.60095,-0.7339291087724741,0.5775898304270233,1.3115189391994972,237.0898049151377,237.0898049151377
7.71694,-0.7037385970131563,1.9448699184655716,2.648608515478728,235.6365015217618,235.6365015217618
7.73794,-0.7906514681844898,0.3750659286614408,1.1657173968459307,232.59658277158505,232.59658277158505
7.66994,-0.6795694492791101,1.722860318240868,2.402429767519978,231.20060635672309,231.20060635672309
6.12996,0.5750366297377718,1.1470608070158517,0.5720241772780799,230.82710930017333,230.82710930017333
6.37995,3.800120469447108,-0.22691479151612814,-4.0270352609632365,-227.70590233569433,227.70590233569433
7.63994,-0.7890813207442688,0.5815690000163491,1.370650320760618,227.4893204964611,227.4893204964611
8.78594,-0.7884960743586538,-1.4221846605386324,-0.6336885861799786,-227.4620840830316,227.4620840830316
8.65094,-0.9250838245251051,-0.9974421262218177,-0.07235830169671265,-225.13550666926105,225.13550666926105
8.08194,-0.8074646596261081,1.5897847985573417,2.39724945818345,223.28559449708,223.28559449708
7.68094,-0.627828257866434,2.7938577707906607,3.4216860286570947,221.62086988511714,221.62086988511714
7.93094,-0.4396791111109205,1.6665151329439147,2.1061942440548354,220.6713647820149,220.6713647820149
8.06994,-0.7517028162762738,1.8925182939680323,2.644221110244306,218.11601363805815,218.11601363805815
8.63394,-0.8470123402568901,-1.7838962131318716,-0.9368838728749815,-217.40512297118286,217.40512297118286
8.22994,-0.7766039150237565,-1.396255297762619,-0.6196513827388626,-216.8201563405092,216.8201563405092
7.05695,-0.38484902897358364,0.35618825882853655,0.7410372878021202,216.32187832078353,216.32187832078353
8.04494,-0.78345717004511,1.101239194095732,1.8846963641408419,216.0589002755052,216.0589002755052
8.54094,-0.8016811461110225,-1.3836104610188178,-0.5819293149077953,-215.90045858652005,215.90045858652005
7.67594,-0.7477186783182673,1.9217000702239282,2.6694187485421956,215.86166560960473,215.86166560960473
7.92994,-0.44990424260114126,1.5733248520192176,2.023229094620359,215.64186418463018,215.64186418463018
7.67494,-0.7389895643130553,1.6200027419395722,2.3589923062526275,215.12246751075048,215.12246751075048
7.65994,-0.791582109938517,0.9646270345330851,1.756209144471602,214.55374974566573,214.55374974566573
7.70494,-0.7048104895799316,3.6296632746751634,4.334473764255095,213.7524974419391,213.7524974419391
6.65195,0.11637432763242994,-0.537869265689576,-0.654243593322006,-213.6874002189492,213.6874002189492
7.68594,-0.7731610849224216,3.9028084421449725,4.675969527067394,213.39284153930532,213.39284153930532
6.65295,0.14361901891942502,-0.5555272804675242,-0.6991462993869493,-211.0698222875493,211.0698222875493
8.04594,-0.7085760254164446,0.9948305867052276,1.7034066121216722,210.47067818863445,210.47067818863445
7.58795,-0.7094724984706821,1.0583749748486913,1.7678474733193732,210.05145052037767,210.05145052037767
7.06795,-0.39710254577696974,0.6029399469969957,1.0000424927739655,209.95144099289672,209.95144099289672
7.62095,-0.6738767999746815,0.13030382528764464,0.8041806252623261,208.36491795128288,208.36491795128288
7.66894,-0.7048195145580334,1.8879095089373579,2.5927290234953912,207.07115693343786,207.07115693343786
8.10994,-0.7998224568335844,0.2844408809349256,1.08426333776851,206.14746206025998,206.14746206025998
7.67694,-0.70587863343311,1.9206135338622858,2.626492167295396,203.84305554361373,203.84305554361373
8.97893,-0.9021554454720192,-1.2609231284032223,-0.3587676829312031,-203.71514621399365,203.71514621399365
8.85394,-0.8905264727365424,-1.4631474411527987,-0.5726209684162563,-203.6442447046666,203.6442447046666
7.05095,-0.42742484457277696,0.11662138229650021,0.5440462268692772,202.03993618775468,202.03993618775468
7.74494,-0.7116756579296939,0.277144537420321,0.9888201953500149,199.17892807978262,199.17892807978262
7.58295,-0.7456769047583245,0.6824226003128944,1.4280995050712189,198.34858541925922,198.34858541925922
7.44995,-0.6851645161030082,-0.23580136374545424,0.449363152357554,197.0551250245677,197.0551250245677
7.73294,-0.7928403445731522,0.4709365724650236,1.2637769170381759,196.08506845664616,196.08506845664616
7.94694,-0.5772804005911207,1.1790740538565572,1.756354454447678,194.61033035559512,194.61033035559512
8.04394,-0.7808354772655355,0.954661121547161,1.7354965988126965,192.2993067532169,192.2993067532169
7.68494,-0.7709619388183551,3.6408884185437858,4.411850357362141,187.0256526357232,187.0256526357232
7.87694,-0.49432968482850476,0.21185881285621194,0.7061884976847167,186.0517142329624,186.0517142329624
7.20095,1.373745689450177,1.7433857816288454,0.36964009217866844,184.82353860537538,184.82353860537538
8.14994,-0.7795111961637559,0.1102029025972623,0.8897140987610181,183.15087672969557,183.15087672969557
6.24496,1.1837479419320451,1.277549506686064,0.0938015647540189,182.17318413839362,182.17318413839362
8.04694,-0.7367465763092169,1.0592744254791902,1.796021001788407,181.99897327902664,181.99897327902664
7.94594,-0.5155411858875613,1.125948901816789,1.6414900877043501,181.26592433368958,181.26592433368958
8.48094,-0.8742611019586071,-1.1412927046784647,-0.2670316027198576,-180.88769182938177,180.88769182938177
7.55495,-0.636965548442211,0.14195710765638425,0.7789226560985952,180.28680111935938,180.28680111935938
8.07894,-0.8584441338939159,1.414579011341262,2.273023145235178,179.05753624119984,179.05753624119984
8.85294,-0.9081450050610851,-1.4007874495995754,-0.49264244453849027,-179.01246372149242,179.01246372149242
7.52895,-0.6859110592118787,-0.49015520864288725,0.19575585056899142,178.78916145090673,178.78916145090673
8.07394,-0.8085461341539966,1.9520763169171262,2.760622451071123,178.78423625889423,178.78423625889423
6.57195,0.21826875969029036,-0.549918306335735,-0.7681870660260254,-178.48956582676834,178.48956582676834
8.08294,-0.7912097763556382,1.5516588852317679,2.342868661587406,177.9294212657815,177.9294212657815
7.92594,-0.47471935011705213,1.4688374711754584,1.9435568212925105,176.13421965811315,176.13421965811315
7.93994,-0.5335813644659076,1.4447573788957504,1.978338743361658,175.93375647283233,175.93375647283233
7.71594,-0.6903728707838092,2.1362910016482806,2.8266638724320896,175.10137700461553,175.10137700461553
6.14796,0.6066172161275405,1.3696460556440748,0.7630288395165343,173.79245792976636,173.79245792976636
7.71794,-0.6890419699400276,2.0006610421741384,2.6897030121141663,173.73325130135618,173.73325130135618
8.73194,-0.8443985172180721,-1.571486629376605,-0.7270881121585329,-173.5456120744661,173.5456120744661
6.88195,-0.06303452826396076,-0.5221360752608948,-0.459101546996934,-173.38068156686242,173.38068156686242
7.70394,-0.705756595770473,3.877228066213593,4.5829846619840655,172.35351721018262,172.35351721018262
8.23094,-0.7705910176951543,-1.3723820791279258,-0.6017910614327715,-172.31435632867135,172.31435632867135
8.66294,-0.8862349883556673,-1.4782128794333977,-0.5919778910777305,-170.70742751849767,170.70742751849767
5.97196,0.3037989778453967,-0.16986083912234215,-0.47365981696773884,-170.58169193225942,170.58169193225942
7.59695,-0.7213401902060077,0.8391140957507911,1.5604542859567987,170.18532514965224,170.18532514965224
7.69494,-0.6908628024246475,5.032050719723332,5.72291352214798,170.13273529106934,170.13273529106934
6.14496,0.5718817188889809,1.1351772652857042,0.5632955463967233,170.12796226130834,170.12796226130834
8.45894,-0.7748412358828909,-1.1433668378323945,-0.36852560194950357,-168.24902742250964,168.24902742250964
7.73694,-0.8105425402842511,0.3852872856264266,1.1958298259106777,166.52582328800614,166.52582328800614
8.07494,-0.7727647865555113,1.7886605285656223,2.5614253151211335,166.1982818071363,166.1982818071363
6.11896,0.6256338066414362,1.2578695268907552,0.632235720249319,164.92884715798263,164.92884715798263
7.64794,-0.6972461729624562,0.7070747431935994,1.4043209161560557,162.90400867000605,162.90400867000605
8.19294,-0.8372772040676164,-0.6629216857490549,0.17435551831856155,162.19179884257062,162.19179884257062
7.65894,-0.724158435369125,0.8953801293922606,1.6195385647613856,161.6770003406619,161.6770003406619
6.38395,3.6937555925271015,-0.11247948669905465,-3.8062350792261563,-160.93643287990167,160.93643287990167
6.39095,3.5168929043475416,-0.4901084372101013,-4.007001341557643,-160.56728114349002,160.56728114349002
7.59295,-0.6816997222481678,1.0110314914617682,1.692731213709936,158.55111529779566,158.55111529779566
6.38995,3.6029312816378387,-0.3787744381669868,-3.9817057198048253,-158.27184806227288,158.27184806227288
7.07095,-0.3444794339653112,0.7920512409605832,1.1365306749258943,157.8209900259661,157.8209900259661
8.07694,-0.7772831454047777,1.5355371321307112,2.312820277535489,157.4352900962076,157.4352900962076
8.84294,-0.874047779153444,-1.3811549607975568,-0.5071071816441128,-156.4487045050623,156.4487045050623
8.12594,-0.781424948899206,0.11761437579257064,0.8990393246917766,154.35448468923272,154.35448468923272
6.39195,3.476668549133865,-0.4594695509327976,-3.9361381000666626,-153.08670678820005,153.08670678820005
7.68994,-0.745224735345924,4.673673610507477,5.4188983458534015,151.85749993888402,151.85749993888402
8.49794,-0.8490507139513568,-1.3016604347333354,-0.4526097207819786,-151.67333016278823,151.67333016278823
6.17596,0.6810683312874488,1.752103257139638,1.0710349258521892,151.22244955677544,151.22244955677544
7.59095,-0.663061353020777,0.7522811318824579,1.4153424849032348,150.66376749734923,150.66376749734923
7.10495,-0.30556662712562144,1.2628129075559753,1.5683795346815967,149.48143461208574,149.48143461208574
7.66694,-0.6662252352872813,1.4455812756732869,2.111806510960568,148.06675043724175,148.06675043724175
8.07594,-0.7480435386037176,1.720172759756938,2.4682162983606557,146.88987035405555,146.88987035405555
8.08794,-0.7696690933825139,1.1565158320436526,1.9261849254261665,146.35902484397133,146.35902484397133
7.68794,-0.7468993623375682,4.244311857532675,4.991211219870243,142.37766768701664,142.37766768701664
8.28494,-0.7635602617063908,-1.1751681741045545,-0.41160791239816374,-140.83569772150895,140.83569772150895
7.70694,-0.8219482887990277,3.318021620220015,4.139969909019042,140.76729833351098,140.76729833351098
6.17396,0.6668976577368808,2.012256759702526,1.3453591019656452,140.41379260484263,140.41379260484263
7.23195,1.1532202747470959,0.8313500379083273,-0.3218702368387686,-140.25557423900858,140.25557423900858
7.12195,-0.1380006097670262,0.8164551354672707,0.9544557452342969,138.90241236234093,138.90241236234093
8.83794,-0.8745777711712028,-1.3727058813549053,-0.4981281101837025,-138.83025174984368,138.83025174984368
8.11094,-0.8165188132983354,0.2748419438062447,1.0913607571045802,137.12640289466304,137.12640289466304
6.11996,0.650764633429775,1.3898693036202048,0.7391046701904298,136.477487063082,136.477487063082
7.70994,-0.759058856511103,2.822064542563097,3.5811233990741997,136.37982210644842,136.37982210644842
8.92694,-0.8725534734701518,-1.7293283422807837,-0.8567748688106319,-136.1354241823573,136.1354241823573
7.67894,-0.7046455867389816,2.2100207687315097,2.9146663554704912,135.695220886258,135.695220886258
7.69094,-0.8049671705438964,4.84287826311687,5.647845433660767,134.64842999708083,134.64842999708083
8.08494,-0.7873559451432591,1.2255792492558557,2.0129351943991147,134.61068475943884,134.61068475943884
7.70094,-0.7320048323424009,4.1144671645139,4.846471996856301,134.4322448623639,134.4322448623639
8.78694,-0.8292576648473966,-1.3080033605796115,-0.4787456957322149,-134.2231457905421,134.2231457905421
8.09794,-0.7600062671390917,0.36020340644308224,1.120209673582174,134.10300246572393,134.10300246572393
8.75294,-0.8656661462345714,-1.475172016741808,-0.6095058705072367,-132.89593158502726,132.89593158502726
7.73394,-0.696893387210659,0.5723514299549999,1.2692448171656587,132.8518757650236,132.8518757650236
7.85394,-0.630269057822572,-0.256873693116775,0.37339536470579704,132.71308510905916,132.71308510905916
7.59495,-0.6963628565678184,0.86775979943091,1.5641226559987285,131.78186049983296,131.78186049983296
7.06195,-0.457001319493171,0.572020432122976,1.029021751616147,130.65412272243375,130.65412272243375
8.02794,-0.6853287467130862,0.07729020512605823,0.7626189518391444,130.15475714679488,130.15475714679488
8.14494,-0.8060309085789785,-0.07955239801776258,0.7264785105612159,130.13456851016943,130.13456851016943
8.06094,-0.7925909625197204,1.6881739041263206,2.480764866646041,128.9462892421455,128.9462892421455
8.06494,-0.8129734525791206,1.642222770315409,2.4551962228945294,128.7357934003025,128.7357934003025
8.93494,-0.9635603433099887,-1.1991143921524192,-0.23555404884243047,-128.40529239857898,128.40529239857898
8.07094,-0.7341173849657935,1.848542353741696,2.5826597387074894,127.75791143963755,127.75791143963755
8.69194,-0.8804911374627914,-1.2685732438398145,-0.3880821063770231,-127.16911354009724,127.16911354009724
7.56595,-0.624711751449869,0.6441311880713084,1.2688429395211775,127.08354209259392,127.08354209259392
6.40095,3.177008644543627,-0.49025954491602514,-3.6672681894596524,-126.50855388436695,126.50855388436695
7.72194,-0.7003000502594996,1.4188891787626112,2.119189229022111,126.30254743109339,126.30254743109339
8.64794,-0.8731848791198874,-1.1965239023805327,-0.32333902326064534,-126.20642221716638,126.20642221716638
7.64594,-0.7739174293461956,0.9502106398274539,1.7241280691736494,126.14412208340278,126.14412208340278
7.63894,-0.7171689128864296,0.5484908036291334,1.265659716515563,125.97956967833869,125.97956967833869
7.72994,-0.7872751192411873,1.2393372460999623,2.0266123653411494,124.88556466115422,124.88556466115422
8.63794,-0.8541584718419406,-1.2616878773072975,-0.4075294054653569,-124.57080001849118,124.57080001849118
8.69894,-0.8807784959246076,-1.5795654949397433,-0.6987869990151357,-124.39988864251724,124.39988864251724
5.64196,0.23294272492730922,-0.07375993595735171,-0.3067026608846609,-124.20092329851255,124.20092329851255
8.04794,-0.7157793948404176,1.198800805084652,1.9145801999250696,123.9215968780822,123.9215968780822
8.63594,-0.8252162982548421,-0.9517291669378621,-0.12651286868302003,-123.5120274518374,123.5120274518374
8.51094,-0.8782623885071543,-1.3061285456854002,-0.42786615717824583,-121.28165298055681,121.28165298055681
7.85094,-0.5969035246112517,-0.269620707452201,0.3272828171590507,120.49990799410594,120.49990799410594
7.70294,-0.7181459266502238,4.039740806132078,4.757886732782302,120.05607495466812,120.05607495466812
6.77495,-0.2493936193182104,-0.8261359971593276,-0.5767423778411171,-119.45621668112068,119.45621668112068
7.62295,-0.7017466072268905,0.24281430575545115,0.9445609129823417,119.32747515961222,119.32747515961222
8.49994,-0.8396371915574988,-1.3918634602240207,-0.5522262686665219,-118.75047445392842,118.75047445392842
6.91295,-0.09948020025930851,-0.515631248301129,-0.41615104804182057,-118.56007552331349,118.56007552331349
8.27394,-0.6603309596901874,-1.4969865727734164,-0.836655613083229,-118.50462870122915,118.50462870122915
8.96793,-0.8373054178393405,-1.4927814611857095,-0.655476043346369,-118.06572371095281,118.06572371095281
8.68294,-0.8480721013374861,-1.4124857044998398,-0.5644136031623537,-117.41440706877898,117.41440706877898
7.12095,-0.1375518352056881,0.7431607024892024,0.8807125376948906,117.16144443513811,117.16144443513811
8.87494,-0.8759231094338703,-1.6248481570420683,-0.748925047608198,-117.0169771445941,117.0169771445941
7.73194,-0.7984816374643983,0.7643733461588811,1.5628549836232795,116.67298883755613,116.67298883755613
7.06995,-0.3732039020604458,0.83746989999824,1.2106738020586858,116.45398933519782,116.45398933519782
6.97395,-0.3773704621530436,-0.12122574463002292,0.2561447175230207,115.22237739281806,115.22237739281806
6.75395,-0.2817799339807306,-0.9775459184949369,-0.6957659845142063,-115.13593472878318,115.13593472878318
7.67194,-0.7371069254763375,1.6520267821878436,2.389133707664181,114.57808014932134,114.57808014932134
8.77994,-0.8591181710142706,-1.222940407618024,-0.36382223660375335,-114.50779569169887,114.50779569169887
7.08795,-0.29625260301604506,1.2025065416823062,1.4987591446983513,114.28721331624448,114.28721331624448
7.89094,-0.48157905547076785,0.907058596378654,1.388637651849422,113.97669197931134,113.97669197931134
6.74195,-0.2653739929905589,-0.7633039739152186,-0.49792998092465973,-113.75438809061573,113.75438809061573
8.82594,-0.8494619042807565,-1.4625484070328865,-0.61308650275213,-113.69306602193942,113.69306602193942
8.75194,-0.8619398819130738,-1.5321162361586733,-0.6701763542455995,-113.35752689115151,113.35752689115151
8.65694,-0.8658881811819303,-1.1392354811963883,-0.27334730001445795,-113.18360352626691,113.18360352626691
5.81996,-0.0627385941579893,0.3681077785839036,0.43084637274189286,112.89966617982464,112.89966617982464
7.66194,-0.7258874106328597,1.0335789198671068,1.7594663304999665,112.22667045688151,112.22667045688151
7.67994,-0.6676652918797986,2.592488763634639,3.2601540555144375,112.14047163848859,112.14047163848859
7.73094,-0.8084970864566994,1.0890426435461713,1.8975397300028707,112.03948320624912,112.03948320624912
6.24596,1.2572011490756958,0.9526895257651081,-0.3045116233105877,-111.85310849147335,111.85310849147335
6.14296,0.5117618438075109,1.1180409318734454,0.6062790880659346,111.34897770013438,111.34897770013438
8.03994,-0.7047783983439085,0.4023300761731137,1.1071084745170223,111.18690129620119,111.18690129620119
7.62394,-0.6841999166281053,0.13789878641157458,0.8220987030396799,111.08813151481338,111.08813151481338
8.72994,-0.8423295709073881,-1.39987540666025,-0.5575458357528618,-110.65097535647367,110.65097535647367
7.93494,-0.5194405878145711,1.467272427078391,1.9867130148929621,110.53981094917988,110.53981094917988
8.84194,-0.8452344740925429,-1.4128422467297697,-0.5676077726372267,-110.14349787954141,110.14349787954141
8.95494,-0.8844006940585356,-1.3651569721032568,-0.4807562780447212,-109.49352218863672,109.49352218863672
6.97495,-0.3499861484428409,-0.10049880430081354,0.2494873441420274,108.78529750716667,108.78529750716667
7.12695,-0.06404383215990817,0.6821239827035687,0.7461678148634768,108.2229390666664,108.2229390666664
8.50094,-0.7902864040830762,-1.1964701512108542,-0.40618374712777805,-108.01268579782031,108.01268579782031
7.66594,-0.670234669832432,1.1681403319922163,1.8383750018246483,107.63277967721075,107.63277967721075
7.77594,-0.6587352392827268,-0.2116888912430483,0.4470463480396785,107.06966542727484,107.06966542727484
8.61394,-0.8687616262950916,-1.1972589694138014,-0.3284973431187098,-106.77158617012013,106.77158617012013
6.86095,0.015787753962784118,-0.4956094772662306,-0.5113972312290147,-106.7552296810288,106.7552296810288
6.47195,1.000366977348352,-0.06272547562239515,-1.063092452970747,-106.49617933962963,106.49617933962963
6.38195,3.705339809712762,-0.12347077340374722,-3.828810583116509,-106.3459194228206,106.3459194228206
8.04294,-0.7604086198619074,0.9545064160387152,1.7149150359006227,105.95325386852475,105.95325386852475
8.32694,-0.8404499443136897,-1.4464741449251204,-0.6060242006114307,-105.9119929233611,105.9119929233611
8.81794,-0.8854418539373611,-1.505498973540455,-0.6200571196030938,-105.84393492017132,105.84393492017132
8.83894,-0.864337004863069,-1.4129422656398811,-0.5486052607768122,-105.45338674915402,105.45338674915402
7.69794,-0.6805917399180313,5.280514961892261,5.961106701810293,104.3561267827654,104.3561267827654
6.14996,0.5703277801322407,1.4434981480130522,0.8731703678808115,104.09932330037071,104.09932330037071
8.06894,-0.8264420824445158,1.8905431003834576,2.7169851828279734,103.67913422939316,103.67913422939316
6.18896,0.7510645751667442,1.5714324078926485,0.8203678327259043,103.64037837876414,103.64037837876414
7.65694,-0.7169111847859911,0.9395503509547849,1.656461535740776,102.53002474203075,102.53002474203075
7.58995,-0.686526306067698,0.7794985079613451,1.4660248140290433,102.24081853248515,102.24081853248515
7.96694,-0.5154086578755706,2.464227103725541,2.979635761601112,101.99689571578101,101.99689571578101
7.64894,-0.6640432830392824,0.688132312915299,1.3521755959545814,100.94862366612276,100.94862366612276
7.68194,-0.670211305696543,2.9847931506329006,3.6550044563294435,99.95630588365367,99.95630588365367
7.73994,-0.7419682512586365,0.44806174403018373,1.1900299952888203,99.34592249896797,99.34592249896797
6.16796,0.6024248771524993,1.5361307695468405,0.9337058923943412,99.23611205980784,99.23611205980784
7.93194,-0.42673253419784785,1.4148452487278895,1.8415777829257374,98.76788231846,98.76788231846
7.59995,-0.700215542634059,0.6324131452571731,1.3326286878912321,97.6943628333958,97.6943628333958
8.68094,-0.8183665639164981,-1.4851343319252106,-0.6667677680087125,-97.68331608227487,97.68331608227487
8.03694,-0.6964205850160755,0.5478863728054383,1.2443069578215138,97.63520304503929,97.63520304503929
8.09594,-0.801336372097134,0.41822156991276266,1.2195579420098968,97.29077167349242,97.29077167349242
6.39895,3.205712044906881,-0.2643895025852212,-3.470101547492102,-97.22278187398518,97.22278187398518
8.60094,-0.8921606875159147,-1.4067964993718103,-0.5146358118558956,-96.83368381647823,96.83368381647823
7.55695,-0.6323288877126747,0.12479558962647132,0.757124477339146,96.66157056952815,96.66157056952815
7.59395,-0.7100007741038188,1.1716553850562048,1.8816561591600236,96.27996093485795,96.27996093485795
7.44895,-0.7129214895579257,-0.31094506721982784,0.4019764223380978,96.07791060943333,96.07791060943333
7.07695,-0.34250946176624186,1.2022043262704587,1.5447137880367006,95.90858294332396,95.90858294332396
8.26394,-0.7071699236106102,-1.2006519130601934,-0.4934819894495832,-95.8969138435184,95.8969138435184
7.55995,-0.5724061911253393,0.19468290361621102,0.7670890947415503,95.60660255545704,95.60660255545704
8.02094,-0.6827446583730342,0.16240341938887798,0.8451480777619123,95.60393307007706,95.60393307007706
8.08694,-0.7405420042215108,1.1226029454713344,1.8631449496928454,95.42439591955834,95.42439591955834
8.66894,-0.8710988141162337,-1.460571774327303,-0.5894729602110693,-95.35680232583687,95.35680232583687
8.88394,-0.8988554565078002,-1.2686121001070523,-0.3697566435992521,-95.27594861785776,95.27594861785776
7.96594,-0.4795722044935417,2.4138578684176206,2.8934300729111624,95.26804470795787,95.26804470795787
7.72494,-0.6949092860272041,1.4154748641692387,2.1103841501964427,95.06822541630795,95.06822541630795
7.97094,-0.4363882532001119,2.575902894008245,3.012291147208357,94.78017672169867,94.78017672169867
7.10095,-0.28379302235935044,1.3324987446044831,1.6162917669638337,94.6281351405838,94.6281351405838
7.85794,-0.6402754750830921,-0.0704679466497269,0.5698075284333652,94.38779644602714,94.38779644602714
7.76894,-0.7332766908539845,-0.18832116386269504,0.5449555269912895,94.37101886159171,94.37101886159171
7.23495,1.1482640414195697,0.5359308750248511,-0.6123331663947186,-94.28732855853468,94.28732855853468
8.07194,-0.7668575990357724,1.8855313614703197,2.652388960506092,94.26499147512665,94.26499147512665
5.54996,3.5038955368199676,2.206516509075087,-1.2973790277448805,-93.99702512642601,93.99702512642601
7.58895,-0.6958458083042212,0.9466739999483336,1.6425198082525547,93.55728402861081,93.55728402861081
8.49294,-0.8342984599986704,-1.187849348653828,-0.3535508886551576,-93.21363623712271,93.21363623712271
7.70894,-0.7780648595776491,3.025808099383635,3.8038729589612843,93.12577697349613,93.12577697349613
8.15594,-0.7737781638436885,-0.29165005229437224,0.48212811154931623,93.0159397211018,93.0159397211018
8.80694,-0.8805093218562636,-1.247594673202217,-0.3670853513459533,-92.90182111698411,92.90182111698411
6.38795,3.694788849359679,-0.15252302876885163,-3.8473118781285307,-92.75588244929952,92.75588244929952
7.86694,-0.5777148830454286,-0.048902718332892905,0.5288121647125357,91.51397132547352,91.51397132547352
8.28094,-0.7348248767245232,-1.4309255217658174,-0.6961006450412942,-91.45194022291844,91.45194022291844
6.75495,-0.2587383499743521,-0.8186093942833154,-0.5598710443089633,-90.8980924272888,90.8980924272888
6.24196,1.0160099947823413,1.3705922777073594,0.35458228292501803,90.82309837200013,90.82309837200013
8.32894,-0.8738126417826912,-1.3512942792057605,-0.47748163742306926,-90.74287459910875,90.74287459910875
6.16996,0.6044496736678056,1.7959352852650947,1.1914856115972892,90.52520305056832,90.52520305056832
7.69894,-0.7018401670502472,5.003556123749138,5.705396290799385,90.37822418331402,90.37822418331402
7.70594,-0.7238373389394539,3.373499735109167,4.097337074048621,90.26483866441879,90.26483866441879
7.67094,-0.7399523483575075,1.878566015787738,2.6185183641452454,90.23692374466957,90.23692374466957
8.34394,-0.8164119976176732,-1.181472243683593,-0.3650602460659197,-90.21933460916787,90.21933460916787
7.65594,-0.7308831492573669,0.9868614541190103,1.717744603376377,89.99113984023768,89.99113984023768
7.63494,-0.7374368895728154,0.22450508872102218,0.9619419782938375,89.90533422858421,89.90533422858421
7.13295,-0.025819768060987246,0.3065601708401467,0.33237993890113393,89.85317606292982,89.85317606292982
8.06394,-0.8289276138709998,1.6426940824457903,2.47162169631679,89.67179448206684,89.67179448206684
7.59595,-0.6714056672263242,0.8596071789160709,1.531012846142395,89.53978897250913,89.53978897250913
8.06794,-0.8261283158961465,1.8338849062670906,2.6600132221632373,88.9008420983311,88.9008420983311
7.74294,-0.7158622456741155,0.4251221551499477,1.1409844008240633,88.84650419820436,88.84650419820436
5.82696,-0.03239985084830174,0.5173410293937065,0.5497408802420083,88.75040873416748,88.75040873416748
6.76895,-0.24846146898124996,-0.5043953110249408,-0.25593384204369085,-88.55577064410494,88.55577064410494
8.09494,-0.7948963206967967,0.272161580927359,1.0670579016241557,87.51858715665043,87.51858715665043
8.34194,-0.8620069647255784,-1.056407231315287,-0.19440026658970866,-87.42558141914533,87.42558141914533
8.09394,-0.7903850074188711,0.48535656497317686,1.275741572392048,87.21871928408208,87.21871928408208
8.55894,-0.8246831952384004,-1.0250268379382004,-0.20034364269979998,-86.91410432018942,86.91410432018942
7.60995,-0.670951287880917,0.24596598076471834,0.9169172686456353,86.77730491494019,86.77730491494019
8.93094,-0.9073028019565279,-1.5765001671910044,-0.6691973652344765,-86.70232152579709,86.70232152579709
8.92794,-0.8804174836604808,-1.7387545848884087,-0.858337101227928,-86.660127215055,86.660127215055
8.06194,-0.8055169102338348,1.6106304663697768,2.4161473766036115,86.56523648683243,86.56523648683243
7.12595,-0.12025521291313238,0.5854294421224491,0.7056846550355814,86.52684080780655,86.52684080780655
6.76795,-0.24496463278008915,-0.4962858641403656,-0.2513212313602764,-85.68283880909951,85.68283880909951
6.77795,-0.27026452384280525,-0.5290942253384319,-0.2588297014956266,-85.49667249492987,85.49667249492987
8.25594,-0.7988965860990991,-1.3863840069830233,-0.5874874208839242,-85.100871000594,85.100871000594
8.93794,-0.9177053039351002,-1.356512531983661,-0.43880722804856087,-84.89862022724436,84.89862022724436
8.08894,-0.7497349274156851,1.0171477557491584,1.7668826831648436,84.59580140318052,84.59580140318052
8.65994,-0.8663669259118885,-1.4943709703399264,-0.6280040444280379,-84.34975458182666,84.34975458182666
7.76794,-0.7182461900151202,-0.3021772224737276,0.41606896754139266,84.3273962872921,84.3273962872921
8.87094,-0.8557996746997147,-1.348816472608863,-0.4930167979091482,-84.18828029362935,84.18828029362935
6.40795,2.827467204671554,-0.4537778273430026,-3.2812450320145565,-84.13994864747944,84.13994864747944
8.92094,-0.8971916900722703,-1.3534993723714908,-0.4563076822992205,-83.93338478703217,83.93338478703217
7.90994,-0.3906632095922767,2.1061054384887474,2.4967686480810243,83.86881308002772,83.86881308002772
7.77194,-0.7769549327139782,-0.16529882552445338,0.6116561071895248,83.73843405472347,83.73843405472347
6.87595,-0.05192099525644509,-0.31116093537114753,-0.2592399401147024,-83.69922332959534,83.69922332959534
8.83994,-0.875935203437826,-1.4488479750291323,-0.5729127715913063,-82.9557669949658,82.9557669949658
7.60895,-0.6879364555658818,0.6531940526242124,1.3411305081900942,82.86403135095345,82.86403135095345
8.27994,-0.7325995153434148,-1.1820755951665314,-0.44947607982311655,-82.72768697774477,82.72768697774477
5.85596,0.14990040338724958,0.4464175482776322,0.2965171448903826,82.45952625794634,82.45952625794634
5.82996,-0.0069060213318423245,0.39654480971774686,0.4034508310495892,82.30324963920614,82.30324963920614
6.37595,3.823921211004901,-0.19958948136158136,-4.023510692366482,-82.03558550086072,82.03558550086072
6.87095,-0.044960780343337337,-0.4848916235532095,-0.4399308432098722,-81.94475313660008,81.94475313660008
7.59195,-0.697198738517011,0.7380446273029264,1.4352433658199373,81.92289292776942,81.92289292776942
7.22795,1.2003895614615812,0.719832550936591,-0.4805570105249901,-81.7868439746587,81.7868439746587
8.14094,-0.82672963162379,-0.02176449390948961,0.8049651377143003,81.1900426166479,81.1900426166479
7.62794,-0.673319502560216,0.471907979145962,1.145227481706178,80.93559563445554,80.93559563445554
8.63694,-0.8339984962370308,-1.1118374954308972,-0.27783899919386634,-80.78576253787377,80.78576253787377
7.02495,-0.4226369810645571,-0.33002781179648566,0.09260916926807145,80.54436904033079,80.54436904033079
8.89394,-0.8476419772099802,-1.24595036951559,-0.39830839230560977,-80.48815619308623,80.48815619308623
5.63796,0.38719997778179427,0.06943980002306654,-0.3177601777587277,-79.99951918392465,79.99951918392465
6.83095,-0.07532065006702107,-0.5591790500273484,-0.4838583999603273,-79.93610432182093,79.93610432182093
8.78394,-0.821487263042042,-1.5029869878195985,-0.6814997247775565,-79.62000692469654,79.62000692469654
7.91794,-0.4309498658193347,1.6925308429804555,2.1234807087997902,79.5572646836033,79.5572646836033
8.71094,-0.8502207364391114,-1.2725837143110819,-0.4223629778719704,-79.55583745056637,79.55583745056637
6.83295,-0.04911555667719663,-0.6497861087412535,-0.600670552064057,-79.42470747395265,79.42470747395265
7.93694,-0.53216193650766,1.7234503578544749,2.255612294362135,79.41043662723165,79.41043662723165
8.25694,-0.8325818750176837,-1.1072017268813075,-0.2746198518636238,-79.35391342702532,79.35391342702532
6.88495,-0.1022109591875216,-0.586738217345825,-0.4845272581583034,-78.98635125082393,78.98635125082393
7.90794,-0.42020481186553194,2.1972701565935617,2.617474968459094,78.931591387582,78.931591387582
7.56695,-0.5677886564444031,0.6681860957333624,1.2359747521777655,78.71071223525885,78.71071223525885
8.97793,-0.8673486072262988,-1.3827074125857972,-0.5153588053594984,-78.54319823241546,78.54319823241546
8.48294,-0.8590449925812257,-1.5257880613027375,-0.6667430687215118,-78.53543463345555,78.53543463345555
6.56895,0.21412174519631058,-0.31039820123648454,-0.5245199464327951,-78.38897720045684,78.38897720045684
8.67994,-0.8493208782902874,-1.330108978835249,-0.48078810054496157,-78.38886360067862,78.38886360067862
8.21394,-0.8111526615174184,-1.0767783489750713,-0.2656256874576529,-78.16724875015633,78.16724875015633
7.79894,-0.5362938792487735,-0.2826087745566005,0.253685104692173,78.11244615593604,78.11244615593604
8.55994,-0.8541697884135947,-1.2229464159482357,-0.368776627534641,-77.94900620080934,77.94900620080934
5.62796,0.7021131254201504,0.5185462932385745,-0.18356683218157588,-77.87280643035092,77.87280643035092
7.90894,-0.37887488563453775,2.324150260334214,2.703025145968752,77.78070664004788,77.78070664004788
6.37495,3.781580850941645,-0.06603905174515196,-3.847619902686797,-77.66187594655541,77.66187594655541
6.38295,3.6631380557197257,-0.0363931589639186,-3.6995312146836445,-77.64337180782499,77.64337180782499
7.08695,-0.37984931993487403,1.1766707217718648,1.5565200417067389,77.6345959988916,77.6345959988916
7.58395,-0.6849821444338358,0.652686762468611,1.3376689069024468,77.584196217862,77.584196217862
8.60794,-0.8486145311554634,-1.2003306652730044,-0.351716134117541,-77.06475257984808,77.06475257984808
7.62994,-0.6746817275865946,0.21740662434512736,0.892088351931722,76.81687733284937,76.81687733284937
7.07495,-0.4153215973526546,1.0004971256773687,1.4158187230300232,76.77912882027901,76.77912882027901
6.84595,0.0015850128241560262,-0.28192878987994363,-0.28351380270409965,-76.67743905085663,76.67743905085663
7.09295,-0.3566305586353512,1.4250306276676556,1.781661186303007,76.59772245021247,76.59772245021247
7.76494,-0.7155168552723041,-0.3094339901605901,0.40608286511171404,76.57298801348996,76.57298801348996
7.91694,-0.43284311526570374,1.7540244836863828,2.1868675989520865,76.2704061018526,76.2704061018526
7.05995,-0.37733724802809043,0.40560047866560656,0.782937726693697,75.66806621169698,75.66806621169698
7.61095,-0.64586563588213,0.23393852693369116,0.8798041628158211,75.62705871780686,75.62705871780686
8.67894,-0.8300758706477644,-1.456374218124892,-0.6262983474771275,-75.23658672394228,75.23658672394228
7.13195,-0.095348337500086,0.37424922748894796,0.46959756498903393,74.46807297400332,74.46807297400332
6.37895,3.8054981183414913,-0.4386058941077525,-4.2441040124492435,-74.2265069333807,74.2265069333807
7.83394,-0.45902907453877684,0.14925704897351075,0.6082861235122876,74.21330694735728,74.21330694735728
8.28594,-0.7671394027351472,-1.223122780227864,-0.45598337749271667,-74.19649729028579,74.19649729028579
8.14594,-0.8163155848616725,-0.12231587879418719,0.6939997060674854,74.14543425002675,74.14543425002675
5.85096,0.19081100224058625,0.40422971590472684,0.21341871366414059,73.75450211048255,73.75450211048255
7.92294,-0.4504612146571373,1.6452557178414504,2.0957169324985876,73.58719943229488,73.58719943229488
7.09095,-0.39064720519547913,1.1970090994286988,1.5876563046241778,73.51230053607544,73.51230053607544
6.40895,2.7480629333665676,-0.36309521477613554,-3.111158148142703,-72.55933506532622,72.55933506532622
8.81594,-0.9544470297611498,-1.6938180313886997,-0.7393710016275499,-72.44052819597722,72.44052819597722
8.54594,-0.8346564076649741,-1.3492392144051972,-0.5145828067402232,-72.41599565230159,72.41599565230159
7.74694,-0.732638671460244,-0.0546592023680838,0.6779794690921602,72.24518274497184,72.24518274497184
7.10195,-0.2802011754151244,1.3356144415885305,1.6158156170036548,72.1502774018886,72.1502774018886
8.33294,-0.861814677650947,-1.1961673241725779,-0.3343526465216309,-71.82046865464831,71.82046865464831
7.92694,-0.45131799395414035,1.5942604648947027,2.0455784588488433,71.70634397389811,71.70634397389811
7.75394,-0.6742512500734639,-0.21744897308076108,0.4568022769927028,71.65098339199706,71.65098339199706
8.75094,-0.8961505962593522,-1.445195845689056,-0.5490452494297037,-70.92971113958833,70.92971113958833
7.06295,-0.4940071637574194,0.564587372112536,1.0585945358699553,70.87016381981157,70.87016381981157
8.97193,-0.8850944700719703,-1.2389054044631973,-0.353810934391227,-70.09181131337533,70.09181131337533
8.82694,-0.8599316100238183,-1.4482816809121704,-0.588350070888352,-69.78368888270658,69.78368888270658
7.11095,-0.23293854934740169,1.0316864757405377,1.2646250250879394,69.77490970299739,69.77490970299739
7.55595,-0.6049526878541154,0.05156591709379882,0.6565186049479141,69.22468834509539,69.22468834509539
7.66394,-0.6989606852293111,1.0256313740960212,1.7245920593253323,69.0080441008519,69.0080441008519
6.13396,0.6220000295488377,1.2661588639014298,0.6441588343525921,69.0046925850572,69.0046925850572
6.16396,0.5919751926788828,1.5664890272274283,0.9745138345485456,68.91551707911611,68.91551707911611
8.11694,-0.7843556451417436,0.33327385456595465,1.1176294997076983,68.79042881665687,68.79042881665687
6.17496,0.7118584291565606,1.8112511306012242,1.0993927014446636,68.65050220707624,68.65050220707624
7.96894,-0.49556621692389224,2.403208372952517,2.8987745898764095,68.50882895464149,68.50882895464149
7.58595,-0.6317547677220607,0.9215901207649893,1.55334488848705,68.42863043981731,68.42863043981731
8.38794,0.06768454197110235,-0.7073149710679429,-0.7749995130390452,-68.2050650243289,68.2050650243289
7.08395,-0.36549077206934605,0.9848934561394791,1.3503842282088252,68.08055666168444,68.08055666168444
8.08094,-0.8023056349716571,1.6500875666284887,2.4523932016001457,67.66862801657064,67.66862801657064
8.03794,-0.6817203393403307,0.5777625249480791,1.25948286428841,67.34186114214963,67.34186114214963
7.54095,-0.6550253090684732,-0.43104331320652045,0.22398199586195278,67.0293536087937,67.0293536087937
8.23194,-0.8337957208397284,-1.0548767261224306,-0.22108100528270214,-66.99757067596138,66.99757067596138
8.94294,-0.9602631476760952,-1.5939178487604833,-0.633654701084388,-66.64999672564338,66.64999672564338
8.98093,-0.8619415374885018,-1.0661871379108243,-0.20424560042232254,-66.57020418418375,66.57020418418375
8.05194,-0.7353082543205139,1.0258904158776048,1.7611986701981186,66.54770514139256,66.54770514139256
6.13596,0.6419231911272969,1.3058318323114615,0.6639086411841646,66.29628620367613,66.29628620367613
5.54696,3.508192868399112,1.6201610452505397,-1.8880318231485722,-66.15591744179677,66.15591744179677
7.64394,-0.7191492491461116,0.8653276849260418,1.5844769340721534,65.94264857897588,65.94264857897588
7.92494,-0.40257593610344977,1.0221630924648184,1.4247390285682682,65.66331578651398,65.66331578651398
8.68494,-0.8172394426188696,-1.252789144505447,-0.4355497018865775,-65.4098322896385,65.4098322896385
8.04094,-0.6982488394618571,0.5243027772737654,1.2225516167356225,65.3318548570945,65.3318548570945
7.67394,-0.7489995462536543,1.348717638373634,2.097717184627288,65.13412056674998,65.13412056674998
8.99593,-0.8852820701244514,-1.2831670102097803,-0.39788494008532893,-65.02689233899436,65.02689233899436
7.57895,-0.6090517645435125,0.7117087128419279,1.3207604773854404,64.67159176371277,64.67159176371277
6.37695,3.8285238602756104,-0.3734317014218253,-4.201955561697436,-64.65417193364608,64.65417193364608
8.32794,-0.8634915337571183,-1.4621080360041945,-0.5986165022470762,-64.06911067982702,64.06911067982702
7.74194,-0.7520009287902814,0.3893779870939342,1.1413789158842156,63.756449383175855,63.756449383175855
7.08995,-0.3581925680956448,1.1709394223543281,1.529131990449973,63.747547881867156,63.747547881867156
7.96294,-0.45293800364601,2.160759656600363,2.6136976602463733,63.655677373219206,63.655677373219206
8.97093,-0.8462298282505727,-1.2361892074711922,-0.3899593792206195,-63.5995226072379,63.5995226072379
6.39395,3.3755510828938102,-0.09401196635365777,-3.469563049247468,-63.1380279335902,63.1380279335902
8.08994,-0.7678519132124616,0.780203677255656,1.5480555904681177,62.81270318643324,62.81270318643324
6.39995,3.1877185549355795,-0.2171215730512598,-3.4048401279868394,-62.78927358310718,62.78927358310718
6.19396,0.6278327931903616,1.9463234306844577,1.3184906374940961,62.615166509393475,62.615166509393475
8.49894,-0.8745490678945449,-1.410293923203441,-0.5357448553088962,-62.49844256365989,62.49844256365989
6.83195,-0.01531254092364669,-0.6067312059605474,-0.5914186650369008,-62.34881740110812,62.34881740110812
6.17296,0.6252309939973024,1.9753684904445177,1.3501374964472153,62.27495029952477,62.27495029952477
8.09294,-0.8033854001121733,0.8636403155432266,1.6670257156554,62.08651769453825,62.08651769453825
6.47095,1.0638944546418436,-0.028053452717935797,-1.0919479073597793,-61.94792682182434,61.94792682182434
8.94694,-0.8943088886012429,-1.3077669849539164,-0.4134580963526735,-61.911989300490525,61.911989300490525
6.18596,0.689612652234757,2.0325087900988317,1.3428961378640747,61.74471657198121,61.74471657198121
8.50694,-0.8717775159273073,-1.5233253654764325,-0.6515478495491251,-61.694420131417175,61.694420131417175
6.00096,0.482686817745531,-0.12013201266333655,-0.6028188304088675,-61.50298065721133,61.50298065721133
8.34094,-0.8109521449580874,-1.038539824430559,-0.2275876794724716,-61.49970533593601,61.49970533593601
7.53195,-0.6179815223856194,-0.5289826934602501,0.08899882892536937,61.4425236222284,61.4425236222284
7.97194,-0.43039823797532795,2.6888738931988665,3.1192721311741947,61.41164625715627,61.41164625715627
7.60695,-0.6326571180183883,0.4395601366707111,1.0722172546890993,61.09982163091521,61.09982163091521
8.80294,-0.8041502210523714,-1.246260859873238,-0.44211063882086665,-60.98059831392637,60.98059831392637
7.54295,-0.6502670057726939,-0.4773614228746754,0.1729055828980185,60.58577121243129,60.58577121243129
8.60694,-0.7846658040768195,-1.3553353309984644,-0.5706695269216449,-60.45053823233717,60.45053823233717
7.20195,1.423419372664079,2.0217693495706786,0.5983499769065996,60.36487280074631,60.36487280074631
7.91094,-0.45140573100638015,2.065568997473438,2.516974728479818,60.360845436779634,60.360845436779634
7.11395,-0.24260778819772988,1.0824550671283995,1.3250628553261294,60.08138108020505,60.08138108020505
8.83394,-0.8810940991444502,-1.2775821413548885,-0.3964880422104382,-60.07578438145343,60.07578438145343
7.49095,-0.6530831135964271,-0.5581141004808381,0.09496901311558903,60.07424930853073,60.07424930853073
5.63696,0.39234726386748997,0.09987720935913864,-0.29247005450835134,-60.01979380491095,60.01979380491095
6.39795,3.235567300214795,-0.1459642347712559,-3.381531534986051,-59.847804100970414,59.847804100970414
8.23494,-0.8275463436218304,-1.2248606987361133,-0.3973143551142828,-59.61077349041546,59.61077349041546
5.97096,0.21971578079369955,-0.02455279086403531,-0.24426857165773486,-59.589680148956795,59.589680148956795
8.74794,-0.8992711622801783,-1.3486520530336077,-0.44938089075342935,-59.4906940493973,59.4906940493973
6.40195,3.0476091139735297,-0.3245771409756643,-3.372186254949194,-59.25308367154368,59.25308367154368
7.96494,-0.48492586236292157,2.4155128575777374,2.900438719940659,59.208770596823854,59.208770596823854
7.86394,-0.5952247028813296,-0.044671702567027544,0.550553000314302,58.7462799978301,58.7462799978301
8.73094,-0.8228428717579928,-1.4777102664210753,-0.6548673946630825,-58.6274595469936,58.6274595469936
7.05595,-0.3714116312857747,0.25598586078847246,0.6273974920742471,58.42722000376436,58.42722000376436
8.11194,-0.7837083331594918,0.24539033236119906,1.0290986655206908,58.41888829103909,58.41888829103909
8.83194,-0.8902666047470849,-1.3063710375753825,-0.4161044328282977,-58.40628256935277,58.40628256935277
8.45294,-0.7795614775573545,-1.3872424426647711,-0.6076809651074166,-58.4045716289862,58.4045716289862
7.08095,-0.31979722503395547,0.9161790257719096,1.235976250805865,58.326429384292084,58.326429384292084
7.64094,-0.73530423615045,0.7631321042887929,1.498436340439243,58.215468144360145,58.215468144360145
8.76594,-0.9040248835245355,-1.5527010632882638,-0.6486761797637284,-58.00542778722798,58.00542778722798
8.66594,-0.8740136019886326,-1.3392258104259827,-0.46521220843735,-57.87490589218789,57.87490589218789
8.87794,-0.9296657976484732,-1.5599880525163112,-0.630322254867838,-57.72973493029189,57.72973493029189
7.92394,-0.43140793977908165,1.398791853874751,1.8301997936538328,57.643001437291,57.643001437291
8.09694,-0.7867450798697629,0.48501117593106546,1.2717562558008284,57.62544166295663,57.62544166295663
7.64294,-0.6794303597951745,0.7496655294489682,1.4290958892441428,57.53933761522681,57.53933761522681
8.77894,-0.8158885537279624,-1.1350102219145581,-0.3191216681865957,-57.23994259665152,57.23994259665152
8.47894,-0.7922017467943224,-1.2220667892096333,-0.42986504241531087,-56.72744739165728,56.72744739165728
8.27494,-0.689086267160707,-1.1610813381099379,-0.4719950709492309,-56.64664290639139,56.64664290639139
6.85595,-0.011670743923065233,-0.5956319851801949,-0.5839612412571297,-56.27827983902812,56.27827983902812
7.53495,-0.6122538733514749,-0.17177846786656514,0.4404754054849097,56.12525587446272,56.12525587446272
7.74594,-0.7371182193161588,0.11257025665673454,0.8496884759728933,56.01912016019789,56.01912016019789
7.65494,-0.8030238572943481,0.9175929621630532,1.7206168194574012,55.94158990084981,55.94158990084981
7.87894,-0.4759891537879185,0.2789254496687083,0.7549146034566268,55.92789711121373,55.92789711121373
7.65794,-0.6736190373353916,0.9564492294005921,1.6300682667359836,55.919861534476205,55.919861534476205
7.72694,-0.733047641916772,1.3144989385869457,2.0475465805037176,55.837816674330135,55.837816674330135
7.77094,-0.7919178678076297,-0.39884298063467116,0.3930748871729586,55.80452410888584,55.80452410888584
6.19496,0.6230790042135752,2.0298536118376003,1.406774607624025,55.70260497768345,55.70260497768345
8.71194,-0.9473499862733028,-1.2850134024640676,-0.3376634161907648,-55.70209945673801,55.70209945673801
8.25494,-0.8044867426033098,-1.4504335266005752,-0.6459467839972655,-55.6042559316926,55.6042559316926
7.61195,-0.6852343018971014,-0.009866560969254354,0.6753677409278471,55.579512878539795,55.579512878539795
7.64494,-0.7747790005286649,1.0129383267984249,1.7877173273270897,55.27798000375577,55.27798000375577
7.10995,-0.28909992702183995,0.8918866631434039,1.1809865901652439,54.7047812301535,54.7047812301535
6.56195,0.2495592694736523,-0.31753624144012144,-0.5670955109137737,-54.66678907492786,54.66678907492786
7.83594,-0.524128159007232,0.01624628973538043,0.5403744487426124,54.65432534994213,54.65432534994213
6.85495,0.008480883440482642,-0.2817057261235799,-0.29018660956406256,-54.60150634195635,54.60150634195635
8.11394,-0.7601846926979688,0.26785860911105364,1.0280433018090225,54.5878656398693,54.5878656398693
6.19096,0.679599547879095,1.5953362078487787,0.9157366599696837,54.37715870856122,54.37715870856122
5.96796,0.21804027692281314,0.013839359848166114,-0.20420091707464702,-54.335112129283914,54.335112129283914
7.83694,-0.5077357063083519,-0.14273340810650495,0.36500229820184693,54.12696039530641,54.12696039530641
8.97493,-0.8381857630752805,-1.548239788160991,-0.7100540250857106,-53.96311989547274,53.96311989547274
5.55096,3.510618716635948,2.237536762419723,-1.273081954216225,-53.9590214017945,53.9590214017945
7.97894,-0.5148236771144798,2.045435694560357,2.560259371674837,53.76416616200369,53.76416616200369
7.93794,-0.508698865960396,1.7426554277168809,2.251354293677277,53.718460457259766,53.718460457259766
6.84895,0.030507555272034984,-0.38692346087930396,-0.41743101615133893,-53.703923344923474,53.703923344923474
7.77494,-0.6717340644148863,-0.23491990212756564,0.4368141622873206,53.57989787902634,53.57989787902634
6.96495,-0.33149230329149526,0.2272358208352157,0.558728124126711,53.501908862441425,53.501908862441425
5.82796,-0.06998584000557957,0.7109315874971772,0.7809174275027568,53.41321572005276,53.41321572005276
8.05394,-0.7370010391761324,1.2438704772776752,1.9808715164538075,53.2723057084207,53.2723057084207
8.11494,-0.7774498285864027,0.3509030869237269,1.1283529155101295,53.18289595244804,53.18289595244804
6.88395,-0.07818058071455807,-0.5335087290329188,-0.4553281483183607,-53.10592503816349,53.10592503816349
7.74794,-0.7165960698486628,0.1387442700042432,0.8553403398529059,53.10416901956015,53.10416901956015
6.18696,0.7042769378541109,1.9324035327268618,1.2281265948727509,53.04070222994683,53.04070222994683
8.45094,-0.7745610210787335,-1.2962878362272414,-0.5217268151485079,-52.87736583813267,52.87736583813267
8.30294,-0.8720327965905711,-1.156941346747879,-0.284908550157308,-52.85945791802151,52.85945791802151
7.62894,-0.6540989912197832,0.3389152089204418,0.993014200140225,52.82135467378601,52.82135467378601
7.96794,-0.5398872880780796,2.2208393609151464,2.7607266489932263,52.80558322929837,52.80558322929837
6.72595,-0.09770447052070848,-0.5620716832550319,-0.4643672127343234,-52.60553409350233,52.60553409350233
7.10595,-0.2864058336701061,1.2347680368970295,1.5211738705671356,52.59907218041394,52.59907218041394
6.38895,3.6599914259224042,-0.2487318660095018,-3.908723291931906,-52.48758893254182,52.48758893254182
8.83094,-0.864979053604965,-1.3626615362740016,-0.4976824826690366,-52.452229765953774,52.452229765953774
7.89694,-0.4541052357659213,1.6835543256880796,2.137659561454001,52.315055832514986,52.315055832514986
6.65395,0.1451397199273607,-0.32660989940059104,-0.47174961932795173,-51.930650668208585,51.930650668208585
7.91894,-0.3849972654653436,1.777179940717938,2.162177206183282,51.85923259041855,51.85923259041855
6.15596,0.6781251620241757,1.1725692268967915,0.49444406487261583,51.68186558987416,51.68186558987416
8.76694,-0.8285736687155527,-1.5231976434869017,-0.694623974771349,-51.64308651169304,51.64308651169304
7.55795,-0.6208584334588583,0.21077947209961376,0.8316379055584721,51.604820522682814,51.604820522682814
7.12295,-0.1669163021950005,0.8503500330269793,1.0172663352219797,51.550921082060185,51.550921082060185
8.11594,-0.8210164362181436,0.3189150247006752,1.1399314609188187,51.44899753619232,51.44899753619232
8.60294,-0.8490478481029499,-1.2683181596410054,-0.4192703115380555,-51.339024756371685,51.339024756371685
6.10996,0.7437815805924828,1.447376579131762,0.7035949985392793,51.2496055575595,51.2496055575595
8.51294,-0.8444361099609172,-1.5067776325567717,-0.6623415225958544,-51.11265352311341,51.11265352311341
7.11995,-0.1369315712276004,0.8471192063622286,0.9840507775898291,51.099648003846326,51.099648003846326
6.14396,0.5657235562151313,1.03656149815784,0.47083794194270867,51.03939212284329,51.03939212284329
6.98295,-0.34405753846940335,-0.030392024357232053,0.3136655141121713,50.87914963303638,50.87914963303638
7.57995,-0.6273083317490471,0.6479448587446227,1.27525319049367,50.78275269158452,50.78275269158452
6.39495,3.399583039739955,0.043981749377434584,-3.3556012903625207,-50.76786963581561,50.76786963581561
8.13694,-0.7289322933248608,0.25324433526671286,0.9821766285915736,50.60739728284857,50.60739728284857
8.95794,-0.8646499340365232,-1.1648816969139206,-0.3002317628773974,-50.51994175456108,50.51994175456108
8.75594,-0.8899903170794115,-1.3756557196426884,-0.48566540256327695,-50.46301792963915,50.46301792963915
7.91594,-0.41481564044067204,1.8296215102785274,2.2444371507191994,50.417524392522004,50.417524392522004
7.05495,-0.4443039011340123,0.30091881648565955,0.7452227176196718,50.37663641223111,50.37663641223111
6.19196,0.6716031723800446,1.6894799064418047,1.01787673406176,50.208924016243536,50.208924016243536
8.68594,-0.8746235256874286,-1.1754408875357218,-0.3008173618482932,-50.172953032106754,50.172953032106754
8.68794,-0.858223554837821,-1.0614182506679208,-0.20319469583009986,-50.02418625349178,50.02418625349178
7.63794,-0.6671465969126872,0.3065817576552787,0.9737283545679658,49.928621098921745,49.928621098921745
6.39595,3.2763861874292544,-0.09462719058491871,-3.371013378014173,-49.852213232269804,49.852213232269804
8.19394,-0.8389659863874142,-0.5660724396594895,0.27289354672792465,49.62402752683273,49.62402752683273
8.50994,-0.9269314915768544,-1.310663575764374,-0.3837320841875197,-49.50610749275528,49.50610749275528
5.54896,3.5287874880254297,2.1111567532296274,-1.4176307347958024,-49.45969667516078,49.45969667516078
7.54695,-0.654807569413414,-0.12234466121436317,0.5324629081990508,49.458076544802516,49.458076544802516
7.45895,-0.6494973061431596,-0.41091720589848413,0.23858010024467546,49.38110395812162,49.38110395812162
8.31294,-0.8102663877406036,-1.1599617019650932,-0.34969531422448963,-49.36554067257953,49.36554067257953
6.79795,-0.20459654746426442,-0.4643805513753199,-0.2597840039110555,-49.3612907841675,49.3612907841675
8.09094,-0.7525639803095523,0.7988870657523724,1.5514510460619246,49.34278514966691,49.34278514966691
8.72394,-0.8557518854549484,-1.468274669526893,-0.6125227840719445,-49.30835354259019,49.30835354259019
7.06595,-0.41917938203955846,0.6129166533904856,1.0320960354300441,49.30692845000553,49.30692845000553
7.07395,-0.38276972958234984,0.9239107033916756,1.3066804329740254,49.294499846237976,49.294499846237976
8.38994,0.3444821324294642,-0.3611344124016487,-0.7056165448311129,-49.136550924440705,49.136550924440705
8.72194,-0.8394776842611691,-1.448432788618094,-0.608955104356925,-48.988621821131105,48.988621821131105
7.05195,-0.4279338036203717,0.1512574271757396,0.5791912307961113,48.97500031325121,48.97500031325121
8.03094,-0.7083175194744485,-0.011356051213360098,0.6969614682610884,48.90508070493253,48.90508070493253
7.75194,-0.691561576474969,0.08055700981602895,0.7721185862909979,48.78860159524956,48.78860159524956
7.06695,-0.411089468716497,0.4738435969027949,0.8849330656192919,48.47139581290156,48.47139581290156
6.41495,2.5004676081106654,-0.3740577190606522,-2.874525327171318,-48.35281424591779,48.35281424591779
6.37795,3.8217313465956613,-0.36430407642352564,-4.186035423019187,-48.29467709131419,48.29467709131419
6.24096,0.9815601496208635,1.3355065075128707,0.35394635789200724,48.2396751050992,48.2396751050992
8.32094,-0.8580008535023306,-1.1911765964261682,-0.33317574292383767,-48.200246375129055,48.200246375129055
7.94094,-0.5662256681953247,1.387098995678269,1.9533246638735937,48.193160443052385,48.193160443052385
8.48494,-0.8417793710400323,-1.346415299205684,-0.5046359281656516,-48.180333674219575,48.180333674219575
8.85994,-0.9201235272970925,-1.2058400882090101,-0.28571656091191766,-48.153738966727815,48.153738966727815
7.96994,-0.4821560720375707,2.441524969811757,2.9236810418493278,48.12908729743555,48.12908729743555
6.10896,0.768390878399539,1.2746640690634246,0.5062731906638855,48.08510574842025,48.08510574842025
7.96394,-0.49023988221236103,2.358386949133512,2.8486268313458734,47.84995904701822,47.84995904701822
7.58195,-0.7173886565523275,0.6494703270139482,1.3668589835662757,47.74351002094527,47.74351002094527
8.97393,-0.8289881912185951,-1.5752689991679778,-0.7462808079493827,-47.72687360970943,47.72687360970943
8.70694,-0.9142693072749917,-1.4153419999220511,-0.5010726926470594,-47.61114333742265,47.61114333742265
8.39094,0.4759853061571956,-0.18327704472685913,-0.6592623508840547,-47.54360679656421,47.54360679656421
8.99493,-0.8559255558603474,-1.402832800333329,-0.5469072444729817,-47.42577504431574,47.42577504431574
6.08996,1.0941545565970188,0.9022627256168355,-0.19189183098018325,-47.25913677019528,47.25913677019528
7.61295,-0.670945514214327,0.15447386263040255,0.8254193768447295,47.19418097932291,47.19418097932291
7.57495,-0.6162479867294111,0.6604040488782891,1.2766520356077002,47.13932074487414,47.13932074487414
7.66494,-0.6551900457390725,1.1148748656540903,1.7700649113931628,47.13271736424829,47.13271736424829
7.79994,-0.5179662936340006,-0.06511441649699938,0.4528518771370012,47.10493810621304,47.10493810621304
7.56995,-0.5988466723672798,0.6437066473737133,1.2425533197409933,46.944757737986514,46.944757737986514
7.75594,-0.6963435669555239,-0.2852783440279202,0.4110652229276037,46.941774314928814,46.941774314928814
7.63294,-0.6836037982369324,0.1387478678067653,0.8223516660436977,46.80713901786514,46.80713901786514
8.15294,-0.7558429101180908,0.020063558211216335,0.7759064683293071,46.7715237878623,46.7715237878623
7.97394,-0.49926980536462007,2.258083812622832,2.7573536179874525,46.7708932614727,46.7708932614727
7.06895,-0.381865341741183,0.6482650631690802,1.030130404910263,46.53539692989088,46.53539692989088
7.58095,-0.6427063537451163,0.6616596819584648,1.3043660357035811,46.504752487760854,46.504752487760854
7.65294,-0.6982094154464336,0.6222781355527148,1.3204875509991485,46.46610744523023,46.46610744523023
6.72195,-0.0834609871190422,-0.5992693635299312,-0.5158083764108891,-46.42861255590749,46.42861255590749
8.05294,-0.8100719119233668,1.1608259994650019,1.9708979113883687,46.397948872436885,46.397948872436885
7.90094,-0.4091138334067226,2.1064868055560786,2.515600638962801,46.30103448192577,46.30103448192577
8.58294,-0.7961492967092128,-1.060588597406349,-0.26443930069713617,-46.26067216697979,46.26067216697979
7.92894,-0.4418063060751186,1.4638185366572762,1.905624842732395,46.249426608027726,46.249426608027726
7.06495,-0.425239241155819,0.635068323518405,1.0603075646742242,46.20414267673809,46.20414267673809
7.64194,-0.6670363271477432,0.7367925920252723,1.4038289191730153,46.081062309236536,46.081062309236536
7.41895,-0.4874554002171948,-0.3153163972840508,0.172139002933144,45.78305501873561,45.78305501873561
8.89994,-0.8910595483327103,-1.5630778453221998,-0.6720182969894896,-45.74761814647833,45.74761814647833
7.12795,-0.09719817544394485,0.5487570410157608,0.6459552164597057,45.66401885578165,45.66401885578165
6.11596,0.7457270455671131,1.158181614611336,0.41245456904422284,45.54060135218128,45.54060135218128
7.23095,1.1722002337550985,0.7314750398977647,-0.4407251938573338,-45.44980787827782,45.44980787827782
7.72094,-0.7006963420451866,1.5861510180101277,2.2868473600553143,45.443322369253835,45.443322369253835
7.86294,-0.5677327518843169,-0.035950629253713354,0.5317821226306035,45.42253369077064,45.42253369077064
6.72095,-0.11835485110369197,-0.7489991110877692,-0.6306442599840772,-45.412607030236124,45.412607030236124
8.03894,-0.7161070775253968,0.39867111100824554,1.1147781885336423,45.396785649799746,45.396785649799746
8.56194,-0.8928170078420873,-1.2973700552258571,-0.40455304738376985,-45.23888705268869,45.23888705268869
8.84394,-0.9100956021423354,-1.2938578804038865,-0.38376227826155107,-45.09576173975486,45.09576173975486
6.87195,-0.07157089293045911,-0.4657189339135017,-0.3941480409830426,-45.06261577577394,45.06261577577394
6.10396,0.8552232663878776,1.1293488252000736,0.274125558812196,45.05233886309773,45.05233886309773
8.14894,-0.7916375733141536,-0.02084705426638104,0.7707905190477726,44.903935429834064,44.903935429834064
8.98693,-0.8338532375586801,-1.6499248406203688,-0.8160716030616887,-44.86416532782376,44.86416532782376
6.71795,-0.1340028864339448,-0.5197543299913345,-0.3857514435573897,-44.745987306490136,44.745987306490136
8.71394,-0.8740272148883692,-1.2855818552625429,-0.41155464037417366,-44.574083372464784,44.574083372464784
8.13594,-0.7400632946947078,0.2761047724914647,1.0161680671861726,44.53036871798904,44.53036871798904
8.22694,-0.813742536811462,-1.204531783299912,-0.39078924648845004,-44.45642904660484,44.45642904660484
6.85295,-0.04070870228610332,-0.23304184921108453,-0.1923331469249812,-44.42557878195655,44.42557878195655
7.11895,-0.18440414616029682,0.666081381257996,0.8504855274182928,44.287408276313876,44.287408276313876
7.06395,-0.4457239409412517,0.5950139880410419,1.0407379289822936,44.24512105526591,44.24512105526591
8.91794,-0.887077749699232,-1.4294234392128848,-0.5423456895136528,-44.22919714998166,44.22919714998166
7.09495,-0.345504385234671,1.2958191478927512,1.641323533127422,44.16493288630078,44.16493288630078
8.64994,-0.9201123697306686,-1.2326203492704875,-0.3125079795398189,-44.15012792783723,44.15012792783723
7.09695,-0.2521050558236048,1.2815790455106977,1.5336841013343026,43.91963719362513,43.91963719362513
6.87295,-0.019686912881294417,-0.5364013622606023,-0.5167144493793079,-43.6840336987135,43.6840336987135
6.12396,0.5804317893520609,1.1010557061671102,0.5206239168150494,43.59010425517253,43.59010425517253
8.20194,-0.8110514628521521,-1.2398958794975021,-0.42884441664535,-43.582672039887214,43.582672039887214
6.08696,1.1111719047959188,0.5844220574162908,-0.5267498473796279,-43.53320723831367,43.53320723831367
8.02894,-0.6589653141882093,-0.057271206999051694,0.6016941071891575,43.48844597006936,43.48844597006936
8.34694,-0.8304420709906751,-1.2047004842601683,-0.37425841326949316,-43.46579274961159,43.46579274961159
8.98293,-0.8383861049815825,-1.1189535890391498,-0.28056748405756726,-43.21367779563246,43.21367779563246
6.39695,3.2086629422118573,-0.22291043730914856,-3.431573379521006,-43.18677478393771,43.18677478393771
7.76394,-0.7394979503194423,-0.44271458458787005,0.29678336573157227,43.127683996109525,43.127683996109525
6.22796,0.9055092862492637,1.638412697444617,0.7329034111953532,42.99274058566917,42.99274058566917
5.64396,0.22911826093156884,-0.08632346236415589,-0.31544172329572473,-42.93188407212051,42.93188407212051
7.94394,-0.5653068951881578,1.3737295615065384,1.939036456694696,42.817439980460115,42.817439980460115
7.12895,-0.13306160856450866,0.3292982827791508,0.46235989134365946,42.6675487014552,42.6675487014552
7.97494,-0.5215032999708855,2.466493719314397,2.9879970192852827,42.6616285454455,42.6616285454455
7.95594,-0.4395799415814067,1.6422983241683706,2.0818782657497774,42.64712790124501,42.64712790124501
7.65394,-0.7786953664396907,0.7219588522270898,1.5006542186667806,42.599362898255585,42.599362898255585
7.06095,-0.38844130935097804,0.47481140578121145,0.8632527151321895,42.567694692076174,42.567694692076174
8.09994,-0.8025980496225843,0.41475328828156005,1.2173513379041443,42.510311180674876,42.510311180674876
8.02994,-0.7228131041355015,0.048198373933211955,0.7710114780687134,42.47428420557596,42.47428420557596
7.73894,-0.7291823719055783,0.476998869714584,1.2061812416201623,42.323022810120975,42.323022810120975
8.52894,-0.7796400857350247,-1.2423067309894655,-0.4626666452544408,-42.31333096843976,42.31333096843976
6.75295,-0.27301297831248084,-0.9524724729389062,-0.6794594946264254,-42.17901876341469,42.17901876341469
8.31494,-0.9050620865023242,-1.2611495740939567,-0.35608748759163245,-42.145046441723466,42.145046441723466
7.90694,-0.42771059268084,2.0161819622540214,2.4438925549348616,42.12316203600666,42.12316203600666
7.95994,-0.49088924524048516,1.6385242293227988,2.1294134745632842,42.11986112052893,42.11986112052893
7.75994,-0.7145112663632527,-0.45729288040699106,0.2572183859562616,42.009037564524796,42.009037564524796
7.66294,-0.7525583685539222,0.8891955068569523,1.6417538754108745,41.86588446692805,41.86588446692805
8.99893,-0.8852214108324479,-1.3560038027070511,-0.47078239187460325,-41.8076198855651,41.8076198855651
7.72594,-0.7257247019283184,1.4001949968583287,2.125919698786647,41.74111100629366,41.74111100629366
7.91294,-0.4162322833431049,1.9026604992775347,2.3188927826206394,41.7246420650862,41.7246420650862
8.09194,-0.7618105602236313,0.8170343816733121,1.5788449418969432,41.70964926711984,41.70964926711984
6.23896,0.9690606942552891,1.3362152746097036,0.3671545803544145,41.60840452572661,41.60840452572661
8.56594,-0.7903079692595966,-1.500754191574449,-0.7104462223148523,-41.416979099752325,41.416979099752325
8.32594,-0.8223578310655709,-1.519655247123746,-0.697297416058175,-41.39365190201376,41.39365190201376
7.91194,-0.4363406900061453,2.0458242572327325,2.4821649472388776,41.387176841261535,41.387176841261535
7.97994,-0.5040174531987712,1.780331615727205,2.2843490689259762,41.320026630211785,41.320026630211785
7.97294,-0.4620989433017467,2.399250790178323,2.8613497334800697,41.31035157218928,41.31035157218928
8.69394,-0.8992428611760912,-1.5211551709951654,-0.6219123098190742,-41.28547606419845,41.28547606419845
7.57595,-0.6164369974252792,0.6639658733750632,1.2804028708003425,41.25590364697023,41.25590364697023
6.37195,3.8509199244841055,-0.14570519298967224,-3.9966251174737777,-41.16651591547282,41.16651591547282
7.43995,-0.6225092665535131,-0.558830063182715,0.06367920337079813,41.057427926869096,41.057427926869096
8.61794,-0.8763262378796624,-1.4904903805397034,-0.614164142660041,-41.039967205542645,41.039967205542645
6.40295,2.961717938303528,-0.20381330152240273,-3.1655312398259308,-40.95633883796122,40.95633883796122
8.87594,-0.8922756333335271,-1.6570844676391376,-0.7648088343056105,-40.93747540039634,40.93747540039634
6.40995,2.6652729702538407,-0.43544702349344155,-3.1007199937472825,-40.873369881872755,40.873369881872755
7.62494,-0.689862345473417,-0.07044276203207302,0.619419583441344,40.87212578218772,40.87212578218772
8.95194,-0.8614627431899712,-1.50040268626805,-0.6389399430780788,-40.81670324375246,40.81670324375246
6.12096,0.6508385352257733,1.157746280506175,0.5069077452804016,40.75406955668324,40.75406955668324
6.41095,2.6374581453368955,-0.2645190234760129,-2.9019771688129086,-40.7177303414807,40.7177303414807
6.00196,0.5209335676345113,-0.026520788843566078,-0.5474543564780774,-40.51957073754177,40.51957073754177
7.85994,-0.6169557756846371,0.16575297353685475,0.7827087492214919,40.447034088706694,40.447034088706694
8.91394,-0.8665381034427422,-1.1839957423725198,-0.31745763892977763,-40.44478193628214,40.44478193628214
8.02394,-0.6706416568634237,0.04069335787233187,0.7113350147357556,40.39601932620953,40.39601932620953
7.73594,-0.7550244370105037,0.573430770711598,1.3284552077221017,40.25578782658266,40.25578782658266
8.53894,-0.7899640598617312,-1.120828403933361,-0.3308643440716297,-40.187004575441094,40.187004575441094
8.01594,-0.6131576545395714,-0.026589147091484137,0.5865685074480872,39.95076492841733,39.95076492841733
7.10695,-0.27480701998605866,0.930559442452321,1.2053664624383797,39.88875619894809,39.88875619894809
8.69994,-0.8598141658472982,-1.5191220527899865,-0.6593078869426883,-39.872144857839,39.872144857839
8.25194,-0.8317353453224332,-1.0895915628769017,-0.2578562175544685,-39.84569359760596,39.84569359760596
7.91394,-0.36800702054126533,1.9017826354621676,2.269789656003433,39.829625372812124,39.829625372812124
7.00395,-0.38862763770297726,-0.6169201827028353,-0.22829254499985807,-39.821452254237364,39.821452254237364
8.86894,-0.9231334259750357,-1.463104267522535,-0.5399708415474993,-39.73834417529583,39.73834417529583
7.60495,-0.6324575976469381,0.48666976289370484,1.1191273605406429,39.6612398096515,39.6612398096515
8.51794,-0.8580241124504745,-1.4359127956218058,-0.5778886831713314,-39.56132584586802,39.56132584586802
6.14896,0.6057061330313795,1.4309598062239022,0.8252536731925226,39.51096620748281,39.51096620748281
5.93096,0.26311819416902205,0.3771454585191534,0.11402726435013133,39.42807094596492,39.42807094596492
7.20295,1.3936601239523574,1.9120219814397639,0.5183618574874065,39.397980483021634,39.397980483021634
8.34294,-0.804165857795865,-1.1840705766649773,-0.37990471886911226,-39.31306912146409,39.31306912146409
8.99093,-0.8811057639844013,-1.3551295366942064,-0.4740237727098051,-39.311815291884415,39.311815291884415
8.30394,-0.8465682210711012,-1.2909630884946897,-0.44439486742358847,-39.304774096956336,39.304774096956336
6.16896,0.5929700750807314,1.6439353243158785,1.0509652492351471,39.259957766698854,39.259957766698854
6.13296,0.6226176175728864,1.2674792574270017,0.6448616398541154,39.20184561366758,39.20184561366758
6.40395,2.9135135053382806,-0.19335808739348714,-3.1068715927317676,-39.1157150756563,39.1157150756563
7.02295,-0.47398651411653686,-0.29172560614733406,0.1822609079692028,39.023047925471694,39.023047925471694
7.09395,-0.32790673263323256,1.5259741730272505,1.853880905660483,38.989427387810764,38.989427387810764
8.80794,-0.9413085237946539,-1.1940053326810611,-0.2526968088864072,-38.9866230789323,38.9866230789323
8.66394,-0.8938291485619639,-1.3526215085561242,-0.45879235999416024,-38.937085661165725,38.937085661165725
8.81494,-0.8821625044740604,-1.669432125894622,-0.7872696214205617,-38.9228197924992,38.9228197924992
7.11195,-0.20289547819746248,1.007232211998542,1.2101276901960045,38.909044522818014,38.909044522818014
7.61795,-0.6170587299954153,-0.010456600582861415,0.6066021294125539,38.891206185216895,38.891206185216895
7.07595,-0.3845377826477241,1.0423071887854647,1.4268449714331888,38.88854543346559,38.88854543346559
6.76495,-0.26216468299932266,-0.4416352438312718,-0.17947056083194912,-38.87111971250052,38.87111971250052
6.56795,0.21143503877013675,-0.2631518585176551,-0.47458689728779185,-38.82850787962364,38.82850787962364
7.73494,-0.7047460461602544,0.6166511724083157,1.32139721856857,38.81909563221899,38.81909563221899
5.85696,0.07445960061970305,0.3783219399438456,0.3038623393241425,38.75861915969355,38.75861915969355
7.03595,-0.4541083332154505,-0.11311269994292568,0.34099563327252486,38.743436276047554,38.743436276047554
7.89794,-0.4399385552414637,1.519152739445549,1.9590912946870127,38.71319369904758,38.71319369904758
6.74295,-0.25747871095865404,-0.7242642187490581,-0.46678550779040406,-38.70709474595349,38.70709474595349
7.55395,-0.5837366184095005,0.10223377001104479,0.6859703884205454,38.62888191536607,38.62888191536607
5.98496,0.4139024598046417,0.012551346545292255,-0.4013511132593494,-38.59340058786726,38.59340058786726
7.97794,-0.5423043499932333,2.0317784361868667,2.5740827861801,38.52054110691814,38.52054110691814
6.74595,-0.25681518861902497,-0.710434265854512,-0.453619077235487,-38.47389509998953,38.47389509998953
8.20294,-0.8124528304322396,-1.2639671931390566,-0.451514362706817,-38.33597930263292,38.33597930263292
7.23395,1.1794255405661418,0.7380698119205803,-0.4413557286455615,-38.3251452442821,38.3251452442821
8.98193,-0.8818090494133961,-1.0522031990683367,-0.1703941496549406,-38.25580414722446,38.25580414722446
6.13696,0.6185415764737145,1.3328729160667707,0.7143313395930562,38.21882370855103,38.21882370855103
6.37295,3.795699567459523,-0.24726756038305014,-4.042967127842573,-38.174776561242275,38.174776561242275
7.56495,-0.6137121726217512,0.440812171948365,1.0545243445701162,38.10403314619738,38.10403314619738
6.74695,-0.2517808130300125,-0.8670322184268371,-0.6152514053968245,-37.96954641115448,37.96954641115448
8.00194,-0.6154907278160469,-0.06483378790028374,0.5506569399157631,37.94195103649827,37.94195103649827
6.42195,2.323134679142168,-0.03550809954350791,-2.3586427786856756,-37.923099142608486,37.923099142608486
6.94395,-0.13889428412790328,-0.4048692998590117,-0.26597501573110843,-37.905361911053724,37.905361911053724
8.26194,-0.7866666148861796,-1.3137109145005033,-0.5270442996143236,-37.890719588261355,37.890719588261355
7.47495,-0.5850215780116963,-0.1979956548443378,0.3870259231673585,37.88389281834474,37.88389281834474
8.45494,-0.7872042522580189,-1.3998444655585607,-0.6126402133005417,-37.84374323321098,37.84374323321098
7.43795,-0.6067673837269387,-0.48543848953655266,0.12132889419038606,37.81621507950848,37.81621507950848
7.89294,-0.4357573272730936,0.9300017830614118,1.3657591103345053,37.74941768900965,37.74941768900965
8.22494,-0.8596204134571155,-1.158617203162624,-0.2989967897055086,-37.63144595422988,37.63144595422988
8.71694,-0.861463725711693,-1.5473601254443632,-0.6858963997326701,-37.61297892959626,37.61297892959626
7.58495,-0.6522729282005617,0.8395134518307323,1.491786380031294,37.462210245061186,37.462210245061186
8.98593,-0.9147314106278086,-1.4980713102337977,-0.5833398996059891,-37.439698711037416,37.439698711037416
7.97694,-0.5659770543702538,2.2702192005295188,2.8361962548997726,37.30401500324881,37.30401500324881
8.91094,-0.9203226987971991,-1.1421317122265937,-0.22180901342939463,-37.26575912090189,37.26575912090189
8.02194,-0.6908360088688845,-0.09686502375359923,0.5939709851152852,37.21410127253474,37.21410127253474
7.99694,-0.5799946615922354,-0.1983086636637513,0.3816859979284841,37.1844642869385,37.1844642869385
8.45394,-0.7868330334537765,-1.4433113167280351,-0.6564782832742586,-37.064561254087536,37.064561254087536
7.56895,-0.5893543818284036,0.5016833928179871,1.0910377746463906,37.05666554588787,37.05666554588787
8.71594,-0.8641588895238924,-1.3959019935549593,-0.5317431040310668,-36.946273458451934,36.946273458451934
6.28296,1.431227296415406,0.5802917801210412,-0.8509355162943648,-36.93816578779249,36.93816578779249
8.11294,-0.8024701746104836,0.20752346081720893,1.0099936354276926,36.91024722295557,36.91024722295557
8.14694,-0.7701924195337384,-0.13336113253670964,0.6368312869970287,36.840002904838144,36.840002904838144
6.40695,2.8698890749841137,-0.1207220522769436,-2.990611127261057,-36.838223776661025,36.838223776661025
6.17696,0.6624664968375296,1.6584668487022132,0.9960003518646836,36.6692882170385,36.6692882170385
8.01694,-0.6175864523600607,0.06235212905473782,0.6799385814147986,36.668620180024654,36.668620180024654
8.33394,-0.8128346067987267,-0.918262767658523,-0.10542816085979634,-36.555824026790155,36.555824026790155
7.95894,-0.4812086138948122,1.3500308362941618,1.831239450188974,36.49016347137663,36.49016347137663
7.80394,-0.3478431277964727,0.1284437613837736,0.4762868891802463,36.46830112453788,36.46830112453788
8.38894,0.20739720100579218,-0.7480924648522266,-0.9554896658580188,-36.422354769431756,36.422354769431756
8.01494,-0.6468774098744725,-0.2094294712592358,0.4374479386152367,36.33320207645049,36.33320207645049
7.49595,-0.5995797210300398,-0.48025765390488084,0.11932206712515891,36.31740514395619,36.31740514395619
7.77694,-0.6815703390587253,-0.03392146863130852,0.6476488704274168,36.28296153836171,36.28296153836171
8.14294,-0.7938157160834638,0.076797306180545,0.8706130222640088,36.234243593075654,36.234243593075654
8.63894,-0.8714622405227266,-1.3185880955993188,-0.4471258550765922,-36.09536609052797,36.09536609052797
8.01994,-0.6886917763423581,0.0023767610130923053,0.6910685373554504,35.960744196990845,35.960744196990845
8.57894,-0.8696419370710302,-1.3140422721127791,-0.4444003350417489,-35.80324470110577,35.80324470110577
6.41395,2.4879465139669428,-0.39105373817455347,-2.879000252141496,-35.72457219967272,35.72457219967272
8.26794,-0.677291769833322,-1.0826582376367664,-0.40536646780344443,-35.6280898670072,35.6280898670072
8.88294,-0.8363968714371559,-1.3841706388714923,-0.5477737674343364,-35.5995513044379,35.5995513044379
8.69694,-0.8617148562569357,-1.3787555862956387,-0.517040730038703,-35.421578231862746,35.421578231862746
7.07295,-0.38665899271683046,1.0633651269466975,1.450024119663528,35.41723189443987,35.41723189443987
8.96893,-0.8715874100371803,-1.6211280292343262,-0.7495406191971459,-35.415680709514106,35.415680709514106
8.71294,-0.925760479063964,-1.2803294233606834,-0.3545689442967195,-35.393786199278885,35.393786199278885
8.20394,-0.8191973294869892,-1.1400003740125644,-0.3208030445255752,-35.33678366852926,35.33678366852926
7.80294,-0.3987354891316303,0.16839016278547655,0.5671256519171068,35.327237503777845,35.327237503777845
7.05395,-0.46479526205483457,0.3216853326426108,0.7864805946974454,35.28206898334858,35.28206898334858
7.41195,-0.4403997411573292,-0.6894374903361531,-0.24903774917882388,-35.27876028020144,35.27876028020144
7.56095,-0.5530451500226594,0.38697825281176385,0.9400234028344232,35.22517285488305,35.22517285488305
6.22596,0.7902332194359999,1.4134672903619656,0.6232340709259657,35.14249574694749,35.14249574694749
7.56195,-0.5452154516501063,0.4768549576137043,1.0220704092638107,35.0866301688383,35.0866301688383
8.15194,-0.7429220803404372,0.06624854918605748,0.8091706295264947,35.02340523858536,35.02340523858536
8.78294,-0.8193337904946494,-1.6176597476031236,-0.7983259571084742,-35.02285921347753,35.02285921347753
6.88595,-0.09354878480586512,-0.47091416075526155,-0.37736537594939645,-35.01980581715143,35.01980581715143
7.94494,-0.5182372685794062,1.101660136990805,1.6198974055702111,35.01063625956554,35.01063625956554
7.89894,-0.4761548820691581,1.817860293834128,2.294015175903286,34.8674479459434,34.8674479459434
7.01895,-0.44903600059492155,-0.2040399630812883,0.24499603751363325,34.832463404881345,34.832463404881345
8.66094,-0.9009658719695531,-1.5554069705650557,-0.6544410985955026,-34.793082337184046,34.793082337184046
5.96496,0.1939594233345851,-0.20498258734205077,-0.39894201067663587,-34.77268103628862,34.77268103628862
7.99494,-0.5599233110208389,-0.01955544316098508,0.5403678678598538,34.7461679473224,34.7461679473224
7.67294,-0.718930970958018,1.3126028966578545,2.0315338676158725,34.67363398398616,34.67363398398616
8.12194,-0.7731811457966675,0.07864657667684995,0.8518277224735175,34.6370021203808,34.6370021203808
8.01894,-0.6306100980962688,-0.07721742418098823,0.5533926739152806,34.526565962156354,34.526565962156354
8.79594,-0.8192746500638366,-1.2650658181171728,-0.4457911680533362,-34.47270049880014,34.47270049880014
7.92094,-0.4788289793431034,1.661193983013885,2.1400229623569884,34.45990735338417,34.45990735338417
8.74294,-0.8954248727463138,-1.2249189471589443,-0.32949407441263057,-34.455637754496514,34.455637754496514
8.95894,-0.8726295124661485,-1.254593550404303,-0.3819640379381546,-34.432512567674394,34.432512567674394
7.90194,-0.37364742028438636,2.169415969468282,2.5430633897526684,34.40514644946831,34.40514644946831
7.91494,-0.41540908611673766,1.9806788469669816,2.3960879330837193,34.35891779993941,34.35891779993941
8.84994,-0.9632853977596938,-1.2594862380319882,-0.29620084027229443,-34.32223989322805,34.32223989322805
8.54794,-0.8771971555518644,-1.0757493774537807,-0.19855222190191635,-34.237025794161646,34.237025794161646
8.04194,-0.7184962806820352,0.7273951318378233,1.4458914125198585,34.121067027290245,34.121067027290245
8.58394,-0.8421241859935675,-1.0643429043380501,-0.2222187183444826,-34.082330839879134,34.082330839879134
8.22894,-0.8166317171233395,-1.2401144819787386,-0.42348276485539915,-34.04974496138499,34.04974496138499
5.98196,0.3864868096136443,0.1944166662295836,-0.1920701433840607,-34.03112722499139,34.03112722499139
8.86494,-0.8523860878551093,-1.6009083790607181,-0.7485222912056089,-33.99500271363696,33.99500271363696
8.78494,-0.7755703046551827,-1.6839384656633032,-0.9083681610081205,-33.985657173420215,33.985657173420215
6.84495,-0.055718136858084466,-0.27249535166727445,-0.21677721480919,-33.87167085634605,33.87167085634605
8.46994,-0.8063359542532134,-1.2337731031875472,-0.4274371489343338,-33.82883885884758,33.82883885884758
7.65194,-0.6749627952807011,0.6123877764197524,1.2873505717004536,33.82565610731645,33.82565610731645
7.21495,1.3739261384391632,1.2225966709651226,-0.15132946747404064,-33.79818417732936,33.79818417732936
5.64096,0.22921324392115844,-0.03192828603412367,-0.2611415299552821,-33.79280514096112,33.79280514096112
6.14096,0.585341911905327,0.9098217087155457,0.32447979681021866,33.67623445820965,33.67623445820965
6.87995,-0.09000831328359009,-0.5275507680564963,-0.43754245477290615,-33.656098262350916,33.656098262350916
6.99495,-0.4582428332339576,-0.1797116224275627,0.27853121080639487,33.65362131762929,33.65362131762929
8.89094,-0.9193073526711899,-1.3563621438382416,-0.4370547911670517,-33.65252782947158,33.65252782947158
7.92194,-0.45899579434419713,1.7222019203793428,2.18119771472354,33.48617515814303,33.48617515814303
7.11295,-0.2156849781438545,1.1516408096263504,1.367325787770205,33.473354316937545,33.473354316937545
8.50494,-0.8286161187024935,-1.1955739745806506,-0.3669578558781571,-33.45207991673807,33.45207991673807
8.56494,-0.7973730299695836,-1.5446027695915068,-0.7472297396219232,-33.44979215493071,33.44979215493071
7.87794,-0.4785346122620352,0.24277472992770927,0.7213093421897445,33.43132099793449,33.43132099793449
8.74394,-0.9087402985101168,-1.534439337247125,-0.6256990387370082,-33.41614650294743,33.41614650294743
6.76295,-0.228785404045941,-0.7414329323840151,-0.512647528338074,-33.404585214062934,33.404585214062934
6.91595,-0.03175187539738381,-0.41122301911285364,-0.3794711437154698,-33.25062824662948,33.25062824662948
6.41595,2.519282219083874,-0.2647456850348987,-2.7840279041187728,-33.223332475920884,33.223332475920884
8.65394,-0.8360001324308516,-1.2590439601679597,-0.42304382773710814,-33.21036850197394,33.21036850197394
6.18496,0.6882674738362696,1.8624622516992917,1.174194777863022,33.18482673952615,33.18482673952615
5.87696,-0.045716671785233864,0.4707746713515338,0.5164913431367677,33.15187327431659,33.15187327431659
7.60395,-0.6376881435287546,0.4153972949329972,1.0530854384617518,33.13810910089423,33.13810910089423
8.14394,-0.7849612746605283,0.1316206210106945,0.9165818956712228,33.09761132017685,33.09761132017685
7.85294,-0.6570130843780271,-0.3294053919601807,0.3276076924178464,33.093115584548734,33.093115584548734
8.71994,-0.8317142601354997,-1.6124285427361438,-0.7807142826006441,-33.089633829123876,33.089633829123876
8.76794,-0.7849529004863472,-1.3358269663834546,-0.5508740658971073,-33.0852535393676,33.0852535393676
8.02694,-0.6225207049297667,0.21735265730729728,0.839873362237064,32.97427594609271,32.97427594609271
7.85894,-0.6042594724521411,0.08547520586359522,0.6897346783157363,32.866067302588824,32.866067302588824
6.37395,3.7682221044469064,-0.0546520067630398,-3.8228741112099462,-32.865676354666974,32.865676354666974
8.84794,-0.909787661337812,-1.1433833877239956,-0.23359572638618364,-32.84130190811269,32.84130190811269
7.94294,-0.5472015390966092,1.3127899823889984,1.8599915214856075,32.796119490366635,32.796119490366635
7.08595,-0.3678741237721337,1.103185605260131,1.4710597290322647,32.67814352004923,32.67814352004923
6.23996,0.9772551684127291,1.3094404282410217,0.3321852598282926,32.62477775894252,32.62477775894252
8.67694,-0.8506520585322156,-1.2302218742192,-0.37956981568698434,-32.5981306015529,32.5981306015529
7.98294,-0.40861053970310546,1.2232118951963837,1.6318224348994892,32.574209098084566,32.574209098084566
7.62594,-0.7562505118343675,0.021301202278782422,0.7775517141131499,32.52341875988112,32.52341875988112
8.64194,-0.874809702832889,-1.399558440258062,-0.5247487374251731,-32.48065188605045,32.48065188605045
8.64894,-0.8860992679281166,-1.2371332348749384,-0.3510339669468219,-32.45390300165524,32.45390300165524
5.99796,0.4889053453638924,0.01426390054576147,-0.4746414448181309,-32.400646857996094,32.400646857996094
6.36795,3.8029225940008087,-0.09494739500937623,-3.897869989010185,-32.34187557189823,32.34187557189823
8.02494,-0.7156349307843095,-0.00584061994714277,0.7097943108371667,32.2817288326621,32.2817288326621
7.88994,-0.448756504682129,0.6195474034385213,1.0683039081206505,32.26210585117326,32.26210585117326
6.18796,0.7391910509884217,1.6763407316314813,0.9371496806430596,32.23673363525949,32.23673363525949
8.83594,-0.8853824571682982,-1.2865543412842377,-0.4011718841159395,-32.23584649561748,32.23584649561748
8.36294,-0.8265601939044901,-1.1255206579825459,-0.29896046407805577,-32.22893427390209,32.22893427390209
8.83694,-0.8711798888526288,-1.4569847652128747,-0.5858048763602459,-32.02565497477484,32.02565497477484
6.37095,3.8426672554259973,0.006449473467989764,-3.8362177819580077,-32.00776856660941,32.00776856660941
6.30595,1.985784219077578,0.35474913781973877,-1.6310350812578394,-31.995966889523448,31.995966889523448
6.11196,0.7314835398200232,1.4143811322025521,0.6828975923825289,31.918730388014538,31.918730388014538
8.61894,-0.9025092452545362,-1.4646031120531977,-0.5620938667986615,-31.803612273277828,31.803612273277828
8.74994,-0.9099980301406413,-1.4397570476165569,-0.5297590174759156,-31.747435595344292,31.747435595344292
6.41195,2.5778575001817066,-0.06475103844227789,-2.6426085386239846,-31.744794167719583,31.744794167719583
8.03594,-0.617690096812845,0.44488848220578453,1.0625785790186295,31.71286455268253,31.71286455268253
6.57295,0.2203563063282765,-0.5805715838231267,-0.8009278901514032,-31.544605434126147,31.544605434126147
8.27294,-0.6100004397123957,-1.4755634576562011,-0.8655630179438054,-31.540312306697125,31.540312306697125
8.84094,-0.867338397671487,-1.365426447512154,-0.498088049840667,-31.502371837356957,31.502371837356957
8.97693,-0.8473998401063695,-1.6256252823868191,-0.7782254422804497,-31.483892342281493,31.483892342281493
5.63896,0.29276817716468967,-0.08208525099324653,-0.3748534281579362,-31.477912461319445,31.477912461319445
8.62494,-0.8082651200440312,-1.1535032866578612,-0.34523816661383,-31.464724444616568,31.464724444616568
7.97594,-0.5673376883223334,2.3480072888575587,2.9153449771798923,31.447494040245825,31.447494040245825
8.55294,-0.8012516611907206,-0.9923249716947852,-0.19107331050406462,-31.34289234643252,31.34289234643252
8.91694,-0.8983386576014785,-1.1852887925989246,-0.28695013499744615,-31.27680683032265,31.27680683032265
6.13796,0.5257577406533634,1.1824883684499297,0.6567306277965662,31.242497410980587,31.242497410980587
8.64294,-0.8910210547531082,-1.3506182521118777,-0.45959719735876947,-31.15967601370592,31.15967601370592
8.67794,-0.8342000874803585,-1.352653888778822,-0.5184538012984635,-31.122686837546805,31.122686837546805
6.17096,0.6266185912598388,1.710167270943272,1.0835486796834333,31.113753187190603,31.113753187190603
8.45994,-0.8033769249076033,-1.2672183114100315,-0.46384138650242823,-31.0943376935767,31.0943376935767
7.90594,-0.41126627395742044,2.1692504705522704,2.5805167445096906,30.903773474273418,30.903773474273418
6.12196,0.6545800721811085,1.0463691078327966,0.3917890356516881,30.898834526580277,30.898834526580277
8.11894,-0.8355909882977507,0.2582884544025488,1.0938794427002994,30.861664989228572,30.861664989228572
7.56795,-0.5944609032544644,0.5715815002152929,1.1660424034697572,30.79317826503724,30.79317826503724
8.34994,-0.8591527532421206,-1.1660740086697094,-0.30692125542758886,-30.783340845948064,30.783340845948064
8.81294,-0.8683345587787241,-1.4689564531048107,-0.6006218943260866,-30.7270974270302,30.7270974270302
8.10094,-0.7713440145603842,0.38315019092836206,1.1544942054887462,30.665706548230027,30.665706548230027
6.18996,0.7304338024189025,1.6604312488792223,0.9299974464603198,30.579249584696214,30.579249584696214
7.76994,-0.7477017795212691,-0.26152924958023577,0.4861725299410334,30.573506867674155,30.573506867674155
6.85795,-0.0075559005324689725,-0.5444136684770837,-0.5368577679446147,-30.531966599119468,30.531966599119468
8.35694,-0.7775445367302563,-1.043858455898823,-0.26631391916856684,-30.48364536801242,30.48364536801242
6.72795,-0.1950708154610247,-0.6166755321313399,-0.4216047166703152,-30.436321536077195,30.436321536077195
8.80194,-0.7989226422871268,-1.2959222994910067,-0.49699965720387984,-30.409608818351586,30.409608818351586
7.90494,-0.35355637986263133,2.3819813380727504,2.7355377179353817,30.38193088046703,30.38193088046703
6.15496,0.6664793784348657,1.2573838235502859,0.5909044451154202,30.341054401026312,30.341054401026312
8.59994,-0.8895371532563217,-1.6091365534285191,-0.7195994001721975,-30.33374946190755,30.33374946190755
7.99294,-0.579534185214656,0.18817447885392327,0.7677086640685793,30.268298385988892,30.268298385988892
7.84494,-0.5925027429977705,0.15120346013790972,0.7437062031356803,30.24586285361188,30.24586285361188
8.35394,-0.854991606841827,-1.145805428381802,-0.29081382153997504,-30.21603909273079,30.21603909273079
6.19296,0.6882773662260918,1.76222747343653,1.0739501072104383,30.207153799136094,30.207153799136094
8.44694,-0.8438073674651554,-1.275760933718255,-0.43195356625309955,-30.20575676713103,30.20575676713103
6.58995,0.24844156711236268,-0.4127340961720913,-0.661175663284454,-30.189613113397577,30.189613113397577
8.70394,-0.91455042847521,-1.3457194841979303,-0.43116905572272035,-30.164363050092593,30.164363050092593
8.77394,-0.7913308914770683,-1.2456227895959624,-0.45429189811889414,-30.08125118989626,30.08125118989626
7.05795,-0.3983408957635119,0.5143188752752312,0.9126597710387432,30.000248510576366,30.000248510576366
8.12694,-0.7976905779767034,0.3212823787601474,1.118972956736851,29.973190825443425,29.973190825443425
6.56095,0.2436272962993185,-0.3767308863344941,-0.6203581826338126,-29.93064909134181,29.93064909134181
6.36695,3.8139751355200833,-0.1652232716714915,-3.979198407191575,-29.923564277951602,29.923564277951602
6.29395,1.7326545951554175,0.32123920512988363,-1.411415390025534,-29.918270053872636,29.918270053872636
7.02595,-0.47751511117519063,-0.24632853392480958,0.23118657725038105,29.911387922345522,29.911387922345522
8.26594,-0.7629278146270282,-1.117541451549267,-0.3546136369222388,-29.8613142689217,29.8613142689217
6.63995,0.18335152815206068,-0.5980964799077612,-0.7814480080598218,-29.85809234216874,29.85809234216874
8.59794,-0.877624506167214,-1.2608724713437127,-0.38324796517649873,-29.846698620881217,29.846698620881217
8.80494,-0.8434427201598304,-1.265455963822658,-0.42201324366282755,-29.826661765583907,29.826661765583907
8.57294,-0.8402671936264678,-1.4129019702516348,-0.5726347766251669,-29.79731435203652,29.79731435203652
8.12794,-0.7747066750969669,0.27413677451193375,1.0488434496089005,29.780194840934413,29.780194840934413
8.56294,-0.7904356825001231,-1.2627243322578336,-0.47228864975771057,-29.74005806142444,29.74005806142444
6.16696,0.620333319668404,1.485718360608656,0.8653850409402519,29.723933328644975,29.723933328644975
8.94894,-0.8414269911023757,-1.6162781914346778,-0.774851200332302,-29.693202051261164,29.693202051261164
8.22594,-0.8264106569286945,-1.2509351608878383,-0.42452450395914376,-29.652068400260475,29.652068400260475
7.60595,-0.6459408855398643,0.4527496807163423,1.0986905662562065,29.62491620188205,29.62491620188205
8.66994,-0.7944027624714927,-1.4153750997052537,-0.620972337233761,-29.575868815081364,29.575868815081364
7.79194,-0.6380665510089716,0.1679548286803153,0.8060213796892869,29.56832338377644,29.56832338377644
8.03194,-0.7072285298873624,0.07357727292335996,0.7808058028107223,29.55336371432326,29.55336371432326
7.57095,-0.5913068558995928,0.670470700334829,1.2617775562344218,29.539919444761768,29.539919444761768
8.01794,-0.5836489380093847,0.06905483515321306,0.6527037731625978,29.52512014509526,29.52512014509526
6.41295,2.491097278003028,-0.2603239857353675,-2.7514212637383957,-29.323132212780543,29.323132212780543
7.07195,-0.34842339959128094,0.9094295482406483,1.2578529478319291,29.271975749286547,29.271975749286547
7.94194,-0.5800213609543083,1.138659938126995,1.7186812990813034,29.271392585806183,29.271392585806183
8.68394,-0.7815938528365594,-1.2788597210304486,-0.4972658681938893,-29.219149078297185,29.219149078297185
6.83495,-0.043598588636186444,-0.367862303117778,-0.3242637144815916,-29.193057565264986,29.193057565264986
7.03795,-0.45617581363757387,-0.00604929249341845,0.4501265211441554,29.06185740852291,29.06185740852291
7.47695,-0.6495411575053484,-0.1560308862277959,0.4935102712775524,29.028832554976052,29.028832554976052
8.53994,-0.7631730161888203,-1.19007926665696,-0.4269062504681397,-28.95746422934672,28.95746422934672
8.86994,-0.9067514013358626,-1.3362166083965867,-0.4294652070607241,-28.91750082557814,28.91750082557814
8.58594,-0.8927203242245357,-1.2595155241445175,-0.3667951999199818,-28.869735092076407,28.869735092076407
6.35995,3.6324647100236227,-0.14584910509055196,-3.7783138151141746,-28.84442303978481,28.84442303978481
8.86594,-0.8188658149897521,-1.5993001613333866,-0.7804343463436345,-28.81006619761215,28.81006619761215
8.31394,-0.8279011346114649,-1.2569425916489385,-0.42904145703747365,-28.781087641433686,28.781087641433686
8.43394,-0.7614260133975304,-1.1703158178431408,-0.4088898044456104,-28.765850150362844,28.765850150362844
7.10795,-0.22115264244208097,1.0318951482868133,1.2530477907288942,28.762835265498097,28.762835265498097
7.96194,-0.4881793057052075,1.8999945276087364,2.388173833313944,28.744762676408527,28.744762676408527
8.72594,-0.8691870541681932,-1.5745825384467813,-0.7053954842785881,-28.74415928081348,28.74415928081348
8.75794,-0.8581886656157924,-1.3905912772522435,-0.5324026116364511,-28.73510599318146,28.73510599318146
7.88394,-0.37046702587675273,0.31375937368665746,0.6842263995634101,28.730846187150146,28.730846187150146
7.11695,-0.2397939401011861,0.9075982667569532,1.1473922068581393,28.686986958450113,28.686986958450113
8.48994,-0.7404143365982838,-0.9808652511017288,-0.24045091450344502,-28.634924175040812,28.634924175040812
6.18396,0.6542064094794129,1.9703711427414674,1.3161647332620545,28.433742920156273,28.433742920156273
7.09595,-0.36719665286201186,1.1198578221470523,1.4870544750090642,28.42519323771617,28.42519323771617
6.85995,0.05034966112469651,-0.38620749817742717,-0.4365571593021237,-28.415736175080045,28.415736175080045
8.93994,-0.8886502683485534,-1.4076337080186785,-0.5189834396701251,-28.36807214067003,28.36807214067003
6.06896,1.332794164073353,0.21165373811245836,-1.1211404259608946,-28.330266795265892,28.330266795265892
8.01294,-0.6185715011582155,-0.11470292865764717,0.5038685725005683,28.303357233762046,28.303357233762046
7.96094,-0.46917898004069586,1.7927872080583498,2.261966188099046,28.280434967418824,28.280434967418824
7.11495,-0.2543613956851799,1.0674162525864634,1.3217776482716435,28.220251890817185,28.220251890817185
8.57194,-0.8345889907094136,-1.5807675207623417,-0.7461785300529281,-28.17372833910694,28.17372833910694
6.41695,2.462012509953733,-0.2908009708991815,-2.7528134808529146,-28.15269397160724,28.15269397160724
6.91395,-0.07255784818356714,-0.5572794102957354,-0.4847215621121682,-28.118610751330337,28.118610751330337
6.36095,3.6490523725121298,-0.11491519900644474,-3.7639675715185743,-28.088019243978337,28.088019243978337
7.75094,-0.7044877567136314,0.21273307886905654,0.917220835582688,28.072159492185918,28.072159492185918
8.49594,-0.8797081848519263,-1.361088936791638,-0.48138075193971164,-28.027494793583205,28.027494793583205
8.65894,-0.871941356729678,-1.4798088646321543,-0.6078675079024763,-28.023818901622906,28.023818901622906
7.86494,-0.5859630200537989,0.10212223813286295,0.6880852581866618,27.973678981605367,27.973678981605367
8.93894,-0.8766736507710569,-1.3872118613433344,-0.5105382105722776,-27.949862591190037,27.949862591190037
7.09995,-0.27281890537796594,1.338974789144073,1.611793694522039,27.938641671166824,27.938641671166824
8.13894,-0.7645605035614395,0.2709167412547489,1.0354772448161884,27.933611890085558,27.933611890085558
7.89994,-0.4550161185548517,1.8345936733639234,2.289609791918775,27.932564589385194,27.932564589385194
8.60194,-0.8780329687504514,-1.428431165277319,-0.5503981965268675,-27.868222489399813,27.868222489399813
7.55895,-0.6023684445568627,0.00414328205139139,0.606511726608254,27.863499848920288,27.863499848920288
6.23596,0.8991428677485074,1.2873499207559762,0.3882070530074688,27.858160499448037,27.858160499448037
7.98194,-0.412332037745731,1.4732591704749896,1.8855912082207205,27.832320021561465,27.832320021561465
8.55194,-0.8021533117357876,-1.0422631902605708,-0.24010987852478316,-27.819004771114223,27.819004771114223
8.10494,-0.7457622340154995,0.29361167956348905,1.0393739135789886,27.798696640004227,27.798696640004227
7.87194,-0.5262676825498664,0.1874117447192605,0.7136794272691269,27.76769714872704,27.76769714872704
6.99295,-0.39331560994564735,-0.16827780601266468,0.22503780393298267,27.73733391921288,27.73733391921288
8.50794,-0.8509685088330843,-1.5344976216479813,-0.683529112814897,-27.72198170772482,27.72198170772482
8.82094,-0.9245370308460856,-1.6259994538491065,-0.7014624230030209,-27.693839076013717,27.693839076013717
5.86496,0.11711873919200871,0.37140696349657243,0.2542882243045637,27.599184656974764,27.599184656974764
7.45395,-0.660618397870565,-0.4609338565592493,0.1996845413113157,27.591113880715007,27.591113880715007
6.56995,0.2350682652341288,-0.3261637718878639,-0.5612320371219927,-27.588634517190645,27.588634517190645
8.45694,-0.7311667322369667,-1.198392852856633,-0.4672261206196663,-27.508637411871803,27.508637411871803
8.98993,-0.8186525428786731,-1.4341066987557647,-0.6154541558770916,-27.47319216073645,27.47319216073645
7.57795,-0.6042474215177841,0.72684826585448,1.3310956873722641,27.407544792474372,27.407544792474372
6.18196,0.6912419945963484,1.8171839069599929,1.1259419123636445,27.405842854436013,27.405842854436013
8.91894,-0.8989998914000453,-1.2493442126126124,-0.3503443212125671,-27.4030471649355,27.4030471649355
6.40495,2.858186331948062,-0.2716066944443418,-3.1297930263924036,-27.390360968136942,27.390360968136942
8.70894,-0.8932679497806284,-1.38336868868934,-0.49010073890871153,-27.36396824775205,27.36396824775205
8.75394,-0.880492163947652,-1.313998738702263,-0.43350657475461096,-27.329210098138464,27.329210098138464
5.99996,0.4572061346535032,0.07250152996928368,-0.3847046046842195,-27.30689521580271,27.30689521580271
8.46794,-0.802070401504809,-1.0372352612360836,-0.23516485973127454,-27.304965429211663,27.304965429211663
6.41895,2.3559933343139408,-0.2927150018408824,-2.648708336154823,-27.30173019686674,27.30173019686674
7.12395,-0.16075157189923486,0.5530528172270222,0.713804389126257,27.244873596279202,27.244873596279202
8.02594,-0.6665870145668837,0.027561378667052622,0.6941483932339364,27.222861727894095,27.222861727894095
8.73694,-0.8646057743061153,-1.556193809976616,-0.6915880356705006,-27.193708208243176,27.193708208243176
7.74894,-0.6935435748927372,0.2338485818706413,0.9273921567633785,27.146184349082503,27.146184349082503
7.95494,-0.47770070200328946,1.3579531974475934,1.8356538994508829,27.14423967746571,27.14423967746571
8.64494,-0.9275095048324823,-1.135437640854171,-0.2079281360216888,-27.090157730635127,27.090157730635127
8.30494,-0.8698285616338859,-1.5858468983628933,-0.7160183367290074,-27.01977177792751,27.01977177792751
6.71995,-0.13975288625288512,-0.7639767629868315,-0.6242238767339463,-26.914891259645216,26.914891259645216
5.84896,0.1309347031698197,0.5219857924496011,0.3910510892797814,26.887214905993588,26.887214905993588
7.91994,-0.43258306980203237,1.5402610468420896,1.972844116644122,26.871233405576557,26.871233405576557
7.62694,-0.7346895098733612,0.1870735512821931,0.9217630611555543,26.765150446118575,26.765150446118575
7.42095,-0.5306403348868975,-0.8137955345088871,-0.28315519962198954,-26.76108521043333,26.76108521043333
8.15494,-0.7699370026540011,-0.05112256248896333,0.7188144401650378,26.73628719262512,26.73628719262512
7.56295,-0.5868013654582058,0.40970557134320207,0.9965069368014079,26.736026620002768,26.736026620002768
8.87694,-0.9342342788528315,-1.664341235326,-0.7301069564731686,-26.73114100014669,26.73114100014669
7.95694,-0.46692108432976365,1.748149272167966,2.2150703564977294,26.69506905607585,26.69506905607585
8.24794,-0.8712645778455113,-1.2215329112933946,-0.35026833344788333,-26.6437033459286,26.6437033459286
8.66794,-0.8660750334599268,-1.3362184072978476,-0.4701433738379208,-26.616134994406337,26.616134994406337
6.18296,0.649819453574878,1.9845824627033455,1.3347630091284675,26.59280288130654,26.59280288130654
7.90394,-0.30643006567310305,2.141230784510978,2.4476608501840813,26.544503568001975,26.544503568001975
5.99896,0.4314871494998965,0.20579651560665152,-0.225690633893245,-26.476576772899516,26.476576772899516
8.00394,-0.5910966464060692,-0.40034686208886483,0.19074978431720435,26.475617979429718,26.475617979429718
7.79294,-0.6369502407303456,-0.06592392206444803,0.5710263186658975,26.421213083683725,26.421213083683725
6.16496,0.6021837088772617,1.3852461273794423,0.7830624185021806,26.406556273677566,26.406556273677566
8.93394,-0.9249059990128032,-1.1872837740973703,-0.26237777508456706,-26.39680716601302,26.39680716601302
6.23096,0.8593548615956998,1.4401126158398556,0.5807577542441558,26.3861835191721,26.3861835191721
6.91495,-0.032432508773703544,-0.4822796189222417,-0.4498471101485382,-26.37893753813204,26.37893753813204
8.65494,-0.8314018379921606,-1.2356373405423438,-0.40423550255018315,-26.3762826459251,26.3762826459251
7.04595,-0.4044041669433355,-0.057911615847966724,0.34649255109536875,26.339893233596193,26.339893233596193
6.42595,2.2117152052217017,-0.08634504917928788,-2.2980602544009896,-26.259128940103373,26.259128940103373
7.98094,-0.5006176303485784,1.757039442199814,2.257657072548392,26.23622877738014,26.23622877738014
6.73395,-0.21502094522843512,-0.645094574252573,-0.43007362902413787,-26.20559004231667,26.20559004231667
8.12894,-0.7924432990948523,0.2529888912876511,1.0454321903825035,26.12796099843752,26.12796099843752
5.81896,-0.06163759090917842,0.4500765134425004,0.5117141043516789,26.066819970151386,26.066819970151386
6.64195,0.1591108137045937,-0.43788273580083165,-0.5969935495054254,-26.002885051102375,26.002885051102375
6.72695,-0.13298772259944197,-0.6372945383848893,-0.5043068157854473,-25.993672637650977,25.993672637650977
7.53395,-0.6322346946491835,-0.15158760011313296,0.4806470945360505,25.96584381623881,25.96584381623881
6.22696,0.8953105174312466,1.6001464698206853,0.7048359523894387,25.848322956055686,25.848322956055686
7.79394,-0.5752830563810265,-0.23255254806809342,0.34273050831293306,25.785845832400188,25.785845832400188
8.32994,-0.8791826441684844,-1.3288900433407973,-0.44970739917231295,-25.78362537456725,25.78362537456725
8.73794,-0.8586496613441165,-1.4436944826966276,-0.5850448213525111,-25.778684594855942,25.778684594855942
7.63394,-0.7412065426260219,0.08642502572940168,0.8276315683554236,25.768828760525647,25.768828760525647
6.15296,0.5945204322750158,1.021875268263059,0.42735483598804314,25.765260999257944,25.765260999257944
8.70094,-0.8376240909910433,-1.2934628416869716,-0.4558387506959283,-25.748667787119235,25.748667787119235
8.12294,-0.7682853517040654,0.04514743739456091,0.8134327890986264,25.7433353071631,25.7433353071631
8.11794,-0.81634123823804,0.32731949139205396,1.1436607296300938,25.742203475947534,25.742203475947534
8.81694,-0.9268168483052925,-1.613032973559839,-0.6862161252545464,-25.728519200505886,25.728519200505886
7.01995,-0.4465208132961167,-0.23330089099266818,0.21321992230344852,25.71487103310301,25.71487103310301
8.85094,-0.9683837787562044,-1.4179385340021746,-0.4495547552459702,-25.6832257582628,25.6832257582628
6.73895,-0.2689084728359443,-0.7327154568732228,-0.4638069840372785,-25.606947434303642,25.606947434303642
7.95794,-0.4970683256352656,1.6423702802188107,2.1394386058540764,25.582901822532953,25.582901822532953
8.54194,-0.8246165364585806,-1.3532719912521007,-0.5286554547935202,-25.57894409975167,25.57894409975167
5.84296,0.015026787845144763,0.5378485037690741,0.5228217159239293,25.507509923637325,25.507509923637325
6.22096,0.8538057832610133,1.7047489803451485,0.8509431970841352,25.48040088057499,25.48040088057499
8.89194,-0.8848217896721788,-1.5468920513362518,-0.662070261664073,-25.479013594181023,25.479013594181023
8.58994,-0.8645946459719774,-1.011781527953478,-0.14718688198150065,-25.457074013225274,25.457074013225274
8.25294,-0.8281529190840807,-1.0746973799963497,-0.246544460912269,-25.40595474532712,25.40595474532712
6.36895,3.738888356608369,-0.11384305385489056,-3.8527314104632593,-25.352466676224406,25.352466676224406
8.13994,-0.8115929161063706,0.25724509167117054,1.0688380077775412,25.328266887335115,25.328266887335115
7.90294,-0.34439055407474395,2.095258063884935,2.439648617959679,25.196086865222068,25.196086865222068
7.54195,-0.6554020956726867,-0.4096255947930882,0.24577650087959851,25.18014415943882,25.18014415943882
7.74994,-0.6956108352353496,0.07037163087626311,0.7659824661116127,25.156167436805568,25.156167436805568
8.88894,-0.877675150257585,-1.2231420284713566,-0.34546687821377153,-25.08993152223034,25.08993152223034
6.29695,1.7627870550291385,0.5166430557044395,-1.246143999324699,-25.08183480113551,25.08183480113551
7.12495,-0.16494222577431167,0.48040958650543464,0.6453518122797464,25.073744825915234,25.073744825915234
8.69794,-0.8838122967848173,-1.5416392596541402,-0.6578269628693229,-24.983103459730692,24.983103459730692
6.42295,2.335112366016207,-0.18076937636902907,-2.515881742385236,-24.949479162884273,24.949479162884273
6.77895,-0.28651918975284435,-0.37886078542751467,-0.09234159567467032,-24.925471140448618,24.925471140448618
6.29295,1.6516186704357532,0.22440435025040623,-1.4272143201853469,-24.894863209279453,24.894863209279453
5.97296,0.2879345275130736,-0.21040087794017423,-0.49833540545324784,-24.794328275253243,24.794328275253243
7.84894,-0.6344195950636371,-0.15589416973196019,0.4785254253316769,24.76694273318197,24.76694273318197
8.56994,-0.8172359043633197,-1.6216605040075813,-0.8044245996442616,-24.72946567892779,24.72946567892779
6.36995,3.8042383387107996,-0.22604412330580564,-4.030282462016605,-24.720199228688003,24.720199228688003
7.60195,-0.7327335388906386,0.6900535394620441,1.4227870783526826,24.713467020712265,24.713467020712265
8.87394,-0.8690929483673976,-1.4797764844094565,-0.6106835360420589,-24.70933539918925,24.70933539918925
6.14696,0.5948560109881393,1.4039403092837246,0.8090842982955853,24.69965224316216,24.69965224316216
8.85194,-0.9359248003421985,-1.3466401618633086,-0.4107153615211101,-24.68911976948592,24.68911976948592
7.94994,-0.5237425565462958,1.0316576933203616,1.5554002498666573,24.68243335708617,24.68243335708617
7.03895,-0.4781364462860216,0.0042008468917433565,0.48233729317776497,24.672230199084776,24.672230199084776
7.57395,-0.6210296115398538,0.5314480130824463,1.1524776246223,24.618482580121647,24.618482580121647
6.36195,3.7057205573395553,-0.19703144376844334,-3.9027520011079986,-24.542717750011033,24.542717750011033
7.57295,-0.5573498740871392,0.4670473479387477,1.024397222025887,24.532206738104193,24.532206738104193
7.43095,-0.5929237454403505,-0.809413411037098,-0.21648966559674743,-24.43793370035367,24.43793370035367
6.44595,1.8263430472066116,-0.05524924198169086,-1.8815922891883023,-24.359227326883712,24.359227326883712
8.94794,-0.8750017395974392,-1.5488557319527565,-0.6738539923553173,-24.333808313034922,24.333808313034922
8.51194,-0.8803017196649923,-1.1882022930812355,-0.3079005734162432,-24.31335245615905,24.31335245615905
7.54795,-0.6585850595741887,-0.1960672326925489,0.4625178268816398,24.294980008468894,24.294980008468894
7.88294,-0.38175853308676877,0.4076080524728794,0.7893665855596481,24.27581523143441,24.27581523143441
8.81894,-0.8399213356220574,-1.4076081636207722,-0.5676868279987148,-24.171532843729533,24.171532843729533
7.76694,-0.7026066585686609,-0.4384583842043507,0.2641482743643102,24.09245106739452,24.09245106739452
8.91294,-0.8022107285763171,-1.300391130003576,-0.49818040142725883,-24.046499505865274,24.046499505865274
8.38594,-0.1220667049372017,-0.5823381048614259,-0.46027139992422417,-24.033934280000125,24.033934280000125
8.33194,-0.8703427535537401,-1.2253726300569676,-0.3550298765032275,-23.99729702178529,23.99729702178529
7.20795,1.2853838009488197,1.6743979182696045,0.38901411732078484,23.98257802306155,23.98257802306155
8.43494,-0.7674688288180096,-1.5535717314985866,-0.786102902680577,-23.930203540303204,23.930203540303204
8.26894,-0.6768353405526251,-1.0025866240480172,-0.3257512834953922,-23.87588519274722,23.87588519274722
8.96194,-0.9288333714956142,-1.2635829478297076,-0.3347495763340934,-23.86735267926961,23.86735267926961
7.10895,-0.23009802239813598,0.9380176870804152,1.1681157094785513,23.85795718394024,23.85795718394024
6.56595,0.2488909298444617,-0.4476075960177823,-0.696498525862244,-23.85162924860683,23.85162924860683
7.19895,1.3830335564181475,1.5670970558536454,0.18406349943549793,23.819561663569864,23.819561663569864
8.50594,-0.8621660164163809,-1.203291836638732,-0.34112582022235105,-23.796820360197096,23.796820360197096
8.52794,-0.8383562745606179,-1.1081479489445918,-0.2697916743839739,-23.79305368430815,23.79305368430815
7.89394,-0.47261118038698857,1.018626452585698,1.4912376329726866,23.784701069038817,23.784701069038817
8.12494,-0.7570428298957106,-0.05799436530597258,0.699048464589738,23.744685804054814,23.744685804054814
6.79895,-0.17963136831797677,-0.4551845681291024,-0.27555319981112564,-23.718374214892833,23.718374214892833
8.90294,-0.9499859197945592,-1.6471365436658232,-0.697150623871264,-23.716790065253434,23.716790065253434
7.89594,-0.44857231434761446,1.5816465692525905,2.030218883600205,23.687453780225972,23.687453780225972
6.72295,-0.08599061501807885,-0.6503401703296406,-0.5643495553115618,-23.658158968972142,23.658158968972142
6.41795,2.3978098839141637,-0.3422963183964863,-2.74010620231065,-23.645758589935298,23.645758589935298
7.57695,-0.597684918834321,0.6924172957189945,1.2901022145533154,23.643233271298797,23.643233271298797
8.37794,-0.5754511509649001,-0.9737984473880275,-0.3983472964231274,-23.635722355311636,23.635722355311636
8.15094,-0.721139208729539,0.021329984698958408,0.7424691934284974,23.586870569984978,23.586870569984978
6.29595,1.7776764405968253,0.44415453049129777,-1.3335219101055276,-23.506646022022704,23.506646022022704
6.98995,-0.40273482827512475,-0.26771027431302197,0.13502455396210278,23.49693474748732,23.49693474748732
6.08796,1.0670625641500222,0.7315218113305508,-0.3355407528194714,-23.399501618321587,23.399501618321587
8.60594,-0.7853052336746802,-1.327312406934903,-0.5420071732602227,-23.389752797467217,23.389752797467217
6.57395,0.2296767395380661,-0.49350116498834196,-0.7231779045264081,-23.36778347287657,23.36778347287657
7.02695,-0.5194758849523688,-0.2807235260350754,0.23875235891729346,23.28195235086613,23.28195235086613
8.20594,-0.8155844818798835,-1.0358623397936906,-0.22027785791380705,-23.263142740015823,23.263142740015823
8.16394,-0.6990346563878879,0.029309910692741817,0.7283445670806297,23.243723231102855,23.243723231102855
6.74995,-0.2653417417479178,-0.6731718251342167,-0.4078300833862989,-23.242297312667947,23.242297312667947
6.77595,-0.2846090283436046,-0.7898233763048388,-0.5052143479612342,-23.21702652443596,23.21702652443596
8.61294,-0.8612862842732192,-1.235934950766963,-0.37464866649374384,-23.19126204845173,23.19126204845173
8.93194,-0.8950078206528669,-1.5088434907649009,-0.613835670112034,-23.137625594855084,23.137625594855084
7.47595,-0.6225171105663607,-0.08715815254925861,0.5353589580171021,23.10848367646342,23.10848367646342
8.49094,-0.7701152932553834,-1.2676119110059378,-0.4974966177505544,-23.105713592736056,23.105713592736056
8.29894,-0.8222389096479029,-1.2585750225872427,-0.4363361129393398,-23.093801929411153,23.093801929411153
6.06796,1.3200611617932472,0.3648265826838449,-0.9552345791094023,-23.0872025054645,23.0872025054645
8.69494,-0.8553683444487463,-1.4564001223030505,-0.6010317778543042,-23.066761512335688,23.066761512335688
7.89194,-0.43254297864000046,0.934261581247453,1.3668045598874534,23.041910939859548,23.041910939859548
8.23594,-0.835783005913844,-1.1665255328862196,-0.3307425269723756,-23.028704075161123,23.028704075161123
8.55494,-0.8683664912839659,-1.3056176577272771,-0.4372511664433112,-22.97468761007868,22.97468761007868
6.74895,-0.2796820481253761,-0.7425662401784433,-0.4628841920530672,-22.88814978203849,22.88814978203849
6.97895,-0.3816063839994188,-0.21177883630609814,0.16982754769332067,22.879289926722578,22.879289926722578
8.13094,-0.7585545329627644,-0.005984532048022487,0.7525700009147419,22.837145097678594,22.837145097678594
8.66194,-0.9013503859338041,-1.48459610066792,-0.5832457147341159,-22.799343690367845,22.799343690367845
8.55594,-0.8447675810126198,-1.4975859666735807,-0.6528183856609608,-22.777214671913292,22.777214671913292
6.36395,3.7002453981317194,-0.014227097625911646,-3.714472495757631,-22.776876555266842,22.776876555266842
8.44994,-0.7653485574007266,-1.2790039929115806,-0.513655435510854,-22.74282841284013,22.74282841284013
8.94194,-0.9236368118898688,-1.7825326459760356,-0.8588958340861668,-22.72179463830306,22.72179463830306
8.68194,-0.8349489974977309,-1.4653838352004702,-0.6304348377027393,-22.67731661071512,22.67731661071512
8.60394,-0.8660595482607268,-1.2589122446176295,-0.3928526963569027,-22.656187731979497,22.656187731979497
6.23196,0.8915033477935762,1.5360192376686586,0.6445158898750823,22.626004543505612,22.626004543505612
7.77394,-0.7000060596428443,-0.32291495621050287,0.3770911034323415,22.51808224308966,22.51808224308966
5.85796,0.03888130756104541,0.3150545825945753,0.2761732750335299,22.507935794421016,22.507935794421016
7.86894,-0.5337473899550231,-0.04861849193365537,0.48512889802136777,22.490461974548893,22.490461974548893
7.87594,-0.5040577565350445,0.20721404980031732,0.7112718063353618,22.460935605420772,22.460935605420772
6.35595,3.48229016734529,0.23480919514401385,-3.2474809722012763,-22.444356973726386,22.444356973726386
6.22896,0.8929178665700115,1.5288740018599778,0.6359561352899663,22.433817976036607,22.433817976036607
8.38694,-0.025036728350487772,-0.7823507404666565,-0.7573140121161688,-22.423652477031823,22.423652477031823
8.53794,-0.8509267730714678,-1.4075020284463733,-0.5565752553749055,-22.41704180762656,22.41704180762656
8.82394,-0.8329522972074397,-1.26178480210724,-0.4288325048998003,-22.378392495087123,22.378392495087123
7.75294,-0.6793488742044043,-0.1464571337167691,0.5328917404876352,22.3749244563229,22.3749244563229
7.09795,-0.23507660245958134,1.2023626295814265,1.4374392320410079,22.29276391189913,22.29276391189913
6.86495,-0.06178244066468518,-0.4854960543769046,-0.4237136137122194,-22.255420270979993,22.255420270979993
6.36595,3.748126052643636,-0.017932834223565716,-3.766058886867202,-22.238408878915855,22.238408878915855
8.63294,-0.8514180773377953,-1.7658460378790262,-0.9144279605412309,-22.215361061246984,22.215361061246984
6.98395,-0.3538818013895386,-0.01232386009177664,0.34155794129776196,22.210001856858742,22.210001856858742
6.14196,0.5370775496588023,1.0104882232809471,0.47341067362214484,22.162960340143506,22.162960340143506
7.08495,-0.3549587447996141,1.1530727350301042,1.5080314798297183,22.129830089932806,22.129830089932806
6.84795,0.02935878269099548,-0.4219048948006548,-0.45126367749165025,-22.09703907904851,22.09703907904851
6.44495,1.873093690369784,-0.11620681011184071,-1.9893005004816247,-22.069423502113423,22.069423502113423
6.30695,2.0193197733435575,0.3178608685617309,-1.7014589047818265,-22.045684788698207,22.045684788698207
7.61495,-0.685430509030247,0.05244018310664342,0.7378706921368905,22.031446133365293,22.031446133365293
8.12394,-0.7449437587670207,-0.09750543260251426,0.6474383261645065,22.012371547879628,22.012371547879628
5.91696,0.8237535628848291,0.4943618646857286,-0.3293916981991005,-21.979384074355348,21.979384074355348
8.36694,-0.7239242061248864,-0.9747238021966845,-0.25079959607179814,-21.958264697508508,21.958264697508508
6.86195,0.011317785636366314,-0.26047509344129127,-0.2717928790776576,-21.947195960326663,21.947195960326663
8.48194,-0.9014284461168446,-1.24169244218686,-0.34026399607001545,-21.94477952465293,21.94477952465293
7.32595,0.2826604692782808,-0.17028178201741562,-0.45294225129569643,-21.91636589062819,21.91636589062819
6.99395,-0.4166671128465479,-0.12480915594192926,0.29185795690461863,21.914418737971594,21.914418737971594
7.99194,-0.5140948017721781,0.1964386312469444,0.7105334330191225,21.87972257660198,21.87972257660198
7.86994,-0.5842475645122478,0.1954600289609618,0.7797075934732096,21.848157767666752,21.848157767666752
5.98796,0.3880515615936869,0.15722977936225016,-0.23082178223143676,-21.8409109468156,21.8409109468156
8.11994,-0.7976911436931794,0.25360051771639014,1.0512916614095695,21.787559398047467,21.787559398047467
8.63494,-0.8291025599944112,-1.2908386045274287,-0.46173604453301753,-21.78019997321802,21.78019997321802
8.39194,0.5903893128454585,-0.24025184546516118,-0.8306411583106197,-21.77491231868146,21.77491231868146
8.86194,-0.8529947774055704,-1.2516896200767007,-0.3986948426711303,-21.762669723315952,21.762669723315952
8.26494,-0.7112103544747701,-1.2514718810680694,-0.5402615265932993,-21.74045827057125,21.74045827057125
7.45795,-0.6248948022066366,-0.38397326281126865,0.24092153939536798,21.69810426590206,21.69810426590206
8.32194,-0.8198519767947112,-1.327251244292029,-0.5073992674973178,-21.689694390845716,21.689694390845716
6.18096,0.7143734085493905,1.57177779693476,0.8574043883853695,21.68803225760208,21.68803225760208
8.12994,-0.7677186055001014,0.016494538109397987,0.7842131436094993,21.68217740002544,21.68217740002544
6.35195,3.574177031048902,-0.002185252584796471,-3.5763622836336983,-21.670635712376754,21.670635712376754
6.30095,1.8197040970883478,0.39098980262378763,-1.42871429446456,-21.662608519803012,21.662608519803012
6.86395,-0.033373710548090005,-0.35646086692557805,-0.323087156377488,-21.646003741276022,21.646003741276022
6.98195,-0.3362969870489917,-0.08774459436034357,0.24855239268864812,21.621521549241923,21.621521549241923
5.64296,0.2330245865645537,-0.057170468528435756,-0.29019505509298943,-21.619442735494772,21.619442735494772
7.95094,-0.5467324122828768,0.9769818883936138,1.5237143006764906,21.6106427768799,21.6106427768799
8.34794,-0.8427542336843099,-1.2464461467031207,-0.4036919130188108,-21.60780601801289,21.60780601801289
8.25094,-0.8000452520367838,-1.2417211166729605,-0.4416758646361767,-21.574977390026838,21.574977390026838
6.13096,0.5454753456431919,1.1353787422269361,0.5899033965837442,21.56778656193612,21.56778656193612
8.14794,-0.7417140249659764,-0.23053777865577657,0.5111762463101999,21.560532717554402,21.560532717554402
7.98694,-0.4613755256666511,1.0688481779902168,1.5302237036568678,21.5604377910011,21.5604377910011
5.54396,3.2559887435680994,1.7740750371414573,-1.481913706426642,-21.519480397766017,21.519480397766017
6.17196,0.6311640867789523,1.6673066494987534,1.036142562719801,21.515432422178133,21.515432422178133
8.64594,-0.8722453863233608,-1.3231098138089612,-0.4508644274856004,-21.51469050808345,21.51469050808345
8.76394,-0.8512723443190388,-1.354320750687262,-0.5030484063682233,-21.458397397974657,21.458397397974657
8.12094,-0.7923348676495889,0.033278286874501635,0.8256131545240906,21.418347943011995,21.418347943011995
8.28194,-0.7961454905097951,-1.3988806142629184,-0.6027351237531233,-21.411793307652996,21.411793307652996
6.54495,0.2652900685804462,-0.3186083865916756,-0.5838984551721218,-21.411720049784343,21.411720049784343
6.11296,0.7285197568395954,1.4075021337804992,0.6789823769409038,21.362986652043006,21.362986652043006
6.42495,2.268742084867003,-0.0010591403954122189,-2.269801225262415,-21.25817618076754,21.25817618076754
6.16596,0.6414296863756438,1.4433542359121727,0.8019245495365289,21.23690005514314,21.23690005514314
6.36295,3.7216357143287695,-0.08235508618239608,-3.8039908005111656,-21.172741393842717,21.172741393842717
8.60494,-0.833262551966201,-1.2683706875578262,-0.4351081355916252,-21.14133967469428,21.14133967469428
6.40595,2.87163125088381,-0.03158649479453417,-2.903217745678344,-21.121085117193545,21.121085117193545
6.23296,0.8715725044997458,1.5368467322487172,0.6652742277489714,21.11692670613975,21.11692670613975
8.63194,-0.8849597799239715,-1.7060973313962662,-0.8211375514722947,-21.10377252681621,21.10377252681621
8.15894,-0.7336508468788563,-0.17514960882967393,0.5585012380491824,21.073918326521213,21.073918326521213
8.97993,-0.8802075096323612,-1.3238480828864745,-0.4436405732541133,-21.07262941513044,21.07262941513044
7.41295,-0.39301867001229873,-0.6368628020822499,-0.24384413206995115,-21.05898970149029,21.05898970149029
6.47295,1.0496984998201495,-0.037083937048141606,-1.086782436868291,-21.050989215019438,21.050989215019438
7.61895,-0.6134887127917854,-0.09681825232081336,0.5166704604709721,21.032206044229813,21.032206044229813
8.79194,-0.8093492290603069,-1.329784097267513,-0.5204348682072061,-21.021366236044983,21.021366236044983
6.35895,3.6612047237744427,0.09767175641315601,-3.5635329673612866,-21.019976137222333,21.019976137222333
8.76494,-0.9285256380997003,-1.4530127912285928,-0.5244871531288925,-20.9881329332053,20.9881329332053
8.48594,-0.8809198705862684,-1.290043490170068,-0.4091236195837995,-20.96750867740253,20.96750867740253
8.79794,-0.8208316957758087,-1.1296243115391327,-0.30879261576332395,-20.94477241007129,20.94477241007129
8.64094,-0.8517417370057219,-1.493957223049897,-0.6422154860441751,-20.934477601737232,20.934477601737232
6.29495,1.7898694681318101,0.22235000501034752,-1.5675194631214626,-20.92497464811137,20.92497464811137
8.71494,-0.9094886481254659,-1.2273859639460782,-0.3178973158206123,-20.908959486778617,20.908959486778617
8.38294,-0.4169339628181999,-1.0581784294968648,-0.641244466678665,-20.90184767991696,20.90184767991696
6.97295,-0.34503078636547335,0.03235005382382697,0.3773808401893003,20.89703488701535,20.89703488701535
6.22496,0.8051865387853739,1.5638050665460206,0.7586185277606466,20.896967585099265,20.896967585099265
8.21994,-0.8221697601903866,-1.0308506008805527,-0.20868084069016613,-20.891546750938904,20.891546750938904
8.99393,-0.8305468297578693,-1.3563999207647226,-0.5258530910068533,-20.847260321750536,20.847260321750536
8.91594,-0.8360494533101588,-1.1207981823921762,-0.2847487290820174,-20.835015385472087,20.835015385472087
8.67394,-0.8871493603300054,-1.4440931192160646,-0.5569437588860593,-20.831249454098256,20.831249454098256
6.84995,0.0002593160065824905,-0.24077712463337247,-0.24103644063995497,-20.795635434603366,20.795635434603366
6.91695,-0.09692345367877997,-0.48528738183062886,-0.3883639281518489,-20.776278239172665,20.776278239172665
5.83196,-0.06290574388130313,0.283552223711993,0.34645796759329617,20.772639242526807,20.772639242526807
8.49194,-0.8020269484111002,-1.210809121206212,-0.40878217279511175,-20.769226688363393,20.769226688363393
7.87294,-0.5346491060295099,0.32545223188313893,0.8601013379126488,20.76126287768269,20.76126287768269
6.36495,3.6888158525254626,-0.04258857490679284,-3.7314044274322553,-20.756591383926633,20.756591383926633
6.27396,1.1970709026454593,0.4901776203526493,-0.70689328229281,-20.718847947011568,20.718847947011568
7.49295,-0.6675731978810047,-0.5043089637644129,0.16326423411659174,20.67291763981762,20.67291763981762
8.88494,-0.9483895241640158,-1.3639779722167993,-0.4155884480527835,-20.671382902405355,20.671382902405355
6.58895,0.25247910831456544,-0.49200807694171433,-0.7444871852562798,-20.664182320587535,20.664182320587535
8.00694,-0.6768252584034984,-0.17852434759530458,0.49830091080819383,20.664125831453113,20.664125831453113
8.63994,-0.8578264686322612,-1.5432877727697178,-0.6854613041374567,-20.661776776052502,20.661776776052502
7.05895,-0.40290020413624217,0.42556828266267505,0.8284684867989172,20.660334460155408,20.660334460155408
6.42395,2.367589987543764,-0.11015530626984639,-2.4777452938136104,-20.659564653221224,20.659564653221224
7.09895,-0.2646249182849427,1.250835822960256,1.5154607412451988,20.658309054851337,20.658309054851337
6.42095,2.338491159144273,0.01913532516054187,-2.3193558339837312,-20.65016640918645,20.65016640918645
8.98493,-0.8857476843865594,-1.1713239221098035,-0.28557623772324414,-20.619622665308828,20.619622665308828
6.23396,0.8766586967485968,1.4231237923309985,0.5464650955824017,20.613179621716107,20.613179621716107
5.96896,0.2655745914911175,0.030659086638489742,-0.23491550485262777,-20.60293007121779,20.60293007121779
6.35095,3.504717321210177,0.35588244561416704,-3.14883487559601,-20.576935192161415,20.576935192161415
8.70494,-0.8680191207181864,-1.4421413113478827,-0.5741221906296963,-20.56795209913383,20.56795209913383
8.10194,-0.7955979693971561,0.3394404880886529,1.135038457485809,20.556642796511635,20.556642796511635
8.71894,-0.8828307681445343,-1.5528406580261174,-0.670009889881583,-20.545440036713895,20.545440036713895
8.34894,-0.8542468180772245,-1.0142215576238949,-0.1599747395466704,-20.48377679878542,20.48377679878542
7.53795,-0.6321017734677001,-0.4511874095271667,0.18091436394053345,20.483390612375263,20.483390612375263
8.81194,-0.8483901989785945,-1.3110578949207845,-0.46266769594219004,-20.425145428280686,20.425145428280686
6.35695,3.542406739126256,0.4173077280721762,-3.12509901105408,-20.40942478230195,20.40942478230195
8.92394,-0.9285208766050184,-1.591539701293445,-0.6630188246884265,-20.404500622322804,20.404500622322804
8.36894,-0.7738847566784943,-0.8926154726002343,-0.11873071592174,-20.395515047780187,20.395515047780187
7.57195,-0.5592547808080606,0.5727004167996329,1.1319551976076934,20.39409943824701,20.39409943824701
5.63996,0.25754964996302576,-0.10366487052016851,-0.36121452048319425,-20.38916142879313,20.38916142879313
6.29795,1.7548754244541833,0.37203298113539945,-1.3828424433187838,-20.375840111077054,20.375840111077054
6.06996,1.3110696236912083,0.2731581722259513,-1.037911451465257,-20.369940787085593,20.369940787085593
7.13095,-0.1333734005584093,0.33597580425997237,0.46934920481838166,20.36473826503292,20.36473826503292
5.82196,-0.05041026183855934,0.462996222298982,0.5134064841375413,20.320629793616426,20.320629793616426
8.99693,-0.891813031569606,-1.2563815503236586,-0.3645685187540526,-20.31248927781327,20.31248927781327
8.46194,-0.8029472391517327,-1.3491679779152617,-0.546220738763529,-20.30219830806776,20.30219830806776
7.94794,-0.5524347735836019,1.2115945908528638,1.7640293644364657,20.284048712822287,20.284048712822287
6.59295,0.19365852029454164,-0.523906194101716,-0.7175647143962577,-20.220761358042715,20.220761358042715
5.54596,3.4161025389505246,1.846326107388147,-1.5697764315623777,-20.201207079370306,20.201207079370306
8.59094,-0.8839943477387344,-1.2922169226736047,-0.40822257493487024,-20.197389855532688,20.197389855532688
8.55694,-0.8569989927223428,-1.2393335069852893,-0.3823345142629465,-20.179628234672254,20.179628234672254
7.87094,-0.5571006974551955,0.12821350202236595,0.6853141994775614,20.135927185190447,20.135927185190447
6.11396,0.7444593695547219,1.2271119131302255,0.4826525435755036,20.10910530269291,20.10910530269291
8.26694,-0.7207235608448568,-1.0606080255399677,-0.3398844646951109,-20.08456149792872,20.08456149792872
8.92994,-0.8963242943500601,-1.5356446010919933,-0.6393203067419332,-20.06694328058228,20.06694328058228
8.10594,-0.7551343616667194,0.31601879367046976,1.0711531553371891,19.977733809413806,19.977733809413806
6.42695,2.2173493334049894,-0.056738732225796604,-2.274088065630786,-19.965912725221997,19.965912725221997
7.83494,-0.5122263689773384,0.10460472187303912,0.6168310908503776,19.962776919238028,19.962776919238028
6.94195,-0.1689735612704578,-0.5317350123895757,-0.36276145111911784,-19.952167589869255,19.952167589869255
8.59494,-0.7730250901079865,-1.2996614956521153,-0.5266364055441288,-19.94180837957013,19.94180837957013
8.32394,-0.8751035247504126,-1.2341578521892491,-0.3590543274388365,-19.919042750916823,19.919042750916823
8.62094,-0.874942684747769,-1.195114031506239,-0.3201713467584699,-19.872429987145658,19.872429987145658
8.36794,-0.8343147440693333,-1.0126158583583287,-0.17830111428899542,-19.85443481321556,19.85443481321556
8.54294,-0.8242976947618812,-1.2181146031392225,-0.3938169083773413,-19.85338765415462,19.85338765415462
8.64694,-0.8098428674040145,-1.3514856822999304,-0.5416428148959159,-19.805230725746096,19.805230725746096
6.86695,-0.013040128629910734,-0.3761516401284529,-0.3631115114985422,-19.771859511174164,19.771859511174164
8.26294,-0.7566506631708733,-1.2287203385322507,-0.47206967536137745,-19.766400493321076,19.766400493321076
8.49694,-0.8980754061445313,-1.1898299389421858,-0.2917545327976545,-19.76428448492287,19.76428448492287
7.04195,-0.44712480911332314,-0.10702162027318929,0.34010318884013385,19.751472610618496,19.751472610618496
8.73294,-0.8595749294992501,-1.4861971227902075,-0.6266221932909575,-19.73589699357668,19.73589699357668
6.41995,2.368605493964063,-0.30588295907138185,-2.674488453035445,-19.735509485736532,19.735509485736532
7.42495,-0.5660138720570594,-0.4053873834221789,0.16062648863488055,19.718688765349096,19.718688765349096
7.76594,-0.6898150079392698,-0.4537634361329146,0.23605157180635516,19.71405796803863,19.71405796803863
8.84894,-0.8959720561099307,-1.1549107470044655,-0.2589386908945348,-19.71263339995569,19.71263339995569
5.82296,-0.061686874442595324,0.5258210499380471,0.5875079243806425,19.690953662908072,19.690953662908072
6.23696,0.9232085751313577,1.119483650684765,0.19627507555340729,19.614760854485215,19.614760854485215
5.63596,0.44294984988246017,0.28574688325040953,-0.15720296663205063,-19.573159238216217,19.573159238216217
6.35795,3.6194471838032287,0.32092979411299205,-3.298517389690237,-19.561506175979993,19.561506175979993
6.35495,3.511734592040788,0.09706372778693906,-3.414670864253849,-19.5505676139604,19.5505676139604
7.63194,-0.619746180950909,0.26437593626976325,0.8841221172206724,19.52441205772735,19.52441205772735
5.84196,0.002937096961629977,0.44489567781082856,0.4419585808491986,19.52330524243787,19.52330524243787
8.88194,-0.81720355579402,-1.3116813940978465,-0.4944778383038264,-19.510048483293087,19.510048483293087
8.14194,-0.7966756540451772,0.0023587720004822157,0.7990344260456593,19.48610303794076,19.48610303794076
6.87895,-0.11645305512728116,-0.47124156078476304,-0.3547885056574819,-19.46095334241927,19.46095334241927
6.59095,0.2288404327303025,-0.5572650190856475,-0.78610545181595,-19.45051135157124,19.45051135157124
6.87695,-0.07785379188688749,-0.3772057962673973,-0.2993520043805098,-19.44037239170045,19.44037239170045
7.41495,-0.42884573185229147,-0.47542940292036445,-0.046583671068072985,-19.43311559630577,19.43311559630577
6.57095,0.20205442096840973,-0.38553111130329215,-0.5875855322717018,-19.42800999895167,19.42800999895167
7.55195,-0.7000307846909621,-0.261950192475309,0.43808059221565315,19.35743701617175,19.35743701617175
8.01394,-0.6825716095942136,-0.15049746594896868,0.532074143645245,19.32541386687392,19.32541386687392
5.64796,0.19380271619211153,-0.30227436314182143,-0.49607707933393297,-19.285519340733174,19.285519340733174
6.46795,1.1230745219850924,-0.4610705730550851,-1.5841450950401774,-19.177198203053678,19.177198203053678
7.03195,-0.46430021277681044,-0.10085498675049104,0.3634452260263194,19.166524580259555,19.166524580259555
8.10394,-0.7490262014838459,0.3068264082267743,1.0558526097106202,19.14075972849527,19.14075972849527
7.84994,-0.6121249215391614,-0.31737434032663164,0.2947505812125298,19.104137641055097,19.104137641055097
6.79195,-0.22540406994415396,-0.6282388694370296,-0.4028347994928756,-19.07439850665377,19.07439850665377
8.49494,-0.8941152547861161,-1.5580481173964518,-0.6639328626103357,-19.06713610336024,19.06713610336024
8.57794,-0.8475042237244766,-1.3089650531937407,-0.46146082946926403,-19.01882630629383,19.01882630629383
6.42795,2.2342464529744728,0.12160433878946225,-2.1126421141850105,-19.017296145360643,19.017296145360643
6.35295,3.5649751791206583,0.10072988855685125,-3.4642452905638073,-18.99223692450511,18.99223692450511
6.17996,0.6675961957900736,1.5076973362155188,0.8401011404254453,18.97202839609378,18.97202839609378
6.83695,-0.04820564001499925,-0.33087689319167635,-0.2826712531766771,-18.962405922346466,18.962405922346466
6.73995,-0.2502508101817273,-0.47751253058059917,-0.22726172039887188,-18.953253370995427,18.953253370995427
6.29995,1.7701483849580035,0.3795883664315875,-1.390560018526416,-18.937684538263866,18.937684538263866
6.43895,1.9739738707007883,-0.016277845063448267,-1.9902517157642365,-18.935747660256126,18.935747660256126
6.88695,-0.10411700634022819,-0.4906013361556145,-0.38648432981538633,-18.923679064025702,18.923679064025702
8.58094,-0.8220895078841404,-1.3311634947544455,-0.5090739868703051,-18.920382115274034,18.920382115274034
6.10296,0.8323192717983627,1.2652126418381453,0.43289337003978257,18.915427622982932,18.915427622982932
6.10196,0.8238062644746955,0.9721608330141414,0.14835456853944584,18.90838208088339,18.90838208088339
6.85895,0.03209531088904883,-0.530911115612039,-0.5630064265010878,-18.90126404487605,18.90126404487605
8.15794,-0.7189582457033799,-0.07279572488145727,0.6461625208219226,18.8824532173936,18.8824532173936
8.94594,-0.920083538877146,-1.4248909275956763,-0.5048073887185303,-18.880261347977022,18.880261347977022
6.30195,1.86954019210356,0.33200383027569064,-1.5375363618278692,-18.867332742609662,18.867332742609662
6.13496,0.5729090620789061,1.400547581505484,0.8276385194265778,18.83211694258297,18.83211694258297
8.16494,-0.6888854521834746,-0.13690137021835222,0.5519840819651224,18.782307950693397,18.782307950693397
6.35395,3.561128449560642,0.20196485592072763,-3.3591635936399147,-18.77951938793307,18.77951938793307
8.26094,-0.7292155630538057,-1.320432329172093,-0.5912167661182872,-18.76689246321441,18.76689246321441
8.97593,-0.8709293247360519,-1.5789945236795029,-0.708065198943451,-18.717988024273165,18.717988024273165
7.55295,-0.6471559806326788,-0.04290158372620636,0.6042543969064724,18.631341168613133,18.631341168613133
6.24696,1.2668516784583805,0.8826043326366585,-0.38424734582172204,-18.624793088308646,18.624793088308646
7.53295,-0.6658968546036855,-0.38467123650053553,0.28122561810315,18.602439821911744,18.602439821911744
7.77294,-0.7334437077564431,-0.023969946855472244,0.7094737609009708,18.596614468701663,18.596614468701663
8.13194,-0.7114765568037246,0.053692218384297295,0.7651687751880218,18.585094894068693,18.585094894068693
8.72694,-0.8630794549146175,-1.5644845861082997,-0.7014051311936822,-18.56130969421934,18.56130969421934
8.99193,-0.9287118044272742,-1.2479450272118089,-0.3192332227845347,-18.53776915496012,18.53776915496012
6.13996,0.5362598599989635,1.0082827703349646,0.4720229103360011,18.532027565532488,18.532027565532488
6.11496,0.753342372030283,1.1601352213807792,0.4067928493504962,18.48958766078371,18.48958766078371
8.47494,-0.8863743506019044,-1.4462323725956425,-0.5598580219937381,-18.4607901744084,18.4607901744084
7.42395,-0.5393435702118929,-0.4023112622658737,0.13703230794601923,18.456543995060596,18.456543995060596
8.94994,-0.781626366479953,-1.332927137550727,-0.551300771070774,-18.34301396652976,18.34301396652976
8.90194,-0.9057379155717674,-1.622459216167464,-0.7167213005956966,-18.32358829221018,18.32358829221018
8.70994,-0.8708282415251851,-1.2508237369437323,-0.37999549541854716,-18.308141419929456,18.308141419929456
8.21194,-0.7954277826097331,-1.3501620507520888,-0.5547342681423557,-18.289608806200263,18.289608806200263
8.74494,-0.9392669258180079,-1.5897336044274037,-0.6504666786093959,-18.26261084535044,18.26261084535044
8.92894,-0.8702658592364376,-1.7835544218922823,-0.9132885626558447,-18.241852271252295,18.241852271252295
5.64696,0.16990544373693708,-0.35007116964651613,-0.5199766133834532,-18.17847628518653,18.17847628518653
6.08596,1.2122762785727865,0.6530213581031564,-0.5592549204696301,-18.163700662525244,18.163700662525244
6.30495,1.918176116876423,0.3237792537104116,-1.5943968631660115,-18.159799912260592,18.159799912260592
7.31495,0.7408025770386848,0.06807263506470873,-0.6727299419739761,-18.10210679355105,18.10210679355105
6.43695,2.006524468585291,-0.05240338018679339,-2.058927848772085,-18.01508187666414,18.01508187666414
8.61494,-0.8648270648466232,-1.2521271488414003,-0.3873000839947771,-17.993275761902613,17.993275761902613
8.82494,-0.8621359122884151,-1.2971466316892413,-0.43501071940082614,-17.941392850405112,17.941392850405112
7.53595,-0.5884125836810806,-0.23237265794199372,0.35603992573908694,17.936370085848903,17.936370085848903
6.29195,1.585955747523983,0.2642392197739275,-1.3217165277500555,-17.927250063259205,17.927250063259205
7.04695,-0.4374261702902087,-0.011931699616879166,0.4254944706733295,17.922142272876474,17.922142272876474
8.03294,-0.636098976923301,0.19379424639327844,0.8298932233165794,17.88376883739671,17.88376883739671
6.07496,1.3051473851264257,0.5918551174267311,-0.7132922676996946,-17.880055775480386,17.880055775480386
8.54694,-0.8612454597025598,-1.0483621850958558,-0.18711672539329594,-17.848143923398123,17.848143923398123
7.50495,-0.628652703320873,-0.47804500535385436,0.15060769796701862,17.840112634780663,17.840112634780663
7.88894,-0.39735469438658505,0.44838914405968505,0.8457438384462701,17.826941147126103,17.826941147126103
5.79296,-0.282911350379382,0.5203919659323575,0.8033033163117395,17.80868148994542,17.80868148994542
6.34495,3.318427651431365,-0.11198658775354144,-3.4304142391849064,-17.77344217332757,17.77344217332757
8.16194,-0.7751386323238127,-0.22958076318492612,0.5455578691388866,17.764877467840584,17.764877467840584
8.03394,-0.6503862592584094,0.23094515523539189,0.8813314144938014,17.72372879391064,17.72372879391064
7.11595,-0.20577925091880914,1.0107040914322665,1.2164833423510757,17.715065814341447,17.715065814341447
6.43195,2.0964248465163604,0.07668577430236317,-2.0197390722139974,-17.707805152273625,17.707805152273625
8.62594,-0.8134248415469114,-1.2896423351888657,-0.4762174936419543,-17.656497216998453,17.656497216998453
8.51394,-0.8258248904250294,-1.427758735985958,-0.6019338455609287,-17.654883903747233,17.654883903747233
7.84594,-0.5187564560454192,0.2654876572490595,0.7842441132944786,17.650985941812625,17.650985941812625
7.98894,-0.4779271052230101,0.8390673243180053,1.3169944295410154,17.64355300638736,17.64355300638736
8.30794,-0.8594613122582762,-1.4735407730783359,-0.6140794608200597,-17.636910550957303,17.636910550957303
5.98596,0.4421413830744011,0.055534293275558436,-0.3866070897988427,-17.62929914373823,17.62929914373823
6.81295,-0.19511423513249287,-0.7002129088895261,-0.5050986737570333,-17.610265375088822,17.610265375088822
8.70294,-0.8837668978795502,-1.137531561921972,-0.2537646640424217,-17.605143345046532,17.605143345046532
8.65294,-0.8608633923925876,-1.2121269602919933,-0.3512635678994057,-17.58891508527947,17.58891508527947
6.19596,0.6824898817241534,1.7800114113027476,1.0975215295785943,17.534591056691273,17.534591056691273
8.46694,-0.8290207904421178,-1.128015734031549,-0.29899494358943124,-17.471087552391513,17.471087552391513
7.22695,1.2332308694952518,0.7363680513276771,-0.4968628181675747,-17.448417445040366,17.448417445040366
6.12496,0.5414984034719269,1.094817116593972,0.5533187131220451,17.426531900348632,17.426531900348632
8.89294,-0.8326774545978815,-1.3236124268212839,-0.49093497222340243,-17.420661152808943,17.420661152808943
8.78794,-0.7942451425422462,-1.3995947780635343,-0.6053496355212881,-17.420277445181146,17.420277445181146
6.43795,1.9884739517227468,-0.16095268007788427,-2.149426631800631,-17.40935068696312,17.40935068696312
8.74694,-0.8830728225162625,-1.2898132308086603,-0.40674040829239777,-17.40145474644401,17.40145474644401
8.56394,-0.7856063838308904,-1.372342863080436,-0.5867364792495455,-17.378005037817026,17.378005037817026
8.78194,-0.8426272908467849,-1.255148907201598,-0.4125216163548131,-17.352463258251852,17.352463258251852
7.80194,-0.4606938351879737,0.12135609041544469,0.5820499256034184,17.344131433886794,17.344131433886794
8.44794,-0.794517935472393,-1.0718396454531296,-0.2773217099807366,-17.33313723304454,17.33313723304454
6.56495,0.24674249405132123,-0.25631243592334396,-0.5030549299746652,-17.33159276394037,17.33159276394037
8.83494,-0.8830562595503082,-1.226373376817473,-0.34331711726716474,-17.309338703002748,17.309338703002748
8.43294,-0.7389403528660836,-0.9877867035935415,-0.24884635072745787,-17.297853465099987,17.297853465099987
6.97595,-0.38187150047245944,0.01342921036065875,0.3953007108331182,17.286069248118224,17.286069248118224
6.08296,1.168138831315111,0.7246931821438054,-0.4434456491713057,-17.284144248253163,17.284144248253163
6.10796,0.7953863842910245,1.2137640657736266,0.4183776814826021,17.280322087437636,17.280322087437636
8.48394,-0.8230027420290532,-1.5782386253696319,-0.7552358833405787,-17.24077403015289,17.24077403015289
8.00594,-0.6865017529108439,-0.3720177650306815,0.3144839878801624,17.217770066676962,17.217770066676962
6.34595,3.387928239331189,0.1362941664867651,-3.251634072844424,-17.20310333315897,17.20310333315897
6.31095,2.0930812692560816,-0.1645720694150106,-2.2576533386710924,-17.175843674813848,17.175843674813848
6.30395,1.8981033755738181,0.2709383280698809,-1.6271650475039372,-17.070388941887618,17.070388941887618
8.82794,-0.9039910681641826,-1.2273560949895406,-0.32336502682535795,-17.06338078272297,17.06338078272297
6.43095,2.124213485598897,0.18316633774330734,-1.94104714785559,-17.061664204516596,17.061664204516596
8.30594,-0.8906969181251918,-1.4170800983204268,-0.526383180195235,-17.04576674007989,17.04576674007989
8.27194,-0.5875719353618925,-1.1273357493548921,-0.5397638139929997,-17.033944960195882,17.033944960195882
7.95194,-0.5552284629565453,0.9177944391042852,1.4730229020608303,17.032207197972607,17.032207197972607
7.20895,1.2670222026992664,1.5468234386422075,0.27980123594294115,17.011145237514835,17.011145237514835
8.84694,-0.8942994597949883,-1.186767129655212,-0.29246766986022377,-16.957119733329566,16.957119733329566
6.46995,1.0912211282296271,-0.03684288427916784,-1.128064012508795,-16.924580537057707,16.924580537057707
6.04996,1.0205001780667626,0.12528129296694054,-0.8952188850998221,-16.92227003383293,16.92227003383293
8.70794,-0.8592903080428091,-1.3414960238173612,-0.48220571577455207,-16.914373951483253,16.914373951483253
8.02294,-0.667323458659282,-0.1485582503896137,0.5187652082696683,16.907404998980617,16.907404998980617
6.13196,0.581100269475174,1.2518396098638924,0.6707393403887184,16.899170229684305,16.899170229684305
5.73296,-0.2551149016004447,0.22943407817615435,0.48454897977659905,16.880600001411054,16.880600001411054
8.82994,-0.8835611506523113,-1.389789327070091,-0.5062281764177796,-16.877192800872688,16.877192800872688
8.56694,-0.8284033958677819,-1.3729357809360607,-0.5445323850682788,-16.79170501717321,16.79170501717321
6.74795,-0.2659133882912656,-0.8348786572877738,-0.5689652689965081,-16.788130051801236,16.788130051801236
8.00494,-0.6273494496536003,-0.3702692330049922,0.2570802166486081,16.772562061634765,16.772562061634765
5.73196,-0.1826282176175933,0.2711829786413765,0.4538111962589698,16.761586379159894,16.761586379159894
8.95094,-0.8060641711966394,-1.3605042938818137,-0.5544401226851743,-16.736351573280263,16.736351573280263
6.34095,3.2281771983197265,0.08413682332541339,-3.1440403749943133,-16.70847462882203,16.70847462882203
6.34995,3.4250864116689526,0.28313847642196355,-3.1419479352469892,-16.684144255261028,16.684144255261028
6.14596,0.6029117709399711,1.3954422997267741,0.7925305287868031,16.654818789564427,16.654818789564427
8.64394,-0.9079267775383594,-1.2645910520963703,-0.356664274558011,-16.651453468470535,16.651453468470535
6.75595,-0.2867812574907618,-0.6597160437019579,-0.37293478621119613,-16.649396866598217,16.649396866598217
8.48794,-0.7590260784682995,-0.9865299911726089,-0.22750391270430936,-16.64256498871938,16.64256498871938
8.96293,-0.8802438367435624,-1.4274687531026853,-0.5472249163591228,-16.605890751650886,16.605890751650886
8.79294,-0.8437447263276565,-1.2483102041677911,-0.40456547784013464,-16.587560151530873,16.587560151530873
8.51994,-0.843262823633495,-1.1834305275963144,-0.34016770396281937,-16.573237674742824,16.573237674742824
8.84494,-0.9054100502516531,-1.2943392663813291,-0.388929216129676,-16.550281522105333,16.550281522105333
6.16096,0.6580620314853607,1.292178171740493,0.6341161402551323,16.516438848122988,16.516438848122988
6.13896,0.4998312838910404,1.0284448556682206,0.5286135717771803,16.50543162773399,16.50543162773399
6.34695,3.412257499899551,0.29882849322038085,-3.11342900667917,-16.469268333612785,16.469268333612785
7.22495,1.2963724423477383,0.7280535296993484,-0.5683189126483899,-16.433144431283075,16.433144431283075
7.60295,-0.6711627133965803,0.4314111139583939,1.1025738273549741,16.406017009033903,16.406017009033903
8.48694,-0.850452577117195,-1.0916703731741102,-0.24121779605691518,-16.405083006053808,16.405083006053808
6.64395,0.14417582692382583,-0.5045572121384305,-0.6487330390622563,-16.398359149261125,16.398359149261125
7.95294,-0.6007775790474521,1.0192560680270473,1.6200336470744994,16.378914304905802,16.378914304905802
6.59195,0.2005663003661901,-0.5860222546439482,-0.7865885550101384,-16.367124898422787,16.367124898422787
8.72494,-0.908108462965115,-1.4825788127938377,-0.5744703498287227,-16.326622162899962,16.326622162899962
6.08196,1.1731726029024312,0.5476453200364646,-0.6255272828659666,-16.256793614038894,16.256793614038894
8.10294,-0.7893988158482466,0.3215018447139892,1.1109006605622358,16.25088765111363,16.25088765111363
6.43495,1.9932727360020013,0.10298211293561975,-1.8902906230663816,-16.247374594562,16.247374594562
6.75095,-0.25420589301694835,-0.6129266219034217,-0.3587207288864734,-16.24293920661745,16.24293920661745
6.43295,2.077608197661648,-0.018555254059870657,-2.0961634517215186,-16.242761919413425,16.242761919413425
8.60994,-0.8679847720968004,-1.1363342132426522,-0.2683494411458518,-16.23296807424736,16.23296807424736
6.17796,0.6850247096128091,1.578257439276872,0.8932327296640629,16.226432938182484,16.226432938182484
7.98394,-0.4500826826749893,1.0857038828057604,1.5357865654807497,16.201043307035125,16.201043307035125
7.98594,-0.44933680085645583,1.0335537352494524,1.4828905361059082,16.18590066241125,16.18590066241125
8.18694,-0.6490651492186447,-0.830313045887363,-0.18124789666871832,-16.18410102602236,16.18410102602236
8.74894,-0.9052038666797704,-1.3462735457863173,-0.44106967910654693,-16.137796083903698,16.137796083903698
6.10596,0.7661977329891763,1.0102795507346713,0.2440818177454951,16.121624489314666,16.121624489314666
8.45794,-0.7645248470865766,-1.2833947511094224,-0.5188699040228457,-16.085904628655967,16.085904628655967
7.02395,-0.48060573676996354,-0.4159145536015343,0.06469118316842926,16.072832091821205,16.072832091821205
7.39095,-0.20150147144123187,-0.5197651233989006,-0.3182636519576687,-16.056040662719802,16.056040662719802
8.63094,-0.8540255846582985,-1.4509296635683582,-0.5969040789100597,-16.012284273320745,16.012284273320745
6.76595,-0.2456995719034762,-0.5794562650413084,-0.33375669313783224,-15.960588832073112,15.960588832073112
7.54595,-0.6584465080095574,-0.16087352842240032,0.49757297958715707,15.919820217586018,15.919820217586018
6.07396,1.2972600561183412,0.4966860451149371,-0.8005740110034041,-15.914261035273563,15.914261035273563
8.66694,-0.8377988995756012,-1.3323342196951025,-0.4945353201195013,-15.908432056759395,15.908432056759395
7.48095,-0.59384694465542,-0.12603240879940736,0.4678145358560126,15.88984522181611,15.88984522181611
8.96593,-0.8351844062992735,-1.2140696297417695,-0.378885223442496,-15.877604104088357,15.877604104088357
7.44495,-0.64487289417659,-0.5495765150961456,0.09529637908044442,15.84247412633235,15.84247412633235
7.85494,-0.5996375168320716,-0.31937471852886046,0.2802627983032111,15.84218865019481,15.84218865019481
6.47595,1.0736676333570903,-0.281554618417656,-1.3552222517747463,-15.836110537192173,15.836110537192173
5.54496,3.334331308146262,2.074642655433907,-1.259688652712355,-15.822527202116557,15.822527202116557
7.22595,1.2625225523266828,0.7761093779856265,-0.48641317434105624,-15.792080876370317,15.792080876370317
5.55196,3.5397904738232793,2.4042877137091154,-1.1355027601141638,-15.75381657153381,15.75381657153381
8.88694,-0.8541426707210249,-1.2043740196593227,-0.35023134893829777,-15.725466008755644,15.725466008755644
8.78894,-0.8705827679608124,-1.3852999890831466,-0.5147172211223342,-15.6428020758661,15.6428020758661
8.58894,-0.8462171319778302,-1.0395133897930104,-0.19329625781518023,-15.633826133835498,15.633826133835498
8.94094,-0.9027111929509843,-1.6514754935073483,-0.748764300556364,-15.594413306697618,15.594413306697618
8.27594,-0.6698467457650961,-0.9766738111636054,-0.30682706539850935,-15.564922209512627,15.564922209512627
7.87394,-0.4931493990964758,0.1618493578004909,0.6549987568969667,15.558611138260202,15.558611138260202
6.19696,0.7235189753566252,1.8510140440743057,1.1274950687176806,15.55353651599096,15.55353651599096
6.30795,2.004919563196432,0.1514013392766193,-1.8535182239198125,-15.544340418394711,15.544340418394711
7.56395,-0.6184915485518891,0.32503128898806566,0.9435228375399548,15.498464405741597,15.498464405741597
8.62194,-0.9421877266688546,-1.2014039617213659,-0.25921623505251123,-15.476140005194297,15.476140005194297
8.10794,-0.746983499100528,0.29816289975381194,1.04514639885434,15.474426419136716,15.474426419136716
7.48595,-0.5950013798680109,-0.25753568878082206,0.3374656910871889,15.422310671720957,15.422310671720957
8.89894,-0.8538283733841896,-1.4533797670858364,-0.5995513937016468,-15.393209333854355,15.393209333854355
7.98994,-0.5302487757895082,0.5958630694362327,1.1261118452257408,15.382351636785158,15.382351636785158
6.34395,3.3971947595996776,0.06057481460887244,-3.3366199449908054,-15.380414864832295,15.380414864832295
6.08096,1.215278920215375,0.48230922623704775,-0.7329696939783273,-15.367568871928674,15.367568871928674
7.21595,1.4147260793573726,1.166582483500193,-0.2481435958571796,-15.342275596173117,15.342275596173117
8.16294,-0.7579819538917985,0.03769638837151049,0.7956783422633089,15.332096644798904,15.332096644798904
7.82194,-0.36548594598135964,0.2456781565629587,0.6111641025443183,15.304432634396088,15.304432634396088
8.75894,-0.8288586645651433,-1.3197300381197998,-0.4908713735546565,-15.298852672719585,15.298852672719585
8.57394,-0.8081406155195313,-1.1385662899272975,-0.33042567440776616,-15.255245290757188,15.255245290757188
8.58194,-0.7768524237748093,-1.2183953396700138,-0.44154291589520445,-15.23599656199173,15.23599656199173
5.55696,3.5112387853240694,2.0767941413420603,-1.434444643982009,-15.234001136294227,15.234001136294227
8.87894,-0.8988019578836595,-1.4217554426977583,-0.5229534848140989,-15.231090412105319,15.231090412105319
6.42995,2.1495158170287927,0.1482856422925723,-2.0012301747362202,-15.18979773878844,15.18979773878844
6.33995,3.233019126841225,-0.05269839999359682,-3.285717526834822,-15.183862147006353,15.183862147006353
8.85494,-0.8601174336592742,-1.3824829097084248,-0.5223654760491506,-15.16026154089338,15.16026154089338
8.51694,-0.8760145142151583,-1.335089776646698,-0.45907526243153973,-15.160072869080622,15.160072869080622
8.15394,-0.7563701808960354,0.13434775532236612,0.8907179362184015,15.152491092375207,15.152491092375207
6.44695,1.852162957745541,-0.20868832393970502,-2.060851281685246,-15.14468447585187,15.14468447585187
8.93694,-0.8830542505587313,-1.2533669875685047,-0.3703127370097734,-15.136277814819119,15.136277814819119
8.01194,-0.6001201006188994,-0.05737914107471143,0.542740959544188,15.126333362998002,15.126333362998002
5.84996,0.13996279431950867,0.5191615174698356,0.379198723150327,15.125673499951402,15.125673499951402
6.17896,0.6651200357921281,1.5999989599172837,0.9348789241251556,15.114427692845734,15.114427692845734
6.73795,-0.2831889718381859,-0.7285527993552754,-0.4453638275170895,-15.10663063529293,15.10663063529293
5.54296,3.1996475706568024,1.8525826859738956,-1.3470648846829067,-15.106345942715414,15.106345942715414
6.30995,2.053406631744436,0.14839357636823206,-1.9050130553762041,-15.105534983191857,15.105534983191857
6.56695,0.21826442029978851,-0.3025190137133171,-0.5207834340131056,-15.105196710435184,15.105196710435184
6.47495,1.079891234439202,-0.16515851122609557,-1.2450497456652976,-15.096028760417576,15.096028760417576
8.33994,-0.7617179759575281,-1.2613363360228733,-0.4996183600653452,-15.052634116793968,15.052634116793968
6.42895,2.1966329011403722,0.17946060114565307,-2.0171722999947193,-15.042465710877677,15.042465710877677
5.80796,-0.19423542356362472,0.4451367305798023,0.639372154143427,15.040312794218988,15.040312794218988
8.61694,-0.8824812477913347,-1.1928053216278751,-0.31032407383654037,-15.035518902639653,15.035518902639653
8.77794,-0.8035168330252873,-1.096421631184656,-0.29290479815936865,-15.02558110798873,15.02558110798873
7.98494,-0.48189323232310055,1.1686907957780817,1.650584028101182,15.023793825593119,15.023793825593119
7.77794,-0.667802380909061,-0.050007243707145176,0.6177951372019158,15.020688531840108,15.020688531840108
6.43995,1.9373825879259465,0.020394556043239944,-1.9169880318827066,-15.018402318779161,15.018402318779161
6.34795,3.4352853024390724,-0.06107408426479961,-3.496359386703872,-14.997467825691695,14.997467825691695
6.65095,0.08140682834227203,-0.37629555222933275,-0.4577023805716048,-14.991023829033548,14.991023829033548
8.52294,-0.7940536131927993,-0.973207688213916,-0.1791540750211167,-14.98570363736208,14.98570363736208
6.83895,0.010207840843099097,-0.37102477153461105,-0.38123261237771017,-14.935454911840147,14.935454911840147
8.15994,-0.758991270505652,-0.22551164853255054,0.5334796219731014,14.909392103674643,14.909392103674643
6.43595,2.013425137069544,0.0743651916756768,-1.939059945393867,-14.904066953985224,14.904066953985224
6.43395,2.0410112228476978,-0.05455846389746805,-2.095569686745166,-14.899063358574322,14.899063358574322
5.64896,0.16240744152868827,-0.4112877795582495,-0.5736952210869378,-14.88829890735344,14.88829890735344
8.88794,-0.8632708197784447,-1.2468011418779659,-0.3835303220995212,-14.878213264849569,14.878213264849569
6.08496,1.2189571272088529,0.7123563172958871,-0.5066008099129657,-14.869148108869545,14.869148108869545
6.31195,2.1303590180468523,-0.13522119644058087,-2.265580214487433,-14.849222055426688,14.849222055426688
8.22394,-0.8301751651906952,-1.1106365489490555,-0.28046138375836027,-14.736475487160877,14.736475487160877
8.55394,-0.8211809738241826,-1.1307500639482646,-0.30956909012408196,-14.718804209590228,14.718804209590228
6.94295,-0.16834092361760133,-0.487079087486582,-0.3187381638689807,-14.709075286476848,14.709075286476848
6.21996,0.8543641896210821,1.7872465921744785,0.9328824025533964,14.692388508248571,14.692388508248571
7.95394,-0.5259020205554719,1.0571553197937353,1.5830573403492072,14.68933101314158,14.68933101314158
7.88794,-0.4051031581354134,0.5977447201552358,1.0028478782906491,14.680427430276664,14.680427430276664
7.89494,-0.46613729788883795,1.1681079517695185,1.6342452496583566,14.674249057116524,14.674249057116524
6.44095,1.9089820459199718,-0.008974305943799867,-1.9179563518637717,-14.669699865206875,14.669699865206875
6.65795,0.14698616803752415,-0.4581527552097477,-0.6051389232472718,-14.661786737468734,14.661786737468734
7.18595,1.1532588367865795,1.697449039028022,0.5441902022414424,14.652023006247354,14.652023006247354
7.94894,-0.5108661215992029,1.0507224488844094,1.5615885704836123,14.650790744274786,14.650790744274786
6.47895,1.0808179951620338,-0.3016555411080384,-1.3824735362700722,-14.650172290216629,14.650172290216629
7.03495,-0.48301222828959256,-0.3111825221862795,0.17182970610331305,14.64228637901781,14.64228637901781
8.28994,-0.6864731266800024,-1.0466334409840372,-0.36016031430403483,-14.639789605838027,14.639789605838027
8.35094,-0.8871095996119767,-1.3569975157636258,-0.46988791615164915,-14.634319546148278,14.634319546148278
7.18995,1.2477147921437464,1.9481906901933723,0.700475898049626,14.616844473465816,14.616844473465816
8.99793,-0.8574601754197206,-1.3281139973368032,-0.4706538219170826,-14.610165734245742,14.610165734245742
7.99394,-0.5637049276945593,0.06825972079585242,0.6319646484904117,14.603630292094321,14.603630292094321
8.57694,-0.8312119415902304,-1.3654325637764415,-0.5342206221862111,-14.599227673751756,14.599227673751756
6.09096,1.120493725392074,0.8176316168919631,-0.30286210850011086,-14.577454859581998,14.577454859581998
8.68894,-0.8639610154866897,-1.1820917852778805,-0.3181307697911908,-14.536903877685369,14.536903877685369
8.66494,-0.8920551071790481,-1.1602721923227415,-0.26821708514369336,-14.53519992827736,14.53519992827736
8.80394,-0.822674375964653,-1.1633486732592988,-0.3406742972946458,-14.513252675493545,14.513252675493545
6.06296,1.1924191089574316,0.2647932813623146,-0.927625827595117,-14.509927463674307,14.509927463674307
5.98296,0.3835453896981261,0.16271642820829152,-0.2208289614898346,-14.501747491751066,14.501747491751066
7.12995,-0.08193832662705378,0.3010879132041933,0.38302623983124706,14.494809573074285,14.494809573074285
8.99293,-0.9082358142419567,-1.206824446979028,-0.29858863273707126,-14.482821864333022,14.482821864333022
8.20894,-0.814061401422824,-0.9794808166912654,-0.1654194152684414,-14.460383092942461,14.460383092942461
7.23595,1.1049320202062787,0.5753232148381672,-0.5296088053681115,-14.449010033920143,14.449010033920143
6.11696,0.6965105362513634,1.000910872967398,0.3044003367160345,14.436038629633186,14.436038629633186
8.79494,-0.7897083565111548,-1.1329335702988632,-0.3432252137877084,-14.42209734199243,14.42209734199243
7.83294,-0.45235283337493915,0.293741200454281,0.7460940338292201,14.398738714806141,14.398738714806141
6.84695,0.007821002624493388,-0.4151230370466955,-0.4229440396711889,-14.381967652006287,14.381967652006287
7.52795,-0.6321016075679766,-0.4094061288392465,0.22269547872873013,14.357076173650192,14.357076173650192
6.56395,0.28717014641411115,-0.17439047249753306,-0.46156061891164424,-14.341014038464154,14.341014038464154
8.45194,-0.7765210966632565,-1.2426026142688742,-0.46608151760561767,-14.338757217568519,14.338757217568519
8.27894,-0.6817244903208671,-1.2130227771419446,-0.5312982868210775,-14.324063628852908,14.324063628852908
5.55996,3.516078866390542,2.0505373785365455,-1.4655414878539963,-14.312179643788316,14.312179643788316
8.62994,-0.8013196267880389,-1.2499308343138236,-0.44861120752578465,-14.300196453783165,14.300196453783165
6.34195,3.2950522868259666,0.155416486891165,-3.1396357999348017,-14.299147264388306,14.299147264388306
6.83795,0.02111293370246689,-0.22428839567507244,-0.24540132937753933,-14.296400081359282,14.296400081359282
8.41194,-0.6070864884852791,0.2167734111012563,0.8238598995865354,14.249846379977607,14.249846379977607
6.30295,1.8867715910018767,0.3753897308884202,-1.5113818601134565,-14.24591474688271,14.24591474688271
7.45295,-0.6322824453085182,-0.3780081062298021,0.2542743390787161,14.220568054093246,14.220568054093246
8.47094,-0.8106695507023539,-1.3551698320824528,-0.5445002813800989,-14.205418973167413,14.205418973167413
6.21896,0.818989816134748,1.7087749213672603,0.8897851052325123,14.144259385862467,14.144259385862467
6.31395,2.2373017079187187,0.12956627577063576,-2.107735432148083,-14.105309242097462,14.105309242097462
7.48995,-0.6413581459841233,-0.3356727639534948,0.3056853820306285,14.081918355982939,14.081918355982939
7.81594,-0.3709327660632471,0.06578803046324234,0.43672079652648943,14.079176016528853,14.079176016528853
6.64495,0.11943070892356948,-0.41134174659607947,-0.5307724555196489,-14.07802431589152,14.07802431589152
6.33095,2.882781404673969,-0.18711590001782702,-3.069897304691796,-14.075410531191475,14.075410531191475
8.61594,-0.8539004657458555,-1.0975394684282396,-0.24363900268238403,-14.071459700401313,14.071459700401313
8.67094,-0.8139200999471744,-1.0990217630673011,-0.28510166312012675,-14.043356030231465,14.043356030231465
7.63094,-0.6361831947151979,0.1917866725860056,0.8279698673012035,14.036832910227492,14.036832910227492
6.74095,-0.26649016029040834,-0.3868371136187761,-0.12034695332836776,-14.035645358633076,14.035645358633076
8.24394,-0.7986553336118987,-1.2637463600202565,-0.46509102640835787,-14.033092996116352,14.033092996116352
8.57594,-0.8605496051999064,-1.3884948377226773,-0.5279452325227709,-13.992314910357896,13.992314910357896
6.55295,0.24325110181978343,-0.42606035671355835,-0.6693114585333417,-13.935419691497398,13.935419691497398
6.78695,-0.2685424175734564,-0.6177081014551521,-0.34916568388169567,-13.926959878700794,13.926959878700794
7.04895,-0.4960412421518784,0.17823375048565307,0.6742749926375314,13.908064123365342,13.908064123365342
6.99595,-0.4226464644747324,-0.3020980708182438,0.12054839365648862,13.902749614715738,13.902749614715738
8.82894,-0.9235501963630997,-1.282268279139786,-0.35871808277668626,-13.891360174009641,13.891360174009641
6.21796,0.8118329221720739,1.7282498264188155,0.9164169042467416,13.889451640887271,13.889451640887271
8.95694,-0.8499182858277864,-1.1320265642830682,-0.28210827845528186,-13.839528720727337,13.839528720727337
8.83294,-0.896970525345197,-1.254564732006102,-0.357594206660905,-13.825851666403121,13.825851666403121
5.55596,3.5411909287648804,2.116765727361417,-1.4244252014034635,-13.818389872794793,13.818389872794793
7.84794,-0.6660541473571147,0.05099746429532355,0.7170516116524382,13.81561044439598,13.81561044439598
7.04795,-0.47738668118865174,0.0709041056495182,0.5482907868381699,13.794309939858863,13.794309939858863
8.21294,-0.8257538680743325,-1.2121298385340111,-0.38637597045967864,-13.786703183306683,13.786703183306683
8.60894,-0.858716465698057,-1.1294494583365637,-0.2707329926385067,-13.774170620351736,13.774170620351736
7.80094,-0.5248780247013962,-0.001883037172949045,0.5229949875284472,13.766354124038992,13.766354124038992
6.29895,1.7335255507768383,0.43893411903188406,-1.2945914317449543,-13.754951829007789,13.754951829007789
6.63895,0.18252590640445138,-0.5291373989686957,-0.7116633053731471,-13.749847579305927,13.749847579305927
7.86794,-0.5201365803128394,-0.09490062357659036,0.42523595673624903,13.732505923505538,13.732505923505538
8.50194,-0.863847000970967,-1.2354006770924468,-0.3715536761214798,-13.73015802951704,13.73015802951704
8.81994,-0.8734983454304559,-1.3727540919087,-0.4992557464782441,-13.72583697851581,13.72583697851581
5.55496,3.575167071072302,2.2027136318093397,-1.3724534392629621,-13.702260669023808,13.702260669023808
6.62895,0.16530577399593424,-0.6103505952976738,-0.775656369293608,-13.702105954978832,13.702105954978832
8.75494,-0.8816087904371153,-1.3595206546723007,-0.4779118642351854,-13.691037841826375,13.691037841826375
8.99993,-0.8900914379062954,-1.1989418775214895,-0.3088504396151941,-13.686564877152994,13.686564877152994
8.44094,-0.8290486440438549,-1.2414745592661283,-0.41242591522227334,-13.681237387460222,13.681237387460222
7.22995,1.2126424563777272,0.8949232084719669,-0.3177192479057602,-13.678916460674907,13.678916460674907
8.75994,-0.8652945717205747,-1.2357480809039707,-0.37045350918339603,-13.64580201227761,13.64580201227761
6.55395,0.20759988951686076,-0.5110944193208943,-0.7186943088377551,-13.638886856205595,13.638886856205595
6.20896,0.7714386197234477,1.887672053970906,1.1162334342474582,13.636407651741637,13.636407651741637
7.82294,-0.36141514340342296,0.154204027441253,0.515619170844676,13.633355368012067,13.633355368012067
8.29994,-0.8739595714278777,-1.3631835774199428,-0.48922400599206506,-13.63004899784358,13.63004899784358
8.95994,-0.9044444387744954,-1.321756320500187,-0.41731188172569156,-13.621413943409207,13.621413943409207
6.07096,1.322201435184502,0.4113137890705337,-0.9108876461139683,-13.610350393518074,13.610350393518074
7.47895,-0.5730985266968884,-0.1155340210402278,0.4575645056566606,13.609437320792205,13.609437320792205
7.03995,-0.4203140385087407,-0.11818200369641567,0.30213203481232503,13.609115490691817,13.609115490691817
8.92294,-0.9073664970759723,-1.5484930734585394,-0.6411265763825671,-13.583798641741076,13.583798641741076
6.06696,1.2321368645027841,0.539740947895643,-0.6923959166071412,-13.575587668593595,13.575587668593595
5.82096,-0.005343285751152088,0.353374777256337,0.3587180630074891,13.575387264007645,13.575387264007645
8.22294,-0.8402031385305961,-1.229318519972965,-0.3891153814423689,-13.563872678371041,13.563872678371041
6.06196,1.2356469356913027,0.11966512323010746,-1.1159818124611953,-13.545659877726612,13.545659877726612
8.96993,-0.882119177863755,-1.253288987209828,-0.371169809346073,-13.500529859893982,13.500529859893982
6.64295,0.14720456801948248,-0.49021277348323916,-0.6374173415027217,-13.466926847874044,13.466926847874044
6.28396,1.4304001352439524,0.34036152553428334,-1.090038609709669,-13.460492724415603,13.460492724415603
8.50394,-0.8959502869272807,-1.166069691306683,-0.2701194043794023,-13.443904514855197,13.443904514855197
6.64695,0.1180327649295673,-0.3598463990987747,-0.47787916402834196,-13.442424698012369,13.442424698012369
7.21895,1.3357982036910185,1.0946947913082243,-0.2411034123827942,-13.429648555182856,13.429648555182856
8.93294,-0.9400091773936664,-1.320401388070404,-0.38039221067673756,-13.422490376806492,13.422490376806492
8.20094,-0.809770060801005,-0.9572633067771938,-0.14749324597618885,-13.41685833972634,13.41685833972634
5.55396,3.5339634209150477,2.2108482633115685,-1.3231151576034792,-13.406307117819946,13.406307117819946
8.54494,-0.798827519998405,-1.4013181254715694,-0.6024906054731645,-13.395604390486167,13.395604390486167
6.55195,0.3382256393502743,-0.4707666508518598,-0.808992290202134,-13.355154171494709,13.355154171494709
6.87795,-0.09182981927008399,-0.3689164592567224,-0.2770866399866384,-13.34287399977839,13.34287399977839
8.46094,-0.8101288928160917,-1.2437794554738184,-0.4336505626577267,-13.295239884241266,13.295239884241266
6.27996,1.4014987007580282,0.7010448261667368,-0.7004538745912914,-13.28502102942162,13.28502102942162
8.70194,-0.8559078242015188,-1.1650698619858209,-0.30916203778430207,-13.264148397805123,13.264148397805123
7.40695,-0.4297764087279433,-0.6128330790378498,-0.18305667030990647,-13.255084231183156,13.255084231183156
7.48195,-0.5939021479309534,-0.05783246419248277,0.5360696837384706,13.201631865930766,13.201631865930766
6.86895,-0.037424820430755935,-0.26324899918574896,-0.22582417875499303,-13.201165127090672,13.201165127090672
6.34895,3.432360338884309,0.14996581607034365,-3.2823945228139655,-13.189677379488302,13.189677379488302
6.76195,-0.22751872290233352,-0.6923481125764465,-0.4648293896741129,-13.189427650770256,13.189427650770256
7.79594,-0.5372199019582138,-0.18396422500856005,0.35325567694965376,13.17870005109885,13.17870005109885
6.46895,1.0728722716156591,-0.4532921240025334,-1.5261643956181925,-13.17867270422554,13.17867270422554
6.32995,2.900381772329353,0.10659070886517998,-2.7937910634641727,-13.171527705417226,13.171527705417226
8.80594,-0.859756891765104,-1.211334184506272,-0.351577292741168,-13.168238967076341,13.168238967076341
8.72894,-0.8602875788045306,-1.3186089628539464,-0.4583213840494158,-13.15565373555004,13.15565373555004
8.86394,-0.9143247419160596,-1.525667894698503,-0.6113431527824433,-13.150971483622069,13.150971483622069
6.85195,-0.01333048455866656,-0.19962905718932322,-0.18629857263065666,-13.134091373185795,13.134091373185795
6.56295,0.2657388116917954,-0.23450975264005827,-0.5002485643318537,-13.127414113423043,13.127414113423043
8.45594,-0.7417165428744528,-1.2060591224265491,-0.46434257955209635,-13.116915450907232,13.116915450907232
7.45195,-0.6287882746869964,-0.49458770134998425,0.13420057333701213,13.114178648933699,13.114178648933699
7.75694,-0.7043238439426278,-0.15945599422873455,0.5448678497138932,13.109771267666218,13.109771267666218
5.62696,0.7539238493807641,0.6083546397925971,-0.145569209588167,-13.103729568907223,13.103729568907223
7.98794,-0.45752606539759333,0.9510777102352547,1.408603775632848,13.099205666269471,13.099205666269471
7.45095,-0.6386112168867704,-0.5307887903262912,0.10782242656047913,13.091800976833339,13.091800976833339
6.81095,-0.1879436281925979,-0.7016484320958019,-0.5137048039032039,-13.07178597759632,13.07178597759632
6.86295,-0.00790168269439889,-0.3810446515583652,-0.3731429688639663,-13.058703685915948,13.058703685915948
8.10694,-0.7518063703857609,0.3502410912596799,1.1020474616454408,13.057437813139138,13.057437813139138
8.95294,-0.9137338125506278,-1.22241876223036,-0.30868494967973215,-13.040739977978157,13.040739977978157
7.75494,-0.6880229170022879,-0.06640242979987325,0.6216204872024147,13.028686957025782,13.028686957025782
6.22996,0.8684413110617735,1.4779147269384503,0.6094734158766768,13.02315696088009,13.02315696088009
8.90394,-0.8920209472794622,-1.4569448296048804,-0.5649238823254181,-13.001969799044902,13.001969799044902
5.55296,3.5283336669347927,2.157712317864234,-1.3706213490705585,-12.998308502475949,12.998308502475949
7.61595,-0.6514062867998656,0.08752235549860994,0.7389286422984755,12.973993089619483,12.973993089619483
8.65794,-0.8872484883141836,-1.3489459934996548,-0.46169750518547126,-12.939678777187586,12.939678777187586
6.15796,0.6432225902475244,1.4250809969029634,0.781858406655439,12.916712670483031,12.916712670483031
6.75795,-0.28390921249382545,-0.6195501763464133,-0.33564096385258785,-12.912736805658403,12.912736805658403
6.07296,1.294536225774341,0.41064459780144263,-0.8838916279728983,-12.904994339436854,12.904994339436854
8.46294,-0.8421358144997,-1.2437520042405759,-0.4016161897408759,-12.897255021469306,12.897255021469306
6.54095,0.4094181204765054,0.11456343925391939,-0.294854681222586,-12.895864634859215,12.895864634859215
8.77594,-0.8293970585662593,-1.3197235620752603,-0.490326503509001,-12.890579170071062,12.890579170071062
7.54495,-0.6132873058985174,-0.0006417953028610587,0.6126455105956564,12.886382233170321,12.886382233170321
6.22196,0.8945528860035645,1.4851714946253125,0.590618608621748,12.878673244545356,12.878673244545356
7.77894,-0.630905150308478,-0.13980839465612355,0.4910967556523545,12.87305297447817,12.87305297447817
6.33195,2.8354400927280006,-0.1770744331789409,-3.0125145259069415,-12.855031396873853,12.855031396873853
6.44395,1.9124304328735118,0.01862443720241856,-1.8938059956710933,-12.854595150933664,12.854595150933664
6.33695,3.10006172364925,0.0677668218503392,-3.032294901798911,-12.851530270325913,12.851530270325913
6.96895,-0.27297779875919637,-0.06757891122456547,0.2053988875346309,12.833083132628753,12.833083132628753
8.46494,-0.9189240905073749,-1.2567366174545542,-0.33781252694717934,-12.828218448767805,12.828218448767805
7.37695,-0.10525961001322925,-0.3667901579662237,-0.26153054795299446,-12.82654327953916,12.82654327953916
8.59594,-0.854529583401644,-1.3628770446450689,-0.5083474612434249,-12.82449160007948,12.82449160007948
6.71395,-0.07814415128527649,-0.6278035353318683,-0.5496593840465918,-12.819549672282227,12.819549672282227
6.32895,2.829957296919133,0.12072287717157365,-2.7092344197475593,-12.797556575653322,12.797556575653322
8.67494,-0.8436956404921594,-1.3666666100414857,-0.5229709695493263,-12.78983941135842,12.78983941135842
6.33895,3.195954630231451,0.2063613706026047,-2.989593259628846,-12.782226596927767,12.782226596927767
6.82295,-0.16770361113958737,-0.623565323960959,-0.4558617128213716,-12.763237550860797,12.763237550860797
6.34295,3.3243454148989016,0.30572188285252205,-3.0186235320463797,-12.761997439454984,12.761997439454984
6.33295,2.9247636855859254,-0.08429789954427315,-3.0090615851301985,-12.75481194685645,12.75481194685645
7.05295,-0.4372013761825194,0.22733655930583166,0.664537935488351,12.741212420053673,12.741212420053673
8.92594,-0.9051316446207015,-1.2917125107600211,-0.38658086613931963,-12.697565691307009,12.697565691307009
8.92494,-0.9410179804387495,-1.4108925975431008,-0.4698746171043513,-12.683141840694212,12.683141840694212
5.97596,0.4419310346775509,0.04330536250329977,-0.39862567217425116,-12.641926496918742,12.641926496918742
5.55796,3.4484842294755977,2.04336695811021,-1.4051172713653877,-12.639578790928155,12.639578790928155
8.56894,-0.891638054591134,-1.5023372246841264,-0.6106991700929925,-12.6393255978775,12.6393255978775
5.86596,0.10987909808646193,0.11552405252729195,0.005644954440830019,12.627523317247485,12.627523317247485
6.31295,2.1447316433238397,0.10925308273145584,-2.035478560592384,-12.613854531423982,12.613854531423982
8.24494,-0.8291864123344828,-1.3116529714579226,-0.48246655912343983,-12.61126797970265,12.61126797970265
6.12296,0.5974036821953503,1.0752882445045868,0.4778845623092365,12.603053783906109,12.603053783906109
6.21296,0.7619994204413361,1.971943382443579,1.209943962002243,12.56790503221191,12.56790503221191
5.97796,0.5236886308565138,0.33339617985170233,-0.1902924510048115,-12.563943794434623,12.563943794434623
6.12896,0.6225308835483851,0.7828732467269758,0.16034236317859063,12.549118453030264,12.549118453030264
6.96995,-0.2965870910110102,0.03898080387186266,0.33556789488287286,12.548956852611123,12.548956852611123
6.33395,2.996466070226061,0.1491563105028948,-2.8473097597231662,-12.539618043069028,12.539618043069028
6.78595,-0.2638720115094202,-0.5939374201923356,-0.33006540868291545,-12.521735367165569,12.521735367165569
6.64995,0.11247370529443755,-0.1936063357675047,-0.30608004106194225,-12.515603289258,12.515603289258
8.47594,-0.8184984414636183,-1.522440665836274,-0.7039422243726556,-12.484481438869883,12.484481438869883
7.29095,0.3628694978475848,-0.031089998046499052,-0.39395949589408386,-12.483569884134877,12.483569884134877
8.20494,-0.814998588439509,-1.1763209100326015,-0.3613223215930925,-12.481886138809559,12.481886138809559
8.90094,-0.8618894267367934,-1.5911943122513335,-0.7293048855145401,-12.480592657422653,12.480592657422653
6.96595,-0.27615342627910183,0.07314913442324271,0.34930256070234456,12.475375635350579,12.475375635350579
5.84796,0.08557512330373786,0.5184527503730028,0.4328776270692649,12.473596253912696,12.473596253912696
8.65194,-0.8800582620533303,-1.0126241333041293,-0.132565871250799,-12.457851630244681,12.457851630244681
8.27694,-0.6503925495879679,-0.9819028573490719,-0.331510307761104,-12.455985851682593,12.455985851682593
7.44795,-0.6600526449232935,-0.5082521553285186,0.15180048959477488,12.452738267935292,12.452738267935292
8.74194,-0.934694582486328,-1.2306889481382104,-0.2959943656518824,-12.438581865232974,12.438581865232974
6.30895,2.044830106062682,0.19045908345538987,-1.854371022607292,-12.42281339300638,12.42281339300638
8.55794,-0.8286625625807793,-0.9973093673087561,-0.16864680472797677,-12.392042669757927,12.392042669757927
7.43495,-0.6477896668276346,-0.7376804243535751,-0.08989075752594045,-12.383473273626375,12.383473273626375
5.55896,3.447042639540733,2.020384195599711,-1.426658443941022,-12.377242055084336,12.377242055084336
6.28096,1.4224489564112792,0.8044564640564197,-0.6179924923548595,-12.375061330170777,12.375061330170777
6.31795,2.3882436398282314,0.2611055337772704,-2.127138106050961,-12.37214482660685,12.37214482660685
6.07596,1.3340251664345728,0.594449133045089,-0.7395760333894839,-12.359342481179908,12.359342481179908
6.73695,-0.2765748156226717,-0.5694112003999003,-0.2928363847772286,-12.352366266447298,12.352366266447298
6.90995,-0.08412365490322918,-0.783987740614164,-0.6998640857109348,-12.334810405550574,12.334810405550574
8.77194,-0.8377124162432215,-1.0361656345462948,-0.1984532183030734,-12.333354420170055,12.333354420170055
8.16094,-0.7611215837113239,-0.27528724642434205,0.48583433728698183,12.330068848162233,12.330068848162233
5.83796,-0.03269526753053269,0.16609116697392218,0.19878643450445488,12.329025921780618,12.329025921780618
8.68694,-0.8933009693482101,-1.0779238892980743,-0.18462291994986413,-12.327194471414552,12.327194471414552
6.58795,0.22291948653551558,-0.37699352591859964,-0.5999130124541152,-12.313765170203805,12.313765170203805
6.54595,0.2308805253226535,-0.3973319035754336,-0.628212428898087,-12.306573788222577,12.306573788222577
7.84294,-0.5015908223528094,0.2654804616440155,0.7670712839968249,12.264587050109817,12.264587050109817
6.74395,-0.28680119800414156,-0.8154109478412624,-0.528609749837121,-12.256791141709414,12.256791141709414
7.78994,-0.6928275138722986,-0.006883982678521169,0.6859435311937774,12.184032263107607,12.184032263107607
8.95394,-0.9275704896096184,-1.1322881245264174,-0.20471763491679895,-12.174040068743544,12.174040068743544
8.84594,-0.8378392037972058,-1.23311316186874,-0.3952739580715343,-12.164458871952837,12.164458871952837
7.55095,-0.7092302348900803,-0.12484873176967114,0.5843815031204092,12.156889251697304,12.156889251697304
6.06396,1.1760647740217784,0.4235966868806222,-0.7524680871411562,-12.136074034808173,12.136074034808173
7.61695,-0.6277497884203067,0.018394177841011095,0.6461439662613178,12.135408786342929,12.135408786342929
8.77094,-0.8072889417966429,-1.1761237504543962,-0.3688348086577533,-12.12803036546364,12.12803036546364
8.01094,-0.6088219574806162,-0.11350126261530107,0.4953206948653151,12.115805150064105,12.115805150064105
6.75195,-0.2910253178518673,-0.7024543398607285,-0.41142902200886117,-12.105551847158495,12.105551847158495
8.20994,-0.7677416627793634,-1.1879626794332707,-0.4202210166539073,-12.094999647554264,12.094999647554264
8.59894,-0.8667363886672912,-1.343444233883021,-0.47670784521572984,-12.094453819743368,12.094453819743368
6.31695,2.343346377980013,0.1695234705799048,-2.1738229074001083,-12.078617406144616,12.078617406144616
8.31794,-0.8769811812270869,-1.1694728527122376,-0.29249167148515065,-12.07566812067651,12.07566812067651
6.91195,-0.11392327426618884,-0.5666265012478767,-0.45270322698168786,-12.043366793569842,12.043366793569842
7.84394,-0.5446177829817663,0.05449452834670214,0.5991123113284684,12.040944598280747,12.040944598280747
8.44594,-0.85607245741733,-1.2333792157674393,-0.3773067583501093,-12.030978767197572,12.030978767197572
6.32595,2.6317101444068998,-0.19889870327735837,-2.830608847684258,-12.024785374300718,12.024785374300718
7.04095,-0.41345288588955725,-0.161103787783808,0.25234909810574924,12.01568672194937,12.01568672194937
6.80995,-0.1695897977368216,-0.5288135967417162,-0.35922379900489465,-12.007302907203051,12.007302907203051
8.28894,-0.712654141529097,-1.0213488044199657,-0.30869466289086867,-11.99839238668474,11.99839238668474
8.88594,-0.8553590401343031,-1.390644524729569,-0.5352854845952658,-11.98528949509828,11.98528949509828
6.28495,1.4094773619006171,0.336835679062729,-1.0726416828378882,-11.962613668769208,11.962613668769208
7.54895,-0.6573451442442322,-0.01230946888168865,0.6450356753625436,11.933147547744818,11.933147547744818
7.03695,-0.4356779689000564,-0.06708601227905225,0.36859195662100414,11.928620888222374,11.928620888222374
6.44195,1.9269919890700669,0.008507416510570581,-1.9184845725594963,-11.91736535593253,11.91736535593253
6.24396,1.1213307982836695,1.254012682587177,0.13268188430350736,11.914750359421209,11.914750359421209
6.47695,1.088906316189518,-0.2434970633400001,-1.3324033795295183,-11.912231898317234,11.912231898317234
5.79396,-0.2788009824797692,0.5491456036881363,0.8279465861679054,11.88098820456397,11.88098820456397
6.90895,-0.039111711531552504,-0.6442994598952122,-0.6051877483636597,-11.859662738690709,11.859662738690709
8.87194,-0.7937974631011518,-1.2784459737404192,-0.4846485106392674,-11.852989489013101,11.852989489013101
7.87494,-0.49261069238838684,0.04824514536599803,0.5408558377543848,11.8413156847106,11.8413156847106
8.93594,-0.9445665382683732,-1.2198756555176882,-0.27530911724931495,-11.837413062719435,11.837413062719435
8.58794,-0.8608174726883153,-1.2185719198177931,-0.3577544471294778,-11.83696891559876,11.83696891559876
5.75796,-0.20133558131935408,0.38749273857240907,0.5888283198917632,11.836448199077946,11.836448199077946
8.90994,-0.8889410858759026,-1.1305874432742706,-0.24164635739836804,-11.802348623470792,11.802348623470792
8.88094,-0.8645387148187991,-1.3301694219176186,-0.4656307070988195,-11.797847395870583,11.797847395870583
6.57595,0.2640379920246675,-0.40428285804792663,-0.6683208500725941,-11.78607530928817,11.78607530928817
6.12596,0.5755379313992395,1.1538462625723327,0.5783083311730932,11.780309946497864,11.780309946497864
8.89794,-0.8194563980548162,-1.2971977204850538,-0.4777413224302376,-11.768656278694618,11.768656278694618
6.20796,0.7858564858423382,1.8143488385726614,1.0284923527303231,11.768460067042728,11.768460067042728
5.80496,-0.2003346542787207,0.38852890569874343,0.5888635599774641,11.764224041439766,11.764224041439766
6.07196,1.293452038727136,0.3515542891802078,-0.9418977495469282,-11.739517992214818,11.739517992214818
8.53694,-0.873232201408117,-1.3263406404737121,-0.45310843906559517,-11.724219529662909,11.724219529662909
7.83194,-0.47395203640865613,0.19562552787697368,0.6695775642856299,11.714422662920235,11.714422662920235
5.54196,3.1979820617814907,1.8580477480048052,-1.3399343137766855,-11.70810904531925,11.70810904531925
6.77995,-0.3135712491054957,-0.5533685989543277,-0.23979734984883194,-11.699673609311425,11.699673609311425
8.28394,-0.7916642012854356,-1.1337581866369042,-0.3420939853514686,-11.694216581697894,11.694216581697894
7.84694,-0.5977890390520704,0.34370028627469423,0.9414893253267647,11.682431947512548,11.682431947512548
8.53594,-0.864157206449597,-1.3108283551198814,-0.44667114867028435,-11.680143562052915,11.680143562052915
7.86194,-0.5859708725077066,0.09949584229180726,0.6854667147995139,11.678313148333878,11.678313148333878
8.95594,-0.884454693670887,-1.2585212714175642,-0.3740665777466772,-11.66116469536269,11.66116469536269
5.83696,-0.07104179689843482,0.2864340635321105,0.3574758604305453,11.640960158338054,11.640960158338054
6.06496,1.1980207714751738,0.48523783748995103,-0.7127829339852227,-11.6347102348299,11.6347102348299
8.22194,-0.8239967905602099,-1.0784901834150362,-0.2544933928548263,-11.63317814991304,11.63317814991304
8.88994,-0.8847993724333816,-1.1629644279499498,-0.2781650555165682,-11.631568268076048,11.631568268076048
7.13995,0.10310144062426374,0.378739285036397,0.27563784441213324,11.618549689108372,11.618549689108372
6.33795,3.1321861846940795,0.14491090352694164,-2.987275281167138,-11.61505829946788,11.61505829946788
6.32495,2.5722781719475765,-0.1525302243738954,-2.724808396321472,-11.614747344201673,11.614747344201673
6.32695,2.67659488719267,-0.003606384580984354,-2.6802012717736545,-11.605886141673938,11.605886141673938
8.86294,-0.894900012013611,-1.5579552940913846,-0.6630552820777735,-11.604808406193788,11.604808406193788
8.98893,-0.8454252220983994,-1.4143990158810364,-0.568973793782637,-11.588448719963699,11.588448719963699
6.77695,-0.28982784206061624,-0.6675412641872955,-0.3777134221266793,-11.583243267393508,11.583243267393508
8.92194,-0.8895237677003692,-1.290644323191241,-0.4011205554908718,-11.571531654520264,11.571531654520264
5.64596,0.1931734095934911,-0.2680988369853974,-0.4612722465788885,-11.557046320070706,11.557046320070706
6.67095,0.08598722028974226,-0.456648873755554,-0.5426360940452963,-11.548194539051101,11.548194539051101
6.22296,0.9003929751705919,1.5498096147354627,0.6494166395648708,11.548081312168339,11.548081312168339
7.78894,-0.7613848949262253,-0.19459932926357512,0.5667855656626501,11.54319609296814,11.54319609296814
8.52994,-0.7635743427204822,-1.1101170262648794,-0.3465426835443972,-11.536703294620265,11.536703294620265
8.25394,-0.8130914151469364,-1.1770491052630532,-0.3639576901161168,-11.535357060014679,11.535357060014679
8.27094,-0.6110390267994121,-1.0973405099487732,-0.48630148314936106,-11.527182148000717,11.527182148000717
8.78994,-0.8237240229763421,-1.263865843042012,-0.44014182006566993,-11.525922164986833,11.525922164986833
6.93895,-0.11516589323185121,-0.39853356961777964,-0.2833676763859284,-11.523720292778187,11.523720292778187
7.19995,1.3649597114816867,1.557069980224847,0.1921102687431604,11.518093354134386,11.518093354134386
7.50595,-0.6099521698297998,-0.26414844981624763,0.3458037200135522,11.513871136778041,11.513871136778041
6.47795,1.0499078663311574,-0.2519015300313789,-1.3018093963625363,-11.512645251606854,11.512645251606854
6.15396,0.6002716192218271,1.24193126171832,0.6416596424964929,11.511937398771964,11.511937398771964
8.86794,-0.8512756580876958,-1.318249542381999,-0.4669738842943033,-11.498177038692353,11.498177038692353
6.31595,2.3091477219791763,0.3131369538503523,-1.996010768128824,-11.47722479068943,11.47722479068943
6.96695,-0.3077205574115456,-0.08533766447312946,0.22238289293841612,11.475015420233664,11.475015420233664
8.28294,-0.8940896535760252,-1.262197182232311,-0.3681075286562858,-11.46954767977717,11.46954767977717
8.59694,-0.902217919241924,-1.2662681317639728,-0.36405021252204883,-11.469177278418053,11.469177278418053
8.33694,-0.8505161867343467,-1.253625993372063,-0.40310980663771634,-11.455696893754375,11.455696893754375
8.87294,-0.836211892499436,-1.3446948300396662,-0.5084829375402302,-11.451745071268176,11.451745071268176
6.82795,-0.05735220237191436,-0.46397759749285655,-0.4066253951209422,-11.431011255179204,11.431011255179204
8.62394,-0.829613442657825,-1.1207280252429972,-0.2911145825851722,-11.42254826026487,11.42254826026487
5.95996,0.1408977157784732,-0.20719883369559927,-0.3480965494740725,-11.415082157627536,11.415082157627536
6.05096,1.0423793356425477,-0.008959914733711875,-1.0513392503762595,-11.401350549974094,11.401350549974094
6.59395,0.19110686467496033,-0.4128420302477511,-0.6039488949227114,-11.39213467662349,11.39213467662349
7.23295,1.155418779851531,0.7630997240660952,-0.3923190557854358,-11.389754492849336,11.389754492849336
8.33894,-0.7882896019335563,-1.3835179974940026,-0.5952283955604463,-11.388379864081056,11.388379864081056
6.07996,1.2212447434117668,0.6635521260850339,-0.5576926173267329,-11.387395662276914,11.387395662276914
6.62595,0.1667471391910804,-0.6548985861250075,-0.8216457253160879,-11.378994675027025,11.378994675027025
8.35194,-0.9067194836215087,-1.322023637227571,-0.41530415360606243,-11.369664483763177,11.369664483763177
6.70695,-0.04865990634245826,-0.5566749794720404,-0.508015073129582,-11.350519568734638,11.350519568734638
8.86094,-0.8124672801172985,-1.0190523270701768,-0.20658504695287827,-11.350274032412006,11.350274032412006
8.39294,0.6896102376813522,-0.3017922576038743,-0.9914024952852265,-11.338817691720166,11.338817691720166
6.65695,0.1961326375330019,-0.31526243024622097,-0.5113950677792228,-11.325148617376792,11.325148617376792
6.32795,2.77929376971169,0.13811465456289426,-2.6411791151487956,-11.310767610287808,11.310767610287808
6.27196,1.2136781167954966,0.7417071902703168,-0.4719709265251798,-11.305850919612638,11.305850919612638
5.90696,0.5618150834595839,0.7881260384090876,0.2263109549495037,11.294196507318146,11.294196507318146
5.87596,-0.010567106562816085,0.3409767497655445,0.35154385632836055,11.253926190697165,11.253926190697165
7.39195,-0.15931832465803836,-0.42378654551965783,-0.2644682208616195,-11.251344187137859,11.251344187137859
6.66195,0.10840123818308856,-0.4265748424742034,-0.534976080657292,-11.249568712656687,11.249568712656687
7.88194,-0.4391173481337045,0.22944487158372023,0.6685622197174248,11.246760839232929,11.246760839232929
6.47395,1.0884157541558297,0.09817904656875721,-0.9902367075870725,-11.244807635649664,11.244807635649664
6.33495,3.0475921985920693,0.1863683819878821,-2.8612238166041872,-11.242004786768138,11.242004786768138
8.52694,-0.8441233532484782,-1.006103835793519,-0.16198048254504083,-11.238917284082772,11.238917284082772
6.64095,0.16718548913882292,-0.2563879897763058,-0.4235734789151287,-11.231911170796687,11.231911170796687
7.85594,-0.6078280564681808,-0.15089322422638807,0.45693483224179277,11.218490856526442,11.218490856526442
8.90494,-0.8628671929362979,-1.3273494643008794,-0.46448227136458153,-11.21524770661162,11.21524770661162
6.72895,-0.18884506911948445,-0.5445575805779634,-0.355712511458479,-11.192818824465643,11.192818824465643
6.79395,-0.22907164712702477,-0.6817525841491732,-0.4526809370221484,-11.188303585458458,11.188303585458458
6.28595,1.456750599645614,0.31591085959481,-1.140839740050804,-11.176822524243276,11.176822524243276
6.44295,1.943502202831044,0.10652594841978402,-1.83697625441126,-11.175117092589545,11.175117092589545
6.85095,-0.010537864588587586,-0.1741566153336035,-0.16361875074501592,-11.169031895788217,11.169031895788217
8.85894,-0.9346055006415023,-1.1151687007860118,-0.18056320014450955,-11.168019846182919,11.168019846182919
5.96396,0.15006208029705603,-0.2665337928883298,-0.4165958731853858,-11.162874941139272,11.162874941139272
7.25495,0.7021100981089519,0.9845624583074557,0.28245236019850384,11.158504137326027,11.158504137326027
6.44795,1.7872780556778998,-0.168745520340524,-1.9560235760184237,-11.156714799229515,11.156714799229515
7.28995,0.383776932332205,-0.14735298654474568,-0.5311299188769507,-11.15632168376278,11.15632168376278
6.91795,-0.12718055554616173,-0.5515445130756764,-0.4243639575295147,-11.150213207235023,11.150213207235023
6.57695,0.2715464408890013,-0.4032143106988943,-0.6747607515878956,-11.142386684959728,11.142386684959728
7.81694,-0.360902190514797,0.15051268205368673,0.5114148725684837,11.127708879799428,11.127708879799428
7.48895,-0.6390720807403758,-0.32566727513982857,0.31340480560054723,11.125178976353055,11.125178976353055
7.42195,-0.48860538996902836,-0.648231858051752,-0.15962646808272363,-11.121437501210359,11.121437501210359
6.73295,-0.23338379258151634,-0.619758848892689,-0.38637505631117264,-11.102763045306867,11.102763045306867
7.27895,0.43444003011849525,0.21258556896565492,-0.22185446115284033,-11.09700238203115,11.09700238203115
5.83596,-0.08242088812886536,0.2731617700284734,0.3555826581573388,11.093661699034122,11.093661699034122
5.73396,-0.21307580235731155,0.32118164028953167,0.5342574426468432,11.091355748937824,11.091355748937824
6.72495,-0.14347368273754763,-0.6575465687811953,-0.5140728860436476,-11.090233437902592,11.090233437902592
6.77395,-0.249218312358921,-0.7159353059106413,-0.46671699355172025,-11.07907490280434,11.07907490280434
6.88095,-0.08802416283348358,-0.38015959213795464,-0.29213542930447106,-11.077174821452685,11.077174821452685
7.83094,-0.5351677915642533,0.14904118082219106,0.6842089723864444,11.06036710056467,11.06036710056467
5.85996,0.12246887137243159,0.3484961570365126,0.226027285664081,11.054515128717455,11.054515128717455
6.15896,0.6845545686574308,1.6449750892447348,0.960420520587304,11.05381033256722,11.05381033256722
7.76294,-0.7513508287143262,-0.43492534212775236,0.3164254865865739,11.047880704222733,11.047880704222733
7.75794,-0.7138376713165862,-0.054695180393303774,0.6591424909232824,11.04234994592445,11.04234994592445
6.99995,-0.41296947939729767,-0.3414004655685097,0.07156901382878794,11.033701019555059,11.033701019555059
8.50294,-0.9557315998872884,-1.2517407088725128,-0.29600910898522437,-11.024543918878095,11.024543918878095
6.66095,0.13921022832615826,-0.4120253290752584,-0.5512355574014167,-11.015614132410295,11.015614132410295
8.86694,-0.8443837902294593,-1.2634105771108788,-0.4190267868814195,-11.009110416253911,11.009110416253911
8.32294,-0.8047135731868993,-1.4161223632890718,-0.6114087901021725,-10.995377839393631,10.995377839393631
8.80994,-0.8654338038194583,-1.3572061883099016,-0.49177238449044325,-10.979025384968299,10.979025384968299
6.31495,2.305027972387884,0.3048224322220234,-2.0002055401658607,-10.962959757105471,10.962959757105471
6.46695,1.2003734714098702,-0.11986577527670911,-1.3202392466865793,-10.95069287696844,10.95069287696844
8.73394,-0.874460177510392,-1.429151445342222,-0.5546912678318301,-10.939331879468678,10.939331879468678
5.98696,0.41823939320901105,0.1378879930040087,-0.2803514002050024,-10.928621065490491,10.928621065490491
7.49795,-0.7030628689846867,-0.5850076743327457,0.11805519465194103,10.926115537748787,10.926115537748787
7.31195,0.9376321845239379,0.334946832738682,-0.602685351785256,-10.914107047632402,10.914107047632402
8.90694,-0.9507330904472763,-1.160906484907369,-0.21017339446009264,-10.910794286375587,10.910794286375587
5.85496,0.2194882972879343,0.28330757314049737,0.06381927585256308,10.888756006613564,10.888756006613564
8.76294,-0.8089358350603237,-1.3248471926468324,-0.5159113575865086,-10.873468908202035,10.873468908202035
8.16894,-0.7057564050975312,-0.31543872256979877,0.39031768252773247,10.866445121060956,10.866445121060956
5.75296,-0.17487650243897807,0.3411170640639023,0.5159935665028803,10.860956390023166,10.860956390023166
5.83096,-0.046252997265737866,0.1427378308036569,0.18899082806939477,10.85760600810252,10.85760600810252
5.79496,-0.2131539742506695,0.5864943916689592,0.7996483659196287,10.856611776192562,10.856611776192562
6.95895,-0.25870428527198586,-0.005542002337817241,0.2531622829341686,10.849644577942936,10.849644577942936
8.43194,-0.698169685260178,-0.896607234498387,-0.198437549238209,-10.847473179057213,10.847473179057213
6.33595,3.069256450442948,0.20664919480436414,-2.8626072556385838,-10.841135874143271,10.841135874143271
7.50995,-0.6464267398049751,-0.33647867171842155,0.30994806808655356,10.83117756339452,10.83117756339452
6.04796,1.041342933213427,0.12569144245444788,-0.9156514907589791,-10.827330835182638,10.827330835182638
7.47795,-0.6127890702078229,-0.13140752576726686,0.48138154444055603,10.817792258648486,10.817792258648486
8.18894,-0.7059123267208012,-0.8072295449062473,-0.10131721818544615,-10.81564675400459,10.81564675400459
6.28795,1.4396281727039262,0.34051623104272916,-1.099111941661197,-10.810552824379371,10.810552824379371
7.40395,-0.33547352190788293,-0.7361513582817274,-0.40067783637384446,-10.799813321573549,10.799813321573549
8.17194,-0.6440178981501801,-0.2566758139780652,0.38734208417211485,10.796712760348568,10.796712760348568
6.62995,0.13967285066291582,-0.6249468801294048,-0.7646197307923206,-10.790669744497393,10.790669744497393
8.41494,-0.6956147955604896,-0.04502428721418294,0.6505905083463066,10.776603443011581,10.776603443011581
8.76994,-0.7948966754579626,-1.138951974357655,-0.34405529889969244,-10.771514953880587,10.771514953880587
6.21196,0.7421113558374002,1.7233136413586392,0.981202285521239,10.768175792057798,10.768175792057798
6.64595,0.14647156751912704,-0.3250196706858695,-0.47149123820499655,-10.759873004572546,10.759873004572546
5.85296,0.1475394884809718,0.4921348249246142,0.3445953364436424,10.748619553279877,10.748619553279877
7.88694,-0.43315333680631385,0.37481048468237904,0.8079638214886928,10.74019074110855,10.74019074110855
7.82394,-0.4564153756895799,0.2673944925857164,0.7238098682752963,10.735751341970925,10.735751341970925
7.43895,-0.6510312035805446,-0.501088930507228,0.14994227307331653,10.733236320655712,10.733236320655712
6.09796,0.9703601730310029,1.1587212849896351,0.18836111195863225,10.692936425698553,10.692936425698553
7.79694,-0.5388019049307963,-0.1038771408689663,0.43492476406183,10.688319737183367,10.688319737183367
7.88494,-0.37085705226999516,0.43898448826719205,0.8098415405371873,10.67020689683769,10.67020689683769
5.73996,-0.24191259799878598,0.23616556669480576,0.47807816469359177,10.651976259323163,10.651976259323163
8.29794,-0.7988049735711646,-1.1414186277667344,-0.3426136541955698,-10.64780922225405,10.64780922225405
7.37195,-0.10835131624558872,-0.3879812148207703,-0.2796298985751816,-10.641292202619661,10.641292202619661
8.96094,-0.9306539574813758,-1.105241644067325,-0.17458768658594914,-10.63702993380125,10.63702993380125
6.44995,1.6867068468933875,-0.08275444226233754,-1.769461289155725,-10.628529442791894,10.628529442791894
8.21494,-0.8214054259646151,-1.1370239119861185,-0.31561848602150344,-10.613526015892445,10.613526015892445
6.58095,0.23123812045465134,-0.19038630251031985,-0.42162442296497116,-10.61313735592279,10.61313735592279
8.17694,-0.5811542613550127,-0.7606739802716407,-0.179519718916628,-10.609065499082465,10.609065499082465
6.27296,1.2004931667856402,0.9016978706208826,-0.29879529616475764,-10.592733762951285,10.592733762951285
7.86094,-0.5826052963296632,0.08687115324212902,0.6694764495717922,10.5767463721844,10.5767463721844
6.78495,-0.2542196485637088,-0.49820349288458854,-0.24398384432087972,-10.566573115537327,10.566573115537327
6.55895,0.2405261120708637,-0.33904030711408145,-0.5795664191849451,-10.56620594300705,10.56620594300705
8.23894,-0.7132394772864801,-0.9273983078223711,-0.21415883053589102,-10.550909776969721,10.550909776969721
6.20996,0.7933122203004652,1.6763011558037395,0.8829889355032743,10.532927397318371,10.532927397318371
8.20694,-0.8292818141654145,-1.0920351903498402,-0.26275337618442574,-10.530553657083725,10.530553657083725
7.82094,-0.39845924318492204,0.3651863629360443,0.7636456061209663,10.52956713690713,10.52956713690713
6.07796,1.2699474442440843,0.500409770725201,-0.7695376735188834,-10.501361227603052,10.501361227603052
7.50695,-0.608139006885438,-0.31523005002352306,0.2929089568619149,10.49358401831474,10.49358401831474
8.37894,-0.5347102529219772,-0.8406351413229647,-0.3059248884009875,-10.464137926802895,10.464137926802895
8.30194,-0.8804379582160073,-0.9855172097626674,-0.10507925154666009,-10.461863112633166,10.461863112633166
7.41795,-0.46557944283930874,-0.3729028244510921,0.09267661838821667,10.460334962254299,10.460334962254299
8.43594,-0.8341524949916461,-1.4088630771404438,-0.5747105821487977,-10.450322292653324,10.450322292653324
6.23496,0.877172009002511,1.2352897182627185,0.3581177092602075,10.432835692108277,10.432835692108277
6.86595,-0.038056839205576704,-0.43931106340206344,-0.4012542241964867,-10.41714466686574,10.41714466686574
6.67995,0.012594749808212416,-0.6801299752117538,-0.6927247250199662,-10.406038423136925,10.406038423136925
6.55495,0.22357680383574813,-0.45680357926399984,-0.6803803830997479,-10.393601060893413,10.393601060893413
8.89694,-0.8253966152615695,-1.188331094411523,-0.3629344791499536,-10.381102810434633,10.381102810434633
8.98793,-0.8218230348592106,-1.3847264993611406,-0.56290346450193,-10.371454617537044,10.371454617537044
6.19796,0.7477026185559728,1.8772024486319026,1.1294998300759298,10.368007735468067,10.368007735468067
7.23695,1.0329328803994593,0.7503599053357132,-0.2825729750637461,-10.361240751881448,10.361240751881448
6.58195,0.23076837256270016,-0.23094792814328394,-0.46171630070598413,-10.358270635186798,10.358270635186798
8.54394,-0.7881252242285827,-1.1857057779112237,-0.397580553682641,-10.3538861902406,10.3538861902406
8.57994,-0.8548109447011948,-1.377045910537187,-0.5222349658359923,-10.3469690589807,10.3469690589807
6.55095,0.342237200536211,-0.35680985377021146,-0.6990470543064224,-10.34262804132109,10.34262804132109
5.94396,0.07302562762209222,-0.06284420310562099,-0.1358698307277132,-10.342227457493898,10.342227457493898
8.74594,-0.902308316558863,-1.3961419669831763,-0.49383365042431326,-10.340742476315876,10.340742476315876
6.44895,1.7129696808872543,-0.2744597518442833,-1.9874294327315376,-10.337987294953606,10.337987294953606
6.24796,1.2925661415214926,1.2127998546977319,-0.07976628682376075,-10.336680585641828,10.336680585641828
6.82095,-0.11767505008975516,-0.3648653336169567,-0.24719028352720157,-10.335710449207301,10.335710449207301
7.04395,-0.40061069696084295,0.006413495442769984,0.4070241924036129,10.300047718896304,10.300047718896304
5.54096,3.1594416469670135,1.952993756560235,-1.2064478904067784,-10.299147264997536,10.299147264997536
8.30694,-0.8776339741947027,-1.2638994824955927,-0.38626550830089,-10.272617893206606,10.272617893206606
6.31995,2.48481129748828,-0.07597618231090024,-2.5607874797991803,-10.270656557106191,10.270656557106191
5.97496,0.38283281765461447,-0.11929012687318984,-0.5021229445278043,-10.262341811298272,10.262341811298272
5.85896,0.08772912686647656,0.3845209536892418,0.2967918268227652,10.257134405837407,10.257134405837407
6.79095,-0.29641881583229196,-0.4919864901265823,-0.19556767429429034,-10.254504426860032,10.254504426860032
6.29095,1.528515827894867,0.5139303126028558,-1.0145855152920111,-10.249899873056927,10.249899873056927
7.45695,-0.6065466786574623,-0.2701279976078022,0.33641868104966005,10.23812342137411,10.23812342137411
8.26994,-0.6335757928505787,-0.9528088674747128,-0.3192330746241341,-10.22904125649977,10.22904125649977
6.78095,-0.31055999062806194,-0.6227989920237741,-0.31223900139571215,-10.191116452396512,10.191116452396512
8.57494,-0.8366018334511778,-1.1920260376016112,-0.3554242041504334,-10.187164058759407,10.187164058759407
5.99696,0.5043693769263284,0.2671750266318748,-0.23719435029445363,-10.186368080986057,10.186368080986057
8.32494,-0.8652190228793832,-1.3298675662860233,-0.4646485434066401,-10.177099003968552,10.177099003968552
7.78194,-0.6497372666492924,-0.40049077418974466,0.24924649245954777,10.167992190037472,10.167992190037472
8.41294,-0.6297612883515862,0.04681681776476615,0.6765781061163523,10.16276858498904,10.16276858498904
8.33594,-0.8328220697407014,-1.1844515839520564,-0.351629514211355,-10.157945233107123,10.157945233107123
7.81794,-0.4297334416879134,0.16668480439005132,0.5964182460779647,10.146844478584612,10.146844478584612
8.87994,-0.9154984849353518,-1.2613034880858478,-0.345805003150496,-10.145305308750828,10.145305308750828
8.44894,-0.7704337757232047,-1.065042676928578,-0.2946089012053732,-10.145198298732053,10.145198298732053
8.53394,-0.8466869316654699,-1.1922433448739396,-0.34555641320846964,-10.130396783638657,10.130396783638657
8.37994,-0.48451706347701173,-0.9953863418607501,-0.5108692783837384,-10.105752403555105,10.105752403555105
8.85594,-0.842577713648812,-1.3978757480185253,-0.5552980343697134,-10.09898817385832,10.09898817385832
8.73594,-0.8734716522161989,-1.394604266185276,-0.5211326139690771,-10.095914065971684,10.095914065971684
6.59595,0.20182931424766776,-0.5356458237309836,-0.7374751379786513,-10.087267791444113,10.087267791444113
7.25595,0.6308335555339413,0.88938978819314,0.2585562326591987,10.076263468788122,10.076263468788122
6.53995,0.36456452133915074,-0.0748248855038621,-0.43938940684301286,-10.047771570958922,10.047771570958922
6.84295,0.01902731743121372,-0.3892296522959023,-0.408256969727116,-10.040825764722598,10.040825764722598
7.22395,1.3119541133758916,0.8834714030444593,-0.42848271033143237,-10.012953018431501,10.012953018431501
5.87796,-0.03556842704467275,0.46575933463587366,0.5013277616805464,9.998586741824832,9.998586741824832
6.00596,0.5607880107453594,0.21185881285621194,-0.3489291978891475,-9.992468689316876,9.992468689316876
5.82396,-0.056323390049866896,0.533451989087197,0.5897753791370639,9.960511739986076,9.960511739986076
7.48695,-0.5868953035745066,-0.40591266259039,0.1809826409841166,9.946595471722105,9.946595471722105
7.78594,-0.773868289267118,-0.38220314397044747,0.39166514529667057,9.933264257097997,9.933264257097997
7.87994,-0.4847853471947071,0.25690330043158105,0.7416886476262882,9.932609504761226,9.932609504761226
6.57495,0.22031979047186895,-0.3556657525682173,-0.5759855430400862,-9.919064810488344,9.919064810488344
7.78794,-0.7798568592339428,-0.298791690300531,0.4810651689334118,9.907947746224306,9.907947746224306
6.97195,-0.3263174848119902,0.05489028662412151,0.3812077714361117,9.90671253751516,9.90671253751516
8.31594,-0.8633329812608287,-1.1687842333095277,-0.30545125204869905,-9.904839225518314,9.904839225518314
5.75396,-0.22418394291771393,0.39287864894783464,0.6170625918655486,9.885907765574347,9.885907765574347
8.96693,-0.8457658036035376,-1.3316592719419764,-0.4858934683384388,-9.884398109698704,9.884398109698704
8.21894,-0.8259484253099726,-1.0494282139831226,-0.22347978867315,-9.8515245839444,9.8515245839444
7.04495,-0.38879788456070224,-0.06290536574849485,0.3258925188122074,9.850390553134172,9.850390553134172
5.87496,-0.0033672306976973397,0.3315073335276553,0.33487456422535267,9.844064476403348,9.844064476403348
8.96393,-0.85281538689524,-1.0549443648098442,-0.20212897791460427,-9.841903066763681,9.841903066763681
5.62496,0.7987590916799067,0.24661358521867716,-0.5521455064612295,-9.834121407629773,9.834121407629773
8.62694,-0.8567011232164963,-1.353469150830306,-0.4967680276138098,-9.833646106753298,9.833646106753298
8.43894,-0.8410687688006844,-1.3219383693078,-0.4808696005071156,-9.825294913847042,9.825294913847042
6.71295,-0.037090882582560936,-0.619017701573158,-0.5819268189905971,-9.794484325043863,9.794484325043863
8.41094,-0.5593191899652975,0.39091784657334766,0.9502370365386452,9.790709039170078,9.790709039170078
6.53795,0.25492253959455885,-0.10118238677999254,-0.3561049263745514,-9.774901855975541,9.774901855975541
5.75696,-0.1509461957807509,0.2672110046570948,0.4181572004378457,9.772581508856424,9.772581508856424
8.51894,-0.886746306145884,-1.2042035197978054,-0.31745721365192137,-9.770072439484967,9.770072439484967
7.39395,-0.19366636091251413,-0.49783291922482314,-0.304166558312309,-9.76477585062789,9.76477585062789
8.38194,-0.5039445001317053,-0.9098219631616723,-0.40587746302996697,-9.762481264759987,9.762481264759987
6.73495,-0.23994716186454942,-0.6906571453911092,-0.4507099835265598,-9.762210769166222,9.762210769166222
6.94495,-0.12447237795361463,-0.26166956387859336,-0.13719718592497873,-9.759407450003465,9.759407450003465
8.40994,-0.5548360739571822,0.7000698216832764,1.2549058956404586,9.743880636810582,9.743880636810582
7.99894,-0.563158056590761,-0.16858721702955629,0.39457083956120476,9.736599685934088,9.736599685934088
5.77296,-0.28918697071223926,0.6974290346321325,0.9866160053443718,9.728622010991991,9.728622010991991
6.81995,-0.18130006829867834,-0.5012868096459376,-0.3199867413472593,-9.714833551788493,9.714833551788493
8.77494,-0.7794964813125178,-1.2266631474303968,-0.44716666611787903,-9.70609950883337,9.70609950883337
7.26195,0.5529367836537155,1.1821645662229503,0.6292277825692348,9.701514385456472,9.701514385456472
6.21496,0.8217011233263061,1.710775299569489,0.8890741762431829,9.689478759401922,9.689478759401922
6.73595,-0.25289766506244366,-0.8717924709436877,-0.618894805881244,-9.679387251060678,9.679387251060678
7.25795,0.5886198282765476,0.9456450284270432,0.35702520015049566,9.657232451559533,9.657232451559533
8.00994,-0.6668520662514056,-0.21282219903747654,0.454029867213929,9.652833060004362,9.652833060004362
6.71195,-0.04067063628029448,-0.6684299214102282,-0.6277592851299337,-9.638233161908527,9.638233161908527
8.82194,-0.899999091225191,-1.5294606981171892,-0.6294616068919983,-9.63168266890271,9.63168266890271
6.22396,0.9155583370002744,1.5564511581910643,0.6408928211907898,9.621834666280698,9.621834666280698
6.82195,-0.09181563168106086,-0.37561916535519785,-0.283803533674137,-9.620823749913027,9.620823749913027
8.97293,-0.8601182817159991,-1.1929265675728664,-0.3328082858568673,-9.617265094592582,9.617265094592582
6.98495,-0.4428545985657818,-0.07435357337348067,0.3685010251923011,9.601941129855641,9.601941129855641
5.80696,-0.19937894202330414,0.2126179491883528,0.41199689121165695,9.591893789404857,9.591893789404857
5.88396,-0.02036277861190982,0.6651927240350634,0.6855555026469732,9.5888582682509,9.5888582682509
8.52094,-0.7935696867089037,-1.244355931371918,-0.4507862446630142,-9.579246959583756,9.579246959583756
6.98095,-0.3406003218183139,-0.19947435168087743,0.14112597013743647,9.576765949262489,9.576765949262489
6.59695,0.2327287820298226,-0.37035558026552007,-0.6030843622953427,-9.576423227839323,9.576423227839323
5.90896,0.5415939480155096,0.8567037522808214,0.31510980426531177,9.571143076260306,9.571143076260306
7.85194,-0.6062912152459824,-0.2930064238451641,0.3132847914008183,9.553147060643065,9.553147060643065
7.84194,-0.5265634337059821,0.1926609385988502,0.7192243723048324,9.530038777342515,9.530038777342515
6.27896,1.338739030361182,0.6835559081073224,-0.6551831222538596,-9.529321316957336,9.529321316957336
5.73496,-0.1829687522202863,0.43675744850607745,0.6197262007263638,9.515036941312502,9.515036941312502
6.15996,0.7276263794043297,1.4086066591547513,0.6809802797504215,9.491404376382635,9.491404376382635
7.26295,0.5506021234204583,1.107413023223474,0.5568108998030157,9.456487404246447,9.456487404246447
8.49394,-0.8741408204949839,-1.3696567437175151,-0.49551592322253124,-9.44111434606844,9.44111434606844
7.75894,-0.7292111769409941,-0.11998090495741283,0.6092302719835813,9.432605269429322,9.432605269429322
8.41394,-0.6752790903340551,-0.1082160907104914,0.5670629996235637,9.429114607426907,9.429114607426907
6.46195,1.2799484363243299,-0.26619919725378427,-1.5461476335781141,-9.428875028501157,9.428875028501157
6.28196,1.3977454540755385,0.9345026340164267,-0.46324282005911177,-9.427083869785237,9.427083869785237
7.38095,-0.07859134356504593,-0.7367449956978565,-0.6581536521328105,-9.413385827301513,9.413385827301513
8.30994,-0.7618415908614735,-1.3171982644850724,-0.5553566736235989,-9.401464107412552,9.401464107412552
8.21094,-0.7890876433219742,-1.228915684817985,-0.43982804149601074,-9.399489741724206,9.399489741724206
6.67295,0.0316596157466521,-0.6093432105915153,-0.6410028263381674,-9.394250273209353,9.394250273209353
6.96395,-0.3423681693592463,0.11130383016899247,0.4536719995282388,9.38306361098135,9.38306361098135
6.62695,0.17692630293114234,-0.7189358732139846,-0.8958621761451269,-9.37541819249684,9.37541819249684
8.56794,-0.8587174539956226,-1.4520176390510093,-0.5933001850553867,-9.363428063494757,9.363428063494757
6.32095,2.522390010370174,0.2312653596598494,-2.2911246507103247,-9.358515263751842,9.358515263751842
7.99794,-0.537436719556719,-0.3089267000049889,0.22851001955173011,9.346455579560871,9.346455579560871
8.19194,-0.7879376937464888,-0.8003685354968042,-0.012430841750315391,-9.344181629809455,9.344181629809455
5.77796,-0.25450044262956156,0.3411602376941661,0.5956606803237277,9.338893815411561,9.338893815411561
8.36194,-0.7660872968693381,-1.0725210692507954,-0.3064337723814573,-9.33873992247624,9.33873992247624
7.54995,-0.6659028124364845,-0.13647323171823475,0.5294295807182497,9.328953063457952,9.328953063457952
6.04896,1.0520334304085492,0.18257989593222218,-0.869453534476327,-9.326920927558113,9.326920927558113
8.91494,-0.826048808131558,-0.9916539815244333,-0.16560517339287528,-9.324014441724513,9.324014441724513
7.19095,1.2742064961664716,1.9046788664923737,0.6304723703259021,9.320999160155617,9.320999160155617
6.76395,-0.25623420393813773,-0.4672479999853493,-0.2110137960472116,-9.302800261768995,9.302800261768995
6.82895,-0.0959898624484828,-0.582298529033684,-0.48630866658520117,-9.298874042634129,9.298874042634129
5.75496,-0.24425624963300024,0.28363497316999886,0.527891222802999,9.261333096959245,9.261333096959245
5.96996,0.2528781239887395,-0.0014009316350017224,-0.2542790556237412,-9.21490948700408,9.21490948700408
8.53494,-0.8355543787152626,-1.3021619684049015,-0.4666075896896389,-9.209510804344966,9.209510804344966
6.66295,0.0466326418859368,-0.6904880486725754,-0.7371206905585121,-9.178361922026424,9.178361922026424
6.64795,0.09906945669272568,-0.22185628117020426,-0.32092573786292994,-9.177696811369486,9.177696811369486
7.44195,-0.5851585516983706,-0.4821932716617138,0.10296528003665684,9.159831731735718,9.159831731735718
8.18794,-0.6713670462471419,-0.7584073646827844,-0.08704031843564242,-9.149513928861312,9.149513928861312
6.32395,2.5685603644319257,0.029752440402947063,-2.5388079240289785,-9.146756256693243,9.146756256693243
7.38995,-0.2249900233816551,-0.6176541344173223,-0.39266411103566723,-9.139984264738562,9.139984264738562
7.04295,-0.43418989617708337,0.04271172508717061,0.47690162126425395,9.13947121264535,9.13947121264535
6.55995,0.24642747759312195,-0.3787744381669868,-0.6252019157601088,-9.101656605790566,9.101656605790566
6.83995,-0.03327601510989028,-0.4561883550327388,-0.4229123399228485,-9.100467704119191,9.100467704119191
8.17294,-0.6379257925657599,-0.43823532044798713,0.19969047211777274,9.097177480169012,9.097177480169012
5.79196,-0.2737075229240231,0.39892295718478515,0.6726304801088083,9.080891966529807,9.080891966529807
6.59895,0.2038369300851901,-0.3535502446852846,-0.5573871747704747,-9.080022526874851,9.080022526874851
8.30094,-0.8356207772841007,-1.0875749945633242,-0.2519542172792235,-9.062855395166515,9.062855395166515
7.40295,-0.3372819498476164,-0.6519124100317523,-0.3146304601841359,-9.062709016827801,9.062709016827801
8.55094,-0.8388532343887836,-1.1067948154160698,-0.26794158102728627,-9.058909873170723,9.058909873170723
8.35594,-0.8433825787308347,-1.1278757795134435,-0.28449320078260887,-9.058185381491386,9.058185381491386
5.98896,0.4169531898086083,0.06937144177514869,-0.3475817480334596,-9.052467608006536,9.052467608006536
7.37795,-0.11133782202571203,-0.3095922934715578,-0.1982544714458458,-9.043616173905901,9.043616173905901
6.63195,0.15857651219781876,-0.6033348803797848,-0.7619113925776035,-9.03707570167042,9.03707570167042
6.54795,0.34332298625676694,-0.2829829460188879,-0.6263059322756548,-9.034252104320329,9.034252104320329
8.31994,-0.8258137182658097,-1.1425220738002302,-0.31670835553442045,-9.031929888374833,9.031929888374833
6.21596,0.8050921244396132,1.675041924921041,0.8699498004814279,9.02448447593671,9.02448447593671
6.69795,0.034491776051096205,-0.49293990779491087,-0.527431683846007,-9.024351537582277,9.024351537582277
5.97396,0.3386582660518309,-0.07884363092092969,-0.41750189697276063,-9.021586737831191,9.021586737831191
6.88895,-0.13706225766343363,-0.6439792554707547,-0.5069169978073211,-8.99934761420642,8.99934761420642
5.91096,0.6609062338625078,1.0023140159509758,0.341407782088468,8.991914106713594,8.991914106713594
7.39495,-0.19547438487255078,-0.5897100022289923,-0.3942356173564415,-8.98736155931056,8.98736155931056
6.79495,-0.22444709826865156,-0.7341833603021966,-0.509736262033545,-8.979460486265197,8.979460486265197
5.99496,0.4849964290677997,0.14225932306823166,-0.3427371059995681,-8.976181773622766,8.976181773622766
5.56096,3.5029754493538885,2.061244438842,-1.4417310105118886,-8.971933607498189,8.971933607498189
6.28695,1.4279838839246928,0.445338207521034,-0.9826456764036589,-8.97123941020754,8.97123941020754
8.47794,-0.8498779573457329,-1.1430937646209751,-0.2932158072752422,-8.964936548211766,8.964936548211766
8.31694,-0.8788466055080275,-1.1973690621709745,-0.318522456662947,-8.95836465906032,8.95836465906032
6.60195,0.1599161964977725,-0.28154022720756805,-0.44145642370534055,-8.955833744068022,8.955833744068022
6.53895,0.30658116874739094,-0.11960673349512545,-0.4261879022425164,-8.951151688696703,8.951151688696703
8.42594,-0.6647665593125275,-1.3172051003098642,-0.6524385409973367,-8.946981889636833,8.946981889636833
6.03796,0.7933675670455232,0.220810145530934,-0.5725574215145892,-8.941666946006704,8.941666946006704
6.84095,-0.004015743720930717,-0.3475275232634661,-0.34351177954253537,-8.937511904538267,8.937511904538267
5.96596,0.17817990299005587,0.039365768741715934,-0.13881413424833994,-8.937000502984045,8.937000502984045
6.06596,1.2165845449028185,0.5913010558383437,-0.6252834890644748,-8.926848826756112,8.926848826756112
7.52095,-0.6152125393503087,-0.4622866303075192,0.15292590904278952,8.924149882303821,8.924149882303821
5.56396,3.5191459238338823,1.9343679329038705,-1.5847779909300117,-8.918525096763627,8.918525096763627
6.94795,-0.15941991411255935,-0.39760533656710517,-0.23818542245454583,-8.915833673804128,8.915833673804128
8.82294,-0.8320988857619985,-1.18866101290279,-0.3565621271407914,-8.910650377868985,8.910650377868985
6.32295,2.630765571008718,0.14188515160594428,-2.488880419402774,-8.905038605346293,8.905038605346293
6.69895,0.023366750556796635,-0.6899267914791443,-0.7132935420359409,-8.903934244592735,8.903934244592735
6.58495,0.21465062675913166,-0.534041203806174,-0.7486918305653056,-8.898627206931684,8.898627206931684
8.91194,-0.9442449776701327,-1.2892703224080915,-0.34502534473795876,-8.890859792982686,8.890859792982686
7.38195,-0.11474608501941856,-0.7718739395226091,-0.6571278545031906,-8.889262658835552,8.889262658835552
6.21396,0.8420877799918589,1.8286537014001114,0.9865659214082525,8.885081157485299,8.885081157485299
6.83595,-0.046230391039592186,-0.27321850997419533,-0.22698811893460313,-8.880665903478231,8.880665903478231
8.29294,-0.890210142305638,-1.0880596185630367,-0.19784947625739868,-8.874296017297203,8.874296017297203
8.47194,-0.8126884125763842,-1.1794891349334697,-0.3668007223570855,-8.855600191337047,8.855600191337047
6.93995,-0.1171522822609668,-0.3622857092086868,-0.24513342694772,-8.837279327004328,8.837279327004328
7.78394,-0.6536881918397751,-0.20393562680815047,0.44975256503162464,8.834474251202941,8.834474251202941
6.45395,1.5220932296484828,-0.20149631669823825,-1.723589546346721,-8.833698587957912,8.833698587957912
8.41594,-0.7418760722862736,-0.20008597810961648,0.5417900941766571,8.830688558230708,8.830688558230708
6.31895,2.427944769038886,0.1514517085119273,-2.276493060526959,-8.763552806199273,8.763552806199273
7.00995,-0.40416155344506194,-0.5263419064091062,-0.12218035296404423,-8.760484488203986,8.760484488203986
5.56296,3.511517230463671,1.9241717605565387,-1.587345469907132,-8.759285808727036,8.759285808727036
7.84094,-0.5499722570581171,0.16039224777908323,0.7103645048372004,8.743127862692381,8.743127862692381
8.23394,-0.8551227922745355,-1.0032655293839179,-0.14814273710938242,-8.741593026563894,8.741593026563894
6.65995,0.13835172276248442,-0.40918306508288294,-0.5475347878453674,-8.740916094957802,8.740916094957802
8.81094,-0.879014653447501,-1.1668565307182432,-0.2878418772707423,-8.737526286747258,8.737526286747258
6.21696,0.8208135089503483,1.630080186803678,0.8092666778533297,8.724734276389094,8.724734276389094
6.07696,1.3118132134025995,0.5782086524608064,-0.733604560941793,-8.70096558595604,8.70096558595604
5.66196,-0.04146592135030636,0.23306785872336866,0.274533780073675,8.695182781469866,8.695182781469866
8.31094,-0.795079467854248,-1.211238195134985,-0.4161587272807371,-8.683008704081159,8.683008704081159
6.59495,0.18470083672881615,-0.3974830112813574,-0.5821838480101735,-8.682218163160218,8.682218163160218
6.47995,1.0619639094958495,-0.17073870293770885,-1.2327026124335583,-8.677876253230576,8.677876253230576
7.77994,-0.6252205373747775,-0.26894791838058807,0.3562726189941894,8.673196423706797,8.673196423706797
5.96096,0.15581219479640068,-0.31472635767044377,-0.47053855246684445,-8.65442698451371,8.65442698451371
6.27496,1.2355056657717074,0.47648078615141687,-0.7590248796202905,-8.639684933293521,8.639684933293521
8.79094,-0.8020667770223108,-1.2800588686110295,-0.4779920915887187,-8.631515255591323,8.631515255591323
8.80894,-0.9064603593717292,-1.247523508668332,-0.34106314929660286,-8.621781373355104,8.621781373355104
6.53395,0.3557928764987016,-0.11462737480468531,-0.47042025130338694,-8.618478030963168,8.618478030963168
7.88594,-0.393095603848319,0.40256393333704327,0.7956595371853623,8.614783334560007,8.614783334560007
6.19896,0.7862132611256161,1.6910809285640922,0.9048676674384761,8.612571039693043,8.612571039693043
8.69094,-0.8273726980926628,-1.1618192474071989,-0.3344465493145361,-8.610408881300913,8.610408881300913
5.85196,0.16275849314049312,0.3850174504372771,0.22225895729678397,8.603696312638439,8.603696312638439
7.99094,-0.5117997675093465,0.1548912077229539,0.6666909752323005,8.590383000301891,8.590383000301891
7.78294,-0.6774203626725583,-0.38781211810223665,0.2896082445703217,8.567232736907943,8.567232736907943
6.53295,0.3350229275221407,-0.10914072595864396,-0.4441636534807847,-8.554655747133744,8.554655747133744
5.77396,-0.2452541881746697,0.7004008195152998,0.9456550076899695,8.54781123496117,8.54781123496117
7.81894,-0.44253620307485675,0.34467169295563266,0.7872078960304894,8.544781321949428,8.544781321949428
6.76995,-0.28323809019907475,-0.5288747593845902,-0.2456366691855154,-8.524346312687273,8.524346312687273
6.20696,0.8185222337418601,1.6722716169791059,0.8537493832372458,8.521835103951236,8.521835103951236
6.28895,1.5002121702344735,0.5775394611917155,-0.922672709042758,-8.520764244515773,8.520764244515773
6.70595,-0.09178655757601173,-0.735165560390701,-0.6433790028146893,-8.511298681726233,8.511298681726233
6.68695,0.10155569340096544,-0.4202499056405375,-0.5218055990415029,-8.490969722495525,8.490969722495525
8.77694,-0.8362289937496392,-1.2287133623931605,-0.3924843686435213,-8.47896857201002,8.47896857201002
6.92095,-0.07976323437265755,-0.7264840629051287,-0.6467208285324711,-8.450514670160231,8.450514670160231
8.35794,-0.7427042297468127,-1.0921798220112247,-0.34947559226441194,-8.449377631214258,8.449377631214258
6.79295,-0.22332808010153415,-0.7048792587605527,-0.48155117865901853,-8.434989620162318,8.434989620162318
7.41395,-0.4235763264070919,-0.6068067598135093,-0.18323043340641737,-8.432511796512706,8.432511796512706
5.56196,3.4970055525157973,1.947992811054663,-1.5490127414611343,-8.430590505912537,8.430590505912537
5.80596,-0.1503427544424509,0.3210341303861299,0.47137688482858076,8.422926615508171,8.422926615508171
8.35494,-0.8445321397108618,-1.1953560916599186,-0.3508239519490568,-8.416741091880123,8.416741091880123
8.51594,-0.8161466461934341,-1.2486085699309402,-0.432461923737506,-8.408625288476877,8.408625288476877
6.80595,-0.19530995817155272,-0.4211817364937339,-0.2258717783221812,-8.402192810251078,8.402192810251078
6.45295,1.573782504190222,0.014094803827227867,-1.559687700362994,-8.39571185459766,8.39571185459766
6.54395,0.3012219288953953,-0.16327326270457065,-0.46449519159996594,-8.380414886881345,8.380414886881345
7.48495,-0.6123293976478289,-0.36011263648540226,0.25221676116242664,8.378970593321045,8.378970593321045
7.38395,-0.12023327878534729,-0.6008487988370868,-0.48061552005173946,-8.37832002229218,8.37832002229218
8.21694,-0.7848115266668481,-0.969372070945218,-0.18456054427837,-8.376826556495992,8.376826556495992
7.39595,-0.22639277486346943,-0.530270706763124,-0.3038779318996546,-8.352929278634338,8.352929278634338
7.43195,-0.5754773493672218,-0.6744346538194367,-0.09895730445221484,-8.350000488381033,8.350000488381033
8.42994,-0.7572501588899662,-1.0306606369073912,-0.273410478017425,-8.34824310477009,8.34824310477009
8.59394,-0.8163589176285923,-1.3541286280325875,-0.5377697104039952,-8.33887115567334,8.33887115567334
6.57895,0.21053408723982336,-0.3847683771686294,-0.5953024644084528,-8.313488667150075,8.313488667150075
7.38895,-0.1958677784666495,-0.7806130018485332,-0.5847452233818837,-8.3104177357864,8.3104177357864
7.18695,1.1535481606252973,1.599095911484263,0.4455477508589658,8.300285223830816,8.300285223830816
6.69995,0.008092695078223279,-0.5906742133048868,-0.5987669083831101,-8.294373784417864,8.294373784417864
7.20495,1.4303918126833408,1.7000754348690779,0.26968362218573705,8.291505470802443,8.291505470802443
6.59795,0.19959033577966423,-0.41246785878546377,-0.612058194565128,-8.281382034391292,8.281382034391292
5.91396,0.7175172286709031,0.5044716897725328,-0.2130455388983703,-8.27972396947259,8.27972396947259
5.77196,-0.2362893866441584,0.4395601366707111,0.6758495233148695,8.276936225663706,8.276936225663706
5.83496,-0.05212388131435113,0.32281504263451716,0.3749389239488683,8.274650414757911,8.274650414757911
6.46295,1.2369112454103581,-0.1157139111663275,-1.3526251565766856,-8.274377240676126,8.274377240676126
6.06096,1.2107642126703875,0.3200411368900594,-0.890723075780328,-8.243115565640851,8.243115565640851
6.88795,-0.1520210104990155,-0.5299145243134465,-0.37789351381443104,-8.220358195901,8.220358195901
7.49695,-0.6544724893848302,-0.37366915638827686,0.2808033329965533,8.20839697719201,8.20839697719201
5.79596,-0.28989850937843575,0.4280939400331152,0.7179924494115509,8.208083586419368,8.208083586419368
6.79595,-0.24593370785281007,-0.7358239582522259,-0.4898902503994158,-8.198822314504694,8.198822314504694
8.24294,-0.8075171230011431,-0.9188823092528106,-0.11136518625166747,-8.197587747718,8.197587747718
6.55595,0.26588730090991375,-0.35852960337572476,-0.6244169042856385,-8.180052792048677,8.180052792048677
5.92596,0.4816157566407247,0.3675105433652525,-0.11410521327547218,-8.172152965695709,8.172152965695709
8.73894,-0.8630570654443014,-1.325813202623988,-0.46275613717968656,-8.171491978433512,8.171491978433512
6.64895,0.12330223088718324,-0.17675063095196128,-0.30005286183914454,-8.166427659200053,8.166427659200053
8.23294,-0.863871626717378,-1.0503373786804304,-0.18646575196305237,-8.160656931901192,8.160656931901192
5.90996,0.5897615911347676,0.9575933306025864,0.3678317394678189,8.153470207129129,8.153470207129129
6.66995,0.07311360556869327,-0.38810713790904017,-0.46122074347773345,-8.087402614074348,8.087402614074348
6.67395,0.017592189072634934,-0.7083763228119312,-0.7259685118845661,-8.087293325369831,8.087293325369831
7.31395,0.7826393029960381,0.21642802205914471,-0.5662112809368934,-8.08661675450225,8.08661675450225
8.40894,-0.5385299737251744,0.8214848633930188,1.3600148371181933,8.083904170807335,8.083904170807335
8.43994,-0.7975224262449178,-1.1719326702965251,-0.3744102440516074,-8.073511876454448,8.073511876454448
7.82494,-0.46951057213254466,0.31740394764143764,0.7869145197739823,8.069014044623486,8.069014044623486
5.64496,0.20637531570827036,-0.18248912597454228,-0.38886444168281264,-8.052901449671934,8.052901449671934
6.70795,-0.052246633829803914,-0.5653924549828326,-0.5131458211530288,-8.04935218598382,8.04935218598382
6.97995,-0.3232319352171741,-0.2132647287476818,0.10996720646949229,8.045989150984726,8.045989150984726
6.70895,-0.06405297078192336,-0.46238377097561306,-0.3983308001936897,-8.045097707618817,8.045097707618817
5.74796,-0.24682138597598646,0.35057928469674726,0.5974006706727337,8.04281560198314,8.04281560198314
6.32195,2.6207211397282775,0.2695279894812591,-2.3511931502470182,-8.041792747666918,8.041792747666918
6.08896,1.1065904111928588,0.7728713557158315,-0.3337190554770273,-8.039252094136426,8.039252094136426
8.52594,-0.8343391004525883,-0.9550449017421321,-0.12070580128954378,-8.031893151245498,8.031893151245498
8.39394,0.7391177778869578,-0.033075985038639906,-0.7721937629255977,-8.031766770281372,8.031766770281372
6.58395,0.2227240628005224,-0.45577820554523146,-0.6785022683457539,-8.030588502401807,8.030588502401807
7.82594,-0.459408728354074,0.46870953270390914,0.9281182610579831,8.025341031518202,8.025341031518202
7.81994,-0.40842791666223577,0.22597299214999572,0.6344009088122315,8.020142405855546,8.020142405855546
5.97696,0.4590410446629969,0.11293003690893394,-0.34611100775406295,-8.01693431845756,8.01693431845756
7.20695,1.3773289639319524,1.8214437051460344,0.444114741214082,7.996140317347038,7.996140317347038
8.38394,-0.3323151926080078,-0.946451910198601,-0.6141367175905932,-7.995205869957658,7.995205869957658
8.37694,-0.5763101881664866,-0.9838068144437113,-0.4074966262772247,-7.994686510191324,7.994686510191324
8.18994,-0.7305981571294629,-0.9610992838261443,-0.23050112669668144,-7.988114645489029,7.988114645489029
7.51995,-0.6385687941898748,-0.44629799589977637,0.1922707982900984,7.980609632005961,7.980609632005961
6.20296,0.7769843569755254,1.698675889688022,0.9216915327124967,7.97021042136222,7.97021042136222
6.65895,0.12669735615151123,-0.4018219611228825,-0.5285193172743937,-7.966609946597477,7.966609946597477
7.38495,-0.1316026122127927,-0.7109379582075911,-0.5793353459947984,-7.965466643760754,7.965466643760754
6.50595,0.49559734565775904,0.29291010807170015,-0.2026872375860589,-7.95969338037602,7.95969338037602
6.00696,0.5677024631057046,0.21111406773415928,-0.3565883953715453,-7.9442574510633746,7.9442574510633746
7.46395,-0.6498221214630229,-0.33284129336868523,0.31698082809433764,7.942830191760666,7.942830191760666
8.74094,-0.8970325229738677,-1.4066133712234408,-0.5095808482495731,-7.940187953257178,7.940187953257178
6.63595,0.20776778716014954,-0.3806740778985998,-0.5884418650587493,-7.939828444108798,7.939828444108798
6.96795,-0.30649505233056407,-0.08931323625993327,0.2171818160706308,7.939241178859144,7.939241178859144
5.74896,-0.24769809500604817,0.28023504978671415,0.5279331447927623,7.9287637281433065,7.9287637281433065
6.05996,1.2033872735289468,0.3724575218329948,-0.830929751695952,-7.92216311880334,7.92216311880334
5.94896,0.12907950439595,-0.09612387643406846,-0.22520338083001845,-7.916114700830395,7.916114700830395
7.16895,0.6299258931155964,0.9173806918142559,0.2874547986986594,7.907900446130281,7.907900446130281
6.05496,1.1147277496875314,0.35936511845545743,-0.755362631232074,-7.9075947454597015,7.9075947454597015
8.24694,-0.8125134577602029,-1.2137177286770933,-0.40120427091689037,-7.9042562668945475,7.9042562668945475
7.31595,0.6975385264965488,0.34352039614859453,-0.35401813034795426,-7.901830713593087,7.901830713593087
6.04696,1.0296250916471674,0.32817217058976655,-0.7014529210574009,-7.89196531175919,7.89196531175919
6.58695,0.21711416180110688,-0.33617285850405204,-0.553287020305159,-7.889390867048445,7.889390867048445
8.71794,-0.9030115413300022,-1.369010938164817,-0.46599939683481484,-7.880890280149873,7.880890280149873
8.59194,-0.8858258609305061,-1.4599471958094847,-0.5741213348789787,-7.880120816810789,7.880120816810789
8.62794,-0.8168474583091492,-1.2651407963217312,-0.448293338012582,-7.876089643357446,7.876089643357446
6.61495,0.17843876451833499,-0.375489644464406,-0.553928408982741,-7.869418968896433,7.869418968896433
6.62795,0.21728947115411368,-0.559366135758492,-0.7766556069126057,-7.85956790044991,7.85956790044991
6.91995,-0.058447462907373696,-0.7176478599111106,-0.6592003970037369,-7.852016266072572,7.852016266072572
8.67594,-0.8256272122413811,-1.152907490560219,-0.3272802783188379,-7.846627772147544,7.846627772147544
8.53094,-0.7872875891008279,-1.2231204056781995,-0.4358328165773716,-7.834969114663446,7.834969114663446
7.78694,-0.7651600364336199,-0.3473224485197124,0.41783758791390746,7.826911862302228,7.826911862302228
6.45095,1.624476399342619,0.1324912892210172,-1.4919851101216017,-7.809290310735093,7.809290310735093
7.13595,0.0189380222844166,0.2859987294269492,0.2670607071425326,7.809137830286491,7.809137830286491
8.76894,-0.8010301564058624,-1.0905734031851542,-0.2895432467792918,-7.799590472018143,7.799590472018143
8.98393,-0.8488003244529623,-1.0239550525668983,-0.17515472811393606,-7.7806681569756915,7.7806681569756915
7.14295,0.10952285369491954,0.3448479852792103,0.23532513158429075,7.767019910889198,7.767019910889198
5.94296,0.04819958755829829,-0.17451279778328077,-0.22271238534157906,-7.756263468241292,7.756263468241292
7.31295,0.8445968587994938,0.4293351819032032,-0.41526167689629057,-7.752202808874902,7.752202808874902
6.48095,1.049155051677459,-0.08211403341342251,-1.1312690850908815,-7.752065273395397,7.752065273395397
5.98996,0.4495264516835925,0.020811901135791306,-0.4287145505478012,-7.751796922247543,7.751796922247543
6.68495,0.051210063301944206,-0.6253210515916922,-0.6765311148936364,-7.745035571769688,7.745035571769688
6.20396,0.7707022786100182,1.6813236881244433,0.9106214095144252,7.742956093323452,7.742956093323452
7.82694,-0.44816020715470845,0.2583999862807306,0.7065601934354391,7.737169035243005,7.737169035243005
7.17695,0.942649418672688,1.5551415580730583,0.6124921394003703,7.728501401840218,7.728501401840218
8.30894,-0.812972637559287,-1.375003797825703,-0.5620311602664161,-7.723992537456427,7.723992537456427
8.23794,-0.7294543783547625,-0.9704668822526609,-0.2410125038978984,-7.723872203594667,7.723872203594667
7.21695,1.4360707541047268,1.2307169112572636,-0.20535384284746327,-7.722325966631424,7.722325966631424
5.88496,0.0583429475803154,0.9027232443396509,0.8443802967593355,7.704330273904614,7.704330273904614
6.57795,0.26780372447123124,-0.4413941910622981,-0.7091979155335293,-7.688314582897155,7.688314582897155
6.46095,1.3021199957690355,-0.19646299096996825,-1.4985829867390037,-7.685215007274136,7.685215007274136
5.78296,-0.21257127336829296,0.3670212422222614,0.5795925155905544,7.678514136927175,7.678514136927175
5.68496,-0.2414700526398723,0.056610036229634716,0.29808008886950704,7.65679806379831,7.65679806379831
7.18895,1.2060300126524397,1.8648871705991161,0.6588571579466764,7.653547163830957,7.653547163830957
5.84096,0.004904648572340936,0.16175221713239707,0.15684756856005613,7.64702572113117,7.64702572113117
6.23796,0.9633453374474474,1.1509572271471713,0.18761188969972387,7.641448924487322,7.641448924487322
7.22295,1.3956926656581001,0.991369500679069,-0.4043231649790311,-7.640009117394978,7.640009117394978
8.54994,-0.8919073298210218,-1.263702250961337,-0.3717949211403151,-7.625367034539956,7.625367034539956
7.54395,-0.631231433079847,-0.42013837376235563,0.21109305931749134,7.623830670720397,7.623830670720397
6.62495,0.2032089961171502,-0.45734324964229894,-0.6605522457594492,-7.614999027362877,7.614999027362877
5.82596,-0.012409878881884856,0.42280517032578346,0.4352150492076683,7.579755236037048,7.579755236037048
8.33094,-0.871064746317374,-1.1619084729097444,-0.29084372659237046,-7.577760061530369,7.577760061530369
8.72794,-0.8986812455678866,-1.330942229899343,-0.4322609843314563,-7.560345091631245,7.560345091631245
6.58595,0.21533445986035274,-0.477588084433561,-0.6929225442939138,-7.556383445568389,7.556383445568389
7.43695,-0.6259968145823942,-0.490928736185116,0.1350680783972782,7.5478489735758805,7.5478489735758805
5.77696,-0.27857344136126366,0.2616452041555695,0.5402186455168332,7.546723946024593,7.546723946024593
7.26795,0.4860977014729716,0.9751649981200067,0.4890672966470351,7.54446075801297,7.54446075801297
8.61194,-0.8456349178727112,-1.3429808369181881,-0.497345919045477,-7.544155946805178,7.544155946805178
6.28995,1.5199029509083597,0.6682760407964125,-0.8516269101119472,-7.536530280409341,7.536530280409341
6.54295,0.32646275082244747,-0.23722609354416402,-0.5636888443666115,-7.525653495888878,7.525653495888878
8.17494,-0.587442954796626,-0.36912872960552007,0.21831422519110594,7.4981968821568294,7.4981968821568294
6.62095,0.16498988553011287,-0.43363373102235636,-0.5986236165524692,-7.4810265387892585,7.4810265387892585
8.44494,-0.8088331439257938,-1.2791068900637097,-0.47027374613791595,-7.480272864371051,7.480272864371051
5.96696,0.15789554979501358,0.25603982782630236,0.09814427803128878,7.475107412640089,7.475107412640089
8.73994,-0.8345853865525181,-1.3095083213745617,-0.4749229348220436,-7.471868595306133,7.471868595306133
5.78996,-0.24541694359190566,0.43220622831575456,0.6776231719076602,7.4477442643483815,7.4477442643483815
8.44194,-0.8092836090198239,-1.0284706545122535,-0.21918704549242962,-7.443493567039297,7.443493567039297
5.80896,-0.13080716062013237,0.4308786391851388,0.5616857998052711,7.439661532683496,7.439661532683496
8.56094,-0.8847696209732587,-1.1772343920929358,-0.29246477111967706,-7.433372394548863,7.433372394548863
5.91596,0.8112913528435953,0.5699049242400437,-0.24138642860355164,-7.42666672709148,7.42666672709148
5.74196,-0.2299166570594008,0.1540313329201971,0.3839479899795979,7.426321530455798,7.426321530455798
5.78496,-0.23407796588393626,0.4416828401586877,0.6757608060426239,7.42358001938327,7.42358001938327
7.80494,-0.33182828008813214,-0.08711497891899464,0.2447133011691375,7.406237859987813,7.406237859987813
6.05596,1.0818567496698686,0.2644874681479451,-0.8173692815219235,-7.404319817671015,7.404319817671015
6.12696,0.5403397566196488,1.0464158792655822,0.5060761226459334,7.403104609150626,7.403104609150626
5.71596,-0.23065488719753457,0.09283990762611768,0.3234947948236523,7.397128093255665,7.397128093255665
8.52194,-0.7812033703847867,-0.9959026265226564,-0.21469925613786967,-7.396943903088262,7.396943903088262
8.89494,-0.8138079830499787,-1.054538172905111,-0.2407301898551324,-7.39668193511654,7.39668193511654
6.05396,1.0933675793470958,0.2715751391162738,-0.8217924402308221,-7.392260538793354,7.392260538793354
5.56496,3.491434115690992,1.9948002218658092,-1.4966338938251826,-7.389745714756737,7.389745714756737
5.94796,0.11598027905971803,-0.21336546721829755,-0.3293457462780156,-7.381815843707334,7.381815843707334
7.83994,-0.5535072633865348,0.03126711526470669,0.5847743786512415,7.3704355565703805,7.3704355565703805
6.27096,1.2208447824078825,0.7683381245381186,-0.45250665786976396,-7.349971961320136,7.349971961320136
5.72896,-0.19840059268261545,0.16786848141978733,0.3662690741024028,7.3480906131115455,7.3480906131115455
5.72796,-0.204943715209705,0.08348562106893247,0.2884293362786375,7.341261888529681,7.341261888529681
7.31095,0.922102217505467,0.4651333169970468,-0.45696890050842015,-7.322386643125462,7.322386643125462
6.05896,1.1296676023565828,0.34734126242695235,-0.7823263399296305,-7.314315255773293,7.314315255773293
7.45995,-0.6401012827087371,-0.3555758075051674,0.28452547520356974,7.307642130810637,7.307642130810637
7.19395,1.3826695011790042,1.8202852127339524,0.43761571155494816,7.306972159066366,7.306972159066366
5.80396,-0.18721266576958942,0.3301545597793855,0.517367225548975,7.297679001463856,7.297679001463856
6.53495,0.3558182113373346,-0.16742872461747396,-0.5232469359548085,-7.288445373102098,7.288445373102098
7.45595,-0.6208904777787259,-0.30912098134117655,0.3117694964375493,7.287104952377074,7.287104952377074
6.53595,0.30096494801342527,-0.014932266920222441,-0.3158972149336477,-7.286718780650951,7.286718780650951
8.76194,-0.8626118342543145,-1.203073629915773,-0.3404617956614584,-7.27061003754452,7.27061003754452
6.73195,-0.22235344250117894,-0.537887254702186,-0.31553381220100707,-7.233243384056954,7.233243384056954
8.62294,-0.905202249645437,-1.2288470747238904,-0.3236448250784534,-7.213582650595418,7.213582650595418
6.93795,-0.08357687028350141,-0.329790356830034,-0.24621348654653258,-7.208727622052808,7.208727622052808
7.79794,-0.5492365678053637,-0.3375795992901518,0.21165696851521187,7.187503916186087,7.187503916186087
7.17195,0.8117219258171983,1.2270939241176153,0.41537199830041704,7.183615416727603,7.183615416727603
8.51494,-0.7911976006204335,-1.234983260043845,-0.4437856594234115,-7.151778214704592,7.151778214704592
6.71095,-0.04025451934116777,-0.4629522237740881,-0.4226977044329204,-7.143430880116092,7.143430880116092
5.74496,-0.20597850464921302,0.2816238015602041,0.48760230620941714,7.137268037478405,7.137268037478405
7.22195,1.3933853335757165,1.1369437863240035,-0.256441547251713,-7.132799910665973,7.132799910665973
8.16794,-0.7283370408081014,-0.3255737322742566,0.40276330853384473,7.106268767249681,7.106268767249681
8.16594,-0.6492951805005511,-0.15195457597037634,0.4973406045301748,7.105128264040548,7.105128264040548
6.76095,-0.1838823010141427,-0.621575739166296,-0.43769343815215334,-7.102503873158068,7.102503873158068
7.88094,-0.48654472061259924,0.08528812013245153,0.5718328407450508,7.092585197764935,7.092585197764935
5.77096,-0.2771410596439778,0.18630721934500824,0.463448278988986,7.092324030662752,7.092324030662752
5.72396,-0.2173343386285455,0.1056732692220714,0.3230076078506169,7.076083586379935,7.076083586379935
6.46595,1.1933454018690866,0.1882464349043632,-1.0050989669647232,-7.068925802198012,7.068925802198012
8.43794,-0.8516497350762835,-1.1982305919628913,-0.3465808568866078,-7.066176341155783,7.066176341155783
6.75695,-0.2837803820727641,-0.5863532524759716,-0.30257287040320746,-7.050083910870886,7.050083910870886
6.79995,-0.18839954207954568,-0.37546086204423,-0.18706131996468434,-7.040941859029562,7.040941859029562
6.67895,0.08246972958947985,-0.5617838590532723,-0.6442535886427522,-7.0408528129039665,7.0408528129039665
8.17794,-0.5657193084457399,-0.7753278299437237,-0.2096085214979838,-7.036136592730808,7.036136592730808
6.75995,-0.208293196025778,-0.5124471930691641,-0.3041539970433861,-7.034967726219343,7.034967726219343
6.68095,0.018324630928035712,-0.7201555282689406,-0.7384801591969763,-7.0296264007388825,7.0296264007388825
7.13395,-0.031191016171734927,0.21376924599539096,0.24496026216712588,7.026456192270175,7.026456192270175
8.29494,-0.9014430988188546,-1.0742030419298276,-0.17275994311097298,-7.024772921136332,7.024772921136332
8.42894,-0.7421388247715222,-1.1564315381305126,-0.4142927133589904,-7.015285613159431,7.015285613159431
6.98795,-0.38592193037034817,-0.30661331298334654,0.07930861738700162,7.015112661211952,7.015112661211952
6.81395,-0.21456755827186946,-0.5022186404991342,-0.28765108222726476,-7.009907635763238,7.009907635763238
6.63095,0.14977658868009597,-0.5355163028401917,-0.6852928915202876,-7.001087326233648,7.001087326233648
8.27794,-0.6650092032486158,-1.0525133296457327,-0.38750412639711695,-6.990349832240019,6.990349832240019
6.03896,0.871338444934159,0.1675986462306378,-0.7037397987035212,-6.988815133788224,6.988815133788224
6.74495,-0.3223584069851783,-0.7392166860304665,-0.4168582790452882,-6.987176532527308,6.987176532527308
6.91095,-0.10148437357467598,-0.558211241148932,-0.45672686757425596,-6.970080469101367,6.970080469101367
5.90596,0.5639086349847938,0.7337560466967092,0.16984741171191542,6.96620866290421,6.96620866290421
6.95295,-0.2624122432405333,-0.1690909093826354,0.0933213338578979,6.95977420692673,6.95977420692673
8.19894,-0.730068870093028,-0.905001267562452,-0.17493239746942402,-6.947843109691054,6.947843109691054
6.53195,0.3516271221780113,-0.11285725596386413,-0.46448437814187543,-6.945596624455186,6.945596624455186
6.45495,1.4521408090017343,-0.18850465179131684,-1.6406454607930512,-6.94323144726969,6.94323144726969
7.40895,-0.4292061265381002,-0.24603711192052805,0.18316901461757215,6.939573885259038,6.939573885259038
8.19494,-0.7957452164504999,-0.6170604970011933,0.17868471944930664,6.937850219642862,6.937850219642862
7.01395,-0.3730637889851952,-0.3217276813782447,0.05133610760695051,6.931114081086617,6.931114081086617
8.24194,-0.7753445025119174,-0.8783458682375005,-0.10300136572558305,-6.921111929211997,6.921111929211997
5.74596,-0.1958356288291296,0.22943767597867623,0.42527330480780584,6.905125439814652,6.905125439814652
7.32695,0.3079475164776217,-0.14882088997371945,-0.45676840645134115,-6.8932694452005965,6.8932694452005965
6.45695,1.3810779975974445,-0.20161864198398619,-1.5826966395814308,-6.886325031636139,6.886325031636139
6.20596,0.8102727127042797,1.6827124398979332,0.8724397271936535,6.883604732122569,6.883604732122569
6.20496,0.77119197395359,1.632037391375643,0.860845417422053,6.8821071408947905,6.8821071408947905
8.31894,-0.8330305803934712,-1.1413045774267874,-0.30827399703331615,-6.879582627106265,6.879582627106265
6.78995,-0.29335300672270376,-0.6599103250381456,-0.36655731831544186,-6.876488958176839,6.876488958176839
5.79096,-0.27795388899018614,0.4343505186188633,0.7123044076090495,6.871974769285799,6.871974769285799
8.62894,-0.793544695570126,-1.2740919131283017,-0.48054721755817575,-6.868017641667598,6.868017641667598
5.84596,-0.0019171998260728677,0.2765113241764502,0.27842852400252305,6.866782793881037,6.866782793881037
6.82395,-0.1689683420710774,-0.48568314010804825,-0.3167147980369709,-6.862305899243406,6.862305899243406
6.57995,0.20197160716799797,-0.22538932324680264,-0.4273609304148006,-6.858170773997918,6.858170773997918
8.61994,-0.8746220471490771,-1.1985069391746057,-0.3238848920255286,-6.852457930748455,6.852457930748455
6.45895,1.2905376136157987,-0.062031099735650255,-1.352568713351449,-6.837718895226268,6.837718895226268
6.85395,-0.04252977107943042,-0.09435015979072517,-0.05182038871129475,-6.8354249472848085,6.8354249472848085
6.58295,0.18860187321762414,-0.32954210845601645,-0.5181439816736406,-6.82999062234082,6.82999062234082
5.78596,-0.2920868359693046,0.3253442978074792,0.6174311337767838,6.8288155221176154,6.8288155221176154
8.17094,-0.6238554148727189,-0.39894731690780905,0.22490809796490985,6.827536648503299,6.827536648503299
8.19994,-0.8240396342708768,-0.9719851549169424,-0.1479455206460656,-6.827498067407789,6.827498067407789
6.45595,1.4514304804449685,-0.2111348296546612,-1.6625653100996296,-6.827333917946068,6.827333917946068
5.75996,-0.25045541398606064,0.34946036811240705,0.5999157820984677,6.822513796120142,6.822513796120142
7.50295,-0.6518719901669237,-0.4836611750906875,0.16821081507623614,6.82020729941715,6.82020729941715
7.22895,1.2465028348516825,1.0554715482134418,-0.19103128663824065,-6.820095037238058,6.820095037238058
5.62596,0.8235804792029184,0.544259787863268,-0.27932069133965043,-6.807660014458658,6.807660014458658
8.00094,-0.5354816039868368,-0.18730298574897072,0.348178618237866,6.804750791205798,6.804750791205798
7.48295,-0.5716595288252716,-0.2436841490711438,0.3279753797541278,6.803526793130988,6.803526793130988
6.49595,0.6616362006427252,-0.013043420596175427,-0.6746796212389007,-6.802432875780559,6.802432875780559
6.45795,1.3284415704924417,-0.06018182923934512,-1.3886233997317867,-6.800029916052901,6.800029916052901
5.53996,3.1031420164131505,1.9157960762853354,-1.187345940127815,-6.795478962771026,6.795478962771026
5.76696,-0.24784684583718783,0.3740189681275403,0.6218658139647282,6.794326874985937,6.794326874985937
6.49495,0.7236633810549837,0.12078763761696962,-0.6028757434380141,-6.7637185617334135,6.7637185617334135
5.66896,-0.1017997938661074,0.26153367227738766,0.36333346614349504,6.758976985595932,6.758976985595932
8.16994,-0.6638096300697189,-0.34666764846070947,0.31714198160900947,6.7384365711982666,6.7384365711982666
7.76194,-0.7078775858807926,-0.28976120597032523,0.4181163799104674,6.73676290462288,6.73676290462288
6.93595,-0.07535938503552844,-0.3680349976388338,-0.2926756126033053,-6.715695543367604,6.715695543367604
5.91796,0.7892590820646094,0.556387980164911,-0.2328711018996984,-6.710512894951655,6.710512894951655
6.68795,0.054850906670474396,-0.513799966817434,-0.5686508734879084,-6.696301343812783,6.696301343812783
8.53194,-0.8521111136942239,-1.234325329896648,-0.382214216202424,-6.696115429073268,6.696115429073268
7.42295,-0.5188998874339784,-0.3410658699339643,0.1778340175000141,6.692207067054707,6.692207067054707
8.53294,-0.871148015069876,-1.2803689991884253,-0.40922098411854924,-6.6722122353151105,6.6722122353151105
7.27595,0.4474614791240663,0.6746225644452104,0.2271610853211441,6.666689095352055,6.666689095352055
7.23795,0.9874906937783618,0.6834731586493166,-0.3040175351290453,-6.661620508657976,6.661620508657976
8.52394,-0.7993648998195011,-1.098117635293524,-0.2987527354740229,-6.656435540549499,6.656435540549499
6.66395,-0.0001572933907764973,-0.6448571192861213,-0.6446998258953448,-6.653373654221911,6.653373654221911
7.82994,-0.5104909962501222,0.27339202938988105,0.7838830256400032,6.647747120862784,6.647747120862784
6.59995,0.1908317579968581,-0.14679532715383653,-0.3376270851506946,-6.644009040227272,6.644009040227272
7.17095,0.7509033457674316,1.1173393603816566,0.36643601461422504,6.640744037740053,6.640744037740053
8.80094,-0.7911360134274942,-1.1551996505469817,-0.3640636371194875,-6.632293749941957,6.632293749941957
7.46495,-0.6304931627537067,-0.39871345974387934,0.23177970300982736,6.632183729636723,6.632183729636723
8.67294,-0.8634944942701224,-1.2092632174185616,-0.3457687231484392,-6.629134983069351,6.629134983069351
5.62396,0.8315242436742395,0.3430706708333451,-0.4884535728408944,-6.61257662601828,6.61257662601828
6.45995,1.2733317824613288,-0.1485870328097897,-1.4219188152711184,-6.604173091541622,6.604173091541622
5.53796,2.9342892794576665,1.5802110460463148,-1.3540782334113517,-6.603813667116942,6.603813667116942
6.70495,-0.08486306389792975,-0.6497069570857698,-0.56484389318784,-6.594179536504778,6.594179536504778
6.63395,0.17424752339630503,-0.5078635926561433,-0.6821111160524483,-6.585346957230628,6.585346957230628
5.83296,-0.11285916719564416,0.34035073212671746,0.4532098993223616,6.5769597626823275,6.5769597626823275
7.36095,-0.019354223848955472,-0.5012472338181958,-0.48189300996924034,-6.571411782022706,6.571411782022706
7.39295,-0.17766406792793182,-0.4015773105513869,-0.22391324262345508,-6.55622617075313,6.55622617075313
6.50695,0.5186664212602251,0.08338488259831653,-0.43528153866190855,-6.548883561482985,6.548883561482985
5.96296,0.1502140818157813,-0.3045157941130238,-0.4547298759288051,-6.54164746494259,6.54164746494259
6.05296,1.04375733889629,0.2650091495136343,-0.7787481893826557,-6.521342020433878,6.521342020433878
7.78494,-0.7458551710628855,-0.4594407685126216,0.28641440255026385,6.517971869456266,6.517971869456266
8.68994,-0.878043858022761,-1.2446580388496897,-0.36661418082692876,-6.511480673670335,6.511480673670335
7.37295,-0.09433508073307335,-0.4014154094378971,-0.30708032870482377,-6.507994425647882,6.507994425647882
6.02596,0.7303553052100655,0.21093777541058148,-0.5194175297994841,-6.507183767037214,6.507183767037214
8.52494,-0.816228403542886,-1.0902204587577464,-0.2739920552148605,-6.500533248341339,6.500533248341339
6.24296,1.0822440585999296,1.1143351952757914,0.03209113667586183,6.497656934557789,6.497656934557789
6.45195,1.5647174387517189,0.1900417383628385,-1.3746757003888803,-6.490959834140289,6.490959834140289
7.81494,-0.3928226598926751,0.07713909742013432,0.4699617573128094,6.484029985186148,6.484029985186148
5.83396,-0.1065929969230308,0.3135219187202058,0.4201149156432366,6.466449892603796,6.466449892603796
8.76094,-0.8793623899425795,-1.2020297994700666,-0.32266740952748707,-6.463007113233809,6.463007113233809
8.28694,-0.705109915176662,-1.105570123437583,-0.400460208260921,-6.45370753601882,6.45370753601882
6.27696,1.3336673607280356,0.6074659825696644,-0.7262013781583712,-6.442718515722113,6.442718515722113
5.91496,0.7637605196709853,0.49191535897077243,-0.2718451607002129,-6.434267043849852,6.434267043849852
5.74396,-0.2178623446390829,0.2263687504274151,0.44423109506649805,6.421808862483572,6.421808862483572
6.27596,1.267687166130383,0.45501629630519863,-0.8126708698251843,-6.416180571974883,6.416180571974883
7.17595,0.8411495283879733,1.4038719510358069,0.5627224226478336,6.414627319747044,6.414627319747044
5.79796,-0.20112783078151308,0.25218298352272434,0.4533108143042374,6.409389793640584,6.409389793640584
6.79695,-0.23574983023218837,-0.660331267933219,-0.4245814377010306,-6.403715692979394,6.403715692979394
6.05196,1.081422849884388,0.15049109523855472,-0.9309317546458333,-6.399204140217103,6.399204140217103
7.16995,0.7004553343763057,1.0117582475712108,0.3113029131949051,6.3973177395907195,6.3973177395907195
8.79994,-0.8269798997416682,-1.0810557763934703,-0.2540758766518021,-6.396051884751747,6.396051884751747
6.46395,1.2050886575652262,0.08051023838324307,-1.1245784191819832,-6.395159459194999,6.395159459194999
6.93495,-0.09719901157838215,-0.3616309091496839,-0.2644318975713017,-6.395106421550972,6.395106421550972
7.40495,-0.31898746692283897,-0.6364670438048305,-0.3174795768819916,-6.3843133926676074,6.3843133926676074
6.67195,0.07308961169877781,-0.3148234983385376,-0.38791311003731543,-6.381163067809776,6.381163067809776
5.76996,-0.3068155739605488,0.1773091152375005,0.4841246891980493,6.371248975171208,6.371248975171208
6.68295,0.032111948207220777,-0.5808486146173202,-0.6129605628245409,-6.366180294584588,6.366180294584588
7.18795,1.1852045754059994,1.6608737785894274,0.475669203183428,6.36349244583597,6.36349244583597
5.83896,-0.04287650710080444,0.1724952554630721,0.21537176256387652,6.3611169050004595,6.3611169050004595
7.76094,-0.7012513419629145,-0.416080052517546,0.2851712894453685,6.36074986111633,6.36074986111633
5.79996,-0.164292934592338,0.3481111921666593,0.5124041267589974,6.351450368498979,6.351450368498979
5.86296,0.10440682551326982,-0.023880001792422396,-0.1282868273056922,-6.347287407214045,6.347287407214045
6.69395,0.056036139464380685,-0.6606982437904624,-0.7167343832548431,-6.344854064386946,6.344854064386946
8.47294,-0.8512608702082426,-1.2195760305236565,-0.3683151603154139,-6.344809663682626,6.344809663682626
5.80196,-0.20247863024469556,0.2575221224653641,0.4600007527100597,6.323597470603789,6.323597470603789
6.63795,0.16319655146384168,-0.4357960103380749,-0.5989925618019166,-6.308213835078658,6.308213835078658
8.42494,-0.6630039347468771,-1.1216879189558655,-0.45868398420898837,-6.308179903133944,6.308179903133944
5.53696,2.838466440873475,1.5193326295716487,-1.3191338113018263,-6.297956945350081,6.297956945350081
6.04196,0.9129764760187067,-0.07215891383506413,-0.9851353898537708,-6.296467301015333,6.296467301015333
6.80495,-0.23110224861952433,-0.5672848991094016,-0.3361826504898773,-6.293641231843054,6.293641231843054
6.07896,1.253924759176415,0.8625825616017603,-0.3913421975746548,-6.29069705646036,6.29069705646036
6.82495,-0.10450986363479589,-0.5309794738599569,-0.42646961022516106,-6.282565162977749,6.282565162977749
5.96196,0.13825281714033855,-0.30603406677730555,-0.4442868839176441,-6.282486672277779,6.282486672277779
6.68395,0.0519372938047511,-0.662148158206826,-0.7140854520115771,-6.278932639847321,6.278932639847321
6.67495,0.0460395620191126,-0.6817130083214312,-0.7277525703405439,-6.276661287012365,6.276661287012365
7.18395,1.123859032934016,1.5746452455447897,0.4507862126107738,6.266712195303882,6.266712195303882
5.73596,-0.18206310059560404,0.4012183551938175,0.5832814557894215,6.26375016790857,6.26375016790857
6.78795,-0.26263231570349693,-0.5166062527845896,-0.25397393708109267,-6.250776395697183,6.250776395697183
6.61395,0.2592515522578451,-0.1664501223314915,-0.4257016745893366,-6.2477336794150675,6.2477336794150675
7.00295,-0.35769842807442975,-0.4839921729227109,-0.12629374484828115,-6.230145803699762,6.230145803699762
5.53496,2.649608868053125,1.5023510016678354,-1.1472578663852897,-6.226925862211411,6.226925862211411
7.14095,0.11442143316295625,0.2824548939427848,0.16803346077982853,6.220758867943325,6.220758867943325
6.96295,-0.36247984675802525,-0.08589172606151654,0.27658812069650873,6.200431838702678,6.200431838702678
7.00695,-0.43478066618047195,-0.5965422292182595,-0.16176156303778755,-6.186392568157432,6.186392568157432
5.74696,-0.22748059752517735,0.2598678897097043,0.48734848723488167,6.176030255116811,6.176030255116811
7.18495,1.1341163558424112,1.5963435925549374,0.4622272367125262,6.173547918801828,6.173547918801828
6.61295,0.22089516847960722,-0.3405441885682751,-0.5614393570478824,-6.169265265369372,6.169265265369372
7.33995,0.306743054352828,-0.47148621135625873,-0.7782292657090868,-6.156166925972635,6.156166925972635
6.68195,0.007708033559712377,-0.6237919855198445,-0.6315000190795569,-6.149604914858869,6.149604914858869
6.94895,-0.16686705944378688,-0.39978200709291173,-0.23291494764912485,-6.149211896752457,6.149211896752457
6.61595,0.11879849319303007,-0.3881107357115621,-0.5069092289045922,-6.147845082997779,6.147845082997779
5.93496,0.17996814762505572,0.13585883238160384,-0.04410931524345188,-6.128010129661387,6.128010129661387
7.17495,0.7712657519493566,1.162132001780486,0.3908662498311293,6.117832923157307,6.117832923157307
7.83794,-0.4482777326318957,-0.1565201873707872,0.2917575452611085,6.116657823322232,6.116657823322232
5.75596,-0.19113033029065385,0.1962875235410205,0.3874178538316744,6.107797625888913,6.107797625888913
7.82794,-0.4288555345404271,0.21788872988307448,0.6467442644235015,6.107063892741621,6.107063892741621
7.50795,-0.5928574289043526,-0.3683839844834672,0.22447344442088535,6.106618656113836,6.106618656113836
7.50195,-0.6317001207740749,-0.3981306157353163,0.23356950503875862,6.100769129878751,6.100769129878751
5.62296,0.8499465998706834,0.4856659759900683,-0.36428062388061516,-6.09764234734341,6.09764234734341
7.46995,-0.710954680047132,-0.4805886517369043,0.23036602831022773,6.091637957611285,6.091637957611285
6.80295,-0.3017052000310283,-0.641939301440784,-0.34023410140975574,-6.089460025273658,6.089460025273658
6.66495,0.030316269002270947,-0.4334322540811247,-0.46374852308339565,-6.088868098132188,6.088868098132188
8.24094,-0.7536899265926176,-0.949538824762472,-0.1958488981698544,-6.082386669146483,6.082386669146483
8.23694,-0.7920721955948353,-1.0676633162855986,-0.2755911206907633,-6.070526985001869,6.070526985001869
6.92895,-0.04625564110364071,-0.4547096581961992,-0.40845401709255846,-6.063722841681294,6.063722841681294
7.81394,-0.3863308140848623,0.06805104824957674,0.45438186233443906,6.062934686762961,6.062934686762961
6.70995,-0.02577655123911242,-0.3596773023802409,-0.3339007511411285,-6.062691535808882,6.062691535808882
7.26395,0.5495257500688444,1.1216819080257037,0.5721561579568593,6.060432977368492,6.060432977368492
7.19295,1.3345581702383287,1.6490010302668463,0.3144428600285176,6.0540717373874555,6.0540717373874555
6.21096,0.7487689329668994,1.468358963440033,0.7195900304731335,6.051484010715651,6.051484010715651
8.46594,-0.8723208271428605,-1.0711830464928658,-0.19886221935000525,-6.048000667140816,6.048000667140816
7.19195,1.2752897472912093,1.685889299524854,0.41059955223364475,6.045583072276184,6.045583072276184
7.80694,-0.36685500992648334,0.09478631879051666,0.46164132871700003,6.042837994784112,6.042837994784112
7.03295,-0.4810845423951613,-0.15401251901295718,0.3270720233822041,6.037040063083102,6.037040063083102
8.47394,-0.8931000089008836,-1.2158352153514131,-0.32273520645052955,-6.023839982527464,6.023839982527464
5.76896,-0.2918419089304738,0.2451636708023135,0.5370055797327873,6.023350277561447,6.023350277561447
5.77496,-0.2318395228064052,0.5324194197633847,0.7642589425697899,6.019389129687545,6.019389129687545
8.58694,-0.8922314528804702,-1.1498457606140018,-0.25761430773353156,-6.015577202717412,6.015577202717412
7.85694,-0.6064577350476872,-0.19038630251031985,0.41607143253736734,5.996273916080292,5.996273916080292
7.18095,1.0510053497820642,1.4262790651427875,0.3752737153607233,5.9920077044232665,5.9920077044232665
7.21795,1.3600545295629156,1.1596135400150898,-0.20044098954782585,-5.990510736908625,5.990510736908625
6.91895,-0.07828899240575297,-0.6160135364672928,-0.5377245440615399,-5.983816803644703,5.983816803644703
6.82995,-0.12386099313583965,-0.41397893584470136,-0.2901179427088617,-5.979172294304257,5.979172294304257
8.73494,-0.883636073661195,-1.2676205457319905,-0.38398447207079545,-5.977579838496236,5.977579838496236
5.78896,-0.2387126640332595,0.28851359338982324,0.5272262574230827,5.973332280123746,5.973332280123746
5.75196,-0.17236631130919336,0.2722659172004968,0.4446322285096902,5.9725763770324605,5.9725763770324605
5.84696,0.04042686811465873,0.41395457612167735,0.3735277080070186,5.966935942322466,5.966935942322466
6.46495,1.201269547719173,0.22643710867533295,-0.9748324390438401,-5.964555501293285,5.964555501293285
8.79894,-0.8333576181994291,-1.0727398156441326,-0.23938219744470346,-5.959371161696816,5.959371161696816
6.84195,0.01868501804331521,-0.39647202877267695,-0.4151570468159922,-5.956377837761067,5.956377837761067
5.78096,-0.30090799299127646,0.22148293460254692,0.5223909275938234,5.95233745248772,5.95233745248772
8.47694,-0.8480573557559198,-1.2710042790039262,-0.4229469232480064,-5.947413282712907,5.947413282712907
6.20196,0.7634180238276835,1.5736486542461974,0.8102306304185138,5.938371924930198,5.938371924930198
5.73096,-0.1978097218839996,0.21347782399110943,0.411287545875109,5.938008600928784,5.938008600928784
7.43595,-0.6000267521001763,-0.6757154715172666,-0.07568871941709032,-5.921611185899003,5.921611185899003
5.86396,0.10027359277433182,0.2577056103939857,0.1574320176196539,5.92057443923028,5.92057443923028
6.55795,0.2610513180571686,-0.10042684825037358,-0.36147816630754215,-5.916981301861937,5.916981301861937
8.16694,-0.719422788972721,-0.2801766600517323,0.43924612892098874,5.888432594150028,5.888432594150028
6.20096,0.7943104016101462,1.6208518233347626,0.8265414217246164,5.886367932778444,5.886367932778444
6.02496,0.6828659896407421,0.11930174517538597,-0.5635642444653561,-5.878575459054507,5.878575459054507
7.26995,0.42631049535157595,0.8198586566530773,0.3935481613015014,5.872761151336424,5.872761151336424
8.79394,-0.8369680645212039,-1.1829736066760212,-0.3460055421548174,-5.872609381323558,5.872609381323558
7.13495,0.011458355477758364,0.3384151143698846,0.3269567588921262,5.867636124305209,5.867636124305209
6.62395,0.19063645132021162,-0.43471666958147664,-0.6253531209016883,-5.861381044465724,5.861381044465724
8.38094,-0.5117519435079171,-0.983809692685729,-0.47205774917781196,-5.836301039346347,5.836301039346347
6.88995,-0.10176334221349886,-0.531540731053388,-0.4297773888398891,-5.8357626856750064,5.8357626856750064
8.28794,-0.739827329991571,-1.0908838935428022,-0.35105656355123127,-5.8243277000180305,5.8243277000180305
6.04096,0.8976077561549187,0.06024381677684903,-0.8373639393780697,-5.821394646485458,5.821394646485458
6.95695,-0.1941808525833333,0.004236824916963336,0.19841767750029665,5.819059108960299,5.819059108960299
8.37294,-0.7021086470495724,-0.9950118106182105,-0.2929031635686381,-5.809126233585495,5.809126233585495
8.41694,-0.7045657595716035,-0.43051083843326526,0.27405492113833824,5.808468421132311,5.808468421132311
6.19996,0.7691746909060002,1.7026334724622159,0.9334587815562156,5.80733898141475,5.80733898141475
6.69295,0.019895505489784873,-0.5873822239972619,-0.6072777294870468,-5.790750963110522,5.790750963110522
6.27796,1.3390082777673884,0.7936666542929588,-0.5453416234744296,-5.77909487220434,5.77909487220434
6.61095,0.1816164111952925,-0.20427741804773997,-0.3858938292430325,-5.7765304073646195,5.7765304073646195
5.75896,-0.2375655394209645,0.3459453150484185,0.583510854469383,5.774097039296289,5.774097039296289
7.37595,-0.08955576317339525,-0.397098046411504,-0.3075422832381087,-5.771097685699881,5.771097685699881
6.51195,0.46229803915031653,0.22182112803961432,-0.2404769111107022,-5.759054501613377,5.759054501613377
7.31795,0.5438193168237216,0.24817143371070077,-0.29564788311302087,-5.757992641987476,5.757992641987476
6.67795,0.08639534508911101,-0.5123032809682844,-0.5986986260573954,-5.751925859526231,5.751925859526231
6.54695,0.2977897017094313,-0.16728481251659424,-0.4650745142260255,-5.750514425783975,5.750514425783975
8.85694,-0.9026436733347283,-1.132081970441907,-0.22943829710717867,-5.7448453800329835,5.7448453800329835
8.44294,-0.8005951295302498,-1.069765872079452,-0.26917074254920226,-5.727154352135914,5.727154352135914
5.53596,2.7277611232785817,1.5631286796718857,-1.164632443606696,-5.72493018770676,5.72493018770676
6.12796,0.5630414804388455,0.8643310936274494,0.3012896131886039,5.7232150951614305,5.7232150951614305
6.04396,0.9126869479675768,0.19964067549151937,-0.7130462724760573,-5.722538496260242,5.722538496260242
6.05796,1.09642435573191,0.3095787271561001,-0.7868456285758099,-5.719729560078341,5.719729560078341
7.46195,-0.6183264104037359,-0.4066646033174869,0.21166180708624904,5.691277261452311,5.691277261452311
8.24594,-0.8052238523728426,-1.2439405650707536,-0.438716712697911,-5.688843199573471,5.688843199573471
6.63695,0.18074028798780434,-0.32676100710651496,-0.5075012950943193,-5.684616087907831,5.684616087907831
6.68895,0.03495781136919669,-0.47451915888229984,-0.5094769702514965,-5.672594316727151,5.672594316727151
5.74996,-0.2570386553075865,0.16842973861321842,0.42546839392080493,5.658836380783194,5.658836380783194
8.59294,-0.8762102445493107,-1.346918631778511,-0.47070838722920016,-5.658021315865044,5.658021315865044
8.18494,-0.5877757798789145,-0.6519987572922801,-0.06422297741336558,-5.655920643947453,5.655920643947453
6.72395,-0.11740984648150235,-0.4963254399681075,-0.3789155934866052,-5.6549919937194035,5.6549919937194035
6.49695,0.6374085949586556,0.1194168748560897,-0.5179917201025659,-5.632147747454407,5.632147747454407
8.40794,-0.4600597732315853,0.5307860174183993,0.9908457906499846,5.627005602873304,5.627005602873304
7.14195,0.1111989174377587,0.2764393681260102,0.16524045068825152,5.625080635044164,5.625080635044164
6.63295,0.14243011763536514,-0.4402608832678699,-0.582691000903235,-5.615074720512666,5.615074720512666
5.53896,3.024223418166457,1.8634804298130163,-1.1607429883534408,-5.612177148532933,5.612177148532933
7.42795,-0.5293343509145805,-0.587939883388171,-0.05860553247359057,-5.581228985361949,5.581228985361949
6.05696,1.1092467758831288,0.3202426138312911,-0.7890041620518378,-5.58072246796586,5.58072246796586
8.47994,-0.8696483598890115,-0.9744906645932594,-0.10484230470424794,-5.5768516544200475,5.5768516544200475
5.85396,0.13954804764802584,0.2601017468736339,0.12055369922560807,5.572470160292155,5.572470160292155
6.61195,0.18302505618644577,-0.326566725770327,-0.5095917819567728,-5.56828731422298,5.56828731422298
7.36795,-0.06700457327124675,-0.4746774621932677,-0.4076728889220209,-5.545095268449216,5.545095268449216
6.66695,0.05670559074803549,-0.2662243818714383,-0.3229299726194738,-5.530878902276064,5.530878902276064
8.34494,-0.7816858282756365,-1.0280612245852503,-0.2463753963096138,-5.530160648402244,5.530160648402244
6.71495,-0.1051185874059121,-0.4581383639996597,-0.3530197765937476,-5.51989241758788,5.51989241758788
8.29694,-0.8257728029781093,-1.1423407445531215,-0.3165679415750122,-5.517989967949273,5.517989967949273
6.63495,0.21319375662342738,-0.4191669670814172,-0.6323607237048445,-5.500660547246036,5.500660547246036
7.38795,-0.12653825681874184,-0.6104729205834216,-0.48393466376467975,-5.482485118651254,5.482485118651254
6.03196,0.7469375429532036,0.360282558098566,-0.38665498485463756,-5.481250354463372,5.481250354463372
8.46394,-0.8752481970852767,-1.1077860100108794,-0.23253781292560272,-5.475981296709599,5.475981296709599
7.45495,-0.6223238397560272,-0.4019838622363723,0.22033997751965495,5.469350877709665,5.469350877709665
7.25095,0.7365203332036552,1.0760833588619476,0.33956302565829244,5.468152757260272,5.468152757260272
7.21995,1.3426373959400202,0.9782734994990098,-0.3643638964410104,-5.44421487149593,5.44421487149593
6.61695,0.12578026716852106,-0.32254798035325943,-0.44832824752178047,-5.439655099642822,5.439655099642822
8.39494,0.7671945881596711,0.04699311008834395,-0.7202014780713272,-5.43938494757682,5.43938494757682
6.97795,-0.4218446350454951,-0.17468909010685857,0.2471555449386365,5.432388399223478,5.432388399223478
7.25295,0.6800692790758167,1.1090716101861136,0.42900233111029684,5.428779809269292,5.428779809269292
7.48795,-0.6180618966753271,-0.48828435133145015,0.12977754534387692,5.421388502176691,5.421388502176691
7.01295,-0.4465955872455607,-0.5119866743463488,-0.06539108710078811,-5.419268411859033,5.419268411859033
7.42995,-0.5631619439259892,-0.6935785610389685,-0.13041661711297936,-5.413315197272623,5.413315197272623
7.83894,-0.4927865017809278,-0.012773585407025882,0.4800129163739019,5.398813400530027,5.398813400530027
6.60995,0.19337964229365343,-0.20007878250457248,-0.3934584247982259,-5.389102318058217,5.389102318058217
7.80894,-0.40760097870877693,-0.11650542772116623,0.2910955509876107,5.378583005268768,5.378583005268768
6.54895,0.33125723631154036,-0.039944190053127056,-0.3712014263646674,-5.368450240855347,5.368450240855347
5.79896,-0.21692941665895973,0.3312518895485938,0.5481813062075536,5.359506768307474,5.359506768307474
6.08396,1.1915996555880466,0.8301051982357175,-0.3614944573523291,-5.358723099197356,5.358723099197356
8.90794,-0.917412479809379,-1.2435263860444215,-0.32611390623504244,-5.358698920048963,5.358698920048963
6.96195,-0.3705483377530121,-0.1802333037932519,0.1903150339597602,5.358506586330964,5.358506586330964
6.48195,1.0439270891279397,0.06775243064025122,-0.9761746584876885,-5.355165984032606,5.355165984032606
5.74296,-0.2405429516489077,0.009647919910042824,0.25019087155895053,5.339074115067969,5.339074115067969
7.17795,0.9695385334694162,1.437461035381146,0.4679225019117297,5.338953793020584,5.338953793020584
7.47395,-0.6043301452969031,-0.4362673224684562,0.16806282282844692,5.338059236231862,5.338059236231862
8.33494,-0.8106949142701612,-1.0482549705807003,-0.2375600563105391,-5.332827674343339,5.332827674343339
8.61094,-0.9238825448800843,-1.1384187800238956,-0.21453623514381137,-5.327471121727264,5.327471121727264
6.89095,-0.14705220732898922,-0.6384602264020154,-0.49140801907302617,-5.326723102993208,5.326723102993208
6.52095,0.371448458351877,-0.018699166160750576,-0.3901476245126276,-5.3237233723161035,5.3237233723161035
5.78796,-0.272249952770651,0.07135383096476744,0.34360378373541844,5.312346178203535,5.312346178203535
6.68595,0.07129800580181347,-0.34794846615853947,-0.4192464719603529,-5.3120268525578975,5.3120268525578975
6.50495,0.48786393924844784,0.4159369653112963,-0.07192697393715153,-5.309934955867559,5.309934955867559
5.78696,-0.29222939427471056,0.14564485524142842,0.43787424951613896,5.302644014746623,5.302644014746623
5.64996,0.07701490680721026,-0.22584624416709587,-0.3028611509743061,-5.300278174518422,5.300278174518422
7.00195,-0.37943860280228486,-0.3030334994739623,0.07640510332832257,5.285988480749456,5.285988480749456
8.20794,-0.8481794827071525,-0.966557869812514,-0.11837838710536153,-5.280127133392503,5.280127133392503
7.46095,-0.6250772390582191,-0.35157505110070975,0.27350218795750936,5.274408072008217,5.274408072008217
5.80096,-0.19934904526630542,0.1997989788024871,0.3991480240687925,5.256205066401649,5.256205066401649
6.04296,0.8942853291063997,0.18595103689533093,-0.7083342922110687,-5.242367261331048,5.242367261331048
7.33895,0.28811822617349586,-0.39048888317860037,-0.6786071093520962,-5.2412426086770125,5.2412426086770125
7.25695,0.588466264685364,0.8343290183965388,0.24586275371117483,5.239087715462351,5.239087715462351
8.41794,-0.7154346962795946,-0.30929007805971037,0.4061446182198842,5.228258069052885,5.228258069052885
5.83996,-0.0508745765167124,0.10665187150805384,0.15752644802476623,5.226354358104287,5.226354358104287
5.56896,3.359291921039484,2.020308641746749,-1.338983279292735,-5.2171533794017995,5.2171533794017995
5.76496,-0.35133887201541214,0.1821661486421929,0.5335050206576051,5.213802248425452,5.213802248425452
6.62295,0.13297403807020133,-0.506813034319721,-0.6397870723899224,-5.199866942076612,5.199866942076612
5.73896,-0.24862631192307771,0.22954920785685806,0.4781755197799358,5.190364927635171,5.190364927635171
5.56796,3.407204666575293,2.0249821872228195,-1.3822224793524733,-5.188633855047178,5.188633855047178
7.17895,1.0312522045195656,1.4850923429698288,0.4538401384502633,5.183734886177734,5.183734886177734
5.77996,-0.2781268826700415,0.09785524434177781,0.3759821270118193,5.17441360251424,5.17441360251424
7.27195,0.4868085667385244,0.73072669697319,0.24391813023466563,5.172506831597223,5.172506831597223
7.38295,-0.13462558670447988,-0.4535475679815949,-0.318921981277115,-5.17239834234729,5.17239834234729
6.54195,0.3361408014488666,0.00746405377919218,-0.3286767476696744,-5.170391768896371,5.170391768896371
5.78396,-0.21206245019442807,0.3739901857073643,0.5860526359017924,5.1697962335533685,5.1697962335533685
7.52695,-0.6396809352200042,-0.43119801871496616,0.20848291650503809,5.167888892542588,5.167888892542588
5.78196,-0.2621104709042684,0.1967840202890558,0.45889449119332426,5.167021682179992,5.167021682179992
5.89896,0.5254365014322034,0.912009172648918,0.38657267121671457,5.1641403099516,5.1641403099516
8.00894,-0.7056432965999941,-0.3224220572649896,0.3832212393350045,5.1613790410286065,5.1613790410286065
6.04596,0.9906710149709985,0.42264686701481574,-0.5680241479561827,-5.160253620138665,5.160253620138665
8.23994,-0.7566808637311886,-0.9656890005034524,-0.20900813677226382,-5.158706638142606,5.158706638142606
6.80195,-0.2874874077850898,-0.46727678240552534,-0.17978937462043554,-5.157557572830164,5.157557572830164
8.91994,-0.9149667912266941,-1.113643232516686,-0.19867644128999196,-5.156126896377339,5.156126896377339
7.02795,-0.4992171335120498,-0.30694071301284803,0.1922764204992018,5.152899586520434,5.152899586520434
7.17295,0.8514419074889452,1.2347464500818972,0.383304542592952,5.142360406669755,5.142360406669755
5.76596,-0.2639132193089377,0.270877165427007,0.5347903847359448,5.129582419861083,5.129582419861083
6.00296,0.48222909192904695,0.248628354630994,-0.23360073729805295,-5.119918717744699,5.119918717744699
5.87396,0.02537638024964093,0.2884380395368612,0.26306165928722025,5.115360748500686,5.115360748500686
7.19795,1.4117107644330145,1.51345382025071,0.1017430558176955,5.103919803978603,5.103919803978603
5.81196,-0.09501672062651625,0.4018695574502984,0.4968862780768146,5.099534918325271,5.099534918325271
6.76695,-0.23554072230306683,-0.4258336951546727,-0.19029297285160585,-5.099432656741353,5.099432656741353
7.34095,0.2634453380493399,-0.3692330658786579,-0.6326784039279978,-5.096989923624042,5.096989923624042
5.88296,-0.029812215989783605,0.5021690961584563,0.5319813121482398,5.087024443192588,5.087024443192588
7.33595,0.308475187552537,-0.27421510127278764,-0.5826902888253247,-5.08359160375237,5.08359160375237
6.90595,-0.08985687421291068,-0.49276001766881117,-0.4029031434559005,-5.080554746785179,5.080554746785179
6.78895,-0.2842228256287904,-0.6688112884775596,-0.38458846284876913,-5.077433549224079,5.077433549224079
5.82496,-0.04828564333481423,0.4169407522149326,0.4652263955497468,5.064383269896042,5.064383269896042
5.77596,-0.2573301312526578,0.3519392540500611,0.6092693853027189,5.054352391427799,5.054352391427799
8.36494,-0.7726804594576343,-0.9458240936585128,-0.17314363420087853,-5.05348432483966,5.05348432483966
8.38494,-0.2401070432653315,-0.6049754783298142,-0.36486843506448274,-5.051254555847616,5.051254555847616
6.90495,-0.03663108223866292,-0.45895146736963044,-0.42232038513096753,-5.04391456863953,5.04391456863953
5.99396,0.4993850823745422,0.2477576864206715,-0.25162739595387074,-5.041120181313086,5.041120181313086
5.76796,-0.2619471942457077,0.3046533355034898,0.5666005297491975,5.040269720481966,5.040269720481966
8.37194,-0.7428263440857175,-1.0932289412266383,-0.3504025971409208,-5.033201341117599,5.033201341117599
7.81294,-0.3711132017548149,0.1869332369838353,0.5580464387386501,5.027452594353655,5.027452594353655
6.95795,-0.19075660066054767,-0.027916736222099874,0.1628398644384478,5.008498698160882,5.008498698160882
6.77295,-0.25380411276655557,-0.6332614017577336,-0.37945728899117803,-4.998194168764034,4.998194168764034
6.53695,0.29831938263996494,0.046967925470690064,-0.2513514571692749,-4.991643712867861,4.991643712867861
7.37495,-0.11170296618092776,-0.5339944323733882,-0.4222914661924604,-4.988597620720706,4.988597620720706
7.33495,0.3142124843064972,0.04092001943121744,-0.27329246487527975,-4.962166132378642,4.962166132378642
6.70195,-0.015388541850379356,-0.5515193284580225,-0.5361307866076432,-4.95840337130865,4.95840337130865
6.67695,0.07176602517573756,-0.47745496574024726,-0.5492209909159849,-4.953578082087519,4.953578082087519
7.17395,0.7822224715724124,1.1104279817369054,0.32820551016449295,4.950326138126539,4.950326138126539
7.32495,0.25094386619360964,-0.08829505814620875,-0.3392389243398184,-4.9393000049114875,4.9393000049114875
6.66795,0.048440895781869595,-0.20573093026662573,-0.2541718260484953,-4.9390827619538795,4.9390827619538795
5.74096,-0.23545087896420602,0.11643429656535652,0.35188517552956255,4.937764021701179,4.937764021701179
7.26695,0.5140867065762563,0.9216656746179509,0.4075789680416946,4.918802150591407,4.918802150591407
8.24894,-0.86023798025693,-1.0101402104429444,-0.14990223018601445,-4.882252619082562,4.882252619082562
6.55695,0.2509456663219295,-0.14670178428826477,-0.39764745061019424,-4.8731215890860415,4.8731215890860415
6.02096,0.5756451098030886,0.12295351473521017,-0.4526915950678784,-4.869456856796048,4.869456856796048
6.52195,0.37543722323365447,-0.0483918303747696,-0.42382905360842404,-4.866705177675974,4.866705177675974
6.92195,-0.09287627545923269,-0.6217520314898738,-0.5288757560306411,-4.851613572897032,4.851613572897032
5.99296,0.4550344758014345,0.10491773069245264,-0.3501167451089819,-4.844397553332765,4.844397553332765
7.37395,-0.07240950983723396,-0.40826922324229636,-0.3358597134050624,-4.838935044671121,4.838935044671121
5.52796,2.153203624729727,1.2459751917530417,-0.9072284329766853,-4.8241475565208,4.8241475565208
7.26895,0.4249436108214988,0.8184591114720217,0.3935155006505229,4.8179067940315425,4.8179067940315425
8.31194,-0.7864796172037156,-1.056058964031158,-0.26957934682744233,-4.817102621916246,4.817102621916246
8.41894,-0.6928985977722877,-0.438260505065641,0.25463809270664667,4.813758009339732,4.813758009339732
6.62195,0.18312704862670146,-0.4282118426217109,-0.6113388912484123,-4.813221387302091,4.813221387302091
6.90795,-0.11556298119041376,-0.568252707987818,-0.45268972679740427,-4.81309634752308,4.81309634752308
7.23895,0.9888206213960071,0.7698060279670925,-0.2190145934289146,-4.808820093599727,4.808820093599727
5.65496,0.07150198162457136,-0.22426321105741837,-0.29576519268198975,-4.806580979316971,4.806580979316971
6.51695,0.4532720936385315,0.20244696145867477,-0.2508251321798567,-4.804294217436055,4.804294217436055
7.35995,-0.013179124536836069,-0.33449988033132466,-0.3213207557944886,-4.799510456766279,4.799510456766279
5.90796,0.4935791045396599,0.7380374316978826,0.2444583271582227,4.798869517556674,4.798869517556674
8.24994,-0.7861626337359258,-1.0661418055990473,-0.2799791718631215,-4.7899574268257386,4.7899574268257386
6.02696,0.7547795222568019,0.353353190441205,-0.4014263318155969,-4.789491813199986,4.789491813199986
5.71496,-0.17755930044150964,0.12493590392482913,0.30249520436633875,4.787905364334671,4.787905364334671
5.70696,-0.1652026196826416,0.10611220112975475,0.27131482081239633,4.763554498920645,4.763554498920645
6.48995,0.9085734904158442,0.19340928152342515,-0.715164208892419,-4.752634204471475,4.752634204471475
7.37995,-0.07874066388828115,-0.5181317210539151,-0.439391057165634,-4.751978364623143,4.751978364623143
8.34594,-0.802125907620093,-0.9910725766368789,-0.18894666901678592,-4.739683530459473,4.739683530459473
7.27395,0.4443991012020017,0.641965310953068,0.19756620975106626,4.733566734830207,4.733566734830207
6.03396,0.7699068367590847,0.4269894146588629,-0.34291742210022175,-4.732618259197001,4.732618259197001
6.00496,0.4969648172834505,0.28729393833486705,-0.20967087894858344,-4.730351933944632,4.730351933944632
7.20995,1.3071197040486138,1.4416380841091812,0.13451838006056738,4.728185400032733,4.728185400032733
5.99196,0.4417029015709566,0.0729872333097529,-0.3687156682612037,-4.718639590180185,4.718639590180185
7.33795,0.3268397849655631,-0.18974589366140482,-0.5165856786269679,-4.715991799353443,4.715991799353443
7.40595,-0.38517811266301794,-0.6568090192641866,-0.2716309066011686,-4.71270504871723,4.71270504871723
6.25496,1.4086090505866342,0.8695371138767751,-0.5390719367098591,-4.705755067641233,4.705755067641233
6.51995,0.41604502631149365,0.12489273029456516,-0.2911522960169285,-4.684432637521268,4.684432637521268
8.29094,-0.7235209909597178,-0.9649039599931531,-0.24138296903343537,-4.674714226950075,4.674714226950075
7.41095,-0.4402037425064387,-0.6395719473813116,-0.19936820487487295,-4.670652303087616,4.670652303087616
6.00896,0.5819154081484376,0.27918808925281385,-0.3027273188956237,-4.669931113469481,4.669931113469481
5.67096,-0.08063676243125532,0.3574474897112344,0.43808425214248975,4.666526419044277,4.666526419044277
6.70295,-0.03956406429280415,-0.5675403430884632,-0.5279762787956591,-4.66438355034476,4.66438355034476
6.69695,0.019151145316639112,-0.39348225487689964,-0.4126334001935388,-4.662602533132491,4.662602533132491
8.90894,-0.8955073836509292,-1.122040863383273,-0.22653347973234383,-4.6614943799028685,4.6614943799028685
5.79696,-0.24485718252271482,0.22474973929251763,0.46960692181523245,4.64420669639291,4.64420669639291
7.31895,0.46567262792873443,0.14629245969538746,-0.319380168233347,-4.643275036416689,4.643275036416689
5.56596,3.458747857210394,2.1955612003956144,-1.2631866568147796,-4.619457298132881,4.619457298132881
7.20395,1.3994150668910823,1.5911699525283094,0.1917548856372271,4.6162676770811295,4.6162676770811295
6.54995,0.3447107293765174,-0.07340375350767422,-0.4181144828841916,-4.608199953971485,4.608199953971485
5.62896,0.6534111082747662,0.4674395084136452,-0.18597159986112105,-4.6077363583695226,4.6077363583695226
5.53396,2.5206777215762965,1.6818237826750007,-0.8388539389012959,-4.600007472131568,4.600007472131568
6.99695,-0.424347176657742,-0.3612387486747865,0.06310842798295552,4.5998448686788915,4.5998448686788915
8.35294,-0.8471890672606646,-1.102537535691794,-0.25534846843112935,-4.598079408225546,4.598079408225546
7.46595,-0.6237461137369328,-0.8653340556364557,-0.24158794189952293,-4.591290250266077,4.591290250266077
8.90594,-0.9281351724980489,-1.101646360007096,-0.17351118750904715,-4.566439673180808,4.566439673180808
7.23995,0.969181385179714,0.7552061453328395,-0.2139752398468745,-4.556342702422339,4.556342702422339
5.81096,-0.12862981365209233,0.23504305230794342,0.3636728659600358,4.554931184209373,4.554931184209373
5.71196,-0.18901904338136077,0.20222749550483318,0.391246538886194,4.5465038477857025,4.5465038477857025
6.90395,-0.06187613119373239,-0.3586159506362526,-0.29673981944252026,-4.544397799666532,4.544397799666532
5.92396,0.5770688219497451,0.3727957152700622,-0.20427310667968285,-4.540165518275988,4.540165518275988
7.46795,-0.572393763028,-0.45960986523115543,0.11278389779684461,4.538019053802432,4.538019053802432
7.21195,1.3691126016388322,1.528776861191884,0.15966425955305175,4.530723223478967,4.530723223478967
8.36594,-0.7059967342458644,-0.8806196794314008,-0.17462294518553645,-4.52810608773551,4.52810608773551
6.10496,0.8118173902204977,0.9944744042555503,0.18265701403505263,4.525090293274813,4.525090293274813
5.76096,-0.24274997567829776,0.2906434924828438,0.5333934681611416,4.498371008123622,4.498371008123622
7.52495,-0.577289465487051,-0.43561252240945325,0.1416769430775977,4.497948120284387,4.497948120284387
5.92296,0.6332175205548609,0.32297694374800673,-0.3102405768068542,-4.494567683332579,4.494567683332579
7.35595,0.05477453172398787,-0.33194184273818667,-0.38671637446217455,-4.4850527441537595,4.4850527441537595
6.70095,0.016713167913827015,-0.4814917001699249,-0.49820486808375186,-4.48042921880015,4.48042921880015
6.95395,-0.25795412896880787,-0.16668397949542127,0.0912701494733866,4.480343860787291,4.480343860787291
8.29194,-0.8095388776905945,-1.071326239033241,-0.26178736134264646,-4.475199275064203,4.475199275064203
6.69195,0.062226682725488064,-0.5599130017418352,-0.6221396844673233,-4.470887015406861,4.470887015406861
7.51095,-0.6281887848784895,-0.39635689909197314,0.23183188578651637,4.467597490717638,4.467597490717638
7.80594,-0.3528722050310622,-0.05922841157101657,0.29364379346004565,4.4628534839575345,4.4628534839575345
7.18295,1.0889571036993944,1.3730927504601453,0.284135646760751,4.455605277305987,4.455605277305987
7.26095,0.5467423108507969,0.8577435172096778,0.31100120635888084,4.449999594903357,4.449999594903357
8.78094,-0.8831466168585385,-0.9892715166943685,-0.10612489983583007,-4.449225813706177,4.449225813706177
6.92795,-0.09688410943711757,-0.3911220964224713,-0.29423798698535375,-4.436172258446679,4.436172258446679
6.51295,0.45520692445438704,0.1491814951205489,-0.30602542933383814,-4.429370046234704,4.429370046234704
6.00396,0.457958104037931,0.25800063020078934,-0.19995747383714169,-4.415490846064347,4.415490846064347
5.81496,-0.08650569257149428,0.21112845894424725,0.2976341515157415,4.372438241794526,4.372438241794526
6.03996,0.8686134176455329,0.33012217955668766,-0.5384912380888452,-4.36887008784948,4.36887008784948
5.66996,-0.08087536105523224,0.23618715350993777,0.31706251456517,4.367021376872392,4.367021376872392
8.29394,-0.8789702602533237,-0.990118079627794,-0.11114781937447027,-4.360854191868681,4.360854191868681
7.36195,-0.021359946647577017,-0.4219444706283968,-0.4005845239808198,-4.357356406640494,4.357356406640494
8.36394,-0.8368915832116601,-1.0740206333419626,-0.2371290501303025,-4.356216394377528,4.356216394377528
8.67194,-0.8422454064079848,-1.1093434987226507,-0.26709809231466586,-4.347200026718004,4.347200026718004
6.01196,0.5894118147892422,0.20957780605726767,-0.37983400873197454,-4.347174399753663,4.347174399753663
5.93196,0.2568526358972521,0.3868055582907082,0.12995292239345607,4.3424834092529006,4.3424834092529006
7.82894,-0.4473976800524544,0.1886745734044805,0.6360722534569349,4.335739818214888,4.335739818214888
6.92995,-0.06720001048872758,-0.31610071823384556,-0.24890070774511797,-4.3350753502441775,4.3350753502441775
6.03296,0.7328674589287846,0.489616363159218,-0.24325109576956655,-4.331120833275017,4.331120833275017
7.50895,-0.623342438175557,-0.40132186657232527,0.22202057160323174,4.327616046743259,4.327616046743259
8.35994,-0.8224823858596367,-1.0250710909092209,-0.20258870504958415,-4.324947014754356,4.324947014754356
5.56996,3.293657201088413,1.982923875740706,-1.3107333253477071,-4.324438189850218,4.324438189850218
8.35894,-0.792818539348165,-1.0331898920803533,-0.24037135273218824,-4.3148070053082055,4.3148070053082055
7.81094,-0.45046422545317333,-0.12375499980298496,0.32670922565018834,4.310620126221978,4.310620126221978
5.66796,-0.0638758361819551,0.22529300747333883,0.28916884365529394,4.310056295373092,4.310056295373092
6.60095,0.1203830829288487,-0.14443876650193016,-0.26482184943077886,-4.305290170892083,4.305290170892083
7.18195,1.07525366547193,1.3182190663946878,0.24296540092275776,4.2943815184266345,4.2943815184266345
6.51595,0.4312799004027565,0.08726331371702649,-0.34401658668573,-4.28999141317195,4.28999141317195
6.49395,0.7354158422720507,0.20614910025380692,-0.5292667420182438,-4.28422780430683,4.28422780430683
6.51895,0.4001337084530365,0.09074238875579499,-0.3093913196972415,-4.281712142455345,4.281712142455345
5.57096,3.2814414687207214,1.935932977000938,-1.3455084917197835,-4.275739924428203,4.275739924428203
6.80795,-0.20236356315792758,-0.44619725742916055,-0.24383369427123297,-4.269343131331929,4.269343131331929
6.61995,0.15177417826918022,-0.26430315532469323,-0.41607733359387344,-4.265630389095348,4.265630389095348
5.77896,-0.21884662696800522,0.20156549984078617,0.42041212680879136,4.263033983498338,4.263033983498338
5.88596,0.1406092868541646,0.769514605962811,0.6289053191086463,4.26006304539374,4.26006304539374
6.89195,-0.13367295682794597,-0.5534045769795475,-0.4197316201516015,-4.257814492561094,4.257814492561094
6.94995,-0.20122879240528463,-0.4391851403137936,-0.23795634790850895,-4.256454323893069,4.256454323893069
7.53995,-0.6681294611479691,-0.5829965027229509,0.08513295842501822,4.252991961225836,4.252991961225836
5.72496,-0.22426800718447232,0.07335061136447439,0.2976186185489467,4.243769525480276,4.243769525480276
7.36895,-0.08108323350041577,-0.5017545239737969,-0.42067129047338114,-4.239369033389438,4.239369033389438
8.40594,-0.2777140849949632,0.6527515229140072,0.9304656079089704,4.235888367696824,4.235888367696824
5.73696,-0.23319379728763587,0.12051420462529798,0.35370800191293383,4.233012128489836,4.233012128489836
7.46295,-0.6034434294200957,-0.395166026457193,0.20827740296290265,4.22316295338448,4.22316295338448
7.80794,-0.414531262082751,0.026010725780073015,0.440541987862824,4.22123435261111,4.22123435261111
5.56696,3.4244166666680687,2.237475599776848,-1.1869410668912206,-4.21867911689216,4.21867911689216
7.25195,0.67930035010234,0.9997415871477501,0.32044123704541005,4.2170968491301295,4.2170968491301295
7.44595,-0.6290611215228662,-0.6872716132179125,-0.05821049169504633,-4.211996663701852,4.211996663701852
7.24595,0.7989673608079508,0.6690243837209873,-0.12994297708696356,-4.211571630634922,4.211571630634922
6.60295,0.17904325933725163,-0.26843703042246475,-0.4474802897597164,-4.199131456462278,4.199131456462278
7.81194,-0.4198630902598861,0.03707396853520555,0.45693705879509167,4.190726913678707,4.190726913678707
6.77095,-0.30485546339554714,-0.504298170356847,-0.19944270696129984,-4.1753580964994415,4.1753580964994415
6.49095,0.8685744243649853,0.262623806441552,-0.6059506179234333,-4.1681283600560075,4.1681283600560075
5.95396,0.08050394024995522,0.18803416455556565,0.10753022430561043,4.166474183059432,4.166474183059432
6.67595,0.07897624827186829,-0.5459751147716293,-0.6249513630434976,-4.164082755403454,4.164082755403454
5.95496,0.08596412187931246,0.25791068513773946,0.171946563258427,4.155795912992786,4.155795912992786
5.81796,-0.11361090690158006,0.18748010296717837,0.3010910098687584,4.1546563604104705,4.1546563604104705
5.99596,0.5204895123773035,0.32328995256742027,-0.19719955980988318,-4.149824625678133,4.149824625678133
6.71695,-0.12683181059374646,-0.3388676125930258,-0.21203580199927932,-4.148179885627975,4.148179885627975
6.25096,1.318436657021131,1.0606271992274598,-0.25780945779367115,-4.143166116822377,4.143166116822377
6.48395,1.0200201003331364,0.21638484842888095,-0.8036352519042554,-4.141656915540165,4.141656915540165
7.50395,-0.6760219350790144,-0.73963762892554,-0.06361569384652555,-4.139415921688122,4.139415921688122
6.61795,0.12244005790952789,-0.3093872187278042,-0.4318272766373321,-4.131173295891297,4.131173295891297
6.02396,0.6866188777093789,0.32404189329451716,-0.36257698441486175,-4.128120877683613,4.128120877683613
8.21794,-0.7931606584832053,-0.9353177907337851,-0.1421571322505798,-4.096463073373509,4.096463073373509
6.01296,0.6097153417166482,0.26056586339897114,-0.34914947831767706,-4.089564650805157,4.089564650805157
5.52696,2.0418933521261855,1.1707631300307504,-0.8711302220954351,-4.08672699137035,4.08672699137035
6.96095,-0.3217730922792214,-0.10862624019799877,0.21314685208122264,4.079792714734961,4.079792714734961
5.80996,-0.08165693558752694,0.3110862064128155,0.39274314200034244,4.07796026622609,4.07796026622609
7.29195,0.3240978938917326,-0.007527989329958099,-0.3316258832216907,-4.073245353294355,4.073245353294355
8.40694,-0.36924841345318904,0.35399359929012003,0.723242012743309,4.069584750527057,4.069584750527057
7.13895,0.04687981410984117,0.3366234087139314,0.28974359460409027,4.061094527896499,4.061094527896499
6.95595,-0.24333874351538398,-0.07906669467729337,0.1642720488380906,4.058569865529184,4.058569865529184
7.25395,0.7163592660506347,0.9843753725763122,0.26801610652567753,4.053338736613444,4.053338736613444
7.27295,0.46011486666251455,0.7957965533859795,0.335681686723465,4.048513584545638,4.048513584545638
7.33695,0.339288055123533,-0.21089017908316557,-0.5501782342066985,-4.043862750584778,4.043862750584778
6.49795,0.6160819385534548,0.2519203439386188,-0.36416159461483605,-4.043841051734493,4.043841051734493
5.57196,3.2973431231559154,1.9671834897069806,-1.3301596334489347,-4.040351448743256,4.040351448743256
7.17995,1.06198400416981,1.417892587464019,0.3559085832942088,4.039841476213217,4.039841476213217
6.97695,-0.3795655862658136,-0.2007227891560096,0.178842797109804,4.030260090643373,4.030260090643373
6.00796,0.5518515543672853,0.21637765282383695,-0.33547390154344836,-4.023447480127376,4.023447480127376
8.36994,-0.7143106278228464,-1.0931073355013947,-0.37879670767854834,-4.005747424986043,4.005747424986043
7.26495,0.5543917808530511,0.977539547784523,0.42314776693147194,4.004553510588326,4.004553510588326
7.30995,0.9534382591484885,0.6747448897309581,-0.2786933694175303,-4.00413775926436,4.00413775926436
8.42694,-0.680101190068523,-1.1748828683645605,-0.4947816782960375,-3.9886033942549894,3.9886033942549894
6.80695,-0.21288331852307316,-0.47230291252875134,-0.25941959400567816,-3.97689827733939,3.97689827733939
5.52596,1.9600445148904329,1.1027718579701014,-0.8572726569203315,-3.9752235653740375,3.9752235653740375
8.17394,-0.6001915508128678,-0.537257639260837,0.06293391155203076,3.973766902034956,3.973766902034956
7.02195,-0.4593818054243886,-0.3998035939080437,0.0595782115163449,3.9696643316293265,3.9696643316293265
5.80296,-0.1738685601903935,0.1809428957847148,0.3548114559751083,3.950270650345484,3.950270650345484
6.65595,0.17509793769910753,-0.08672281844409736,-0.2618207561432049,-3.95002968341388,3.95002968341388
5.65196,0.09813833506799877,0.1759347546740987,0.07779641960609993,3.948475793811401,3.948475793811401
6.00996,0.6544250855580239,0.3030127375534603,-0.3514123480045636,-3.943161054062338,3.943161054062338
6.48595,1.0691921614783408,0.4902135983778691,-0.5789785631004718,-3.942616236622068,3.942616236622068
5.73796,-0.23980217352275834,0.09638734091280404,0.3361895144355624,3.9399588374025756,3.9399588374025756
5.87896,0.03137660600806488,0.3486472647424363,0.31727065873437144,3.939288618214499,3.939288618214499
7.35495,0.051902329628959194,-0.3024938290956632,-0.3543961587246224,-3.937272695765259,3.937272695765259
6.48295,1.0841637160767803,0.2785512782064209,-0.8056124378703594,-3.9356283935956933,3.9356283935956933
5.89596,0.5228306783481358,0.8126486603990006,0.28981798205086484,3.9319006173638837,3.9319006173638837
6.66895,0.07797102319904943,-0.23730164739712586,-0.3152726705961753,-3.9237774574858073,3.9237774574858073
5.72996,-0.22806297463701253,0.1380319051048884,0.3660948797419009,3.9191659859827053,3.9191659859827053
6.01096,0.6166939625209628,0.2381695426995565,-0.3785244198214063,-3.9177607666468273,3.9177607666468273
5.58796,2.221645760570909,1.191828263797027,-1.029817496773882,-3.9154732595602675,3.9154732595602675
8.00794,-0.7028952628866856,-0.35144912801243994,0.35144613487424564,3.913590779299823,3.913590779299823
6.71595,-0.10294276334963177,-0.35340273478188283,-0.25045997143225107,-3.906213174152295,3.906213174152295
6.69495,0.020102999943727662,-0.5554589222196064,-0.575561922163334,-3.889561922724627,3.889561922724627
6.80395,-0.2801165306588162,-0.5389522042486963,-0.2588356735898801,-3.886939082977437,3.886939082977437
6.02796,0.7696446306783069,0.3618224175779795,-0.4078222131003274,-3.871348508465732,3.871348508465732
5.53296,2.460410363552459,1.6065325692972252,-0.8538777942552336,-3.869104030516606,3.869104030516606
6.66595,0.07064754445986451,-0.23956466518346028,-0.3102122096433248,-3.8687819692479803,3.8687819692479803
5.68596,-0.2628562887112538,-0.05139959328315687,0.21145669542809695,3.8674201471597702,3.8674201471597702
6.01796,0.5855752151593325,0.22200461596823612,-0.3635705991910964,-3.863978368697666,3.863978368697666
6.60495,0.16149013041080226,-0.28641884742739243,-0.4479089778381947,-3.8516855014332156,3.8516855014332156
6.99795,-0.4181449257356392,-0.5449425454478168,-0.12679761971217762,-3.8268796555160587,3.8268796555160587
6.60395,0.17448902753071607,-0.3453004835023516,-0.5197895110330677,-3.8260876149088867,3.8260876149088867
7.19495,1.363566735437157,1.6736459775425077,0.31007924210535065,3.8096645566118013,3.8096645566118013
7.24195,0.9830889594173917,0.8163723860092649,-0.16671657340812684,-3.7942654687554844,3.7942654687554844
7.52395,-0.5809022255893445,-0.454724049406287,0.12617817618305743,3.784530571233334,3.784530571233334
5.59496,1.9118739314746316,1.1128493028342077,-0.7990246286404239,-3.7751522097827905,3.7751522097827905
6.48895,0.9521925558945104,0.2985442668211433,-0.653648289073367,-3.769640221735803,3.769640221735803
5.93296,0.223901976523651,0.39952379020595813,0.17562181368230714,3.7619941568803577,3.7619941568803577
7.00795,-0.40474752890474464,-0.49486832994669977,-0.09012080104195513,-3.7567326641537666,3.7567326641537666
6.60895,0.23277594798148885,-0.12729523748462732,-0.36007118546611616,-3.749322412265023,3.749322412265023
5.91196,0.6805914406312918,0.8375094758259818,0.15691803519468994,3.7402736890652823,3.7402736890652823
7.19595,1.3597941843293613,1.6152608382155835,0.25546665388622225,3.734808504991886,3.734808504991886
7.00495,-0.39528629993006725,-0.5573945399764392,-0.16210824004637192,-3.7229750967501585,3.7229750967501585
8.33794,-0.8062707127139324,-1.0582583007128532,-0.25198758799892085,-3.717695279359184,3.717695279359184
7.27995,0.3834768781371304,0.4860293540447898,0.10255247590765942,3.7145823812370526,3.7145823812370526
6.03096,0.7603847437041608,0.4440717810332919,-0.31631296267086884,-3.712411174655343,3.712411174655343
5.59596,1.8799553043107906,1.0045050776868705,-0.8754502266239201,-3.706854668735936,3.706854668735936
8.29594,-0.8842817886882521,-1.0364160416018258,-0.15213425291357363,-3.7042365710070864,3.7042365710070864
7.35295,0.09401489412632161,-0.2850516824690346,-0.37906657659535625,-3.7030407873910267,3.7030407873910267
5.58896,2.193945237733329,1.2580889928445966,-0.9358562448887322,-3.692084392421377,3.692084392421377
7.33195,0.3289004277694795,0.0858565729309266,-0.24304385483855287,-3.684562532280618,3.684562532280618
6.92295,-0.11873663784982412,-0.46195923027801766,-0.34322259242819353,-3.6834004347476923,3.6834004347476923
8.18194,-0.6423864814634037,-0.9555431973914285,-0.31315671592802474,-3.68328917428142,3.68328917428142
6.78395,-0.2582207668358599,-0.5139762591410116,-0.2557554923051517,-3.6767749352648,3.6767749352648
8.39594,0.8043835185359854,0.18248995086917233,-0.6218935676668131,-3.6740945057687915,3.6740945057687915
5.57296,3.221033538704172,1.9864317331996502,-1.234601805504522,-3.6682853140967744,3.6682853140967744
6.68995,0.029561514892023882,-0.47348658955848755,-0.5030481044505114,-3.662709237347265,3.662709237347265
6.60695,0.17380141710779473,-0.33907628513930144,-0.5128777022470962,-3.6626697185449864,3.6626697185449864
5.71096,-0.18381097573082267,0.14441800458142842,0.3282289803122511,3.6551565858252366,3.6551565858252366
8.17594,-0.6122553372993471,-0.4948467431315679,0.11740859416777921,3.6473754428938605,3.6473754428938605
6.04496,0.935153351497536,0.43723955404402476,-0.4979137974535112,-3.642535866713623,3.642535866713623
5.88196,-0.036619916035926785,0.3250816582233734,0.3617015742593002,3.626853291129632,3.626853291129632
5.70996,-0.2268453051730404,0.047155011201833755,0.27400031637487415,3.624317644316593,3.624317644316593
5.86096,0.09930826243789662,0.1656954086965028,0.06638714625860617,3.6095415310995858,3.6095415310995858
6.95195,-0.23614990520403045,-0.08266809500180959,0.15348181020222085,3.602316539749573,3.602316539749573
5.57396,3.1928663483382818,1.91445049814211,-1.2784158501961718,-3.589775426065415,3.589775426065415
5.70796,-0.2023685313182486,-0.01112579185195243,0.1912427394662962,3.5815556022149275,3.5815556022149275
7.30295,0.7939096476604435,0.25719832023838446,-0.536711327422059,-3.5704751113637885,3.5704751113637885
5.52896,2.209628721171461,1.3917113785114659,-0.8179173426599953,-3.570073419219746,3.570073419219746
6.61895,0.18298081428805876,-0.15403410582808916,-0.3370149201161479,-3.5667531724564294,3.5667531724564294
5.58696,2.2429510571871085,1.1634200150833598,-1.0795310421037487,-3.565935593122133,3.565935593122133
6.82595,-0.08702159527766759,-0.38328248472704574,-0.2962608894493781,-3.560539076256109,3.560539076256109
5.87296,0.02640080379422082,0.25393871115345773,0.2275379073592369,3.5527217709610275,3.5527217709610275
7.21295,1.3848145694680984,1.5533066787868413,0.1684921093187428,3.552685035160449,3.552685035160449
5.52496,1.9259602845870727,1.1728318664808972,-0.7531284181061755,-3.550165075307006,3.550165075307006
8.42794,-0.7171266565565095,-1.036745240532588,-0.31961858397607856,-3.5391934315569347,3.5391934315569347
6.03696,0.7583184009838253,0.4178186160302993,-0.340499784953526,-3.5272855789009308,3.5272855789009308
6.80895,-0.19801778622454444,-0.2765824553322599,-0.07856466910771545,-3.5223768165624527,3.5223768165624527
6.48495,1.0043554825097407,0.3707269788199155,-0.6336285036898253,-3.5136115156063523,3.5136115156063523
5.89996,0.5877516744856877,0.9879443926781306,0.40019271819244295,3.512248355544277,3.512248355544277
6.95095,-0.2220170159589797,-0.4030200293627066,-0.18100301340372688,-3.507690171683456,3.507690171683456
7.24495,0.8558003466293077,0.7279132154009906,-0.12788713122831707,-3.4981778467344857,3.4981778467344857
6.03496,0.811500857305008,0.3987538604662514,-0.4127469968387566,-3.488700456029902,3.488700456029902
5.59096,2.0571477646047764,1.085840599301596,-0.9713071653031804,-3.481545844545327,3.481545844545327
6.48795,1.0102601544836836,0.33910949025662945,-0.6711506642270542,-3.4739417110692896,3.4739417110692896
5.60196,1.6182412137571949,0.9667677270336718,-0.6514734867235231,-3.4632910275337494,3.4632910275337494
7.14695,0.2080360523028078,0.3558788478116449,0.1478427955088371,3.461494696337891,3.461494696337891
5.90396,0.6122911759208671,0.7613727788555378,0.14908160293467065,3.4589606635136136,3.4589606635136136
7.34995,0.11423538937706608,-0.2263103606924333,-0.3405457500694994,-3.445153745304945,3.445153745304945
7.21095,1.3423318888826319,1.4889096114456648,0.14657772256303292,3.4443960549467776,3.4443960549467776
7.29895,0.5692035786834319,0.21847876949668155,-0.3507248091867503,-3.438848394887656,3.438848394887656
5.58196,2.558314795542923,1.3874659715355127,-1.1708488240074102,-3.436972948094884,3.436972948094884
5.61896,0.9708602370261767,0.6767488657357091,-0.2941113712904676,-3.4369671307221936,3.4369671307221936
5.81696,-0.1353940266127905,0.11339415343427117,0.24878818004706169,3.423566655359362,3.423566655359362
6.09196,1.1005941805123394,0.8059711389181793,-0.2946230415941601,-3.4160176750669655,3.4160176750669655
6.01696,0.6540658799667204,0.33399701287287553,-0.32006886709384486,-3.4159283056922156,3.4159283056922156
5.97996,0.374615096713973,0.2522801241908182,-0.12233497252315478,-3.4125488226855345,3.4125488226855345
6.25196,1.3369572442433721,1.000928861980008,-0.33602838226336407,-3.412386470694352,3.412386470694352
6.70395,-0.038970569199761385,-0.4981998950820665,-0.45922932588230514,-3.3997399495501783,3.3997399495501783
5.89796,0.5414028390234498,0.8106518799992939,0.2692490409758441,3.3950946587346107,3.3950946587346107
5.87996,-0.03749171215444527,0.20659162996401237,0.24408334211845764,3.3930821573788403,3.3930821573788403
5.87096,0.05209643664983521,0.2233897699392038,0.1712933332893686,3.3792639124837325,3.3792639124837325
5.90096,0.556979646102251,0.7309281739144219,0.17394852781217085,3.3652221917134346,3.3652221917134346
5.76296,-0.3111904250442545,0.0642985402191366,0.3754889652633911,3.364966143786764,3.364966143786764
5.76196,-0.2698116199654458,0.14995862046529965,0.4197702404307454,3.353462444382833,3.353462444382833
7.30895,0.9571384051479896,0.5380319916976959,-0.41910641345029376,-3.350339970778253,3.350339970778253
5.59296,1.9261613581062416,1.0443471428154354,-0.8818142152908062,-3.3455681413500526,3.3455681413500526
8.48894,-0.7092389351313041,-0.7273979047457153,-0.018158969614411213,-3.337228367768167,3.337228367768167
5.52396,1.8358266899959816,1.0876682829827695,-0.7481584070132121,-3.3334061920758105,3.3334061920758105
6.92595,-0.12770806581197863,-0.33039838545625116,-0.20269031964427253,-3.297062539652624,3.297062539652624
6.03596,0.7876474310944639,0.37778586736806846,-0.40986156372639543,-3.286941936529395,3.286941936529395
5.81396,-0.08607347073509408,0.19756834123885056,0.28364181197394467,3.2751709971035683,3.2751709971035683
5.72596,-0.22067307249884144,-0.023883599594944294,0.19678947290389714,3.2686193809228024,3.2686193809228024
6.53095,0.3902147389691907,0.07669296990740718,-0.31352176906178353,-3.2639432001567923,3.2639432001567923
7.35895,0.053725724670168756,-0.20242814755143482,-0.2561538722216036,-3.260066615942291,3.260066615942291
5.57496,3.0924611714268355,1.901174606835951,-1.1912865645908846,-3.2592398876420288,3.2592398876420288
6.51795,0.42627687761334554,0.1957802333854193,-0.23049664422792623,-3.2590850825121467,3.2590850825121467
7.44295,-0.6319547400221348,-0.5166530242173755,0.11530171580475934,3.237861345267709,3.237861345267709
5.59696,1.836055573958268,0.9445836766830548,-0.8914718972752133,-3.237030473149455,3.237030473149455
5.68396,-0.20734855836326124,-0.0012822041517758906,0.20606635421148536,3.211628795458367,3.211628795458367
5.89496,0.44415034072967674,0.7865897767321958,0.342439436002519,3.2016869013637494,3.2016869013637494
5.59196,2.0128300474226424,1.1385088304210713,-0.8743212170015711,-3.199948615075404,3.199948615075404
6.93695,-0.02931504034156151,-0.14429845220357254,-0.11498341186201103,-3.189639097476093,3.189639097476093
8.89594,-0.8194687892679895,-0.938222296709791,-0.11875350744180146,-3.179991004386131,3.179991004386131
7.35395,0.05300129760185794,-0.31983523725167584,-0.3728365348535338,-3.1677494850073353,3.1677494850073353
7.01495,-0.3744982094562349,-0.4470067629966093,-0.07250855354037439,-3.1660661710215243,3.1660661710215243
7.27695,0.4617070417187409,0.7093989236228074,0.24769188190406655,3.15969750324105,3.15969750324105
6.98895,-0.42691818540100424,-0.3340357638059874,0.09288242159501686,3.156967524331814,3.156967524331814
6.48695,1.0536625068679488,0.3985128076972778,-0.655149699170671,-3.1546227018995414,3.1546227018995414
7.14595,0.15920992697954242,0.3755984034346959,0.2163884764551535,3.1469869833511757,3.1469869833511757
5.58096,2.5795245418595365,1.5011025641927034,-1.0784219776668331,-3.1333579547053594,3.1333579547053594
8.40494,-0.18583170958123274,0.6169318010050313,0.802763510586264,3.131951553942811,3.131951553942811
5.60796,1.34335986573562,0.9038997257643429,-0.4394601399712772,-3.1176888913901504,3.1176888913901504
5.59396,1.9431647974476052,1.119019534159428,-0.8241452632881772,-3.1166242060426312,3.1166242060426312
6.81495,-0.2006497906740375,-0.2826663393969523,-0.0820165487229148,-3.115812897643874,3.115812897643874
5.58596,2.29972165963461,1.3722220822498226,-0.9274995773847874,-3.115380584420475,3.115380584420475
6.01596,0.6181474498827961,0.27272643592331214,-0.345421013959484,-3.1110337628851763,3.1110337628851763
5.69496,-0.15541941780883267,0.09612470132869849,0.25154411913753116,3.1097115062634764,3.1097115062634764
7.19695,1.3891205927961816,1.593468948339864,0.20434835554368247,3.0961007193693844,3.0961007193693844
5.81596,-0.08817366717425677,0.09377893408435825,0.181952601258615,3.0900903570536773,3.0900903570536773
5.58996,2.0701398929052095,1.2641081164638932,-0.8060317764413163,-3.0899144010513426,3.0899144010513426
7.29995,0.5967840298080811,0.3392965759877732,-0.2574874538203079,-3.0796555229573572,3.0796555229573572
6.60795,0.20684679467677217,-0.24781082856387132,-0.4546576232406435,-3.075993874652035,3.075993874652035
7.01595,-0.47824405256505975,-0.38703139495496375,0.091212657610096,3.0733835289241838,3.0733835289241838
7.02895,-0.4695735408948373,-0.31937471852886046,0.15019882236597687,3.0711115484209195,3.0711115484209195
5.53196,2.422525534460579,1.6747073292864956,-0.7478182051740836,-3.0392253978591595,3.0392253978591595
6.89295,-0.10523461773063764,-0.4350440696109782,-0.32980945188034055,-3.037099142900068,3.037099142900068
5.57596,3.006194165890579,1.919444248042638,-1.086749917847941,-3.0352108780197873,3.0352108780197873
6.02896,0.7841366509197888,0.4276406169153439,-0.3564960340044449,-3.0320364509831674,3.0320364509831674
7.34195,0.2473921274840946,-0.2560497963392384,-0.503441923823333,-3.0291664000944047,3.0291664000944047
5.89696,0.5569100824239699,0.7812866158147762,0.22437653339080632,3.0249928610504555,3.0249928610504555
6.78295,-0.3259833698085721,-0.6355136261365021,-0.30953025632792996,-3.013081735016299,3.013081735016299
7.31695,0.6233507648845314,0.4012687244291254,-0.22208204045540603,-2.9963924145683105,2.9963924145683105
7.34695,0.13679571246214092,-0.29997536733026703,-0.4367710797924079,-2.995685770412469,2.995685770412469
7.37895,-0.11395445362170142,-0.25189793222885676,-0.13794347860715533,-2.995525703501045,2.995525703501045
5.61796,1.0268104345477629,0.8301843498912012,-0.19662608465656173,-2.990217087512662,2.990217087512662
6.52595,0.46375002718756136,0.2609472304663027,-0.20280279672125867,-2.985534424512791,2.985534424512791
7.24295,0.9890690000920823,0.7304784485991724,-0.2585905514929099,-2.9759849504959712,2.9759849504959712
7.03395,-0.5058672309959922,-0.33196702735584066,0.17390020364015152,2.961497696241182,2.961497696241182
6.89395,-0.0880147692045114,-0.4039518602159031,-0.3159370910113917,-2.956316914812272,2.956316914812272
8.18594,-0.5951071413097981,-0.676122023202252,-0.08101488189245387,-2.946635298846821,2.946635298846821
5.58496,2.410252687180205,1.4367162902590929,-0.9735363969211122,-2.9445569489228363,2.9445569489228363
7.35195,0.08807773009668905,-0.14542816219547872,-0.23350589229216778,-2.941417647028015,2.941417647028015
7.27495,0.4536269197850946,0.5462745572755848,0.09264763749049021,2.9389446706715012,2.9389446706715012
6.69595,0.0074335337160307685,-0.41521657991226735,-0.42265011362829813,-2.9381013192558,2.9381013192558
6.09496,0.9790589941588781,1.1242471412238855,0.14518814706500738,2.9376699478333532,2.9376699478333532
5.65396,0.07659338440801755,-0.14748970304058143,-0.22408308744859898,-2.9360382231604056,2.9360382231604056
5.67296,-0.12287170821023304,0.16240701719139988,0.2852787254016329,2.9353955509359926,2.9353955509359926
6.50295,0.6150050818489432,0.26698074529568716,-0.34802433655325604,-2.9264832601738595,2.9264832601738595
7.30395,0.8154903928588759,0.2628504680004377,-0.5526399248584382,-2.9116845218932994,2.9116845218932994
5.60896,1.2829056228537068,0.9109873967326718,-0.371918226121035,-2.911489929579221,2.911489929579221
6.77195,-0.2772801443930364,-0.5092811268498091,-0.2320009824567727,-2.9079234614726612,2.9079234614726612
5.60596,1.4383974018217458,0.8781070794841657,-0.5602903223375801,-2.903339076612111,2.903339076612111
5.61696,1.030219813921807,0.81069865143208,-0.21952116248972708,-2.892571587446971,2.892571587446971
5.67196,-0.02220167497244912,0.23864445263245984,0.26084612760490894,2.8864196834976577,2.8864196834976577
7.39695,-0.288013838361496,-0.3814763878610046,-0.09346254949950855,-2.874798207569769,2.874798207569769
8.37094,-0.7311360961460053,-1.0144752027016954,-0.28333910655569017,-2.8691270479446747,2.8691270479446747
6.50195,0.6071494231994432,0.2163236857860069,-0.3908257374134363,-2.8664837233912093,2.8664837233912093
7.53695,-0.6136702661213418,-0.5289431176325081,0.08472714848883367,2.864692844040276,2.864692844040276
6.69095,0.0204762614465121,-0.4397499953097467,-0.4602262567562588,-2.8645670633785425,2.8645670633785425
5.57896,2.801608013105803,1.7627239701845652,-1.0388840429212378,-2.8399642758093315,2.8399642758093315
5.58296,2.487108324419779,1.45884637357188,-1.0282619508478992,-2.8292453961776283,2.8292453961776283
5.92696,0.46530345402044193,0.4882491982008602,0.02294574418041828,2.827311696186605,2.827311696186605
6.52995,0.3658998905174395,0.10941498384494545,-0.256484906672494,-2.824249991232569,2.824249991232569
7.14395,0.14538209064684887,0.3359542174448404,0.19057212679799151,2.8217037403750287,2.8217037403750287
6.95495,-0.29245452647371656,-0.15364194535319167,0.13881258112052489,2.8198580480458237,2.8198580480458237
7.24095,0.9659926448056477,0.7668054606637492,-0.1991871841418985,-2.815066231689186,2.815066231689186
8.36094,-0.7364336203272567,-0.9283643177995266,-0.19193069747226987,-2.8099564187619657,2.8099564187619657
7.13695,0.006390155983909768,0.14663784873749885,0.1402476927535891,2.807726147478502,2.807726147478502
7.46695,-0.5697659525803269,-0.6981261834267694,-0.12836023084644244,-2.798327180649776,2.798327180649776
7.36695,-0.055071878215293184,-0.38187934174346794,-0.32680746352817475,-2.7979866744481026,2.7979866744481026
7.26595,0.5331741620008515,0.759286053392781,0.22611189139192944,2.782532060605849,2.782532060605849
7.02095,-0.4520528450332567,-0.45801963651643385,-0.005966791483177136,-2.776844111394815,2.776844111394815
8.19094,-0.7353950431296905,-0.8251501992683011,-0.08975515613861063,-2.7653494790516735,2.7653494790516735
5.69796,-0.20699343921447977,0.02092343301397294,0.2279168722284527,2.7642941446058145,2.7642941446058145
6.01896,0.5544212000604796,0.29279138058847454,-0.26162981947200503,-2.759954354024976,2.759954354024976
5.84396,-0.00216147220371727,0.17969086050706073,0.181852332710778,2.7406446403591107,2.7406446403591107
6.93095,-0.1146112659665828,-0.3739030135522065,-0.2592917475856237,-2.7392628298594226,2.7392628298594226
8.96493,-0.8744038157350086,-0.8875807077509554,-0.01317689201594685,-2.7390312571276825,2.7390312571276825
6.02196,0.639380672494246,0.30467852012114366,-0.33470215237310236,-2.6994055700243615,2.6994055700243615
7.30595,0.901579622618004,0.42713692456226454,-0.4744426980557394,-2.6991882408837555,2.6991882408837555
7.29495,0.4164143498348182,0.3185516466459539,-0.09786270318886425,-2.697892250954842,2.697892250954842
5.72696,-0.23585803674009548,-0.09600155114832072,0.13985648559177477,2.6855078881955547,2.6855078881955547
5.50396,0.6654815962798681,0.999619261862002,0.33413766558213387,2.682127655501393,2.682127655501393
5.59796,1.795509827969211,1.0126001333613577,-0.7829096946078533,-2.67459018111608,2.67459018111608
8.21594,-0.7981444127428752,-1.0001534302023927,-0.2020090174595175,-2.6742148421619767,2.6742148421619767
7.34595,0.12508696513024,-0.23661446711542497,-0.361701432245665,-2.6639520487624395,2.6639520487624395
7.36995,-0.06688444649037538,-0.2233277824016999,-0.15644333591132453,-2.6596796753552705,2.6596796753552705
5.90296,0.689907775248879,0.8628703858035197,0.17296261055464068,2.653002728940857,2.653002728940857
7.52195,-0.574600862532207,-0.4235167103305083,0.15108415220169868,2.6513478363720973,2.6513478363720973
7.24695,0.8129668290060232,0.7432218651320766,-0.06974496387394669,-2.648079045316851,2.648079045316851
7.38595,-0.14064610312170717,-0.4720042949194258,-0.33135819179771864,-2.636159011680762,2.636159011680762
6.60595,0.18278590376522805,-0.16551829147829494,-0.34830419524352296,-2.6312993440038666,2.6312993440038666
7.44695,-0.5968557110125655,-0.6445441104667078,-0.04768839945414227,-2.6275479506031143,2.6275479506031143
7.25895,0.5939929662602661,0.6920467220592291,0.09805375579896303,2.6217164089956966,2.6217164089956966
5.66296,-0.009117404506315357,0.0931565142480531,0.10227391875436846,2.6036726206144403,2.6036726206144403
6.92395,-0.14897866447097935,-0.36951369447537347,-0.22053503000439412,-2.585262195758256,2.585262195758256
6.98595,-0.4512110409373541,-0.3441491866953134,0.10706185424204068,2.5841567871713975,2.5841567871713975
6.92495,-0.12321461364661598,-0.3429763030731433,-0.21976168942652732,-2.5830278152196393,2.5830278152196393
7.44395,-0.6137947138248983,-0.5247085040641208,0.08908620976077741,2.576420271338219,2.576420271338219
5.65296,0.08201501822309312,-0.062354901962629675,-0.1443699201857228,-2.5665190038163597,2.5665190038163597
6.78195,-0.31055912117178036,-0.5030209504615389,-0.19246182928975858,-2.5658812230678842,2.5658812230678842
7.34295,0.24617825750487063,-0.22933251481090836,-0.475510772315779,-2.564707825726747,2.564707825726747
7.36495,-0.04422770020378345,-0.2706388855659253,-0.22641118536214186,-2.564576515558927,2.564576515558927
6.24996,1.3190539530883534,1.186888480934329,-0.1321654721540244,-2.562993164418152,2.562993164418152
5.60396,1.4728850703433736,0.9637275839025866,-0.509157486440787,-2.5479133905309927,2.5479133905309927
7.49895,-0.6975935400073525,-0.5856624743917487,0.11193106561560384,2.540686217056461,2.540686217056461
5.70396,-0.26674403250916046,-0.064042271345445,0.20270176116371547,2.539475163698719,2.539475163698719
8.25794,-0.8308930534428189,-0.9173834647221477,-0.08649041127932877,-2.5391521574494127,2.5391521574494127
5.60296,1.5600909442107458,1.1004764599610692,-0.45961448424967655,-2.532487241337667,2.532487241337667
7.16595,0.6001541701530889,0.4104107406375131,-0.18974342951557582,-2.511903886161372,2.511903886161372
7.46895,-0.6395256435482526,-0.4990058028469933,0.14051984070125928,2.5112982072898813,2.5112982072898813
5.92796,0.4052515890582411,0.520820104432475,0.11556851537423385,2.5111288000550367,2.5111288000550367
6.95995,-0.2685785924800653,-0.15576824664369035,0.11281034583637498,2.497383635490304,2.497383635490304
7.80994,-0.38950153210601607,-0.27540237610504575,0.11409915600097031,2.4973747118314686,2.4973747118314686
5.67896,-0.14237753028752062,0.09725441132060465,0.2396319416081253,2.4945823103451006,2.4945823103451006
5.60496,1.4479284618569381,0.9028635586380087,-0.5450649032189294,-2.493666970972323,2.493666970972323
5.58396,2.4332549487897723,1.5860214971193356,-0.8472334516704367,-2.490643717832257,2.490643717832257
8.43094,-0.7379958644976066,-0.8222323814229637,-0.08423651692535716,-2.489522405858699,2.489522405858699
7.34395,0.25294073737275063,-0.18094566869260667,-0.43388640606535733,-2.4883104222403047,2.4883104222403047
5.57996,2.6688332837261566,1.7913300980369422,-0.8775031856892144,-2.4862272059409327,2.4862272059409327
5.50296,0.6513237250530086,0.9503257695081578,0.2990020444551492,2.4858871909109626,2.4858871909109626
6.81595,-0.19699684119740085,-0.30080286191032574,-0.10380602071292488,-2.4854893427869844,2.4854893427869844
5.89096,0.3288371794033219,0.6487759511272033,0.3199387717238814,2.483620785517991,2.483620785517991
6.49295,0.7572428286336143,0.3364435185878315,-0.42079931004578275,-2.472616713647391,2.472616713647391
7.33295,0.28224261173172566,0.030651891033445747,-0.2515907206982799,-2.470608254254928,2.470608254254928
5.88096,-0.05128152102064182,0.10941498384494545,0.1606965048655873,2.4687718104926537,2.4687718104926537
6.01396,0.6106692740983852,0.3677875741594463,-0.24288169993893893,-2.4666525377109205,2.4666525377109205
5.65596,0.04801839040719498,-0.12569781316486184,-0.1737162035720568,-2.4651132916581435,2.4651132916581435
8.44394,-0.8348049620427374,-1.0629455178385074,-0.22814055579577008,-2.4650337323971536,2.4650337323971536
5.57696,2.925507020178654,1.9500471562947213,-0.9754598638839327,-2.456999126222859,2.456999126222859
7.36295,-0.028862298184153735,-0.2900742147897387,-0.26121191660558496,-2.451055911631242,2.451055911631242
6.01996,0.5740580878955974,0.4409740730618548,-0.1330840148337426,-2.4427531217199534,2.4427531217199534
5.52996,2.2617663123119227,1.6317387737663176,-0.6300275385456051,-2.441472619785282,2.441472619785282
6.52495,0.47700922760865105,0.2977059788335187,-0.17930324877513237,-2.4370959516302904,2.4370959516302904
5.89396,0.41605331637800674,0.7561739542112559,0.34012063783324914,2.414732536020556,2.414732536020556
7.30495,0.8500991068287876,0.37461980114871346,-0.4754793056800742,-2.4091850758326627,2.4091850758326627
6.51495,0.40762275996622105,0.14958804680553414,-0.25803471316068693,-2.405063599557328,2.405063599557328
5.60096,1.6328096754500818,1.0709780770832376,-0.5618315983668443,-2.405003394406606,2.405003394406606
7.29795,0.5337209794636545,0.20361984508084507,-0.3301011343828094,-2.401101688624696,2.401101688624696
7.36395,-0.08232555673719719,-0.3644264017092735,-0.2821008449720763,-2.3988722031820147,2.3988722031820147
5.67996,-0.1451245619819303,0.1340239530953867,0.27914851507731697,2.3979809295710517,2.3979809295710517
6.90695,-0.1550531665762514,-0.3977384552604189,-0.2426852886841675,-2.3852524416217555,2.3852524416217555
6.01496,0.5832395231087039,0.30213847154061574,-0.2811010515680881,-2.384415426047592,2.384415426047592
5.69096,-0.18803745089796445,-0.36721110086129705,-0.1791736499633326,-2.3792455094341864,2.3792455094341864
7.34495,0.20748018533971588,-0.15179627265940865,-0.35927645799912455,-2.369087486276101,2.369087486276101
7.32195,0.3577916603355042,0.10868822773550267,-0.2491034326000015,-2.362415732626052,2.362415732626052
8.42394,-0.687392591599505,-0.8681835152338753,-0.18079092363437022,-2.3622020426587014,2.3622020426587014
7.01795,-0.42256363195935964,-0.5100330675769059,-0.08746943561754628,-2.3599746412445217,2.3599746412445217
6.89495,-0.1220708007582373,-0.3866967993204184,-0.2646259985621811,-2.350220947304532,2.350220947304532
5.60696,1.3782996096951052,0.96532141041983,-0.41297819927527524,-2.3159044111567253,2.3159044111567253
6.81895,-0.22383773939406149,-0.3041560138608244,-0.08031827446676293,-2.2989228515614526,2.2989228515614526
5.76396,-0.31174762662714717,-0.01548992631113162,0.29625770031601556,2.2970923454296495,2.2970923454296495
5.93996,0.1206019266037165,0.21510043292852898,0.09449850632481248,2.29101139996757,2.29101139996757
6.25396,1.402862556553296,1.1663450285337413,-0.2365175280195546,-2.290474687765333,2.290474687765333
7.25995,0.5709281531497461,0.7308598156665036,0.1599316625167575,2.2776263025630135,2.2776263025630135
6.49195,0.7696734468803151,0.3703671985677161,-0.39930624831259903,-2.2662112617976162,2.2662112617976162
5.53096,2.353946557588711,1.7959892523029246,-0.5579573052857862,-2.255822915693352,2.255822915693352
8.25894,-0.7617268273167964,-0.6027880143964417,0.15893881292035472,2.250894491599554,2.250894491599554
5.51596,1.3563503724592478,0.9468179120492135,-0.4095324604100343,-2.2498872570508395,2.2498872570508395
7.30795,0.9565910279793219,0.6313158154879649,-0.32527521249135705,-2.2454373431698995,2.2454373431698995
7.15595,0.33277480870634657,0.15901428941315934,-0.17376051929318723,-2.2294388986880747,2.2294388986880747
8.18094,-0.6198651052044089,-0.7515283662607312,-0.1316632610563223,-2.2292183461242288,2.2292183461242288
8.37494,-0.6858001393198445,-0.7394685322070063,-0.05366839288716174,-2.225744913853908,2.225744913853908
5.66096,-0.04717623202335549,0.16044621481691312,0.20762244684026862,2.2186451956521607,2.2186451956521607
5.75096,-0.21768627291325038,0.0050571238919780645,0.22274339680522845,2.215512032294939,2.215512032294939
6.90095,-0.10652188553485203,-0.3831421704286879,-0.2766202848938359,-2.2110041068674864,2.2110041068674864
7.30195,0.7253665135014866,0.3616173428342259,-0.3637491706672607,-2.1780572822762307,2.1780572822762307
7.32295,0.2916856045454573,0.12198210805427173,-0.16970349649118555,-2.1729601606461464,2.1729601606461464
7.02995,-0.48921170671456043,-0.4131442456595987,0.07606746105496176,2.1533373735506123,2.1533373735506123
5.60996,1.2211512971941305,0.9164560565661031,-0.30469524062802744,-2.148239806794136,2.148239806794136
8.37594,-0.632056543803896,-0.7722984802202044,-0.14024193641630844,-2.1457791453538637,2.1457791453538637
5.62996,0.6454531139628221,0.5714303925093692,-0.0740227214534529,-2.1420454345925504,2.1420454345925504
7.40195,-0.329514660536364,-0.4829452123888106,-0.15343055185244658,-2.1388521905801463,2.1388521905801463
7.39995,-0.3539417592456249,-0.280378136992964,0.07356362225266089,2.1378701635835298,2.1378701635835298
6.98695,-0.39271227524358376,-0.2697430327379487,0.12296924250563507,2.128993071203772,2.128993071203772
6.09596,1.0519089793714365,0.9291239192460451,-0.12278506012539137,-2.1273730687381036,2.1273730687381036
8.40394,-0.06996188792837349,0.5135273587203925,0.583489246648766,2.111325865416178,2.111325865416178
5.72296,-0.18791415411512322,-0.03846189541406531,0.1494522587010579,2.1107596499128825,2.1107596499128825
6.50395,0.5157320156433431,0.31549711230478056,-0.2002349033385626,-2.1018306065334076,2.1018306065334076
6.99095,-0.378273458484505,-0.3268113763418227,0.051462082142682275,2.0879331688542044,2.0879331688542044
8.85794,-0.9080048355092891,-0.9587351677889417,-0.050730332279652623,-2.081959709520559,2.081959709520559
6.82695,-0.03852461232813243,-0.10651073231506598,-0.06798611998693355,-2.0801868809151465,2.0801868809151465
8.39694,0.7234340312476436,0.22327464025850008,-0.5001593909891435,-2.0717639182407934,2.0717639182407934
7.32395,0.24830466591143752,0.05238621606881335,-0.19591844984262416,-2.071171947544418,2.071171947544418
5.86896,0.09235471423857625,0.18888684375327824,0.096532129514702,2.0619314177488723,2.0619314177488723
5.99096,0.44337642081041917,0.2596340325457748,-0.1837423882646444,-2.061025982391749,2.061025982391749
6.52695,0.4381069419901637,0.3655965124235516,-0.07251042956661208,-2.0600411235870775,2.0600411235870775
7.30095,0.6403185523024176,0.3501907220243719,-0.29012783027804573,-2.051692657088661,2.051692657088661
6.26996,1.2081229610542352,1.096141107922066,-0.11198185313216924,-2.049757471159116,2.049757471159116
7.49195,-0.6539973545298717,-0.6031693814637731,0.05082797306609865,2.0469609931424513,2.0469609931424513
5.59896,1.7260322527353829,1.0992532071035912,-0.6267790456317917,-2.0329825228452507,2.0329825228452507
5.90196,0.5777414181637963,0.695730871841751,0.11798945367795466,2.0299561684105067,2.0299561684105067
5.88996,0.2836554975386254,0.5617846839479025,0.2781291864092771,2.027102939913026,2.027102939913026
6.26396,1.2115786840474743,1.4537662764108241,0.24218759236334986,2.0239868789438304,2.0239868789438304
7.24395,0.9682385941544811,0.8196319950941919,-0.14860659906028917,-2.023148655553083,2.023148655553083
5.57796,2.834791300695743,1.9875650409940786,-0.8472262597016644,-2.017162851580926,2.017162851580926
7.51295,-0.6744454437854757,-0.5529152758365563,0.12153016794891935,2.0159381277617068,2.0159381277617068
7.38695,-0.12740025218600387,-0.3772561655027052,-0.24985591331670132,-2.0105257729971893,2.0105257729971893
7.32095,0.43496001381181404,0.19459295855316117,-0.24036705525865287,-2.0087207268759752,2.0087207268759752
7.49395,-0.6409126171779074,-0.5316414695240038,0.10927114765390356,2.0008525592523863,2.0008525592523863
7.48395,-0.6285758991865267,-0.5172358682259385,0.1113400309605882,1.9997931256875245,1.9997931256875245
5.61096,1.1798855275631808,0.8357249657750724,-0.3441605617881084,-1.9958042376333525,1.9958042376333525
6.89595,-0.11975849153126894,-0.39230937125472953,-0.2725508797234606,-1.9910071242011491,1.9910071242011491
5.61996,0.8777956379528,0.6523737536491976,-0.22542188430360244,-1.9794698201822727,1.9794698201822727
7.41995,-0.5213534737700052,-0.5503392492308083,-0.028985775460803165,-1.971941911732244,1.971941911732244
7.41695,-0.4499986441822474,-0.514364821813387,-0.06436617763113966,-1.9692141383406483,1.9692141383406483
6.65495,0.12635063356735146,-0.006696896947377477,-0.13304753051472895,-1.9675068042464858,1.9675068042464858
7.27095,0.47467259187880295,0.636374325833889,0.16170173395508602,1.9607062647383418,1.9607062647383418
5.91296,0.6704878750430766,0.575362790665909,-0.0951250843771676,-1.9594752995065756,1.9594752995065756
6.26796,1.2053415638987452,1.0144889796854046,-0.19085258421334061,-1.949317816792784,1.949317816792784
5.92196,0.7226194631586793,0.5374923213193966,-0.1851271418392827,-1.93820333920138,1.93820333920138
7.52295,-0.5883512841626836,-0.4805490759091624,0.10780220825352116,1.932789548429623,1.932789548429623
5.87196,0.022405754097002198,0.15743485410600375,0.13502910000900153,1.9239480106906206,1.9239480106906206
5.50196,0.5996891997991384,0.8105295547135462,0.21084035491440778,1.910667561474161,1.910667561474161
5.93596,0.16528207441653991,0.2081350872459478,0.04285301282940787,1.8740858866286079,1.8740858866286079
8.25994,-0.7222490538623308,-0.8517775357335812,-0.12952848187125032,-1.8737931129361536,1.8737931129361536
7.28895,0.318443284244689,0.2116141622847165,-0.10682912195997249,-1.8731556006260148,1.8731556006260148
6.25596,1.3824665006685999,1.0979651938007169,-0.284501306867883,-1.8672753526560666,1.8672753526560666
5.88696,0.18646194267162075,0.4864970683726491,0.30003512570102836,1.861538856033371,1.861538856033371
7.24995,0.7628161784495393,0.896916391069152,0.1341002126196127,1.8547979909390326,1.8547979909390326
7.15795,0.4333818951684097,0.3128455318460708,-0.12053636332233891,-1.8545561489573232,1.8545561489573232
7.47295,-0.6604004273494405,-0.6782986937280586,-0.017898266378618133,-1.8434067947866573,1.8434067947866573
5.68096,-0.09005185599628815,0.12276642900406648,0.21281828500035463,1.8419877726419565,1.8419877726419565
7.47095,-0.6579498532832588,-0.5420211297999574,0.11592872348330141,1.8328838451587015,1.8328838451587015
5.81296,-0.07270996518389511,0.1841161576091138,0.25682612279300887,1.826120487318793,1.826120487318793
5.50496,0.7495385456580901,1.0584253440839995,0.3088867984259094,1.8235642672258252,1.8235642672258252
7.14495,0.1250721884779415,0.23668365025797286,0.11161146178003137,1.8232487146149094,1.8232487146149094
5.89296,0.44203641637641444,0.6794831956524248,0.23744677927601032,1.822717071099926,1.822717071099926
5.59996,1.6829508601598944,1.2150736658916326,-0.4678771942682618,-1.816513531435153,1.816513531435153
6.89995,-0.0938467767000296,-0.3176333821082153,-0.22378660540818568,-1.812252553443966,1.812252553443966
6.50095,0.6225485882691848,0.348226321847363,-0.2743222664218218,-1.7884403103442252,1.7884403103442252
5.50096,0.5850772434006438,0.8488137713500878,0.263736527949444,1.784852651050485,1.784852651050485
5.95296,0.13720886443073393,0.08548599927116131,-0.051722865159572626,-1.7837288856480513,1.7837288856480513
8.37394,-0.6655188376230892,-0.734517955936742,-0.0689991183136528,-1.775506263969802,1.775506263969802
5.88896,0.22327676279175404,0.5151355764477239,0.2918588136559699,1.775111488192027,1.775111488192027
6.49895,0.6055311754435063,0.33220170941440025,-0.27332946602910607,-1.7734153114657956,1.7734153114657956
5.52296,1.7349058020331198,1.326814216619732,-0.40809158541338775,-1.7560890025143063,1.7560890025143063
7.34895,0.08661104592334024,-0.20711608423759342,-0.29372713016093366,-1.7544404791639494,1.7544404791639494
8.39794,0.6697234315874182,0.1841161576091138,-0.4856072739783044,-1.744782569497335,1.744782569497335
7.16795,0.6375368767951981,0.7458878368008742,0.10835096000567612,1.7348427360771745,1.7348427360771745
6.51395,0.43955587596259615,0.29859103825392935,-0.1409648377086668,-1.7161045156866352,1.7161045156866352
5.97896,0.43320967723780246,0.36610380257915287,-0.06710587465864959,-1.7061802650714335,1.7061802650714335
7.31995,0.4625048771857478,0.27450734817169925,-0.18799752901404854,-1.699798569712768,1.699798569712768
7.28795,0.30641754824576806,0.38882752330806897,0.08240997506230091,1.679099147617973,1.679099147617973
7.35795,0.032627341563063614,-0.1603662382667991,-0.1929935798298627,-1.67777224577951,1.67777224577951
5.88796,0.1588208800331515,0.45600209419622506,0.2971812141630735,1.6626372143568817,1.6626372143568817
5.67796,-0.1612611076181543,0.04555398907954618,0.20681509669770048,1.6527928074403098,1.6527928074403098
7.34795,0.14937769420004904,-0.14226929158116772,-0.2916469857812167,-1.63959780409698,1.63959780409698
7.32795,0.2826909297848393,0.16178459735509493,-0.12090633242974436,-1.6373161960441618,1.6373161960441618
7.35095,0.09541506600404343,-0.023876403989900298,-0.11929146999394372,-1.6190087494724337,1.6190087494724337
7.53095,-0.6110097757525661,-0.5403733362448842,0.07063643950768195,1.6171076018515615,1.6171076018515615
6.51095,0.4613462769637613,0.4051723401654893,-0.056173936798271984,-1.613788006871877,1.613788006871877
5.63196,0.5517492522443312,0.6085273343136526,0.056778082069321334,1.6122739199738774,1.6122739199738774
5.66696,-0.04490913034017294,0.07120632106136583,0.11611545140153877,1.6051929238854195,1.6051929238854195
5.94596,0.0616853175354186,0.1992521128191438,0.13756679528372517,1.6030640505375051,1.6030640505375051
6.52795,0.4187793439874604,0.3151948968929331,-0.1035844470945273,-1.5824592198496885,1.5824592198496885
5.89196,0.40597233851836567,0.5845084046768184,0.17853606615845274,1.5693562568773431,1.5693562568773431
7.15395,0.33256066370274984,0.44854744737065294,0.1159867836679031,1.5649114644830309,1.5649114644830309
7.15895,0.4292082424370539,0.3377926945335794,-0.0914155479034745,-1.5626462607754885,1.5626462607754885
6.02996,0.7973681180074218,0.6243900456331255,-0.1729780723742963,-1.5536007446709232,1.5536007446709232
6.89695,-0.08785135762668096,-0.2654472565266876,-0.17759589890000665,-1.552926926078576,1.552926926078576
7.22095,1.367784862334696,1.2983052294354493,-0.06947963289924663,-1.546927463360795,1.546927463360795
8.40294,0.0805544136358548,0.5516244896257902,0.47107007598993544,1.5357982885821693,1.5357982885821693
7.40795,-0.4088540281630566,-0.3698734747275728,0.03898055343548379,1.5287351366569493,1.5287351366569493
8.42194,-0.6723367376925239,-0.7403499938248949,-0.06801325613237097,-1.5069239362541522,1.5069239362541522
5.92096,0.7588512127540921,0.6385438007546512,-0.12030741199944084,-1.505329859121614,1.505329859121614
6.81795,-0.2181164697765725,-0.2953162130642844,-0.0771997432877119,-1.5024496613765426,1.5024496613765426
7.49495,-0.6417982174571704,-0.5288639659770242,0.11293425148014613,1.4975251330676311,1.4975251330676311
7.15695,0.41299668844073617,0.295529308307712,-0.11746738013302416,-1.4931483406591732,1.4931483406591732
7.15995,0.40325438285293114,0.2790369815468901,-0.12421740130604103,-1.4881634149895555,1.4881634149895555
6.80095,-0.24017979255040306,-0.29051314669742206,-0.050333354147019005,-1.4745674216731246,1.4745674216731246
5.86696,0.11796553231687135,0.06806903726218663,-0.049896495054684714,-1.473399816398202,1.473399816398202
6.09896,0.9405476965643225,0.9534774445174248,0.01292974795310231,1.4721743261640046,1.4721743261640046
7.32995,0.2864482314751242,0.15613604739556378,-0.13031218407956044,-1.4661645015075808,1.4661645015075808
7.52995,-0.6590203653862492,-0.7106609274133976,-0.051640562027148396,-1.459178534793504,1.459178534793504
5.68996,-0.17459056485825689,-0.2864044562173044,-0.11181389135904754,-1.4576644113447021,1.4576644113447021
7.13795,-0.0012969809167947682,0.13457801468377378,0.13587499560056854,1.4435112179788683,1.4435112179788683
5.52196,1.6571923498097725,1.3048100563952147,-0.35238229341455773,-1.4375519969515906,1.4375519969515906
5.84496,-0.009292990288151164,0.10683895723919754,0.1161319475273487,1.4338066310952047,1.4338066310952047
7.51695,-0.6622516031366792,-0.685044573456798,-0.022792970320118844,-1.428657445211143,1.428657445211143
5.93896,0.13023033423434288,0.17076471244999278,0.0405343782156499,1.4274002743910357,1.4274002743910357
6.92695,-0.14213868351954267,-0.21604583009718328,-0.07390714657764061,-1.4200772988119186,1.4200772988119186
6.02296,0.6741317663714392,0.536567686071244,-0.13756408030019518,-1.4198782622119763,1.4198782622119763
5.95896,0.17132898457684353,0.06633129864406354,-0.10499768593278,-1.4196933213983778,1.4196933213983778
7.16195,0.46809459449708024,0.36908278306736414,-0.0990118114297161,-1.4101435574314674,1.4101435574314674
7.36595,-0.06217909218780062,-0.22167279324158246,-0.15949370105378183,-1.4097692158629542,1.4097692158629542
6.94595,-0.15982259782107572,-0.21543060586592236,-0.05560800804484664,-1.4037723647598725,1.4037723647598725
8.40194,0.21963675261502186,0.6732841819070284,0.4536474292920066,1.4009285303513221,1.4009285303513221
5.69896,-0.23929502667775088,-0.1381390142859183,0.10115601239183258,1.4008827750642032,1.4008827750642032
5.65996,0.013601413882504527,0.13690219511298224,0.12330078123047772,1.3958291039607202,1.3958291039607202
7.35695,0.05493102517049635,-0.126798740736592,-0.18172976590708834,-1.3953344873100038,1.3953344873100038
5.66596,-0.02080190253605694,-0.1381462098909623,-0.11734430735490536,-1.3912315066264536,1.3912315066264536
5.50996,0.9824771531481165,1.2571679553989659,0.2746908022508494,1.3900249122501662,1.3900249122501662
5.92496,0.5066815009682705,0.46279834316027246,-0.04388315780799801,-1.3813592979376266,1.3813592979376266
7.33395,0.27853540998472515,0.14397907267374507,-0.13455633731098007,-1.3646934897387721,1.3646934897387721
5.93396,0.19604931047617966,0.23899703727961524,0.04294772680343559,1.3537556518718503,1.3537556518718503
5.91896,0.7607610754956573,0.8193549642999984,0.05859388880434113,1.3522370114730684,1.3522370114730684
5.94496,0.06351875436781321,0.13208473753603173,0.06856598316821852,1.3507834636980456,1.3507834636980456
5.51096,1.0191155104942322,1.2810825487626625,0.26196703826843026,1.3326495669074268,1.3326495669074268
7.51795,-0.6507856802413942,-0.5973769194033622,0.05340876083803192,1.3278565021954531,1.3278565021954531
5.69696,-0.23202560769141276,-0.0676940409052692,0.16433156678614355,1.3260364381853544,1.3260364381853544
5.49996,0.5599850730012421,0.7569366883459187,0.19695161534467653,1.3257313155348933,1.3257313155348933
7.41595,-0.458845013149242,-0.45057578309842766,0.008269230050814314,1.321840148156367,1.321840148156367
5.50796,0.9577690193745005,1.2509257680233061,0.2931567486488056,1.3217287561832793,1.3217287561832793
6.26696,1.1774233365068216,1.0476139475054063,-0.12980938900141537,-1.3216466531040203,1.3216466531040203
6.89795,-0.08357339505434808,-0.24725316917296214,-0.16367977411861406,-1.2985403868826535,1.2985403868826535
6.50795,0.5261889639244666,0.438351275023321,-0.08783768890114557,-1.2952856248060782,1.2952856248060782
7.28395,0.33341238435681275,0.20729679925832317,-0.12611558509848958,-1.28764274775233,1.28764274775233
5.71296,-0.18731142244464535,-0.03910230426298034,0.14820911818166502,1.2833236708516724,1.2833236708516724
5.63296,0.4614947142803818,0.5662495568776974,0.1047548425973156,1.281313294435155,1.281313294435155
5.95096,0.0858225596696885,0.17953975280113704,0.09371719313144854,1.2758626213989608,1.2758626213989608
5.61596,1.0066208505100118,0.8844536031329636,-0.1221672473770482,-1.2712716487180435,1.2712716487180435
7.14795,0.2063908708682859,0.2545287507670648,0.048137879898778935,1.2709575305048493,1.2709575305048493
7.16395,0.5442816980152544,0.6327369474841523,0.08845524946889793,1.2541752206697039,1.2541752206697039
6.93395,-0.13128913655805668,-0.24757697139994175,-0.11628783484188507,-1.2398806600982417,1.2398806600982417
7.42895,-0.48142846197473,-0.5236111742949126,-0.04218271232018256,-1.2379349537032367,1.2379349537032367
6.26296,1.2171959062400006,1.3978240449963342,0.18062813875633354,1.237083255935116,1.237083255935116
5.61496,1.0218584604404437,0.9313401655995939,-0.09051829484084983,-1.2355892273690905,1.2355892273690905
5.71696,-0.14643927493508566,-0.22614845957894347,-0.07970918464385782,-1.2327028951271433,1.2327028951271433
7.40095,-0.3725330182099071,-0.41998007045138785,-0.04744705224148077,-1.2277991326679953,1.2277991326679953
7.32895,0.2987178986447432,0.20001844475632866,-0.09869945388841453,-1.2209618780964608,1.2209618780964608
7.24795,0.8337553430924216,0.7632112559442766,-0.07054408714814497,-1.2069969402083962,1.2069969402083962
7.49995,-0.5786987050815036,-0.6300593575131587,-0.05136065243165511,-1.2023553499589112,1.2023553499589112
5.51696,1.3743240208116592,1.1622723160788437,-0.21205170473281543,-1.1918971371237077,1.1918971371237077
5.71396,-0.16588638491484384,-0.049510746959109855,0.11637563795573398,1.184410025703151,1.184410025703151
7.01695,-0.46515248284185473,-0.4233404180069306,0.04181206483492411,1.166314035314007,1.166314035314007
5.50896,0.9854596439751957,1.2405353143397864,0.25507567036459067,1.1629175075371763,1.1629175075371763
5.61396,1.0762307905832829,1.0164929556901556,-0.05973783489312723,-1.1608978623534505,1.1608978623534505
7.16095,0.4381830075892048,0.3381093011555151,-0.10007370643368974,-1.1562844682375832,1.1562844682375832
8.19694,-0.7171273911198907,-0.6618747252151546,0.0552526659047361,1.1418460268795134,1.1418460268795134
5.67696,-0.16559038722697264,0.0035100688075205538,0.1691004560344932,1.1382368847133064,1.1382368847133064
5.94196,0.09134751145705569,0.02581284664136323,-0.06553466481569246,-1.1370024960905891,1.1370024960905891
6.09696,1.0041804768102502,1.042792892125934,0.03861241531568371,1.1121450331245457,1.1121450331245457
7.30695,0.9174525169016783,0.7334250488646858,-0.18402746803699244,-1.104589583958909,1.104589583958909
5.68896,-0.11661461517458395,-0.19808200210486573,-0.08146738693028178,-1.1039211303717096,1.1039211303717096
7.51495,-0.671049158449568,-0.6137685076935684,0.05728065075599964,1.099538660451992,1.099538660451992
8.46894,-0.8222573902091215,-0.8574404769032002,-0.03518308669407877,-1.0975905536282342,1.0975905536282342
7.03095,-0.5074425011822616,-0.46883103309502683,0.03861146808723481,1.0963264802802655,1.0963264802802655
5.51496,1.2816017701802016,1.0518629522838816,-0.22973881789632,-1.0878564035171099,1.0878564035171099
7.42595,-0.6112852175353285,-0.6351106722540387,-0.023825454718710226,-1.0786113116964056,1.0786113116964056
5.72096,-0.15458265861310658,-0.03634278972861063,0.11823986888449595,1.0674915257171131,1.0674915257171131
5.71996,-0.17312716212581103,-0.24639689217272745,-0.07326973004691642,-1.0640928234126386,1.0640928234126386
5.63096,0.6179164384721161,0.6535790174940657,0.03566257902194958,1.043521879744456,1.043521879744456
7.37095,-0.05464153045043089,-0.08250979169084188,-0.027868261240410995,-1.0422981748475457,1.0422981748475457
7.29295,0.3641975378643926,0.2618250942816692,-0.10237244358272335,-1.0418796547018383,1.0418796547018383
6.52295,0.40988462236198375,0.3295069553254265,-0.08037766703655724,-1.0409636290910393,1.0409636290910393
5.62196,0.7898491914749992,0.6965943444470297,-0.09325484702796949,-1.038852346233134,1.038852346233134
7.20595,1.4604627178488194,1.5030849533823225,0.04262223553350308,1.0376696667535765,1.0376696667535765
5.91996,0.7520047646659533,0.6745074347645065,-0.07749732990144687,-1.03652038767005,1.03652038767005
5.70896,-0.22543122268071353,-0.14546773802322058,0.07996348465749295,1.017047368458998,1.017047368458998
5.50696,0.8704331611955214,1.071186749629513,0.20075358843399171,1.0020436383389209,1.0020436383389209
7.43295,-0.5945482736059753,-0.5811544278316898,0.013393845774285484,0.9969125828768073,0.9969125828768073
5.95696,0.1264098420014894,0.19474766406160698,0.0683378220601176,0.993246733521191,0.993246733521191
5.67396,-0.14639816943761721,-0.06758970463213136,0.07880846480548585,0.9921096896844546,0.9921096896844546
7.00595,-0.43389563176066137,-0.4557314341124455,-0.021835802351784117,-0.9900894468247711,0.9900894468247711
8.17994,-0.6151120426091891,-0.5401682615011304,0.07494378110805866,0.957609391618755,0.957609391618755
5.94696,0.056442638384049795,-0.006078074913594433,-0.06252071329764423,-0.9574752725653983,0.9574752725653983
7.16295,0.469261134184858,0.5349558705413906,0.06569473635653261,0.953679422972839,0.953679422972839
6.09296,1.0341933206917902,0.9601585638007682,-0.0740347568910219,-0.9498010540704332,0.9498010540704332
6.25996,1.3730391723022413,1.2020280339468812,-0.17101113835536008,-0.9465104008386983,0.9465104008386983
5.69596,-0.1527042985433223,-0.0638587834168232,0.08884551512649909,0.946155909411463,0.946155909411463
6.49995,0.6354151863281481,0.48630998264150543,-0.14910520368664265,-0.943827365492772,0.943827365492772
5.52096,1.6582881602941077,1.4234691813731097,-0.234818978920998,-0.9367222855789258,0.9367222855789258
7.50095,-0.56572409859385,-0.5552754342909846,0.010448664302865396,0.9259939489945322,0.9259939489945322
7.40995,-0.44295880302281204,-0.39800109484452456,0.04495770817828748,0.9206393676118616,0.9206393676118616
5.51896,1.5627847833753163,1.3894735453427853,-0.173311238032531,-0.9096064709687378,0.9096064709687378
5.66396,0.0024132110707198798,0.054361409653388315,0.051948198582668435,0.8835995415691735,0.8835995415691735
5.86996,0.09526768756211135,0.048842380584649084,-0.04642530697746226,-0.8705890808450419,0.8705890808450419
6.26496,1.2277957864980762,1.144876940885001,-0.08291884561307516,-0.859218163290476,0.859218163290476
7.51595,-0.6672497546964977,-0.6887718968695841,-0.021522142173086345,-0.8481963415791584,0.8481963415791584
6.25296,1.3834754803242144,1.285277586503308,-0.09819789382090649,-0.8359997895388852,0.8359997895388852
5.69296,-0.1720587264066094,-0.1106518030178815,0.06140692338872791,0.8297510116573266,0.8297510116573266
7.29595,0.45383044121888444,0.3780161267294761,-0.07581431448940834,-0.8167373500382286,0.8167373500382286
7.33095,0.290574752400941,0.2107434940743938,-0.0798312583265472,-0.8123604682039495,0.8123604682039495
6.99895,-0.3857538721202166,-0.40336901620734006,-0.017615144087123447,-0.8020014112991052,0.8020014112991052
8.39894,0.5118458350222836,0.2693013279223735,-0.24254450709991016,-0.8011862084916483,0.8011862084916483
7.51395,-0.6787296523302344,-0.6628101538708729,0.01591949845936147,0.7944983099106165,0.7944983099106165
7.01095,-0.38637811628421903,-0.4095392475325603,-0.023161131248341293,-0.7939776406408424,0.7939776406408424
5.93696,0.16657731971104908,0.23556113587111072,0.06898381616006163,0.7905734315876972,0.7905734315876972
5.70096,-0.23253006506988227,-0.2953162130642844,-0.06278614799440213,-0.7596656961940905,0.7596656961940905
6.93195,-0.10831835353252696,-0.18639993731595014,-0.07808158378342318,-0.7592834369696085,0.7592834369696085
5.93796,0.12862357749604952,0.18896959321128412,0.0603460157152346,0.7531925156034099,0.7531925156034099
5.69996,-0.24493629370210768,-0.3039869171422908,-0.059050623440183136,-0.7473672699331845,0.7473672699331845
5.86796,0.1299889441739551,0.09145835145767188,-0.038530592716283216,-0.7351424098729578,0.7351424098729578
6.50895,0.519118985686425,0.434480039509655,-0.08463894617676998,-0.7306502974861425,0.7306502974861425
7.52595,-0.5842177160029418,-0.5611578414144454,0.023059874588496454,0.7238175968472995,0.7238175968472995
7.15295,0.3249194667678198,0.26993454116624455,-0.05498492560157525,-0.7199762671044455,0.7199762671044455
7.29695,0.452720780686227,0.3467260381956914,-0.10599474249053559,-0.715624134148637,0.715624134148637
5.51996,1.5875135872820967,1.4407602202938146,-0.14675336698828212,-0.7131200633804053,0.7131200633804053
5.94096,0.1262636991640537,0.099596580762423,-0.02666711840163069,-0.6852968673724391,0.6852968673724391
5.70196,-0.2414998465174269,-0.17407746367811952,0.06742238283930738,0.6693048772675322,0.6693048772675322
5.71796,-0.16100459475820977,-0.22192104161560003,-0.060916446857390255,-0.6628398635993742,0.6628398635993742
5.72196,-0.11575748384747692,-0.047398836878699176,0.06835864696877775,0.6618770641426417,0.6618770641426417
7.15195,0.22384751999585828,0.275924882365365,0.05207736236950672,0.657301038955117,0.657301038955117
7.44095,-0.5741588545266809,-0.5529476560592542,0.021211198467426695,0.6548679394796373,0.6548679394796373
5.95596,0.13899965169097073,0.09966853681286296,-0.03933111487810777,-0.6504570309809173,0.6504570309809173
5.62096,0.8325585780746636,0.7548967343159478,-0.07766184375871577,-0.6316817897908651,0.6316817897908651
5.50596,0.7985294001983928,0.9028599608354866,0.10433056063709378,0.6207251191905985,0.6207251191905985
6.93295,-0.08211822280442455,-0.036414745779050586,0.04570347702537396,0.6006111205982732,0.6006111205982732
7.15095,0.20487015840759756,0.24315609699504065,0.038285938587443086,0.5918380553951159,0.5918380553951159
8.40094,0.3524206387652789,0.5412268403372269,0.188806201571948,0.5756662922633746,0.5756662922633746
5.68296,-0.1707833559685719,-0.10929183366456768,0.061491522304004204,0.5727039592762233,0.5727039592762233
7.01195,-0.42312968415250884,-0.4405918810998934,-0.017462196947384545,-0.5723758063286964,0.5723758063286964
8.19594,-0.7624841836703364,-0.7785046895706447,-0.016020505900308235,-0.5603108250127826,0.5603108250127826
5.68796,-0.16484474128938303,-0.12616552749272097,0.03867921379666206,0.5521186789173466,0.5521186789173466
7.00095,-0.4166563015294722,-0.39907683779860087,0.017579463730871325,0.5419121892150263,0.5419121892150263
5.86196,0.11585323619252169,0.13120687372066522,0.015353637528143532,0.5418571548100024,0.5418571548100024
7.28095,0.382979258992611,0.3604480570145777,-0.022531201978033266,-0.541746659041721,0.541746659041721
5.63496,0.47487535497076383,0.4618233386768119,-0.013052016293951918,-0.5399368959406253,0.5399368959406253
8.42294,-0.6916950267743304,-0.6436878334664732,0.04800719330785719,0.5265286126441514,0.5265286126441514
6.81695,-0.21400405628500271,-0.2457744723364225,-0.03177041605141978,-0.5171067324349838,0.5171067324349838
5.51196,1.079261253578204,1.173652165455912,0.09439091187770798,0.5158907958516317,0.5158907958516317
7.29395,0.3864630040941721,0.3472729041790345,-0.03919009991513761,-0.5124667925083757,0.5124667925083757
5.51296,1.163198287947081,1.2527174736792592,0.08951918573217821,0.5089571400521615,0.5089571400521615
6.26896,1.2073254429343374,1.167230087954152,-0.04009535498018546,-0.477237046394226,0.477237046394226
6.10096,0.8628722989095494,0.8711669184192388,0.00829461950968935,0.46181684097374465,0.46181684097374465
7.28595,0.44293687725006853,0.41724656542930216,-0.025690311820766365,-0.46016466701569575,0.46016466701569575
5.92996,0.31111114482859104,0.294381609303196,-0.016729535525395023,-0.4550276045123003,0.4550276045123003
8.42094,-0.723478288359281,-0.7002668759273559,0.023211412431925038,0.45060195522812385,0.45060195522812385
6.90195,-0.15141429507782506,-0.08499587323353995,0.0664184218442851,0.4453269877731273,0.4453269877731273
6.99195,-0.3854201902220238,-0.36911433839543206,0.016305851826591722,0.4356461760567672,0.4356461760567672
6.89895,-0.13180416733137992,-0.18623443839993845,-0.05443027106855852,-0.43387235015015757,0.43387235015015757
5.70596,-0.1674197311636578,-0.12303543929858599,0.04438429186507181,0.42634031689815527,0.42634031689815527
7.47195,-0.6160111407799227,-0.6321065071481734,-0.016095366368250708,-0.4185531647269496,0.4185531647269496
5.65896,0.05834817412744868,0.01939436694212552,-0.03895380718532316,-0.4129751903250646,0.4129751903250646
7.28195,0.4198893228060404,0.390068765178157,-0.029820557627883437,-0.3996596329549,0.3996596329549
5.68196,-0.09097156845570634,-0.03829639649805361,0.05267517195765273,0.39883622868097085,0.39883622868097085
7.28495,0.36069132434947543,0.32106651060882774,-0.03962481374064769,-0.39006828168604923,0.39006828168604923
7.53895,-0.6433338573521646,-0.6350207271909889,0.008313130161175741,0.38768353376045606,0.38768353376045606
7.14995,0.2253248733373814,0.26194022396237315,0.036615350624991744,0.3754736810230265,0.3754736810230265
5.51796,1.4402574521559648,1.3622993428941623,-0.07795810926180247,-0.3592597884745493,0.3592597884745493
6.26096,1.358693676054084,1.2919587057866513,-0.06673497026743269,-0.33893141552216627,0.33893141552216627
6.26596,1.1834169987788532,1.1410308899889892,-0.04238610878986404,-0.32931965774631117,0.32931965774631117
7.24895,0.8079714472103157,0.7828840401345417,-0.02508740707577395,-0.3276684741222478,0.3276684741222478
5.67596,-0.1311039451004922,-0.09908846571219175,0.03201547938830045,0.31560698547007154,0.31560698547007154
5.66496,-0.03913128637048571,-0.0643948559926004,-0.025263569622114693,-0.30309882613153,0.30309882613153
7.39895,-0.326508060910795,-0.337442882794316,-0.010934821883521018,-0.3022780458802392,0.3022780458802392
5.65096,0.10805275228388916,0.11929095176781988,0.01123819948393072,0.2975779349810819,0.2975779349810819
5.67496,-0.13268058525108684,-0.10012463283852616,0.03255595241256068,0.28314056771068474,0.28314056771068474
8.39994,0.4126479540897302,0.5050257513609199,0.09237779727118967,0.27271373562967993,0.27271373562967993
7.16695,0.629365743225337,0.6500387798124233,0.020673036587086302,0.26740456589002953,0.26740456589002953
6.94695,-0.15941209811405427,-0.1704760633536033,-0.011063965239549028,-0.25831273424248175,0.25831273424248175
6.25796,1.3880032948763001,1.437230776019738,0.04922748114343789,0.24259963021738434,0.24259963021738434
5.61296,1.0800281087644168,1.1121657203550286,0.03213761159061179,0.24085427807955895,0.24085427807955895
7.28695,0.3839547621924181,0.37252228227839074,-0.01143247991402735,-0.23915851634815782,0.23915851634815782
6.52895,0.3788065121878682,0.35539674227369783,-0.023409769914170375,-0.23657342787347088,0.23657342787347088
5.70296,-0.23907894545933275,-0.2073391479939571,0.03173979746537564,0.23541339729546354,0.23541339729546354
8.17894,-0.5930763856213399,-0.6075766895532162,-0.01450030393187629,-0.2321067579128097,0.2321067579128097
7.27795,0.478795609654877,0.46401080261018446,-0.014784807044692538,-0.22801461942935375,0.22801461942935375
5.70496,-0.21741706348653012,-0.19667885912128794,0.02073820436524218,0.22379569653836884,0.22379569653836884
6.09996,0.9060830872171408,0.9101419131400033,0.004058825922862441,0.22086662519767472,0.22086662519767472
5.63396,0.44608826131590296,0.46143477600443655,0.015346514688533597,0.21961313383512915,0.21961313383512915
5.61196,1.1240726991124375,1.084718084914734,-0.039354614197703475,-0.21365478411226113,0.21365478411226113
5.65696,0.038812158215955773,0.05673236151538265,0.017920203299426875,0.20827049219613553,0.20827049219613553
7.14895,0.25175593556224796,0.23864445263245984,-0.013111482929788115,-0.19943131083835125,0.19943131083835125
5.95796,0.1680193752892275,0.18212657281445085,0.014107197525223353,0.1900784551944496,0.1900784551944496
5.65796,0.052736846807849194,0.039801102846877184,-0.01293574396097201,-0.18191733841994598,0.18191733841994598
6.25896,1.3692336559058038,1.3301781619777968,-0.039055493928007,-0.18082246078403114,0.18082246078403114
6.52395,0.4667858111838529,0.4776500719710649,0.010864260787212032,0.17593908657598992,0.17593908657598992
7.15495,0.2997506764578406,0.2923128728530491,-0.007437803604791515,-0.16676742833255043,0.16676742833255043
8.19794,-0.6911768303016395,-0.7012023045830745,-0.010025474281435076,-0.16308840177258113,0.16308840177258113
6.50995,0.451686439347306,0.43315604818156117,-0.01853039116574484,-0.15879748918092568,0.15879748918092568
7.16495,0.5945981641432481,0.6068795407585793,0.012281376615331241,0.15296089490926915,0.15296089490926915
6.09396,1.004347623367634,0.9969388989831162,-0.007408724384517895,-0.14293053833046357,0.14293053833046357
6.90295,-0.12627106601874682,-0.14244918170726742,-0.016178115688520595,-0.12492445218273392,0.12492445218273392
5.69196,-0.18870208828538054,-0.19552396451172768,-0.00682187622634714,-0.12296417891920416,0.12296417891920416
5.69396,-0.14438202005594425,-0.13568891076844,0.008693109287504247,0.1223159216908759,0.1223159216908759
6.24896,1.3321692844275295,1.3301925531878849,-0.0019767312396445913,-0.12081224875450326,0.12081224875450326
5.71896,-0.19852278281055785,-0.19313862143964558,0.0053841613709122715,0.11247831233902021,0.11247831233902021
6.25696,1.3547384273494072,1.3366110328871228,-0.018127394462284396,-0.10972510991869507,0.10972510991869507
6.26196,1.3103928959368396,1.3316676522219026,0.021274756285063035,0.10876588579454366,0.10876588579454366
8.18294,-0.6238266960666813,-0.6343551337244199,-0.010528437657738587,-0.1019444878408889,0.1019444878408889
5.90496,0.5304981991726618,0.5339592792427982,0.0034610800701363464,0.09129036969480056,0.09129036969480056
5.94996,0.09034338188880417,0.09549508588734956,0.005151703998545393,0.09099906420377922,0.09099906420377922
5.92896,0.3513822173630201,0.3580447249298855,0.006662507566865372,0.07639925253472009,0.07639925253472009
8.41994,-0.7305058834698688,-0.7274986432163311,0.003007240253537713,0.06193340386604824,0.06193340386604824
8.18394,-0.6272209912012676,-0.6307861136226015,-0.0035651224213338883,-0.061580012626397555,0.061580012626397555
7.39795,-0.31574293382097246,-0.3135534740482736,0.002189459772698854,0.054866942911144405,0.054866942911144405
7.28295,0.42134551349614385,0.416174420277748,-0.0051710932183958724,-0.05442167064575357,0.05442167064575357
5.68696,-0.20272388344778508,-0.20079114740392748,0.0019327360438576024,0.049043749265465696,0.049043749265465696
7.42695,-0.6144684360358392,-0.6133871406262369,0.0010812954096023342,0.04687096473167092,0.04687096473167092
7.43395,-0.6464459258991501,-0.6474835151271772,-0.0010375892280271026,-0.043279266139133826,0.043279266139133826
5.95196,0.10439038992298909,0.10264751730107424,-0.0017428726219148455,-0.031001632440851537,0.031001632440851537
5.51396,1.2409211133336553,1.2471552709802558,0.006234157646600513,0.02931025855307497,0.02931025855307497
7.21395,1.3701039741948393,1.3692754819843096,-0.0008284922105297188,-0.022328327089182736,0.022328327089182736
7.51195,-0.6306891503060025,-0.6307573312024255,-6.818089642302017e-05,-0.0010315019815677357,0.0010315019815677357
