ppm,reference_mean,target_mean,mean_difference,standardized_effect,absolute_effect
5.54996,3.5038955368199676,-0.3610757957949282,-3.864971332614896,-75.56267926208498,75.56267926208498
5.54796,3.5242408604911466,-0.36998016540087664,-3.894221025892023,-73.06346121262226,73.06346121262226
5.55096,3.510618716635948,-0.3579846705586229,-3.868603387194571,-71.19367769744399,71.19367769744399
5.54696,3.508192868399112,-0.36673216077990395,-3.874925029179016,-68.80899789023546,68.80899789023546
5.54896,3.5287874880254297,-0.3690023998401059,-3.8977898878655357,-63.90870735484332,63.90870735484332
6.37995,3.800120469447108,-0.30467443577980574,-4.104794905226914,-46.282931286767706,46.282931286767706
6.38495,3.676102519161077,-0.3093799972570279,-3.985482516418105,-45.92966009372537,45.92966009372537
5.55196,3.5397904738232793,-0.3577322017788156,-3.8975226756020946,-44.99846976395394,44.99846976395394
6.38395,3.6937555925271015,-0.3139591037717204,-4.007714696298822,-43.384266161255596,43.384266161255596
6.38095,3.7561288894610554,-0.31343699299601646,-4.069565882457072,-42.051673601400104,42.051673601400104
6.38695,3.6933557237821444,-0.31846653557178844,-4.0118222593539326,-41.94527046763452,41.94527046763452
6.38595,3.710790677655023,-0.3216423903313992,-4.032433067986422,-41.02092485216321,41.02092485216321
5.54596,3.4161025389505246,-0.3677334329400142,-3.783835971890539,-40.79681031024532,40.79681031024532
5.54396,3.2559887435680994,-0.3721233991860051,-3.6281121427541043,-40.61956773934529,40.61956773934529
6.38195,3.705339809712762,-0.3193462462193918,-4.024686055932154,-38.6915813917997,38.6915813917997
6.37895,3.8054981183414913,-0.30568148644732374,-4.111179604788815,-38.66811123897833,38.66811123897833
6.39095,3.5168929043475416,-0.31871613727741577,-3.8356090416249575,-37.38360369798851,37.38360369798851
5.54496,3.334331308146262,-0.37612131675585886,-3.710452624902121,-37.35841943881368,37.35841943881368
6.38295,3.6631380557197257,-0.321059905184456,-3.9841979609041815,-36.939880731418526,36.939880731418526
6.39295,3.4203895896211995,-0.3212291487168971,-3.7416187383380968,-36.80848837658937,36.80848837658937
6.38995,3.6029312816378387,-0.32393752589589275,-3.9268688075337312,-36.64838996469955,36.64838996469955
6.37595,3.823921211004901,-0.30901987898260513,-4.132941089987506,-36.5945499629015,36.5945499629015
6.37695,3.8285238602756104,-0.3041946262687737,-4.132718486544384,-36.28221903833108,36.28221903833108
6.39195,3.476668549133865,-0.3220575980290036,-3.798726147162869,-36.224235971198226,36.224235971198226
6.37495,3.781580850941645,-0.30682064889780375,-4.088401499839449,-36.03117940532058,36.03117940532058
5.55696,3.5112387853240694,-0.3677751155501606,-3.87901390087423,-35.71447124510843,35.71447124510843
6.38795,3.694788849359679,-0.3236145391587535,-4.018403388518433,-35.640766984451375,35.640766984451375
5.55396,3.5339634209150477,-0.3676223096777201,-3.901585730592768,-34.96982624617441,34.96982624617441
5.55496,3.575167071072302,-0.3695020819991744,-3.944669153071476,-34.74982295573649,34.74982295573649
5.55596,3.5411909287648804,-0.3657996569603949,-3.9069905857252754,-34.133681782783924,34.133681782783924
5.55996,3.516078866390542,-0.36671598757848606,-3.882794853969028,-33.86822198864853,33.86822198864853
5.54296,3.1996475706568024,-0.3697487972238225,-3.569396367880625,-33.80341993381582,33.80341993381582
5.55296,3.5283336669347927,-0.36193746914569264,-3.8902711360804854,-33.330450287201174,33.330450287201174
6.39395,3.3755510828938102,-0.31440183697890833,-3.6899529198727183,-32.89736938663237,32.89736938663237
6.37795,3.8217313465956613,-0.30661784760311966,-4.128349194198781,-32.28061211212117,32.28061211212117
5.55796,3.4484842294755977,-0.36965478639524885,-3.8181390158708464,-30.85555355215305,30.85555355215305
6.39495,3.399583039739955,-0.3179564994807076,-3.7175395392206627,-30.630145186013046,30.630145186013046
6.38895,3.6599914259224042,-0.32687936135679957,-3.9868707872792037,-30.037229775321347,30.037229775321347
5.55896,3.447042639540733,-0.37151894224477905,-3.818561581785512,-29.883503373411866,29.883503373411866
6.39895,3.205712044906881,-0.3245640619235049,-3.530276106830386,-29.741985759251257,29.741985759251257
6.40095,3.177008644543627,-0.3258584473423254,-3.5028670918859524,-29.40575603871782,29.40575603871782
6.39795,3.235567300214795,-0.3188559129454054,-3.5544232131602005,-28.958829761718395,28.958829761718395
6.39995,3.1877185549355795,-0.32472515630124565,-3.512443711236825,-28.450880505810574,28.450880505810574
6.37195,3.8509199244841055,-0.30242938619339926,-4.153349310677505,-28.450009738561644,28.450009738561644
5.54196,3.1979820617814907,-0.3709401120482081,-3.568922173829699,-28.241073806284284,28.241073806284284
6.37295,3.795699567459523,-0.29645271997884753,-4.0921522874383705,-28.060612914706784,28.060612914706784
5.54096,3.1594416469670135,-0.3658858431280008,-3.5253274900950142,-27.6807495691647,27.6807495691647
6.37395,3.7682221044469064,-0.2976427892785661,-4.065864893725473,-26.876479544184647,26.876479544184647
6.39595,3.2763861874292544,-0.3323374164296839,-3.6087236038589383,-26.286234554754497,26.286234554754497
6.40195,3.0476091139735297,-0.32134891366955404,-3.368958027643084,-26.018470806024563,26.018470806024563
6.37095,3.8426672554259973,-0.295598399591218,-4.138265655017215,-25.216044720667153,25.216044720667153
6.39695,3.2086629422118573,-0.3266322775136001,-3.5352952197254575,-25.12499631975403,25.12499631975403
6.40295,2.961717938303528,-0.316434011594102,-3.27815194989763,-23.828097095121663,23.828097095121663
6.40795,2.827467204671554,-0.3165692152195538,-3.1440364198911075,-23.309968614948733,23.309968614948733
6.36795,3.8029225940008087,-0.29284443931115683,-4.095767033311965,-23.075897673635918,23.075897673635918
5.56096,3.5029754493538885,-0.36727492971188314,-3.8702503790657716,-23.051935273767043,23.051935273767043
6.40395,2.9135135053382806,-0.31684694529196933,-3.2303604506302497,-22.935827074948254,22.935827074948254
6.40895,2.7480629333665676,-0.31221306790054487,-3.0602760012671126,-22.774524423540296,22.774524423540296
6.40695,2.8698890749841137,-0.3164879969614976,-3.1863770719456115,-21.632608157160412,21.632608157160412
6.36695,3.8139751355200833,-0.28671413306564264,-4.100689268585726,-21.54695718642018,21.54695718642018
5.62696,0.7539238493807641,-0.3663090867999197,-1.1202329361806838,-21.066519428831224,21.066519428831224
5.56396,3.5191459238338823,-0.37142800332299974,-3.8905739271568818,-20.88884250123252,20.88884250123252
5.56296,3.511517230463671,-0.3717183691477307,-3.8832355996114014,-20.48675525246095,20.48675525246095
5.56196,3.4970055525157973,-0.3666884435284612,-3.8636939960442582,-20.301031697701575,20.301031697701575
6.41095,2.6374581453368955,-0.30723970171122356,-2.944697847048119,-20.28554378340792,20.28554378340792
5.62796,0.7021131254201504,-0.37117296593023735,-1.0732860913503877,-20.174868141161063,20.174868141161063
5.61396,1.0762307905832829,-0.36886568912178297,-1.4450964797050658,-20.06951170920836,20.06951170920836
6.36895,3.738888356608369,-0.30348525805522697,-4.042373614663596,-19.894587908387656,19.894587908387656
6.40995,2.6652729702538407,-0.31344166738463214,-2.9787146376384728,-19.745693994993676,19.745693994993676
6.36995,3.8042383387107996,-0.30426361025307175,-4.108501948963871,-19.739835795708654,19.739835795708654
6.40495,2.858186331948062,-0.3171589918123155,-3.1753453237603773,-19.424124321513926,19.424124321513926
5.53996,3.1031420164131505,-0.36947221319033846,-3.4726142296034888,-19.128679639819264,19.128679639819264
6.41195,2.5778575001817066,-0.30662340023847456,-2.884480900420181,-18.706851550548148,18.706851550548148
5.62596,0.8235804792029184,-0.36211144107138393,-1.1856919202743024,-18.46193974480414,18.46193974480414
5.56496,3.491434115690992,-0.3714399078976365,-3.8628740235886285,-18.380890653736234,18.380890653736234
6.41495,2.5004676081106654,-0.30999135445652487,-2.81045896256719,-18.34633559519945,18.34633559519945
6.36595,3.748126052643636,-0.27600256560183845,-4.0241286182454745,-18.30175279624967,18.30175279624967
6.40595,2.87163125088381,-0.31307225012886786,-3.184703501012678,-17.719225679179704,17.719225679179704
6.41395,2.4879465139669428,-0.30424843635844256,-2.7921949503253853,-17.68094224188605,17.68094224188605
6.41295,2.491097278003028,-0.3023595124934699,-2.793456790496498,-17.471162132058954,17.471162132058954
6.36395,3.7002453981317194,-0.26928217890798745,-3.969527577039707,-17.333344555855334,17.333344555855334
6.36495,3.6888158525254626,-0.27304453368075676,-3.9618603862062196,-16.87854898472373,16.87854898472373
5.62996,0.6454531139628221,-0.3678184600366258,-1.013271573999448,-16.63727960722105,16.63727960722105
6.41595,2.519282219083874,-0.31350130992573194,-2.832783529009606,-16.51224035021137,16.51224035021137
5.61796,1.0268104345477629,-0.3717310493198704,-1.3985414838676333,-16.40525271019691,16.40525271019691
6.36195,3.7057205573395553,-0.2638344975341508,-3.969555054873706,-16.000850265610264,16.000850265610264
6.36295,3.7216357143287695,-0.26353107963206424,-3.9851667939608335,-15.982866144169856,15.982866144169856
5.53896,3.024223418166457,-0.36469157907558086,-3.388914997242038,-15.970184299131239,15.970184299131239
6.36095,3.6490523725121298,-0.25593822546804457,-3.9049905979801744,-15.853990150277545,15.853990150277545
5.53496,2.649608868053125,-0.36519318221437547,-3.014802050267501,-15.771252595288635,15.771252595288635
5.53796,2.9342892794576665,-0.37086498405332036,-3.3051542635109867,-15.673906801148268,15.673906801148268
5.63096,0.6179164384721161,-0.36636046058993577,-0.9842768990620518,-15.433549961199024,15.433549961199024
6.41695,2.462012509953733,-0.3083222818493886,-2.770334791803122,-15.415184290652082,15.415184290652082
5.62496,0.7987590916799067,-0.3644612461366544,-1.163220337816561,-15.385816626532879,15.385816626532879
5.62296,0.8499465998706834,-0.37133018628516085,-1.2212767861558442,-15.377561266150902,15.377561266150902
5.61496,1.0218584604404437,-0.3742844178142854,-1.3961428782547292,-15.31598881157939,15.31598881157939
5.53396,2.5206777215762965,-0.36354584600257267,-2.884223567578869,-15.255421640230692,15.255421640230692
6.41895,2.3559933343139408,-0.29055147346966737,-2.646544807783608,-15.201497401384849,15.201497401384849
6.35995,3.6324647100236227,-0.24371358539465365,-3.8761782954182764,-15.133877392333774,15.133877392333774
6.42195,2.323134679142168,-0.2915555268971812,-2.614690206039349,-15.126683886059189,15.126683886059189
5.62896,0.6534111082747662,-0.37783440159364534,-1.0312455098684117,-14.9746278274767,14.9746278274767
5.53696,2.838466440873475,-0.36512235156266165,-3.2035887924361366,-14.929332767075882,14.929332767075882
5.63596,0.44294984988246017,-0.3728763178804115,-0.8158261677628716,-14.877391296990275,14.877391296990275
5.53596,2.7277611232785817,-0.36956902142947634,-3.097330144708058,-14.792287510555434,14.792287510555434
6.28096,1.4224489564112792,-0.30569164669078436,-1.7281406031020636,-14.69415140199091,14.69415140199091
6.27996,1.4014987007580282,-0.30674469938234233,-1.7082434001403706,-14.558218416302037,14.558218416302037
5.63696,0.39234726386748997,-0.3701466738058997,-0.7624939376733897,-14.340304134601025,14.340304134601025
5.61696,1.030219813921807,-0.37854096357268424,-1.4087607774944912,-14.298559392159591,14.298559392159591
5.63196,0.5517492522443312,-0.3689345823022377,-0.9206838345465689,-14.297667474379356,14.297667474379356
6.28296,1.431227296415406,-0.312632991388438,-1.743860287803844,-14.214930603524353,14.214930603524353
6.41795,2.3978098839141637,-0.30245646553545413,-2.7002663494496177,-14.21117966607155,14.21117966607155
5.56896,3.359291921039484,-0.37502270142529454,-3.7343146224647787,-14.178744032897415,14.178744032897415
5.63796,0.38719997778179427,-0.3663488488556401,-0.7535488266374344,-13.964730995418567,13.964730995418567
6.28196,1.3977454540755385,-0.30748502643115966,-1.7052304805066982,-13.932517041911417,13.932517041911417
5.56796,3.407204666575293,-0.3700264765886688,-3.7772311431639616,-13.909881343731497,13.909881343731497
5.56596,3.458747857210394,-0.36419278263186183,-3.8229406398422556,-13.738918496381483,13.738918496381483
5.63496,0.47487535497076383,-0.37650632943346607,-0.8513816844042299,-13.585715123773241,13.585715123773241
6.42095,2.338491159144273,-0.29451469803954144,-2.6330058571838144,-13.5369209481415,13.5369209481415
5.62396,0.8315242436742395,-0.3659221022175938,-1.1974463458918332,-13.492067967327166,13.492067967327166
6.35895,3.6612047237744427,-0.23825570336927862,-3.899460427143721,-13.385104583437982,13.385104583437982
6.42295,2.335112366016207,-0.29250846318992685,-2.6276208292061343,-13.379817599204163,13.379817599204163
6.27896,1.338739030361182,-0.30178904412310675,-1.6405280744842887,-13.338417414292103,13.338417414292103
5.56696,3.4244166666680687,-0.36190403924072556,-3.7863207059087944,-13.269341724493394,13.269341724493394
5.61896,0.9708602370261767,-0.35713914468365116,-1.327999381709828,-13.22336468217242,13.22336468217242
6.27296,1.2004931667856402,-0.30529539026024916,-1.5057885570458893,-13.138407503199439,13.138407503199439
6.41995,2.368605493964063,-0.2920440509488785,-2.6606495449129417,-13.109085003934783,13.109085003934783
6.27396,1.1970709026454593,-0.3069165833065519,-1.5039874859520113,-13.106620064025716,13.106620064025716
5.52796,2.153203624729727,-0.3709707356073756,-2.5241743603371027,-12.835547648580981,12.835547648580981
6.42395,2.367589987543764,-0.2853678885669106,-2.6529578761106745,-12.822897272769794,12.822897272769794
6.35795,3.6194471838032287,-0.2250595544483517,-3.8445067382515803,-12.680736151841087,12.680736151841087
6.42495,2.268742084867003,-0.2827867710756773,-2.55152885594268,-12.525900414461637,12.525900414461637
5.53296,2.460410363552459,-0.3689163192489364,-2.829326682801395,-12.454000570714037,12.454000570714037
6.42595,2.2117152052217017,-0.2827995468638285,-2.4945147520855304,-12.408277067336138,12.408277067336138
6.27196,1.2136781167954966,-0.3098139445202036,-1.5234920613157001,-12.408003499122577,12.408003499122577
6.35695,3.542406739126256,-0.22353070586606305,-3.765937444992319,-12.069311098908173,12.069311098908173
5.63896,0.29276817716468967,-0.36787401054384117,-0.6606421877085309,-12.030992664492553,12.030992664492553
6.28396,1.4304001352439524,-0.3073227298429209,-1.7377228650868732,-11.996893967046358,11.996893967046358
5.61596,1.0066208505100118,-0.37892916795334136,-1.3855500184633531,-11.978057572480017,11.978057572480017
5.56996,3.293657201088413,-0.3659621812450809,-3.659619382333494,-11.903938349522907,11.903938349522907
5.60896,1.2829056228537068,-0.3756685799562119,-1.6585742028099186,-11.631589600203236,11.631589600203236
6.26996,1.2081229610542352,-0.3102854124847009,-1.5184083735389362,-11.615668783696966,11.615668783696966
6.35595,3.48229016734529,-0.21578390719873555,-3.6980740745440257,-11.525171140808434,11.525171140808434
5.64096,0.22921324392115844,-0.3664218842428178,-0.5956351281639762,-11.482490716061516,11.482490716061516
6.42695,2.2173493334049894,-0.2796582480490698,-2.497007581454059,-11.468228589857112,11.468228589857112
6.27096,1.2208447824078825,-0.3097978281451166,-1.530642610552999,-11.46750051408622,11.46750051408622
5.57096,3.2814414687207214,-0.3606274090447379,-3.6420688777654595,-11.447478142037259,11.447478142037259
6.42795,2.2342464529744728,-0.27121612652581917,-2.505462579500292,-11.443945129090366,11.443945129090366
5.60796,1.34335986573562,-0.3702701872861391,-1.7136300530217592,-11.27380004087475,11.27380004087475
6.28595,1.456750599645614,-0.29793611116526114,-1.7546867108108752,-11.258098914668516,11.258098914668516
5.63996,0.25754964996302576,-0.36433852682441753,-0.6218881767874433,-11.250976189831622,11.250976189831622
6.28495,1.4094773619006171,-0.30293033597176994,-1.712407697872387,-11.248042136324283,11.248042136324283
6.27796,1.3390082777673884,-0.31514420172719076,-1.6541524794945792,-11.242731618518766,11.242731618518766
5.64196,0.23294272492730922,-0.36363039129185076,-0.59657311621916,-11.096286203469123,11.096286203469123
5.53196,2.422525534460579,-0.3687023081462588,-2.7912278426068378,-11.077664001766763,11.077664001766763
6.29395,1.7326545951554175,-0.25914256892578724,-1.9917971640812047,-11.068420362335655,11.068420362335655
5.57196,3.2973431231559154,-0.36578539501111423,-3.6631285181670297,-10.982380290052424,10.982380290052424
5.52896,2.209628721171461,-0.3725863729912939,-2.582215094162755,-10.887003271302712,10.887003271302712
6.29195,1.585955747523983,-0.27079457820285574,-1.8567503257268387,-10.88566415534427,10.88566415534427
5.52696,2.0418933521261855,-0.37626744743685264,-2.4181607995630383,-10.88399443971314,10.88399443971314
6.28795,1.4396281727039262,-0.286585454456927,-1.7262136271608532,-10.875317184036238,10.875317184036238
6.28695,1.4279838839246928,-0.2875392731809453,-1.715523157105638,-10.866255597675117,10.866255597675117
6.28895,1.5002121702344735,-0.27520028250205303,-1.7754124527365265,-10.858966834291541,10.858966834291541
6.35495,3.511734592040788,-0.20634496426658588,-3.718079556307374,-10.813708135022258,10.813708135022258
6.29295,1.6516186704357532,-0.2707040278863985,-1.9223226983221517,-10.811293820718305,10.811293820718305
5.53096,2.353946557588711,-0.3560513263301057,-2.709997883918817,-10.727749141152803,10.727749141152803
5.62196,0.7898491914749992,-0.3750664994032435,-1.1649156908782428,-10.703050112336383,10.703050112336383
6.35395,3.561128449560642,-0.19602859762495914,-3.757157047185601,-10.65944955970754,10.65944955970754
6.27496,1.2355056657717074,-0.3171534330639692,-1.5526590988356765,-10.631560314405574,10.631560314405574
8.39194,0.5903893128454585,-0.3325088505065319,-0.9228981633519904,-10.60388452801624,10.60388452801624
5.57296,3.221033538704172,-0.3633387250654734,-3.5843722637696454,-10.532765883456845,10.532765883456845
6.35195,3.574177031048902,-0.19279391782558053,-3.7669709488744823,-10.4931045202711,10.4931045202711
5.52596,1.9600445148904329,-0.3638976484024212,-2.323942163292854,-10.485666857408003,10.485666857408003
5.52496,1.9259602845870727,-0.3651408762273207,-2.291101160814393,-10.47172939115483,10.47172939115483
6.35095,3.504717321210177,-0.18529729182140542,-3.6900146130315825,-10.459208172686075,10.459208172686075
5.59496,1.9118739314746316,-0.36557470564002953,-2.277448637114661,-10.45248195071405,10.45248195071405
5.64396,0.22911826093156884,-0.37349691325552803,-0.6026151741870969,-10.4425869225342,10.4425869225342
6.29095,1.528515827894867,-0.26934922080030266,-1.7978650486951695,-10.437678800475114,10.437678800475114
6.28995,1.5199029509083597,-0.2678673214911354,-1.787770272399495,-10.42055394945635,10.42055394945635
5.64296,0.2330245865645537,-0.36410465897958155,-0.5971292455441353,-10.356015395211351,10.356015395211351
6.26896,1.2073254429343374,-0.31199422949426453,-1.519319672428602,-10.35321144069597,10.35321144069597
6.29495,1.7898694681318101,-0.2462443695399845,-2.0361138376717944,-10.346553463205657,10.346553463205657
6.35295,3.5649751791206583,-0.19356942292033624,-3.7585446020409945,-10.338231999940463,10.338231999940463
6.42895,2.1966329011403722,-0.27840899644762407,-2.4750418975879964,-10.320843356755521,10.320843356755521
5.60996,1.2211512971941305,-0.3753205341711983,-1.5964718313653288,-10.278505570433028,10.278505570433028
5.60196,1.6182412137571949,-0.35872647907629124,-1.976967692833486,-10.17948352700054,10.17948352700054
6.27696,1.3336673607280356,-0.3170557991810118,-1.6507231599090475,-10.160026730915684,10.160026730915684
6.34595,3.387928239331189,-0.18248441081313568,-3.5704126501443247,-10.152393732065153,10.152393732065153
5.60296,1.5600909442107458,-0.3667004296582311,-1.9267913738689768,-10.119089522210048,10.119089522210048
6.34695,3.412257499899551,-0.18625696805838304,-3.598514467957934,-10.059354259216848,10.059354259216848
6.24896,1.3321692844275295,-0.2831044646315597,-1.6152737490590892,-10.056155571391105,10.056155571391105
5.61296,1.0800281087644168,-0.36946484960989767,-1.4494929583743144,-10.05261368828078,10.05261368828078
8.39094,0.4759853061571956,-0.3330568889972009,-0.8090421951543965,-10.045736008265521,10.045736008265521
5.52996,2.2617663123119227,-0.3662942620889748,-2.6280605744008976,-9.973361176433457,9.973361176433457
5.58896,2.193945237733329,-0.3634442237011318,-2.5573894614344606,-9.925893673429336,9.925893673429336
5.57396,3.1928663483382818,-0.3642853034162588,-3.5571516517545407,-9.898791084037025,9.898791084037025
5.61996,0.8777956379528,-0.35784638044510086,-1.2356420183979009,-9.869795618804275,9.869795618804275
6.34495,3.318427651431365,-0.19466897878939599,-3.513096630220761,-9.85947014775011,9.85947014775011
6.42995,2.1495158170287927,-0.28313531176358425,-2.432651128792377,-9.818892216449857,9.818892216449857
6.34995,3.4250864116689526,-0.18445471542259817,-3.6095411270915507,-9.813551385682663,9.813551385682663
6.43095,2.124213485598897,-0.2796265738700976,-2.403840059468995,-9.78735789123424,9.78735789123424
6.24996,1.3190539530883534,-0.2891189172865254,-1.6081728703748788,-9.70719252518128,9.70719252518128
6.34395,3.3971947595996776,-0.19962334606695528,-3.596818105666633,-9.694614630887807,9.694614630887807
5.58796,2.221645760570909,-0.3672769436186121,-2.588922704189521,-9.664128616450864,9.664128616450864
6.29595,1.7776764405968253,-0.24800756797024123,-2.0256840085670667,-9.656789726733866,9.656789726733866
6.26796,1.2053415638987452,-0.31331912548115387,-1.518660689379899,-9.656608686198922,9.656608686198922
5.51896,1.5627847833753163,-0.3702867155202605,-1.9330714988955768,-9.656215903358847,9.656215903358847
6.34095,3.2281771983197265,-0.18852992280177794,-3.4167071211215045,-9.648394866158682,9.648394866158682
6.24796,1.2925661415214926,-0.28387222138018176,-1.5764383629016745,-9.632669245427842,9.632669245427842
5.52396,1.8358266899959816,-0.36760651188421734,-2.203433201880199,-9.547439234888389,9.547439234888389
8.50894,-0.9342382959574508,-0.36786452872075914,0.5663737672366916,9.474372303173844,9.474372303173844
6.43195,2.0964248465163604,-0.28022328048192285,-2.3766481269982833,-9.429445599451805,9.429445599451805
6.34195,3.2950522868259666,-0.18973964757192802,-3.4847919343978946,-9.42922504706416,9.42922504706416
5.57496,3.0924611714268355,-0.36682987515267695,-3.4592910465795126,-9.377615557564711,9.377615557564711
5.51696,1.3743240208116592,-0.3580093842985266,-1.7323334051101857,-9.367024080856268,9.367024080856268
5.60696,1.3782996096951052,-0.37007565517817825,-1.7483752648732835,-9.355319978964417,9.355319978964417
6.26696,1.1774233365068216,-0.3136659037128222,-1.4910892402196438,-9.339665513837076,9.339665513837076
5.57596,3.006194165890579,-0.36811415569857187,-3.374308321589151,-9.337231099934932,9.337231099934932
6.34795,3.4352853024390724,-0.19153925521163956,-3.626824557650712,-9.316324369625118,9.316324369625118
6.26496,1.2277957864980762,-0.31875784715192906,-1.5465536336500052,-9.308680053180286,9.308680053180286
5.63396,0.44608826131590296,-0.37455141114216134,-0.8206396724580642,-9.308484278177282,9.308484278177282
6.25096,1.318436657021131,-0.29934895970436676,-1.6177856167254978,-9.29936117934138,9.29936117934138
5.59596,1.8799553043107906,-0.3704825112980912,-2.2504378156088816,-9.282164062727041,9.282164062727041
6.34295,3.3243454148989016,-0.19245549189154876,-3.51680090679045,-9.2661164845528,9.2661164845528
6.25496,1.4086090505866342,-0.2975658131018703,-1.7061748636885046,-9.168568672575033,9.168568672575033
8.80794,-0.9413085237946539,-0.38409443600296406,0.5572140877916898,9.159085128084671,9.159085128084671
5.58996,2.0701398929052095,-0.35556420848026304,-2.4257041013854725,-9.154583950953507,9.154583950953507
5.51996,1.5875135872820967,-0.3639142887137769,-1.9514278759958736,-9.144383912525312,9.144383912525312
8.38994,0.3444821324294642,-0.33804697563314473,-0.6825291080626089,-9.131982892396014,9.131982892396014
6.25396,1.402862556553296,-0.3086000314535018,-1.7114625880067977,-9.111012527814255,9.111012527814255
8.50994,-0.9269314915768544,-0.3765191946630424,0.550412296913812,9.107538507717598,9.107538507717598
5.51596,1.3563503724592478,-0.3604552705811548,-1.7168056430404026,-9.106006384545546,9.106006384545546
5.64796,0.19380271619211153,-0.3824465346812467,-0.5762492508733582,-9.093830917607432,9.093830917607432
6.24696,1.2668516784583805,-0.2857951692836515,-1.552646847742032,-9.07229545880656,9.07229545880656
8.94394,-0.9607576978944647,-0.3770521463835356,0.5837055515109291,9.065984297209104,9.065984297209104
6.33995,3.233019126841225,-0.19219478850893307,-3.425213915350158,-9.058838313492561,9.058838313492561
6.34895,3.432360338884309,-0.18909614413638448,-3.6214564830206935,-9.024161059960647,9.024161059960647
5.60596,1.4383974018217458,-0.3698571137125845,-1.8082545155343304,-8.964663445756711,8.964663445756711
6.43295,2.077608197661648,-0.271203547504354,-2.348811745166002,-8.958422059372078,8.958422059372078
6.27596,1.267687166130383,-0.3238084982763411,-1.5914956644067242,-8.954687384969203,8.954687384969203
6.29695,1.7627870550291385,-0.24526771125945673,-2.0080547662885952,-8.941779734090884,8.941779734090884
5.64696,0.16990544373693708,-0.37720947057829757,-0.5471149143152346,-8.927181205370504,8.927181205370504
5.62096,0.8325585780746636,-0.3697397993508259,-1.2022983774254894,-8.917253851460902,8.917253851460902
7.24695,0.8129668290060232,-0.16339147266090848,-0.9763583016669317,-8.8823017243815,8.8823017243815
5.60396,1.4728850703433736,-0.362728457183784,-1.8356135275271575,-8.879408618906155,8.879408618906155
8.64494,-0.9275095048324823,-0.38461618958847554,0.5428933152440067,8.834852385128634,8.834852385128634
5.58596,2.29972165963461,-0.3632007188194694,-2.662922378454079,-8.824258611833894,8.824258611833894
5.52296,1.7349058020331198,-0.36554383988824374,-2.1004496419213634,-8.819693070417678,8.819693070417678
8.39294,0.6896102376813522,-0.33443797431807615,-1.0240482119994283,-8.816485048652407,8.816485048652407
8.32894,-0.8738126417826912,-0.3627421153550261,0.5110705264276652,8.815805763438712,8.815805763438712
6.25196,1.3369572442433721,-0.29863680340092713,-1.6355940476442994,-8.785488195790993,8.785488195790993
8.81594,-0.9544470297611498,-0.3864454175865367,0.5680016121746131,8.758436818081897,8.758436818081897
8.31494,-0.9050620865023242,-0.36650249735544294,0.5385595891468813,8.72623916981466,8.72623916981466
6.24596,1.2572011490756958,-0.29173529970416995,-1.5489364487798658,-8.725582098539764,8.725582098539764
8.82094,-0.9245370308460856,-0.38136386878502454,0.5431731620610611,8.707942097429205,8.707942097429205
8.39394,0.7391177778869578,-0.33117283800957176,-1.0702906158965295,-8.65369706309503,8.65369706309503
8.93494,-0.9635603433099887,-0.37628893309308054,0.5872714102169082,8.630395390416183,8.630395390416183
6.25296,1.3834754803242144,-0.3030352561142687,-1.686510736438483,-8.610182543271167,8.610182543271167
8.29294,-0.890210142305638,-0.35146977189720235,0.5387403704084357,8.601579937482521,8.601579937482521
7.24495,0.8558003466293077,-0.16302748933338018,-1.0188278359626879,-8.598814540469805,8.598814540469805
5.57896,2.801608013105803,-0.36321534326082816,-3.164823356366631,-8.57287946129917,8.57287946129917
8.32794,-0.8634915337571183,-0.3595644962875413,0.503927037469577,8.569594646213735,8.569594646213735
8.32394,-0.8751035247504126,-0.3668529600591637,0.508250564691249,8.566341246098544,8.566341246098544
5.59196,2.0128300474226424,-0.36435922431427026,-2.3771892717369125,-8.561494885644755,8.561494885644755
7.24795,0.8337553430924216,-0.1747431044928829,-1.0084984475853045,-8.553706181743912,8.553706181743912
5.59396,1.9431647974476052,-0.3601664429465985,-2.3033312403942037,-8.55251276066261,8.55251276066261
7.24595,0.7989673608079508,-0.1640143445987057,-0.9629817054066565,-8.541676028511528,8.541676028511528
5.59296,1.9261613581062416,-0.36307478021575046,-2.289236138321992,-8.524149019149958,8.524149019149958
5.59096,2.0571477646047764,-0.3562287700268633,-2.41337653463164,-8.523326596227305,8.523326596227305
5.57996,2.6688332837261566,-0.3691989534520388,-3.0380322371781956,-8.510790478056883,8.510790478056883
5.58696,2.2429510571871085,-0.36153869952255957,-2.6044897567096683,-8.49620955690857,8.49620955690857
5.63296,0.4614947142803818,-0.370611666572552,-0.8321063808529339,-8.492656294057308,8.492656294057308
6.33895,3.195954630231451,-0.19733897776146492,-3.393293607992916,-8.488486376228584,8.488486376228584
5.58196,2.558314795542923,-0.35893939675565606,-2.917254192298579,-8.483731752706902,8.483731752706902
8.30294,-0.8720327965905711,-0.36277716465763143,0.5092556319329397,8.474630621177807,8.474630621177807
6.43495,1.9932727360020013,-0.25704068793150164,-2.2503134239335028,-8.469101841425541,8.469101841425541
5.58096,2.5795245418595365,-0.36465540164202,-2.9441799435015565,-8.466507364205127,8.466507364205127
6.43395,2.0410112228476978,-0.2659874793170122,-2.30699870216471,-8.45546593034675,8.45546593034675
8.33194,-0.8703427535537401,-0.35766925637651437,0.5126734971772258,8.444784989931614,8.444784989931614
8.97893,-0.9021554454720192,-0.38647193576847905,0.5156835097035402,8.436162008713408,8.436162008713408
5.61096,1.1798855275631808,-0.37990791893964654,-1.5597934465028274,-8.404813900751167,8.404813900751167
8.51094,-0.8782623885071543,-0.3772535517028388,0.5010088368043155,8.389047379313746,8.389047379313746
8.49694,-0.8980754061445313,-0.3641652046876764,0.5339102014568549,8.381517438147513,8.381517438147513
8.32994,-0.8791826441684844,-0.3610061808875076,0.5181764632809768,8.360998395660253,8.360998395660253
8.33294,-0.861814677650947,-0.3532406517166132,0.5085740259343339,8.354260194725194,8.354260194725194
8.32094,-0.8580008535023306,-0.368068714774626,0.4899321387277046,8.347547922020414,8.347547922020414
5.60096,1.6328096754500818,-0.35654068428353214,-1.989350359733614,-8.34337809268883,8.34337809268883
6.26396,1.2115786840474743,-0.31988649103872685,-1.5314651750862012,-8.331025759554922,8.331025759554922
8.60094,-0.8921606875159147,-0.3813855767368941,0.5107751107790206,8.330618109110217,8.330618109110217
8.29494,-0.9014430988188546,-0.36210541390908546,0.5393376849097692,8.321464714617058,8.321464714617058
8.94494,-0.9318328990369215,-0.3801747052400533,0.5516581937968681,8.319045809535003,8.319045809535003
8.51194,-0.8803017196649923,-0.37627943498031374,0.5040222846846785,8.315057214010698,8.315057214010698
5.58496,2.410252687180205,-0.3647998427811976,-2.7750525299614024,-8.299279396570173,8.299279396570173
5.51296,1.163198287947081,-0.35857202931971044,-1.5217703172667916,-8.279567783778534,8.279567783778534
5.64596,0.1931734095934911,-0.3813813269601244,-0.5745547365536154,-8.255073232338484,8.255073232338484
6.26596,1.1834169987788532,-0.3155518810854989,-1.4989688798643521,-8.248493959087753,8.248493959087753
5.57696,2.925507020178654,-0.37031705683925353,-3.2958240770179072,-8.238571115381419,8.238571115381419
6.24496,1.1837479419320451,-0.2869378164102568,-1.4706857583423019,-8.213629479356408,8.213629479356408
6.29795,1.7548754244541833,-0.24016674671638716,-1.9950421711705704,-8.192191207186465,8.192191207186465
8.34194,-0.8620069647255784,-0.35645118180097185,0.5055557829246065,8.185365021914755,8.185365021914755
8.29394,-0.8789702602533237,-0.34748780113861866,0.531482459114705,8.177768118203502,8.177768118203502
6.43595,2.013425137069544,-0.2480618531186838,-2.261486990188228,-8.151687602449572,8.151687602449572
5.58396,2.4332549487897723,-0.3684469535121094,-2.8017019023018817,-8.144769309064081,8.144769309064081
8.49594,-0.8797081848519263,-0.3652446981295117,0.5144634867224145,8.140599558422123,8.140599558422123
8.50294,-0.9557315998872884,-0.3754042391020975,0.5803273607851909,8.11369681709691,8.11369681709691
6.43695,2.006524468585291,-0.24030447030447602,-2.246828938889767,-8.105284044319442,8.105284044319442
8.98593,-0.9147314106278086,-0.38748197204853535,0.5272494385792732,8.098421712347255,8.098421712347255
8.94294,-0.9602631476760952,-0.38375590047853814,0.5765072471975571,8.088294725035185,8.088294725035185
8.75394,-0.880492163947652,-0.384071819723306,0.49642034422434594,8.087150533420271,8.087150533420271
7.24395,0.9682385941544811,-0.16615842125466304,-1.134397015409144,-8.086559931890886,8.086559931890886
5.51796,1.4402574521559648,-0.3599021959749947,-1.8001596481309594,-8.073247162584693,8.073247162584693
5.52196,1.6571923498097725,-0.36063406896311856,-2.017826418772891,-8.07167388933104,8.07167388933104
5.60496,1.4479284618569381,-0.3610560696686122,-1.8089845315255504,-8.06154925498926,8.06154925498926
8.75594,-0.8899903170794115,-0.3845338350453984,0.505456482034013,8.054671153505499,8.054671153505499
8.64994,-0.9201123697306686,-0.37063008439633366,0.5494822853343349,8.03877825423107,8.03877825423107
8.82894,-0.9235501963630997,-0.387647286106549,0.5359029102565507,8.033652843931009,8.033652843931009
8.34894,-0.8542468180772245,-0.3671530496125847,0.48709376846463975,8.026797458887241,8.026797458887241
7.24195,0.9830889594173917,-0.15025619370807647,-1.1333451531254681,-8.014069936731772,8.014069936731772
8.93294,-0.9400091773936664,-0.3717486331591431,0.5682605442345233,8.010534555691486,8.010534555691486
8.50694,-0.8717775159273073,-0.36802562544364625,0.5037518904836611,8.007594220283245,8.007594220283245
8.83594,-0.8853824571682982,-0.3808295522300171,0.5045529049382811,8.00383518685488,8.00383518685488
6.25596,1.3824665006685999,-0.2991866557498611,-1.681653156418461,-7.997773398711313,7.997773398711313
8.93394,-0.9249059990128032,-0.37658846110631816,0.5483175379064851,7.985327599219331,7.985327599219331
6.30695,2.0193197733435575,-0.20017396393451561,-2.219493737278073,-7.97829407007256,7.97829407007256
6.30595,1.985784219077578,-0.20022085885692034,-2.1860050779344986,-7.9554890426867635,7.9554890426867635
5.52096,1.6582881602941077,-0.3617486159176353,-2.020036776211743,-7.908701054999873,7.908701054999873
8.74894,-0.9052038666797704,-0.3815653372762726,0.5236385294034978,7.901186622541103,7.901186622541103
7.24895,0.8079714472103157,-0.17944041582985745,-0.9874118630401731,-7.900578690853053,7.900578690853053
8.97193,-0.8850944700719703,-0.38487911344278947,0.5002153566291808,7.879179749096794,7.879179749096794
5.59696,1.836055573958268,-0.36694435851648405,-2.2029999324747522,-7.866197796453759,7.866197796453759
7.25095,0.7365203332036552,-0.1828277484228638,-0.9193480816265189,-7.863126642959933,7.863126642959933
6.33695,3.10006172364925,-0.16749517364865713,-3.267556897297907,-7.858532932408798,7.858532932408798
6.33795,3.1321861846940795,-0.1915381923554662,-3.3237243770495457,-7.85505817887969,7.85505817887969
8.74794,-0.8992711622801783,-0.38625020933637416,0.5130209529438041,7.8456557769631985,7.8456557769631985
8.61694,-0.8824812477913347,-0.37919565523923665,0.503285592552098,7.845186156279125,7.845186156279125
8.99293,-0.9082358142419567,-0.38649430245344274,0.5217415117885139,7.83837174970461,7.83837174970461
6.24396,1.1213307982836695,-0.27699163005362887,-1.3983224283372984,-7.8365323353561775,7.8365323353561775
8.57894,-0.8696419370710302,-0.380506916175779,0.48913502089525124,7.815844259698854,7.815844259698854
5.50196,0.5996891997991384,-0.3642138124469444,-0.9639030122460828,-7.811172233456953,7.811172233456953
8.74994,-0.9099980301406413,-0.3902145406794806,0.5197834894611607,7.808921174513609,7.808921174513609
8.83994,-0.875935203437826,-0.3750120755651929,0.5009231278726332,7.806367885201984,7.806367885201984
8.32694,-0.8404499443136897,-0.35109737681651043,0.48935256749717926,7.8023437433976675,7.8023437433976675
8.99193,-0.9287118044272742,-0.3918254886863846,0.5368863157408896,7.796629933026021,7.796629933026021
8.34994,-0.8591527532421206,-0.3568435612188233,0.5023091920232973,7.795603928845261,7.795603928845261
8.98493,-0.8857476843865594,-0.3862161551612828,0.49953152922527655,7.79197740909553,7.79197740909553
5.59996,1.6829508601598944,-0.3560863166444096,-2.039037176804304,-7.779219871074096,7.779219871074096
5.58296,2.487108324419779,-0.36181649790490156,-2.8489248223246806,-7.772926925315313,7.772926925315313
8.28294,-0.8940896535760252,-0.35583736559463536,0.5382522879813898,7.765215355271436,7.765215355271436
8.54794,-0.8771971555518644,-0.3855387100169521,0.4916584455349123,7.760333848784333,7.760333848784333
8.62194,-0.9421877266688546,-0.3890732916118493,0.5531144350570054,7.75269970395845,7.75269970395845
8.65094,-0.9250838245251051,-0.37275335892087585,0.5523304656042292,7.744886068118898,7.744886068118898
7.24995,0.7628161784495393,-0.1849855954138996,-0.9478017738634389,-7.730287764305904,7.730287764305904
8.54894,-0.9072162799006779,-0.39172279614878375,0.5154934837518941,7.730230741352747,7.730230741352747
8.61894,-0.9025092452545362,-0.3865674727623789,0.5159417724921573,7.728292144466013,7.728292144466013
8.59094,-0.8839943477387344,-0.38114176085432017,0.5028525868844143,7.7229103042609655,7.7229103042609655
6.43795,1.9884739517227468,-0.23120957557266703,-2.219683527295414,-7.720821079777093,7.720821079777093
5.64496,0.20637531570827036,-0.38158999409222744,-0.5879653098004978,-7.698850281821613,7.698850281821613
6.31095,2.0930812692560816,-0.20368703133490135,-2.296768300590983,-7.694518026037239,7.694518026037239
5.61196,1.1240726991124375,-0.37633017229453114,-1.5004028714069686,-7.688810398219851,7.688810398219851
8.30594,-0.8906969181251918,-0.3717969643332288,0.518899953791963,7.66650810422326,7.66650810422326
8.34694,-0.8304420709906751,-0.3608323648519516,0.46960970613872355,7.663598912357429,7.663598912357429
6.30795,2.004919563196432,-0.1905171454579271,-2.195436708654359,-7.659947814134745,7.659947814134745
8.74194,-0.934694582486328,-0.3831297989432316,0.5515647835430963,7.654234596225041,7.654234596225041
6.29895,1.7335255507768383,-0.22599025933474495,-1.9595158101115833,-7.644491299920017,7.644491299920017
8.60394,-0.8660595482607268,-0.385238909727514,0.48082063853321283,7.631997732978127,7.631997732978127
8.93794,-0.9177053039351002,-0.3777616842950891,0.5399436196400111,7.628347009801633,7.628347009801633
6.29995,1.7701483849580035,-0.22397702999893937,-1.994125414956943,-7.626497271071653,7.626497271071653
8.59794,-0.877624506167214,-0.38303017892459046,0.49459432724262353,7.615243620894442,7.615243620894442
5.50296,0.6513237250530086,-0.36604682278899014,-1.0173705478419988,-7.613004533895195,7.613004533895195
6.30995,2.053406631744436,-0.20903578970153816,-2.262442421445974,-7.611888088684905,7.611888088684905
8.83694,-0.8711798888526288,-0.3771794262728328,0.49400046257979596,7.597496343114976,7.597496343114976
8.34794,-0.8427542336843099,-0.363228859228344,0.4795253744559659,7.595885990815505,7.595885990815505
8.64894,-0.8860992679281166,-0.3727939038601232,0.5133053640679934,7.590775226808386,7.590775226808386
8.64794,-0.8731848791198874,-0.3773116880988744,0.495873191021013,7.5718062661577665,7.5718062661577665
6.26296,1.2171959062400006,-0.3162519377154974,-1.5334478439554982,-7.571211814569607,7.571211814569607
5.51496,1.2816017701802016,-0.3614701109370951,-1.6430718811172966,-7.5711345446876885,7.5711345446876885
8.83294,-0.896970525345197,-0.38314507213944937,0.5138254532057476,7.5679949277789795,7.5679949277789795
5.57796,2.834791300695743,-0.36412265991202886,-3.198913960607772,-7.567518998110984,7.567518998110984
8.54694,-0.8612454597025598,-0.38385999590451597,0.47738546379804386,7.567102582067755,7.567102582067755
6.30095,1.8197040970883478,-0.21851640113845885,-2.038220498226807,-7.561407358808886,7.561407358808886
5.51196,1.079261253578204,-0.35537750790351363,-1.4346387614817178,-7.55657969301984,7.55657969301984
8.64394,-0.9079267775383594,-0.3916855990486062,0.5162411784897531,7.55646337637504,7.55646337637504
8.58994,-0.8645946459719774,-0.38278448703332085,0.4818101589386566,7.554897363691766,7.554897363691766
8.80694,-0.8805093218562636,-0.38880882265660777,0.49170049919965586,7.5523849841293735,7.5523849841293735
6.43895,1.9739738707007883,-0.2348550922604444,-2.2088289629612325,-7.5443925700946135,7.5443925700946135
8.83794,-0.8745777711712028,-0.3834267193734979,0.4911510517977049,7.529898074252668,7.529898074252668
8.52694,-0.8441233532484782,-0.3780989348054001,0.4660244184430781,7.521336641508619,7.521336641508619
8.93594,-0.9445665382683732,-0.3788853123915812,0.565681225876792,7.507041640276485,7.507041640276485
8.31394,-0.8279011346114649,-0.35792621391777,0.46997492069369484,7.502758645159193,7.502758645159193
8.57094,-0.8423187155238016,-0.381538608171105,0.46078010735269653,7.499462996958006,7.499462996958006
6.25696,1.3547384273494072,-0.30773928638201764,-1.6624777137314248,-7.496278193805712,7.496278193805712
8.81494,-0.8821625044740604,-0.38459225694964483,0.4975702475244156,7.493884621522574,7.493884621522574
8.97793,-0.8673486072262988,-0.3888939909264977,0.4784546162998011,7.492436705422308,7.492436705422308
6.31395,2.2373017079187187,-0.20029028421606787,-2.4375919921347866,-7.492401153155532,7.492401153155532
8.31794,-0.8769811812270869,-0.3678144581597646,0.5091667230673222,7.4841803199625545,7.4841803199625545
8.76494,-0.9285256380997003,-0.3896066265413743,0.538919011558326,7.476222521766722,7.476222521766722
6.30495,1.918176116876423,-0.19672005123916209,-2.1148961681155853,-7.4740385275714285,7.4740385275714285
8.30394,-0.8465682210711012,-0.36908325496983135,0.47748496610126984,7.472006575484024,7.472006575484024
8.82794,-0.9039910681641826,-0.3880364430516849,0.5159546251124978,7.470794232386774,7.470794232386774
8.84094,-0.867338397671487,-0.3741475220503441,0.49319087562114294,7.457451105787414,7.457451105787414
8.83494,-0.8830562595503082,-0.3854666674268099,0.4975895921234983,7.447371139581885,7.447371139581885
8.83894,-0.864337004863069,-0.3783128009092528,0.4860242039538162,7.44506703172485,7.44506703172485
8.30494,-0.8698285616338859,-0.3708007182153447,0.4990278434185412,7.4412942742648465,7.4412942742648465
8.94594,-0.920083538877146,-0.3809774626721471,0.5391060762049988,7.441239610665141,7.441239610665141
6.30895,2.044830106062682,-0.1964034786657608,-2.241233584728443,-7.437546012094361,7.437546012094361
5.64896,0.16240744152868827,-0.3859138264008164,-0.5483212679295046,-7.434651434791302,7.434651434791302
8.63394,-0.8470123402568901,-0.38310407101061317,0.4639082692462769,7.433798003554881,7.433798003554881
8.71194,-0.9473499862733028,-0.36929595146380956,0.5780540348094932,7.432601406906686,7.432601406906686
8.32594,-0.8223578310655709,-0.3597961824365553,0.4625616486290156,7.42956376848329,7.42956376848329
8.61094,-0.9238825448800843,-0.37272717872807787,0.5511553661520063,7.421927949756381,7.421927949756381
8.64594,-0.8722453863233608,-0.38289557206789726,0.48934981425546353,7.416553030120175,7.416553030120175
7.24295,0.9890690000920823,-0.16772717569631018,-1.1567961757883924,-7.41297448231411,7.41297448231411
8.75094,-0.8961505962593522,-0.3950870031632909,0.5010635930960614,7.410281321009873,7.410281321009873
6.31195,2.1303590180468523,-0.20869922220719217,-2.3390582402540447,-7.402962959349848,7.402962959349848
5.50396,0.6654815962798681,-0.3677767000200902,-1.0332582962999584,-7.401061011433963,7.401061011433963
8.39494,0.7671945881596711,-0.3391852946782054,-1.1063798828378766,-7.397047971594628,7.397047971594628
6.30195,1.86954019210356,-0.21692938747245635,-2.086469579576016,-7.3954516323062025,7.3954516323062025
8.99093,-0.8811057639844013,-0.39021008795916573,0.4908956760252356,7.384473364753809,7.384473364753809
6.24296,1.0822440585999296,-0.2820116233054405,-1.36425568190537,-7.377170429104763,7.377170429104763
8.31294,-0.8102663877406036,-0.35524550212062017,0.4550208856199834,7.3763144839826555,7.3763144839826555
8.60894,-0.858716465698057,-0.38283807239665046,0.4758783933014066,7.372668973763465,7.372668973763465
8.71594,-0.8641588895238924,-0.3666779665719855,0.49748092295190693,7.366369269767471,7.366369269767471
8.57794,-0.8475042237244766,-0.37764303017229134,0.4698611935521853,7.358654265988056,7.358654265988056
8.99893,-0.8852214108324479,-0.38950438642192886,0.495717024410519,7.356780498605315,7.356780498605315
8.38894,0.20739720100579218,-0.34395513823894663,-0.5513523392447388,-7.356517069858764,7.356517069858764
8.52594,-0.8343391004525883,-0.3755928535479042,0.4587462469046841,7.353154419760786,7.353154419760786
8.75294,-0.8656661462345714,-0.3913019489130436,0.4743641973215278,7.3506462699735815,7.3506462699735815
8.52794,-0.8383562745606179,-0.3816302508903724,0.4567260236702455,7.346727072862869,7.346727072862869
8.34394,-0.8164119976176732,-0.3548661997018528,0.46154579791582045,7.344658592852686,7.344658592852686
8.60194,-0.8780329687504514,-0.3918657986019657,0.48616717014848576,7.344035684069002,7.344035684069002
8.49894,-0.8745490678945449,-0.3724703053706921,0.5020787625238528,7.340961884691066,7.340961884691066
8.49494,-0.8941152547861161,-0.36814343954105444,0.5259718152450616,7.340055811878647,7.340055811878647
8.60794,-0.8486145311554634,-0.3874094988010499,0.46120503235441346,7.331054412325372,7.331054412325372
6.30395,1.8981033755738181,-0.20142994587202007,-2.099533321445838,-7.330520700991113,7.330520700991113
5.51396,1.2409211133336553,-0.3547451502574033,-1.5956662635910586,-7.315201978369633,7.315201978369633
8.60994,-0.8679847720968004,-0.3828256659612434,0.48515910613555696,7.314572691112132,7.314572691112132
8.80494,-0.8434427201598304,-0.385574203808398,0.45786851635143233,7.312813390518985,7.312813390518985
8.51294,-0.8444361099609172,-0.38273118862413436,0.46170492133678287,7.312513991511391,7.312513991511391
8.64294,-0.8910210547531082,-0.3910055493124898,0.5000155054406183,7.308703372607061,7.308703372607061
8.30694,-0.8776339741947027,-0.3681159799801934,0.5095179942145093,7.306278649081764,7.306278649081764
8.71694,-0.861463725711693,-0.3624798104674317,0.49898391524426133,7.2986051366499485,7.2986051366499485
8.30794,-0.8594613122582762,-0.3665078397001135,0.49295347255816263,7.297365096288903,7.297365096288903
8.61794,-0.8763262378796624,-0.38684491975296453,0.4894813181266978,7.29563454639157,7.29563454639157
8.56194,-0.8928170078420873,-0.3914054857307161,0.5014115221113712,7.2942033799359445,7.2942033799359445
7.25495,0.7021100981089519,-0.167840504997471,-0.8699506031064228,-7.293277119131564,7.293277119131564
6.33595,3.069256450442948,-0.15172517018151666,-3.220981620624465,-7.280573697692656,7.280573697692656
8.63894,-0.8714622405227266,-0.3876751235055276,0.483787117017199,7.27231721245916,7.27231721245916
6.25996,1.3730391723022413,-0.3131512057177293,-1.6861903780199705,-7.271809078105695,7.271809078105695
5.59796,1.795509827969211,-0.360295662516937,-2.155805490486148,-7.258403744729487,7.258403744729487
6.31295,2.1447316433238397,-0.20598040424925937,-2.350712047573099,-7.255901761636038,7.255901761636038
8.75794,-0.8581886656157924,-0.38399129988663344,0.474197365729159,7.242769641007164,7.242769641007164
8.29994,-0.8739595714278777,-0.36169998645540974,0.512259584972468,7.236291254420126,7.236291254420126
8.95794,-0.8646499340365232,-0.3834619780378532,0.48118795599867004,7.234440734201868,7.234440734201868
8.33094,-0.871064746317374,-0.3591002253056083,0.5119645210117656,7.217153199085217,7.217153199085217
8.51994,-0.843262823633495,-0.37747651695597195,0.4657863066775231,7.215556567411896,7.215556567411896
8.95894,-0.8726295124661485,-0.38637439772069027,0.48625511474545824,7.2149366997902264,7.2149366997902264
8.50794,-0.8509685088330843,-0.37039701270197295,0.48057149613111133,7.214882477599472,7.214882477599472
8.82994,-0.8835611506523113,-0.3914115547151188,0.49214959593719254,7.213301252947295,7.213301252947295
8.72494,-0.908108462965115,-0.37110541380207646,0.5370030491630386,7.210193459290958,7.210193459290958
8.60294,-0.8490478481029499,-0.3901930776322809,0.45885477047066897,7.209407730145818,7.209407730145818
8.48694,-0.850452577117195,-0.3640578780498516,0.4863946990673434,7.1967075853466485,7.1967075853466485
8.97093,-0.8462298282505727,-0.3848250636667989,0.4614047645837738,7.19542830382235,7.19542830382235
8.73794,-0.8586496613441165,-0.38114217469709516,0.4775074866470213,7.192858453679383,7.192858453679383
8.99693,-0.891813031569606,-0.3910808056573336,0.5007322259122724,7.188524391658404,7.188524391658404
8.71494,-0.9094886481254659,-0.3687637962242919,0.540724851901174,7.1844029397129505,7.1844029397129505
8.34294,-0.804165857795865,-0.35701697293471796,0.44714888486114707,7.176603900592714,7.176603900592714
8.29894,-0.8222389096479029,-0.3633462276547555,0.4588926819931474,7.171335111163145,7.171335111163145
8.30194,-0.8804379582160073,-0.3783220322474462,0.5021159259685611,7.167534074071034,7.167534074071034
5.65196,0.09813833506799877,-0.3936269054755052,-0.491765240543504,-7.159338876099052,7.159338876099052
5.85096,0.19081100224058625,-0.3357680581919843,-0.5265790604325705,-7.149099282140918,7.149099282140918
8.63494,-0.8291025599944112,-0.37763929163353005,0.45146326836088113,7.147196305385246,7.147196305385246
8.59994,-0.8895371532563217,-0.38677234864681875,0.5027648046095029,7.137600860604177,7.137600860604177
6.30295,1.8867715910018767,-0.21409257161681816,-2.100864162618695,-7.134336837632272,7.134336837632272
8.75694,-0.8496693261927113,-0.3886903425967525,0.4609789835959588,7.1333509109900195,7.1333509109900195
6.31495,2.305027972387884,-0.1958571259191683,-2.500885098307052,-7.125430464399629,7.125430464399629
8.58594,-0.8927203242245357,-0.39199693086393533,0.5007233933606003,7.123100106135942,7.123100106135942
8.96194,-0.9288333714956142,-0.3915775194085926,0.5372558520870216,7.121309606195117,7.121309606195117
8.58494,-0.8777584078798526,-0.3915090588691607,0.4862493490106919,7.093862684543732,7.093862684543732
8.31594,-0.8633329812608287,-0.37121115398149584,0.49212182727933285,7.091012998848399,7.091012998848399
8.31694,-0.8788466055080275,-0.37097753613743367,0.5078690693705938,7.087987369771624,7.087987369771624
8.34094,-0.8109521449580874,-0.35667005497334503,0.4542820899847424,7.081467346047662,7.081467346047662
8.57294,-0.8402671936264678,-0.38438464957741875,0.4558825440490491,7.075263071980807,7.075263071980807
8.63594,-0.8252162982548421,-0.38753296492758604,0.43768333332725606,7.070693584813342,7.070693584813342
8.61294,-0.8612862842732192,-0.38698313349762636,0.4743031507755928,7.068869363032799,7.068869363032799
8.99493,-0.8559255558603474,-0.38532550458752013,0.4706000512728272,7.067869985175206,7.067869985175206
8.97393,-0.8289881912185951,-0.3808991295000168,0.4480890617185783,7.063607819224313,7.063607819224313
8.71294,-0.925760479063964,-0.37065234150842735,0.5551081375555367,7.0630575049416535,7.0630575049416535
8.95294,-0.9137338125506278,-0.38610406919000956,0.5276297433606183,7.056291917004285,7.056291917004285
8.32194,-0.8198519767947112,-0.3706229761995833,0.44922900059512794,7.055146225575913,7.055146225575913
8.81694,-0.9268168483052925,-0.388328665252792,0.5384881830525006,7.046215098220307,7.046215098220307
8.58394,-0.8421241859935675,-0.38634058203175214,0.4557836039618154,7.038050692096371,7.038050692096371
6.33495,3.0475921985920693,-0.14302506974829707,-3.1906172683403664,-7.03517850141795,7.03517850141795
8.35394,-0.854991606841827,-0.34825651916278155,0.5067350876790454,7.0289799229879995,7.0289799229879995
8.95394,-0.9275704896096184,-0.3892333965685628,0.5383370930410556,7.0272568263824615,7.0272568263824615
8.76594,-0.9040248835245355,-0.3929980531714473,0.5110268303530882,7.0170339022304375,7.0170339022304375
8.48094,-0.8742611019586071,-0.36414197683219424,0.5101191251264128,7.009982917657574,7.009982917657574
8.96094,-0.9306539574813758,-0.39315537406296586,0.53749858341841,7.00064274622967,7.00064274622967
8.50194,-0.863847000970967,-0.37600484537058515,0.48784215560038185,6.9970544444440295,6.9970544444440295
8.36294,-0.8265601939044901,-0.34956045787050727,0.4769997360339828,6.993511026283331,6.993511026283331
8.80894,-0.9064603593717292,-0.3878907808060042,0.5185695785657249,6.9919288534867565,6.9919288534867565
8.65194,-0.8800582620533303,-0.36945390792587607,0.5106043541274542,6.98882711926379,6.98882711926379
6.24196,1.0160099947823413,-0.26990837082312086,-1.2859183656054622,-6.988625335993723,6.988625335993723
8.83394,-0.8810940991444502,-0.3911116105710806,0.4899824885733696,6.9837139687030705,6.9837139687030705
8.55694,-0.8569989927223428,-0.3869934007134806,0.4700055920088622,6.974422385547215,6.974422385547215
8.96493,-0.8744038157350086,-0.3901903663356029,0.4842134493994057,6.973743690733127,6.973743690733127
8.52294,-0.7940536131927993,-0.3719049176436493,0.42214869554915,6.970467948183362,6.970467948183362
8.99393,-0.8305468297578693,-0.38051182971147157,0.45003500004639774,6.969343313318838,6.969343313318838
8.75994,-0.8652945717205747,-0.3835919207676747,0.4817026509529,6.968912956967034,6.968912956967034
8.62094,-0.874942684747769,-0.3856799926192469,0.48926269212852214,6.967473425123392,6.967473425123392
7.25395,0.7163592660506347,-0.17415815373993512,-0.8905174197905699,-6.959125231250069,6.959125231250069
8.51894,-0.886746306145884,-0.38322084241333276,0.5035254637325512,6.958609269402641,6.958609269402641
8.63994,-0.8578264686322612,-0.3788491730247359,0.4789772956075253,6.956549757862171,6.956549757862171
8.82494,-0.8621359122884151,-0.38426364689251935,0.4778722653958958,6.950040979840028,6.950040979840028
8.92794,-0.8804174836604808,-0.3692537452428129,0.5111637384176679,6.94847473928174,6.94847473928174
8.61594,-0.8539004657458555,-0.38578303395251967,0.46811743179333587,6.943397904791584,6.943397904791584
6.31595,2.3091477219791763,-0.19247122470966108,-2.501618946688837,-6.935902535682971,6.935902535682971
6.43995,1.9373825879259465,-0.23242605262702362,-2.16980864055297,-6.932453632814813,6.932453632814813
8.98393,-0.8488003244529623,-0.3876179961127739,0.46118232834018835,6.921039554095451,6.921039554095451
8.59694,-0.902217919241924,-0.3885147145909267,0.5137032046509973,6.906222759506242,6.906222759506242
8.75194,-0.8619398819130738,-0.3942876601603148,0.467652221752759,6.901797969250234,6.901797969250234
7.24095,0.9659926448056477,-0.1366771898405651,-1.1026698346462127,-6.900382075745628,6.900382075745628
8.61394,-0.8687616262950916,-0.39397093807767913,0.47479068821741244,6.886936711188411,6.886936711188411
8.96893,-0.8715874100371803,-0.38851050364697015,0.48307690639021017,6.880456286888517,6.880456286888517
8.72594,-0.8691870541681932,-0.3716434974163818,0.4975435567518114,6.86143330541046,6.86143330541046
8.79594,-0.8192746500638366,-0.38844516790395045,0.43082948215988615,6.854272026129579,6.854272026129579
8.32494,-0.8652190228793832,-0.35978247664979235,0.5054365462295909,6.853844235363882,6.853844235363882
8.79694,-0.8145609284162036,-0.3876482682495955,0.42691266016660817,6.852953689119959,6.852953689119959
6.26096,1.358693676054084,-0.318426535257083,-1.677120211311167,-6.8499308578717155,6.8499308578717155
8.33594,-0.8328220697407014,-0.361347454521672,0.4714746152190294,6.84911689131517,6.84911689131517
7.23995,0.969181385179714,-0.12812504232159633,-1.0973064275013102,-6.839111487019226,6.839111487019226
8.71894,-0.8828307681445343,-0.3743342885529999,0.5084964795915344,6.838064460187174,6.838064460187174
8.77194,-0.8377124162432215,-0.3825904308104221,0.45512198543279936,6.835985037382652,6.835985037382652
6.33395,2.996466070226061,-0.13652544168280098,-3.1329915119088616,-6.835184125112467,6.835184125112467
8.99993,-0.8900914379062954,-0.39099677057030563,0.4990946673359898,6.829572349622132,6.829572349622132
5.84896,0.1309347031698197,-0.335221598058429,-0.4661563012282487,-6.8291928795828,6.8291928795828
7.25195,0.67930035010234,-0.18242683492048603,-0.8617271850228261,-6.819660822113582,6.819660822113582
8.99593,-0.8852820701244514,-0.3907457767780781,0.4945362933463733,6.818412829941167,6.818412829941167
8.55494,-0.8683664912839659,-0.3878388574328804,0.48052763385108554,6.815644037138245,6.815644037138245
8.83094,-0.864979053604965,-0.3958311179824221,0.46914793562254287,6.814174435045784,6.814174435045784
8.57194,-0.8345889907094136,-0.38196920034303394,0.45261979036637967,6.809175945096494,6.809175945096494
8.81794,-0.8854418539373611,-0.3925947140528058,0.49284713988455525,6.809158692139535,6.809158692139535
8.49794,-0.8490507139513568,-0.37731526138414384,0.47173545256721294,6.802154050918072,6.802154050918072
8.73694,-0.8646057743061153,-0.38502332362513114,0.47958245068098415,6.788738699967408,6.788738699967408
8.72094,-0.8514370429557208,-0.38232388491319746,0.4691131580425233,6.788682117675879,6.788682117675879
8.58894,-0.8462171319778302,-0.3898004342944257,0.45641669768340454,6.781621728600111,6.781621728600111
8.29594,-0.8842817886882521,-0.3681593941203706,0.5161223945678816,6.780177426463336,6.780177426463336
8.33694,-0.8505161867343467,-0.354243104947482,0.4962730817868647,6.771596884806274,6.771596884806274
5.51096,1.0191155104942322,-0.3510451561065156,-1.3701606666007478,-6.765232131330624,6.765232131330624
5.65096,0.10805275228388916,-0.385383540550221,-0.49343629283411017,-6.764334750133965,6.764334750133965
8.97493,-0.8381857630752805,-0.3874266412911695,0.450759121784111,6.760696700455105,6.760696700455105
8.84494,-0.9054100502516531,-0.36878682308982186,0.5366232271618312,6.7594868180651675,6.7594868180651675
8.48194,-0.9014284461168446,-0.36831159149147424,0.5331168546253704,6.757303450631735,6.757303450631735
6.25796,1.3880032948763001,-0.3088324845699353,-1.6968357794462354,-6.755146680537151,6.755146680537151
8.49294,-0.8342984599986704,-0.37487993785525564,0.4594185221434147,6.746852570971748,6.746852570971748
8.62294,-0.905202249645437,-0.3815736520698231,0.523628597575614,6.737617553296953,6.737617553296953
8.50394,-0.8959502869272807,-0.3843396580967894,0.5116106288304914,6.735935522908276,6.735935522908276
8.83194,-0.8902666047470849,-0.3945776103749879,0.49568899437209696,6.724677045116306,6.724677045116306
8.55294,-0.8012516611907206,-0.3796686219709363,0.42158303921978424,6.722986082793969,6.722986082793969
8.84694,-0.8942994597949883,-0.3627546472496993,0.531544812545289,6.719624336144277,6.719624336144277
8.84794,-0.909787661337812,-0.36042030642840495,0.549367354909407,6.7048710192913346,6.7048710192913346
8.96793,-0.8373054178393405,-0.3860426306912075,0.45126278714813306,6.70348912118091,6.70348912118091
6.31695,2.343346377980013,-0.1845944499669988,-2.527940827947012,-6.7024859233536445,6.7024859233536445
8.63694,-0.8339984962370308,-0.3925750949529683,0.44142340128406254,6.701986147635676,6.701986147635676
8.64094,-0.8517417370057219,-0.3834130221147238,0.4683287148909981,6.698733786992296,6.698733786992296
8.28494,-0.7635602617063908,-0.35599754550788004,0.40756271619851075,6.697542355720979,6.697542355720979
8.35194,-0.9067194836215087,-0.3401612120281554,0.5665582715933533,6.6971556855491405,6.6971556855491405
8.97993,-0.8802075096323612,-0.3955119299937362,0.484695579638625,6.694268947284927,6.694268947284927
5.59896,1.7260322527353829,-0.36486475533088103,-2.090897008066264,-6.691795343960076,6.691795343960076
8.76394,-0.8512723443190388,-0.3854690572349234,0.46580328708411534,6.690518809891163,6.690518809891163
8.78394,-0.821487263042042,-0.3845752285949532,0.4369120344470888,6.688491005964499,6.688491005964499
6.31795,2.3882436398282314,-0.16643543835169702,-2.5546790781799285,-6.686339928523567,6.686339928523567
5.82996,-0.0069060213318423245,-0.3474697965247029,-0.3405637751928606,-6.685762439012367,6.685762439012367
8.65294,-0.8608633923925876,-0.3619493773939989,0.4989140149985887,6.683017709385803,6.683017709385803
6.26196,1.3103928959368396,-0.3204292793594935,-1.6308221752963332,-6.681197781405831,6.681197781405831
8.58794,-0.8608174726883153,-0.38581172432266747,0.47500574836564785,6.6803754586253845,6.6803754586253845
8.82594,-0.8494619042807565,-0.39111206583171987,0.45834983844903665,6.668717723267318,6.668717723267318
8.94694,-0.8943088886012429,-0.39286752274346104,0.5014413658577819,6.666681351286786,6.666681351286786
8.56894,-0.891638054591134,-0.3807402263435423,0.5108978282475917,6.664510456403,6.664510456403
6.24096,0.9815601496208635,-0.26848979712832716,-1.2500499467491906,-6.663597256226197,6.663597256226197
8.81094,-0.879014653447501,-0.3891556011388788,0.48985905230862214,6.65356533175056,6.65356533175056
8.56494,-0.7973730299695836,-0.3796513168701005,0.4177217130994831,6.653205002429732,6.653205002429732
8.54594,-0.8346564076649741,-0.3918642017985616,0.4427922058664125,6.647358554828668,6.647358554828668
8.75494,-0.8816087904371153,-0.38968320301803994,0.4919255874190753,6.641447966180629,6.641447966180629
8.81394,-0.8824096489889934,-0.39365148646079284,0.4887581625282006,6.636681449594356,6.636681449594356
8.74394,-0.9087402985101168,-0.39223785881710566,0.5165024396930111,6.634237392050726,6.634237392050726
8.74694,-0.8830728225162625,-0.3893045153705694,0.4937683071456931,6.632252170822296,6.632252170822296
8.84394,-0.9100956021423354,-0.3770522597779452,0.5330433423643902,6.630558540309796,6.630558540309796
8.48594,-0.8809198705862684,-0.37167218250265777,0.5092476880836107,6.621008100720881,6.621008100720881
8.28194,-0.7961454905097951,-0.35199979122909103,0.4441456992807041,6.617801498462164,6.617801498462164
8.99793,-0.8574601754197206,-0.3865170755859967,0.47094309983372395,6.617312863195504,6.617312863195504
8.48494,-0.8417793710400323,-0.3662490711957371,0.47553029984429523,6.616599921104793,6.616599921104793
8.79294,-0.8437447263276565,-0.38801253732980995,0.45573218899784657,6.615997541021568,6.615997541021568
7.25295,0.6800692790758167,-0.18302555850711227,-0.863094837582929,-6.598253877266179,6.598253877266179
5.50996,0.9824771531481165,-0.35515698819007996,-1.3376341413381965,-6.5920024585579,6.5920024585579
8.93094,-0.9073028019565279,-0.38257349211033875,0.5247293098461892,6.584657412376901,6.584657412376901
8.98193,-0.8818090494133961,-0.40105407842063784,0.48075497099275827,6.575135132406508,6.575135132406508
5.84996,0.13996279431950867,-0.332677542703249,-0.47264033702275765,-6.575027229468158,6.575027229468158
5.50596,0.7985294001983928,-0.36828396943041436,-1.1668133696288072,-6.567442867517658,6.567442867517658
8.92694,-0.8725534734701518,-0.3698710053808273,0.5026824680893245,6.565744415535148,6.565744415535148
8.60494,-0.833262551966201,-0.3902493126338706,0.44301323933233044,6.559698921064639,6.559698921064639
8.97293,-0.8601182817159991,-0.3869344563020469,0.4731838254139522,6.55378104153791,6.55378104153791
8.75894,-0.8288586645651433,-0.38121837264875513,0.4476402919163882,6.553420244892625,6.553420244892625
8.33394,-0.8128346067987267,-0.3446762726116928,0.46815833418703384,6.552505307536045,6.552505307536045
8.28594,-0.7671394027351472,-0.359507455265823,0.40763194746932424,6.551911831913565,6.551911831913565
8.64194,-0.874809702832889,-0.3930967797749994,0.48171292305788954,6.547595998036046,6.547595998036046
8.71394,-0.8740272148883692,-0.3710535727564996,0.5029736421318696,6.545570217570173,6.545570217570173
8.35094,-0.8871095996119767,-0.34010478202744165,0.547004817584535,6.534795723339133,6.534795723339133
8.73194,-0.8443985172180721,-0.3868893863545579,0.45750913086351425,6.522343360306294,6.522343360306294
8.26594,-0.7629278146270282,-0.3359411136778807,0.4269867009491475,6.518064834432009,6.518064834432009
8.50594,-0.8621660164163809,-0.385760142260771,0.4764058741556099,6.514445962064467,6.514445962064467
8.93894,-0.8766736507710569,-0.3824580416056468,0.4942156091654101,6.514337315636883,6.514337315636883
6.44095,1.9089820459199718,-0.23655601566231071,-2.1455380615822826,-6.508775629213636,6.508775629213636
8.49994,-0.8396371915574988,-0.3767343282281106,0.46290286332938824,6.5077344560531865,6.5077344560531865
8.55794,-0.8286625625807793,-0.38777402337609357,0.44088853920468574,6.506800579961256,6.506800579961256
8.98293,-0.8383861049815825,-0.3980969588279318,0.4402891461536507,6.502822528978586,6.502822528978586
8.96593,-0.8351844062992735,-0.3833441265412858,0.4518402797579877,6.500514142212102,6.500514142212102
8.71094,-0.8502207364391114,-0.35897461494091076,0.4912461214982007,6.499988071022488,6.499988071022488
8.78694,-0.8292576648473966,-0.39345019971190553,0.43580746513549107,6.496087019999904,6.496087019999904
8.77794,-0.8035168330252873,-0.384075669281664,0.41944116374362334,6.493128874815375,6.493128874815375
8.82394,-0.8329522972074397,-0.38978257303511216,0.44316972417232753,6.476809749726513,6.476809749726513
8.55894,-0.8246831952384004,-0.3874769152710931,0.43720627996730727,6.473602430082933,6.473602430082933
8.98693,-0.8338532375586801,-0.39107417957097756,0.44277905798770256,6.467535594600483,6.467535594600483
8.98093,-0.8619415374885018,-0.396814947500913,0.46512658998758877,6.467514879403787,6.467514879403787
8.95994,-0.9044444387744954,-0.39293371946825884,0.5115107193062366,6.466576114992451,6.466576114992451
8.79494,-0.7897083565111548,-0.38358454824880794,0.40612380826234684,6.46516936138772,6.46516936138772
8.54194,-0.8246165364585806,-0.3839173396776244,0.44069919678095615,6.46303979796714,6.46303979796714
8.82694,-0.8599316100238183,-0.39295216063681004,0.4669794493870083,6.462877157591739,6.462877157591739
6.23996,0.9772551684127291,-0.2758526870178619,-1.253107855430591,-6.450601746928223,6.450601746928223
8.81994,-0.8734983454304559,-0.38870635304690565,0.48479199238355025,6.449381703553886,6.449381703553886
8.56094,-0.8847696209732587,-0.38804044288875933,0.4967291780844994,6.4419922758232975,6.4419922758232975
6.25896,1.3692336559058038,-0.30924382405684425,-1.678477479962648,-6.438347092845105,6.438347092845105
8.94194,-0.9236368118898688,-0.38498369627074047,0.5386531156191283,6.431919983434585,6.431919983434585
8.82294,-0.8320988857619985,-0.3797127282179125,0.452386157544086,6.423353722402721,6.423353722402721
8.47494,-0.8863743506019044,-0.3463548023827061,0.5400195482191983,6.417835133664329,6.417835133664329
8.93694,-0.8830542505587313,-0.3826698615934462,0.5003843889652851,6.415196393597195,6.415196393597195
8.14594,-0.8163155848616725,-0.33394594588981324,0.4823696389718593,6.412940809262903,6.412940809262903
8.58694,-0.8922314528804702,-0.3880379540708415,0.5041934988096287,6.406711423189493,6.406711423189493
8.28394,-0.7916642012854356,-0.35339439041421633,0.43826981087121925,6.405968473891996,6.405968473891996
8.77994,-0.8591181710142706,-0.3954840613256338,0.4636341096886368,6.400818786434753,6.400818786434753
8.78094,-0.8831466168585385,-0.3940963404364048,0.48905027642213367,6.395447032565975,6.395447032565975
8.25694,-0.8325818750176837,-0.3115288972516304,0.5210529777660533,6.388705451593251,6.388705451593251
8.92494,-0.9410179804387495,-0.37250992681207773,0.5685080536266718,6.385760827789756,6.385760827789756
5.85196,0.16275849314049312,-0.33515947965319737,-0.4979179727936905,-6.3513717089265365,6.3513717089265365
8.74294,-0.8954248727463138,-0.3941701127400027,0.5012547600063111,6.343856830431271,6.343856830431271
8.97693,-0.8473998401063695,-0.3933883887878593,0.4540114513185102,6.3433264499433974,6.3433264499433974
8.14094,-0.82672963162379,-0.33134534848266206,0.4953842831411279,6.338195175144488,6.338195175144488
8.93994,-0.8886502683485534,-0.38415592617992866,0.5044943421686248,6.337622091193983,6.337622091193983
8.92594,-0.9051316446207015,-0.3719620452004359,0.5331695994202656,6.335708140338674,6.335708140338674
8.92994,-0.8963242943500601,-0.38008828207567746,0.5162360122743826,6.31850451027217,6.31850451027217
8.80194,-0.7989226422871268,-0.3868444617382332,0.4120781805488936,6.318065836470977,6.318065836470977
8.80594,-0.859756891765104,-0.39478504441708034,0.4649718473480236,6.3152012637968795,6.3152012637968795
8.79994,-0.8269798997416682,-0.38187444019265016,0.44510545954901803,6.314192238938843,6.314192238938843
7.25595,0.6308335555339413,-0.16842185185151212,-0.7992554073854534,-6.3138100192358175,6.3138100192358175
8.77894,-0.8158885537279624,-0.39142031268675903,0.4244682410412034,6.3136169361302485,6.3136169361302485
6.33295,2.9247636855859254,-0.13384217376275476,-3.0586058593486802,-6.311694037005948,6.311694037005948
7.23895,0.9888206213960071,-0.11456779279488548,-1.1033884141908925,-6.307533548618661,6.307533548618661
8.55394,-0.8211809738241826,-0.384649011607901,0.43653196221628165,6.307507527550786,6.307507527550786
8.58294,-0.7961492967092128,-0.3862680086733902,0.4098812880358226,6.303887297777331,6.303887297777331
8.51394,-0.8258248904250294,-0.3813152913229684,0.444509599102061,6.29780238572077,6.29780238572077
8.76194,-0.8626118342543145,-0.382271450847926,0.4803403834063885,6.297223163793118,6.297223163793118
8.29794,-0.7988049735711646,-0.36201379056219224,0.4367911830089724,6.29334870454364,6.29334870454364
8.72194,-0.8394776842611691,-0.38154592056003267,0.4579317637011364,6.292490981708584,6.292490981708584
8.84294,-0.874047779153444,-0.3791446708716289,0.4949031082818151,6.292409618693021,6.292409618693021
8.51794,-0.8580241124504745,-0.3895347081868058,0.4684894042636687,6.290247594762113,6.290247594762113
8.61494,-0.8648270648466232,-0.39711561469074474,0.46771145015587845,6.2875477384388745,6.2875477384388745
8.56694,-0.8284033958677819,-0.38534373760698104,0.44305965826080085,6.2851294794471375,6.2851294794471375
8.52194,-0.7812033703847867,-0.37518326534436564,0.4060201050404211,6.280425072553377,6.280425072553377
8.26194,-0.7866666148861796,-0.32874027106687465,0.45792634381930497,6.277417862528134,6.277417862528134
8.64694,-0.8098428674040145,-0.3790958953161479,0.43074697208786655,6.273302467697208,6.273302467697208
8.70694,-0.9142693072749917,-0.3662480113662105,0.5480212959087811,6.273242475268142,6.273242475268142
8.53594,-0.864157206449597,-0.3909975550578495,0.47315965139174754,6.269692647977943,6.269692647977943
8.63794,-0.8541584718419406,-0.39583971043173427,0.45831876141020633,6.2667769601172925,6.2667769601172925
8.72394,-0.8557518854549484,-0.3826851613938369,0.4730667240611115,6.261926756651063,6.261926756651063
8.62494,-0.8082651200440312,-0.386863291948849,0.4214018280951822,6.258570034657455,6.258570034657455
8.70594,-0.8869980305156469,-0.3575827223837927,0.5294153081318542,6.249655645660808,6.249655645660808
8.31994,-0.8258137182658097,-0.3723056293564852,0.45350808890932454,6.248829768554495,6.248829768554495
8.73094,-0.8228428717579928,-0.38072692792716617,0.4421159438308266,6.248332269638673,6.248332269638673
8.59894,-0.8667363886672912,-0.3850013280338232,0.481735060633468,6.2436508522932135,6.2436508522932135
8.47994,-0.8696483598890115,-0.3638865138770148,0.5057618460119966,6.240408394098072,6.240408394098072
8.78194,-0.8426272908467849,-0.39299779853482747,0.4496294923119574,6.236971614558853,6.236971614558853
8.39594,0.8043835185359854,-0.33766344929031544,-1.142046967826301,-6.223003152408655,6.223003152408655
8.98993,-0.8186525428786731,-0.3897446554299037,0.42890788744876934,6.21549856174237,6.21549856174237
8.80994,-0.8654338038194583,-0.3873056112935312,0.47812819252592714,6.212577536083503,6.212577536083503
8.77294,-0.8566606399489345,-0.3941411257111002,0.4625195142378343,6.207019928446327,6.207019928446327
8.50494,-0.8286161187024935,-0.38171438626282367,0.44690173243966985,6.194235766901024,6.194235766901024
6.23896,0.9690606942552891,-0.27635035052395285,-1.245411044779242,-6.193484607352078,6.193484607352078
8.92394,-0.9285208766050184,-0.37001147680636987,0.5585093997986486,6.184409926856178,6.184409926856178
8.36794,-0.8343147440693333,-0.34163683797665784,0.4926779060926754,6.1806833279911455,6.1806833279911455
8.30094,-0.8356207772841007,-0.37423020873901686,0.4613905685450838,6.170352153287442,6.170352153287442
8.63194,-0.8849597799239715,-0.3882928068154614,0.49666697310851005,6.167240448112999,6.167240448112999
8.72294,-0.8519730769489331,-0.38389790298561144,0.46807517396332166,6.1666893167771795,6.1666893167771795
8.84194,-0.8452344740925429,-0.3824823237829058,0.4627521503096371,6.15741793200798,6.15741793200798
8.70994,-0.8708282415251851,-0.3635585263508287,0.5072697151743564,6.15454618448124,6.15454618448124
8.94794,-0.8750017395974392,-0.38919992817550547,0.48580181142193374,6.149779005039062,6.149779005039062
8.55994,-0.8541697884135947,-0.39792221321402255,0.45624757519957215,6.149444150839822,6.149444150839822
8.94094,-0.9027111929509843,-0.3780120600062801,0.5246991329447042,6.143803692253841,6.143803692253841
8.53794,-0.8509267730714678,-0.38966999185726064,0.46125678121420716,6.142638724850742,6.142638724850742
8.95494,-0.8844006940585356,-0.39348569232831154,0.49091500173022407,6.135468642021557,6.135468642021557
5.50496,0.7495385456580901,-0.37579947379749984,-1.12533801945559,-6.133368437505484,6.133368437505484
6.44195,1.9269919890700669,-0.230528840865936,-2.157520829936003,-6.132855590292715,6.132855590292715
8.54294,-0.8242976947618812,-0.3871455946185057,0.4371521001433755,6.131434701365012,6.131434701365012
8.49194,-0.8020269484111002,-0.37551449102380585,0.4265124573872944,6.127352849930928,6.127352849930928
8.97593,-0.8709293247360519,-0.3958688364350891,0.4750604883009628,6.126302111120385,6.126302111120385
8.57494,-0.8366018334511778,-0.3867703262172935,0.44983150723388426,6.122645636686508,6.122645636686508
8.94894,-0.8414269911023757,-0.38173327719178457,0.45969371391059116,6.1183907761778835,6.1183907761778835
8.15594,-0.7737781638436885,-0.3172496371770458,0.4565285266666427,6.115673618083165,6.115673618083165
5.82896,-0.021270657514443604,-0.353759418395098,-0.3324887608806544,-6.114339411010397,6.114339411010397
8.72994,-0.8423295709073881,-0.385323653901946,0.45700591700544213,6.112501794309847,6.112501794309847
8.71794,-0.9030115413300022,-0.36195700246363494,0.5410545388663672,6.105650734041736,6.105650734041736
8.73294,-0.8595749294992501,-0.3829115692387875,0.4766633602604626,6.101052135316939,6.101052135316939
8.76094,-0.8793623899425795,-0.3857869396660773,0.49357545027650224,6.099260469176573,6.099260469176573
8.38794,0.06768454197110235,-0.3485492329927477,-0.41623377496385006,-6.0951060995530675,6.0951060995530675
8.78294,-0.8193337904946494,-0.3896630692566027,0.42967072123804667,6.08924846154549,6.08924846154549
8.79794,-0.8208316957758087,-0.3924013481394371,0.4284303476363716,6.0742620517092725,6.0742620517092725
8.73594,-0.8734716522161989,-0.37728826480021066,0.4961833874159883,6.072762183709884,6.072762183709884
5.50096,0.5850772434006438,-0.36324294278742775,-0.9483201861880716,-6.05779977920628,6.05779977920628
8.61994,-0.8746220471490771,-0.38984528292749404,0.48477676422158306,6.05029286625153,6.05029286625153
8.92094,-0.8971916900722703,-0.3640838757575057,0.5331078143147645,6.046560615898278,6.046560615898278
8.53694,-0.873232201408117,-0.3921976255243589,0.4810345758837581,6.045309202124903,6.045309202124903
8.93194,-0.8950078206528669,-0.3855421423618964,0.5094656782909706,6.045010364569553,6.045010364569553
8.77594,-0.8293970585662593,-0.38947364748999475,0.4399234110762646,6.042006791484888,6.042006791484888
8.55594,-0.8447675810126198,-0.3907088018431471,0.45405877916947274,6.038700253462904,6.038700253462904
8.28094,-0.7348248767245232,-0.3542568005033834,0.38056807622113986,6.029790737879121,6.029790737879121
8.54994,-0.8919073298210218,-0.39014363517127176,0.5017636946497501,6.029538340656382,6.029538340656382
6.23796,0.9633453374474474,-0.26985563792797684,-1.2332009753754243,-6.025852979572582,6.025852979572582
8.80294,-0.8041502210523714,-0.3927289996044519,0.41142122144791954,6.019774917994522,6.019774917994522
8.82194,-0.899999091225191,-0.37840158136075974,0.5215975098644312,6.016873101224603,6.016873101224603
8.47794,-0.8498779573457329,-0.35407446153920413,0.49580349580652877,6.013337894738499,6.013337894738499
8.57594,-0.8605496051999064,-0.39042515949597767,0.47012444570392875,6.012988283112026,6.012988283112026
8.48294,-0.8590449925812257,-0.37431022757643284,0.48473476500479284,6.012189005451616,6.012189005451616
6.44295,1.943502202831044,-0.21149037251682606,-2.1549925753478703,-6.005302111422389,6.005302111422389
8.96993,-0.882119177863755,-0.39764276346032834,0.4844764144034267,6.004772807297897,6.004772807297897
8.48794,-0.7590260784682995,-0.3670273699539551,0.39199870851434443,5.985790861717096,5.985790861717096
8.72894,-0.8602875788045306,-0.38557029278386185,0.4747172860206687,5.979481553477641,5.979481553477641
5.50896,0.9854596439751957,-0.35772004305402233,-1.343179687029218,-5.978128549335327,5.978128549335327
8.49394,-0.8741408204949839,-0.37115551374311617,0.5029853067518677,5.972665509089923,5.972665509089923
8.70394,-0.91455042847521,-0.35281294714459865,0.5617374813306113,5.972329390728655,5.972329390728655
8.72794,-0.8986812455678866,-0.37625350063191254,0.5224277449359741,5.968281417021314,5.968281417021314
8.56994,-0.8172359043633197,-0.3888188674172189,0.42841703694610084,5.96626861480542,5.96626861480542
8.95194,-0.8614627431899712,-0.3929013862732474,0.4685613569167238,5.964950130986546,5.964950130986546
8.57394,-0.8081406155195313,-0.38957905269391646,0.41856156282561485,5.963598846928008,5.963598846928008
8.14994,-0.7795111961637559,-0.32743434414985906,0.4520768520138968,5.962028611201376,5.962028611201376
8.92894,-0.8702658592364376,-0.3654118798900929,0.5048539793463447,5.959855799668913,5.959855799668913
8.34594,-0.802125907620093,-0.35811693740385336,0.4440089702162396,5.956593723718598,5.956593723718598
8.91994,-0.9149667912266941,-0.36051529970237073,0.5544514915243234,5.955248161555565,5.955248161555565
8.53394,-0.8466869316654699,-0.3899678849144909,0.456719046750979,5.950922684201182,5.950922684201182
8.62394,-0.829613442657825,-0.3890976441266402,0.4405157985311848,5.94884964533118,5.94884964533118
8.56294,-0.7904356825001231,-0.3883149720926939,0.4021207104074292,5.941792395125517,5.941792395125517
5.50696,0.8704331611955214,-0.3662415052162081,-1.2366746664117294,-5.9397671011834605,5.9397671011834605
8.78594,-0.7884960743586538,-0.3892908925821068,0.39920518177654696,5.937578598244298,5.937578598244298
5.85496,0.2194882972879343,-0.33935594667230023,-0.5588442439602346,-5.929175040789016,5.929175040789016
8.36894,-0.7738847566784943,-0.34488591636800264,0.4289988403104917,5.928213032879846,5.928213032879846
8.65394,-0.8360001324308516,-0.36414769290384097,0.4718524395270106,5.925705917502688,5.925705917502688
8.62594,-0.8134248415469114,-0.3881813332258315,0.42524350832107993,5.923851084660899,5.923851084660899
8.56594,-0.7903079692595966,-0.3915674213252077,0.39874054793438884,5.919176842418703,5.919176842418703
8.14494,-0.8060309085789785,-0.32966743142071947,0.47636347715825905,5.91345836715612,5.91345836715612
6.33195,2.8354400927280006,-0.1241116375165438,-2.959551730244544,-5.895070081302216,5.895070081302216
8.36494,-0.7726804594576343,-0.3581714547058688,0.4145090047517655,5.890383512084303,5.890383512084303
8.81894,-0.8399213356220574,-0.39301742037264653,0.44690391524941087,5.889631189045541,5.889631189045541
8.74494,-0.9392669258180079,-0.39924482864369315,0.5400220971743147,5.887909684582835,5.887909684582835
8.53894,-0.7899640598617312,-0.386995565445516,0.40296849441621524,5.881838354797649,5.881838354797649
8.96393,-0.85281538689524,-0.3945319600531499,0.45828342684209006,5.879708142456977,5.879708142456977
6.33095,2.882781404673969,-0.11436000087820321,-2.9971414055521723,-5.876110377691472,5.876110377691472
8.70894,-0.8932679497806284,-0.3733680241894037,0.5198999255912247,5.876070320057944,5.876070320057944
5.49996,0.5599850730012421,-0.3605311398322056,-0.9205162128334476,-5.8695595202554545,5.8695595202554545
8.14894,-0.7916375733141536,-0.3260148932144488,0.4656226800997048,5.866526348981838,5.866526348981838
8.98893,-0.8454252220983994,-0.3857834117094191,0.45964181038898033,5.861757954134844,5.861757954134844
8.78894,-0.8705827679608124,-0.3985450492473715,0.47203771871344086,5.853651093534713,5.853651093534713
8.56394,-0.7856063838308904,-0.380636062802242,0.40497032102864844,5.852492221907457,5.852492221907457
8.77094,-0.8072889417966429,-0.3869605484332194,0.4203283933634235,5.848348543031258,5.848348543031258
8.80394,-0.822674375964653,-0.395052003930058,0.42762237203459497,5.833578831061559,5.833578831061559
8.92294,-0.9073664970759723,-0.3624320110021434,0.5449344860738289,5.833329124592411,5.833329124592411
8.60694,-0.7846658040768195,-0.3910658416226464,0.3935999624541731,5.832980469534807,5.832980469534807
6.31895,2.427944769038886,-0.1554139437170781,-2.583358712755964,-5.825979434439186,5.825979434439186
8.84894,-0.8959720561099307,-0.3595267676832576,0.536445288426673,5.8195341123633675,5.8195341123633675
8.84594,-0.8378392037972058,-0.3622844617368696,0.47555474206033616,5.817475258728566,5.817475258728566
5.84796,0.08557512330373786,-0.33757546482534345,-0.4231505881290813,-5.813275879625291,5.813275879625291
5.82696,-0.03239985084830174,-0.353369282368511,-0.3209694315202093,-5.81089262122133,5.81089262122133
6.44395,1.9124304328735118,-0.20723616636713693,-2.1196665992406487,-5.806896767551038,5.806896767551038
8.57694,-0.8312119415902304,-0.3892480555726138,0.44196388601761655,5.80423009164825,5.80423009164825
6.44495,1.873093690369784,-0.2046046663207713,-2.077698356690555,-5.800573973888077,5.800573973888077
8.52494,-0.816228403542886,-0.37937211328411197,0.436856290258774,5.795854367474684,5.795854367474684
6.32995,2.900381772329353,-0.10307459113683794,-3.003456363466191,-5.79570822787908,5.79570822787908
5.50796,0.9577690193745005,-0.3671535513543591,-1.3249225707288597,-5.79231142790551,5.79231142790551
8.96293,-0.8802438367435624,-0.3945173389865633,0.4857264977569991,5.790139948133995,5.790139948133995
8.52894,-0.7796400857350247,-0.39121708804631494,0.3884229976887098,5.789624327034294,5.789624327034294
8.95694,-0.8499182858277864,-0.39257016584659143,0.45734811998119496,5.785145507145741,5.785145507145741
8.55094,-0.8388532343887836,-0.3917868961755396,0.447066338213244,5.7716722600755475,5.7716722600755475
8.58094,-0.8220895078841404,-0.388914663999082,0.4331748438850584,5.763372639628995,5.763372639628995
6.31995,2.48481129748828,-0.15518300689224537,-2.6399943043805254,-5.757650673966627,5.757650673966627
8.35494,-0.8445321397108618,-0.3461110864211261,0.49842105328973574,5.757100124778816,5.757100124778816
8.55194,-0.8021533117357876,-0.39012296304093835,0.4120303486948493,5.753805660085324,5.753805660085324
8.91894,-0.8989998914000453,-0.3649419997552654,0.5340578916447799,5.748997128394765,5.748997128394765
8.71994,-0.8317142601354997,-0.3837637031013497,0.44795055703414993,5.74661265624413,5.74661265624413
5.65296,0.08201501822309312,-0.3885013884388635,-0.4705164066619566,-5.737809466853965,5.737809466853965
8.81194,-0.8483901989785945,-0.3978319463940814,0.45055825258451304,5.735430513458734,5.735430513458734
8.35994,-0.8224823858596367,-0.34945559049246194,0.4730267953671748,5.712869491348412,5.712869491348412
8.36394,-0.8368915832116601,-0.35732269307046,0.47956889014120013,5.699782781394513,5.699782781394513
8.51694,-0.8760145142151583,-0.3943423053554423,0.481672208859716,5.691241044155094,5.691241044155094
8.36194,-0.7660872968693381,-0.3539922302902298,0.41209506657910827,5.688040367796296,5.688040367796296
8.78494,-0.7755703046551827,-0.3872362242141148,0.38833408044106793,5.682187380722131,5.682187380722131
8.49094,-0.7701152932553834,-0.3740056566175096,0.3961096366378738,5.670667226375874,5.670667226375874
8.85094,-0.9683837787562044,-0.3470509379006764,0.621332840855528,5.669376868891405,5.669376868891405
8.77394,-0.7913308914770683,-0.3908013187351565,0.40052957274191175,5.665860029046285,5.665860029046285
8.72694,-0.8630794549146175,-0.3842439805492703,0.4788354743653472,5.663912022848159,5.663912022848159
8.84994,-0.9632853977596938,-0.36043278794727657,0.6028526098124172,5.661830204877012,5.661830204877012
6.23696,0.9232085751313577,-0.2752294252812686,-1.1984380004126263,-5.653540423887956,5.653540423887956
8.35294,-0.8471890672606646,-0.34791843970152586,0.4992706275591387,5.649872701227853,5.649872701227853
8.73394,-0.874460177510392,-0.38262768933001695,0.491832488180375,5.6486283637006345,5.6486283637006345
8.96693,-0.8457658036035376,-0.38351858582087567,0.4622472177826619,5.648603460629831,5.648603460629831
5.64996,0.07701490680721026,-0.3803764940963587,-0.457391400903569,-5.645118446941793,5.645118446941793
7.23795,0.9874906937783618,-0.10321996853199915,-1.090710662310361,-5.644456767939627,5.644456767939627
8.35594,-0.8433825787308347,-0.3388826850925224,0.5044998936383123,5.6253714952080855,5.6253714952080855
8.63094,-0.8540255846582985,-0.3913566984423892,0.4626688862159093,5.6133664473303595,5.6133664473303595
8.74094,-0.8970325229738677,-0.3795771937448728,0.517455329228995,5.6131376774460975,5.6131376774460975
6.32095,2.522390010370174,-0.15075078865517877,-2.673140799025353,-5.6077452409051425,5.6077452409051425
8.25794,-0.8308930534428189,-0.32716098097768975,0.5037320724651292,5.601719250781372,5.601719250781372
8.54094,-0.8016811461110225,-0.39619945255501665,0.40548169355600583,5.598831563935823,5.598831563935823
8.70794,-0.8592903080428091,-0.3679011757079593,0.4913891323348498,5.597542206404196,5.597542206404196
8.56794,-0.8587174539956226,-0.37785867958380914,0.48085877441181346,5.592288819977879,5.592288819977879
8.91794,-0.887077749699232,-0.3607094819413356,0.5263682677578965,5.591342647759596,5.591342647759596
8.14394,-0.7849612746605283,-0.32980738537757026,0.4551538892829581,5.590754794913172,5.590754794913172
8.63294,-0.8514180773377953,-0.3924113090289201,0.4590067683088752,5.586426907731877,5.586426907731877
8.57994,-0.8548109447011948,-0.3856072169842332,0.46920372771696156,5.5826428550290315,5.5826428550290315
5.83096,-0.046252997265737866,-0.34536288337781396,-0.2991098861120761,-5.578408275109909,5.578408275109909
8.29194,-0.8095388776905945,-0.3531226916895732,0.4564161860010213,5.572800645825551,5.572800645825551
8.59594,-0.854529583401644,-0.3907229002287344,0.4638066831729096,5.569633936406564,5.569633936406564
8.14694,-0.7701924195337384,-0.32803119596687097,0.44216122356686743,5.5603308693936775,5.5603308693936775
8.15694,-0.7535879420345074,-0.3111731799557339,0.4424147620787735,5.555371174394455,5.555371174394455
8.76794,-0.7849529004863472,-0.3902085469016996,0.39474435358464766,5.552538767769285,5.552538767769285
5.85296,0.1475394884809718,-0.3367199110571901,-0.4842593995381619,-5.551640976618935,5.551640976618935
5.65496,0.07150198162457136,-0.3729467525714858,-0.4444487341960571,-5.549346786384544,5.549346786384544
8.53994,-0.7631730161888203,-0.38751478230939196,0.3756582338794283,5.543046479551226,5.543046479551226
8.33494,-0.8106949142701612,-0.3484591392010357,0.46223577506912544,5.537562569358141,5.537562569358141
8.26294,-0.7566506631708733,-0.33091855911571477,0.4257321040551585,5.536360427618675,5.536360427618675
6.65295,0.14361901891942502,-0.31027461225194725,-0.45389363117137227,-5.534919925555768,5.534919925555768
8.47394,-0.8931000089008836,-0.3455439495001775,0.5475560594007061,5.530152985755424,5.530152985755424
8.27994,-0.7325995153434148,-0.3594291929647093,0.3731703223787055,5.522497315993507,5.522497315993507
8.25594,-0.7988965860990991,-0.3156288026951859,0.4832677834039132,5.522206408643493,5.522206408643493
6.32895,2.829957296919133,-0.10522546009886574,-2.9351827570179987,-5.522136383957891,5.522136383957891
8.79394,-0.8369680645212039,-0.3819454059257912,0.4550226585954127,5.515703873499908,5.515703873499908
8.31894,-0.8330305803934712,-0.3753614319934645,0.4576691484000067,5.513925676705821,5.513925676705821
8.81294,-0.8683345587787241,-0.4024706799242232,0.4658638788545009,5.511004661020232,5.511004661020232
8.78794,-0.7942451425422462,-0.3916009104762898,0.4026442320659564,5.506059751211814,5.506059751211814
8.14294,-0.7938157160834638,-0.32401104599503616,0.46980467008842763,5.502559295915176,5.502559295915176
8.50094,-0.7902864040830762,-0.3857193517366471,0.40456705234642903,5.492379809623537,5.492379809623537
6.44595,1.8263430472066116,-0.20141598291146925,-2.027759030118081,-5.487197109134595,5.487197109134595
8.53294,-0.871148015069876,-0.38351792826691855,0.4876300868029575,5.486768640962876,5.486768640962876
8.25294,-0.8281529190840807,-0.2984570755852791,0.5296958434988016,5.47445110455442,5.47445110455442
8.92194,-0.8895237677003692,-0.3686197077132023,0.5209040599871669,5.473357223044793,5.473357223044793
8.65494,-0.8314018379921606,-0.36346594473846633,0.4679358932536943,5.471909361932843,5.471909361932843
6.65695,0.1961326375330019,-0.3257010370067452,-0.521833674539747,-5.467063646358912,5.467063646358912
8.34494,-0.7816858282756365,-0.359274917425935,0.4224109108497015,5.459600911230434,5.459600911230434
6.65395,0.1451397199273607,-0.31553593350474807,-0.46067565343210876,-5.454977466911361,5.454977466911361
8.25194,-0.8317353453224332,-0.2908272048122068,0.5409081405102264,5.454300864194678,5.454300864194678
8.47894,-0.7922017467943224,-0.35957288463618803,0.4326288621581344,5.454217165791055,5.454217165791055
8.73494,-0.883636073661195,-0.3793094319938847,0.5043266416673102,5.451928842070913,5.451928842070913
8.25494,-0.8044867426033098,-0.3100349093015422,0.49445183330176756,5.449314429715545,5.449314429715545
6.23596,0.8991428677485074,-0.2680807523628783,-1.1672236201113857,-5.438137339538001,5.438137339538001
8.53494,-0.8355543787152626,-0.3877414782090137,0.4478129005062489,5.427281143392667,5.427281143392667
8.52394,-0.7993648998195011,-0.3799955581128713,0.4193693417066298,5.417542877707907,5.417542877707907
8.76694,-0.8285736687155527,-0.39876085248858917,0.42981281622696355,5.402633040185836,5.402633040185836
8.15194,-0.7429220803404372,-0.32017004089830237,0.4227520394421348,5.401568161309781,5.401568161309781
8.31094,-0.795079467854248,-0.3681556959971355,0.4269237718571125,5.397200006613393,5.397200006613393
5.66296,-0.009117404506315357,-0.37627533107432887,-0.3671579265680135,-5.396225560253751,5.396225560253751
8.26694,-0.7207235608448568,-0.3459946305898968,0.37472893025495996,5.3953285264212765,5.3953285264212765
5.66196,-0.04146592135030636,-0.37818902968772733,-0.336723108337421,-5.387484218774532,5.387484218774532
8.15294,-0.7558429101180908,-0.3121238137077644,0.4437190964103264,5.3834056760695965,5.3834056760695965
8.98793,-0.8218230348592106,-0.3856320609139702,0.4361909739452404,5.373295792896878,5.373295792896878
8.33994,-0.7617179759575281,-0.3557176896025687,0.4060002863549594,5.372639683601165,5.372639683601165
8.76994,-0.7948966754579626,-0.3898834217708233,0.4050132536871393,5.370743569185083,5.370743569185083
8.52994,-0.7635743427204822,-0.3846248277361467,0.3789495149843355,5.366310506228959,5.366310506228959
8.60594,-0.7853052336746802,-0.39429652135009025,0.39100871232458995,5.362503694060548,5.362503694060548
8.70494,-0.8680191207181864,-0.3571624804801033,0.5108566402380832,5.3606741804112,5.3606741804112
8.91694,-0.8983386576014785,-0.3559692052477457,0.5423694523537328,5.356396091807127,5.356396091807127
7.23695,1.0329328803994593,-0.09092330273361432,-1.1238561831330736,-5.350914585484511,5.350914585484511
8.52094,-0.7935696867089037,-0.38181266688173954,0.4117570198271642,5.34971443751268,5.34971443751268
8.79194,-0.8093492290603069,-0.3957295695281238,0.4136196595321831,5.348787100675137,5.348787100675137
8.53194,-0.8521111136942239,-0.3874979418815545,0.46461317181266937,5.348540961589367,5.348540961589367
8.77694,-0.8362289937496392,-0.3932439522803866,0.4429850414692526,5.345976661553689,5.345976661553689
8.15494,-0.7699370026540011,-0.3088792072262796,0.4610577954277215,5.345953071226269,5.345953071226269
6.32195,2.6207211397282775,-0.13642317384847802,-2.7571443135767555,-5.32877108110539,5.32877108110539
8.14194,-0.7966756540451772,-0.32898308470367005,0.4676925693415071,5.325781901411665,5.325781901411665
7.25695,0.588466264685364,-0.16712945776225901,-0.7555957224476231,-5.320843932646088,5.320843932646088
8.62694,-0.8567011232164963,-0.39222206276519866,0.4644790604512976,5.319789539679488,5.319789539679488
8.95594,-0.884454693670887,-0.395259963678423,0.48919472999246405,5.3063712557705545,5.3063712557705545
8.85194,-0.9359248003421985,-0.32805059784283785,0.6078742024993606,5.2846147891668975,5.2846147891668975
8.26494,-0.7112103544747701,-0.3343636102045257,0.3768467442702444,5.2804073208223326,5.2804073208223326
8.26394,-0.7071699236106102,-0.3337090915752584,0.37346083203535174,5.272762241613107,5.272762241613107
6.32795,2.77929376971169,-0.10678277477817577,-2.8860765444898657,-5.272670761279227,5.272670761279227
5.85396,0.13954804764802584,-0.33827891246811514,-0.477826960116141,-5.269341693824491,5.269341693824491
8.74594,-0.902308316558863,-0.3988166645102398,0.5034916520486232,5.264299117756874,5.264299117756874
8.31194,-0.7864796172037156,-0.35400457379938527,0.43247504340433035,5.258821302558619,5.258821302558619
8.76894,-0.8010301564058624,-0.3917587186889556,0.40927143771690677,5.2435884356919695,5.2435884356919695
6.32295,2.630765571008718,-0.12936366954983058,-2.7601292405585482,-5.237701350735292,5.237701350735292
8.33894,-0.7882896019335563,-0.3596099070920923,0.42867969484146407,5.234935418105654,5.234935418105654
5.82796,-0.06998584000557957,-0.34922021633543865,-0.2792343763298591,-5.230275938782637,5.230275938782637
5.81996,-0.0627385941579893,-0.36710925592660476,-0.3043706617686155,-5.223748998947429,5.223748998947429
6.23496,0.877172009002511,-0.2668401983778985,-1.1440122073804095,-5.218478341578377,5.218478341578377
8.78994,-0.8237240229763421,-0.39648948345689283,0.42723453951944923,5.208680136367766,5.208680136367766
8.73894,-0.8630570654443014,-0.38996819431180935,0.47308887113249204,5.207984618840097,5.207984618840097
8.29694,-0.8257728029781093,-0.37039174132936437,0.4553810616487449,5.200922593748277,5.200922593748277
8.77494,-0.7794964813125178,-0.38545158855967393,0.3940448927528439,5.196988744085432,5.196988744085432
6.23396,0.8766586967485968,-0.2619393489686921,-1.1385980457172888,-5.1692848583776145,5.1692848583776145
8.32294,-0.8047135731868993,-0.3769793209117852,0.4277342522751141,5.1667214374903265,5.1667214374903265
8.65694,-0.8658881811819303,-0.33670026880154164,0.5291879123803886,5.164081765305254,5.164081765305254
8.58194,-0.7768524237748093,-0.38940114272341586,0.3874512810513935,5.1633659718312,5.1633659718312
8.79894,-0.8333576181994291,-0.4011836344533544,0.4321739837460747,5.152016719740623,5.152016719740623
6.44695,1.852162957745541,-0.19030383062087314,-2.042466788366414,-5.148829896843263,5.148829896843263
8.54394,-0.7881252242285827,-0.3900776487178526,0.39804757551073006,5.148311257906051,5.148311257906051
8.25394,-0.8130914151469364,-0.3099054782505546,0.5031859368963818,5.14759961324885,5.14759961324885
8.14794,-0.7417140249659764,-0.3277632915083844,0.413950733457592,5.1443218752653355,5.1443218752653355
8.76294,-0.8089358350603237,-0.3890354495951868,0.4199003854651369,5.143860531292248,5.143860531292248
8.61194,-0.8456349178727112,-0.38029924477167953,0.46533567310103163,5.137019233959899,5.137019233959899
8.28894,-0.712654141529097,-0.3596622975663459,0.35299184396275113,5.132123312378934,5.132123312378934
5.83796,-0.03269526753053269,-0.35382292017240824,-0.32112765264187554,-5.124347242621943,5.124347242621943
6.32695,2.67659488719267,-0.10227813759182142,-2.7788730247844917,-5.101603595869364,5.101603595869364
8.80094,-0.7911360134274942,-0.37983860977191497,0.4112974036555792,5.089279134324862,5.089279134324862
6.32595,2.6317101444068998,-0.09191371982158147,-2.723623864228481,-5.0891516160435595,5.0891516160435595
8.11094,-0.8165188132983354,-0.32471229417299813,0.4918065191253373,5.085320705185359,5.085320705185359
8.12294,-0.7682853517040654,-0.3359714885442233,0.4323138631598421,5.084228518193477,5.084228518193477
6.32495,2.5722781719475765,-0.09203946787973305,-2.6643176398273094,-5.082903528502574,5.082903528502574
8.48394,-0.8230027420290532,-0.37304601913184254,0.44995672289721067,5.079795137500204,5.079795137500204
8.65594,-0.8376027370409731,-0.35532018319654807,0.48228255384442503,5.077787520962363,5.077787520962363
8.62994,-0.8013196267880389,-0.3940535748387307,0.4072660519493082,5.0711999323974455,5.0711999323974455
8.12594,-0.781424948899206,-0.3264897988894619,0.4549351500097441,5.057928735510918,5.057928735510918
8.70294,-0.8837668978795502,-0.3591017212275693,0.524665176651981,5.051838765150012,5.051838765150012
7.25795,0.5886198282765476,-0.16264490295510634,-0.7512647312316539,-5.046402044507441,5.046402044507441
6.23296,0.8715725044997458,-0.26150568150066655,-1.1330781860004122,-5.034135589930264,5.034135589930264
7.23595,1.1049320202062787,-0.07649403961926968,-1.1814260598255484,-5.023454190092019,5.023454190092019
8.48994,-0.7404143365982838,-0.37734059406618115,0.3630737425321027,4.995618926176823,4.995618926176823
8.13994,-0.8115929161063706,-0.32412080381598735,0.4874721122903833,4.994882186216454,4.994882186216454
8.12194,-0.7731811457966675,-0.32854340253299585,0.44463774326367167,4.985695752044439,4.985695752044439
6.32395,2.5685603644319257,-0.11444933475351865,-2.6830096991854444,-4.98523059695936,4.98523059695936
5.65396,0.07659338440801755,-0.37840566259131614,-0.4549990469993337,-4.970330200399301,4.970330200399301
8.35894,-0.792818539348165,-0.3502318603949346,0.44258667895323045,4.947881964215172,4.947881964215172
6.23196,0.8915033477935762,-0.2664833977864136,-1.15798674557999,-4.93067874536439,4.93067874536439
8.35694,-0.7775445367302563,-0.3348850410500914,0.4426594956801648,4.925044738702919,4.925044738702919
8.47194,-0.8126884125763842,-0.32981639743556834,0.4828720151408159,4.9126531848826085,4.9126531848826085
8.15094,-0.721139208729539,-0.32468686158526716,0.3964523471442718,4.903667191760297,4.903667191760297
8.59194,-0.8858258609305061,-0.3941185943831671,0.491707266547339,4.90031188343856,4.90031188343856
8.28994,-0.6864731266800024,-0.36133395767952753,0.32513916900047485,4.890547512319899,4.890547512319899
5.83196,-0.06290574388130313,-0.3569554435706294,-0.29404969968932626,-4.885806609523188,4.885806609523188
8.26094,-0.7292155630538057,-0.33107684005473853,0.3981387229990672,4.870372378654215,4.870372378654215
8.46994,-0.8063359542532134,-0.3263409451001062,0.47999500915310717,4.870087685390205,4.870087685390205
5.84296,0.015026787845144763,-0.3566620053542847,-0.3716887931994295,-4.862170468865933,4.862170468865933
8.11294,-0.8024701746104836,-0.3226491070287405,0.47982106758174314,4.857657678692036,4.857657678692036
8.47594,-0.8184984414636183,-0.3513494553953788,0.46714898606823946,4.853750861815653,4.853750861815653
8.91394,-0.8665381034427422,-0.33186905373204667,0.5346690497106955,4.85202996530973,4.85202996530973
5.82096,-0.005343285751152088,-0.3781583287559862,-0.37281504300483415,-4.850126906150264,4.850126906150264
8.47294,-0.8512608702082426,-0.34300041345910226,0.5082604567491403,4.843241710358546,4.843241710358546
8.47094,-0.8106695507023539,-0.32691468813649704,0.48375486256585687,4.810186621757322,4.810186621757322
8.54494,-0.798827519998405,-0.3981500527639174,0.40067746723448755,4.808199726656936,4.808199726656936
8.12694,-0.7976905779767034,-0.3307587514611919,0.4669318265155115,4.807622166314322,4.807622166314322
8.53094,-0.7872875891008279,-0.38084237325834175,0.4064452158424861,4.805017606384652,4.805017606384652
8.37494,-0.6858001393198445,-0.35422856550412246,0.33157157381572205,4.796625930194694,4.796625930194694
8.15894,-0.7336508468788563,-0.3063143421633072,0.42733650471554907,4.794331752351455,4.794331752351455
5.65596,0.04801839040719498,-0.3753646347670593,-0.42338302517425425,-4.785542684801825,4.785542684801825
8.51594,-0.8161466461934341,-0.3903332602284752,0.42581338596495893,4.782788309197833,4.782788309197833
5.65796,0.052736846807849194,-0.38113690513041487,-0.43387375193826405,-4.7782214311142575,4.7782214311142575
6.65195,0.11637432763242994,-0.31367605903666024,-0.4300503866690902,-4.767698203481929,4.767698203481929
8.69994,-0.8598141658472982,-0.34627912339667505,0.5135350424506231,4.752733431138293,4.752733431138293
7.23495,1.1482640414195697,-0.06217295424560993,-1.2104369956651797,-4.750614927788094,4.750614927788094
8.15994,-0.758991270505652,-0.29956148374116526,0.4594297867644867,4.747295021719094,4.747295021719094
8.10994,-0.7998224568335844,-0.31987628718346456,0.4799461696501199,4.736561644609372,4.736561644609372
8.91594,-0.8360494533101588,-0.3492268376078751,0.4868226157022837,4.724647428242718,4.724647428242718
8.35794,-0.7427042297468127,-0.3478113674681169,0.3948928622786958,4.724489288970113,4.724489288970113
7.30295,0.7939096476604435,-0.1672457430579968,-0.9611553907184403,-4.723699552605755,4.723699552605755
5.66396,0.0024132110707198798,-0.36651231310793836,-0.36892552417865826,-4.721505372974263,4.721505372974263
8.69894,-0.8807784959246076,-0.3426318749710631,0.5381466209535444,4.716357753835329,4.716357753835329
6.66195,0.10840123818308856,-0.32737076497918227,-0.4357720031622708,-4.705857098033366,4.705857098033366
6.23096,0.8593548615956998,-0.26214915606449934,-1.1215040176601991,-4.7039423986269195,4.7039423986269195
8.59494,-0.7730250901079865,-0.3948831537610388,0.3781419363469477,4.701951698656943,4.701951698656943
8.29094,-0.7235209909597178,-0.35549223474161273,0.36802875621810505,4.699653469457181,4.699653469457181
8.36694,-0.7239242061248864,-0.34172635087873426,0.38219785524615213,4.695855684671189,4.695855684671189
8.26794,-0.677291769833322,-0.34643030293185767,0.3308614669014643,4.690671322793465,4.690671322793465
8.27394,-0.6603309596901874,-0.3523319377223834,0.307999021967804,4.688615252194531,4.688615252194531
8.95094,-0.8060641711966394,-0.3938375962260765,0.4122265749705629,4.678079378730953,4.678079378730953
7.25895,0.5939929662602661,-0.16880296835817046,-0.7627959346184365,-4.672820890580564,4.672820890580564
6.22896,0.8929178665700115,-0.2555536482131584,-1.1484715147831699,-4.664287127873294,4.664287127873294
8.91494,-0.826048808131558,-0.3352429305662985,0.4908058775652595,4.664130850732067,4.664130850732067
8.25094,-0.8000452520367838,-0.29615311182945264,0.5038921402073311,4.663121822873952,4.663121822873952
6.22796,0.9055092862492637,-0.2460398260262257,-1.1515491122754895,-4.65468657302489,4.65468657302489
8.51494,-0.7911976006204335,-0.38168151714584875,0.4095160834745848,4.6498062888385965,4.6498062888385965
5.85596,0.14990040338724958,-0.3395810819733398,-0.4894814853605894,-4.644929014154835,4.644929014154835
8.62794,-0.8168474583091492,-0.3925385344995312,0.424308923809618,4.643138131459741,4.643138131459741
8.47694,-0.8480573557559198,-0.3540020059932959,0.4940553497626239,4.6374320777708125,4.6374320777708125
8.12094,-0.7923348676495889,-0.3255012089957698,0.46683365865381915,4.636731913154703,4.636731913154703
6.65595,0.17509793769910753,-0.3209742060129645,-0.49607214371207203,-4.633524125442199,4.633524125442199
8.13094,-0.7585545329627644,-0.32511913082323063,0.4334354021395338,4.633161801240437,4.633161801240437
8.33794,-0.8062707127139324,-0.34365879089724083,0.46261192181669153,4.629049309114943,4.629049309114943
6.44795,1.7872780556778998,-0.18724068303603092,-1.9745187387139307,-4.628810896279153,4.628810896279153
8.94994,-0.781626366479953,-0.3901330460066624,0.3914933204732906,4.620555913801452,4.620555913801452
6.65795,0.14698616803752415,-0.3329327348544024,-0.4799189028919265,-4.610949148790781,4.610949148790781
8.26894,-0.6768353405526251,-0.34683980733605885,0.3299955332165662,4.590310473385213,4.590310473385213
8.27494,-0.689086267160707,-0.36233450807891077,0.3267517590817962,4.574782274120231,4.574782274120231
5.82296,-0.061686874442595324,-0.36393992464911684,-0.3022530502065215,-4.560424156479068,4.560424156479068
6.66095,0.13921022832615826,-0.3354280013999466,-0.47463822972610487,-4.553391732424465,4.553391732424465
6.22996,0.8684413110617735,-0.26488378109270916,-1.1333250921544826,-4.551555118827333,4.551555118827333
8.30894,-0.812972637559287,-0.3723311089361672,0.4406415286231197,4.549783728433023,4.549783728433023
6.22696,0.8953105174312466,-0.23802871404889828,-1.133339231480145,-4.5366874078311845,4.5366874078311845
8.12394,-0.7449437587670207,-0.32632400357746194,0.41861975518955874,4.518233199443256,4.518233199443256
8.11594,-0.8210164362181436,-0.3132602707576339,0.5077561654605096,4.515723661282909,4.515723661282909
6.64995,0.11247370529443755,-0.31068035753892065,-0.4231540628333582,-4.482949572054162,4.482949572054162
8.13894,-0.7645605035614395,-0.3235980179188749,0.4409624856425646,4.477726886602821,4.477726886602821
8.73994,-0.8345853865525181,-0.3913760707459954,0.44320931580652273,4.464381017292531,4.464381017292531
8.12994,-0.7677186055001014,-0.32330635594502666,0.44441224955507475,4.455840445548025,4.455840445548025
8.15794,-0.7189582457033799,-0.3030898466908495,0.41586839901253037,4.450763293319799,4.450763293319799
5.83896,-0.04287650710080444,-0.35222053819878113,-0.3093440310979767,-4.450217137861191,4.450217137861191
8.69794,-0.8838122967848173,-0.33920794310176067,0.5446043536830567,4.442935854853862,4.442935854853862
8.70094,-0.8376240909910433,-0.3549604432348668,0.4826636477561765,4.440700692201129,4.440700692201129
8.13794,-0.7580678836792624,-0.3163700964399845,0.4416977872392779,4.439208941754033,4.439208941754033
8.16094,-0.7611215837113239,-0.29345657415093984,0.46766500956038404,4.433289282023879,4.433289282023879
8.70194,-0.8559078242015188,-0.3640569824361953,0.4918508417653235,4.417299011169907,4.417299011169907
8.11394,-0.7601846926979688,-0.32220066182041535,0.4379840308775535,4.411986730411553,4.411986730411553
8.91194,-0.9442449776701327,-0.333722080781242,0.6105228968888907,4.3940308014551706,4.3940308014551706
8.62894,-0.793544695570126,-0.3812576629198321,0.41228703265029387,4.390156800834881,4.390156800834881
8.16194,-0.7751386323238127,-0.28780196410659536,0.4873366682172174,4.386075105171906,4.386075105171906
5.82196,-0.05041026183855934,-0.37637863786332565,-0.3259683760247663,-4.3795720109205805,4.3795720109205805
8.28794,-0.739827329991571,-0.3588607636702294,0.38096656632134157,4.365601183185709,4.365601183185709
8.59394,-0.8163589176285923,-0.3962052650703157,0.4201536525582765,4.362278666074397,4.362278666074397
8.48894,-0.7092389351313041,-0.3799389669206248,0.3292999682106793,4.359896061357568,4.359896061357568
8.12494,-0.7570428298957106,-0.32030314447229713,0.43673968542341346,4.356060199375467,4.356060199375467
8.11494,-0.7774498285864027,-0.3167863459557292,0.46066348263067347,4.344025163078924,4.344025163078924
6.67095,0.08598722028974226,-0.33796973501255406,-0.4239569553022963,-4.342523644139929,4.342523644139929
5.82596,-0.012409878881884856,-0.35402285308862935,-0.3416129742067445,-4.342135804572114,4.342135804572114
8.59294,-0.8762102445493107,-0.3981511232875151,0.4780591212617956,4.342038778135235,4.342038778135235
8.46894,-0.8222573902091215,-0.33441522313817773,0.48784216707094374,4.331350714602837,4.331350714602837
8.15394,-0.7563701808960354,-0.30889677200651655,0.4474734088895188,4.327489618541186,4.327489618541186
5.84696,0.04042686811465873,-0.3445650363030253,-0.38499190441768405,-4.326508897386824,4.326508897386824
8.11194,-0.7837083331594918,-0.31592916220956413,0.4677791709499277,4.323475931630325,4.323475931630325
8.11894,-0.8355909882977507,-0.3133332703087762,0.5222577179889745,4.314202074919686,4.314202074919686
5.84596,-0.0019171998260728677,-0.3538885288623438,-0.35197132903627093,-4.310530936937688,4.310530936937688
8.65794,-0.8872484883141836,-0.3264913138005538,0.5607571745136297,4.30726789452629,4.30726789452629
8.12894,-0.7924432990948523,-0.32039152697365114,0.4720517721212012,4.304251592315288,4.304251592315288
7.23395,1.1794255405661418,-0.0390531204706251,-1.2184786610367668,-4.300852964467595,4.300852964467595
8.36594,-0.7059967342458644,-0.34732469577355196,0.35867203847231244,4.296899114758723,4.296899114758723
5.81896,-0.06163759090917842,-0.37335361500128234,-0.3117160240921039,-4.2817877257446195,4.2817877257446195
8.11694,-0.7843556451417436,-0.3145770994902887,0.4697785456514549,4.27618204770449,4.27618204770449
8.11994,-0.7976911436931794,-0.3227847557672328,0.4749063879259466,4.270616876067241,4.270616876067241
6.44895,1.7129696808872543,-0.176882689795606,-1.8898523706828603,-4.26294977999528,4.26294977999528
8.24794,-0.8712645778455113,-0.2855875585527477,0.5856770192927636,4.253084362155335,4.253084362155335
8.38694,-0.025036728350487772,-0.3461691845100854,-0.3211324561595976,-4.244966573245648,4.244966573245648
8.10894,-0.7804951661478345,-0.3164935679739293,0.46400159817390524,4.237611513914749,4.237611513914749
8.85294,-0.9081450050610851,-0.32212174668358695,0.5860232583774981,4.225162120991899,4.225162120991899
8.12794,-0.7747066750969669,-0.3228617129319918,0.4518449621649751,4.2215926531092345,4.2215926531092345
6.68695,0.10155569340096544,-0.3332540130099324,-0.43480970641089783,-4.211805640322117,4.211805640322117
6.65095,0.08140682834227203,-0.31095104827909403,-0.39235787662136606,-4.207769280927983,4.207769280927983
5.84196,0.002937096961629977,-0.3634748838660722,-0.36641198082770216,-4.183098443092864,4.183098443092864
7.30595,0.901579622618004,-0.15508384233532022,-1.0566634649533242,-4.181195622017405,4.181195622017405
6.44995,1.6867068468933875,-0.15610029307380846,-1.842807139967196,-4.18031250265237,4.18031250265237
6.65995,0.13835172276248442,-0.33881088106449375,-0.47716260382697817,-4.179223891101905,4.179223891101905
6.22396,0.9155583370002744,-0.22373034382594062,-1.139288680826215,-4.174543901223179,4.174543901223179
8.39694,0.7234340312476436,-0.3308938228408815,-1.054327854088525,-4.1638532738862,4.1638532738862
8.24894,-0.86023798025693,-0.2952926172507264,0.5649453630062036,4.159400922135333,4.159400922135333
8.37294,-0.7021086470495724,-0.35835444176544673,0.3437542052841257,4.159060963728446,4.159060963728446
8.30994,-0.7618415908614735,-0.3786692402572892,0.3831723506041843,4.158298078754378,4.158298078754378
5.84096,0.004904648572340936,-0.3714453846109027,-0.37635003318324367,-4.12800633297961,4.12800633297961
8.11794,-0.81634123823804,-0.3140694574992483,0.5022717807387916,4.125965965429016,4.125965965429016
8.25894,-0.7617268273167964,-0.3258964254967681,0.4358304018200283,4.116618095320504,4.116618095320504
5.83496,-0.05212388131435113,-0.3489548519656645,-0.29683097065131336,-4.113548032766862,4.113548032766862
7.29995,0.5967840298080811,-0.14263124495749635,-0.7394152747655774,-4.1119549026953255,4.1119549026953255
6.66795,0.048440895781869595,-0.33212028429859325,-0.38056118008046286,-4.111388800803283,4.111388800803283
6.65495,0.12635063356735146,-0.32006280885199234,-0.4464134424193438,-4.099310979885768,4.099310979885768
5.65696,0.038812158215955773,-0.37111932329722164,-0.40993148151317743,-4.098195849150972,4.098195849150972
7.30395,0.8154903928588759,-0.16327964100041184,-0.9787700338592877,-4.092418272599657,4.092418272599657
6.66995,0.07311360556869327,-0.3342838649704348,-0.40739747053912806,-4.08867468122508,4.08867468122508
7.30195,0.7253665135014866,-0.16315026850051326,-0.8885167820019999,-4.073727729306724,4.073727729306724
8.37394,-0.6655188376230892,-0.35448627412508815,0.311032563498001,4.0692716939204026,4.0692716939204026
8.46494,-0.9189240905073749,-0.3109827236701432,0.6079413668372318,4.067936059627789,4.067936059627789
8.36094,-0.7364336203272567,-0.3533029616970648,0.38313065863019186,4.057455934765016,4.057455934765016
6.22296,0.9003929751705919,-0.2235232795558409,-1.1239162547264328,-4.055705534341678,4.055705534341678
8.37194,-0.7428263440857175,-0.3526480969656777,0.39017824712003973,4.054420617170206,4.054420617170206
8.13494,-0.7433963079276276,-0.31192032011313064,0.4314759878144969,4.053557559775544,4.053557559775544
8.69594,-0.8798801828071002,-0.3337530739260809,0.5461271088810193,4.053208463436371,4.053208463436371
5.92696,0.46530345402044193,-0.25907602913948913,-0.7243794831599311,-4.041746097312197,4.041746097312197
6.67195,0.07308961169877781,-0.33559958592466566,-0.40868919762344347,-4.029311157834969,4.029311157834969
5.65896,0.05834817412744868,-0.37146122890447913,-0.42980940303192783,-4.014384798518483,4.014384798518483
8.91094,-0.9203226987971991,-0.33421484456434425,0.5861078542328548,4.001123598946795,4.001123598946795
6.22596,0.7902332194359999,-0.23158236011565028,-1.0218155795516501,-3.99753465425157,3.99753465425157
8.69394,-0.8992428611760912,-0.31365085959745026,0.5855920015786409,3.996984047436179,3.996984047436179
8.91294,-0.8022107285763171,-0.33124970094099265,0.4709610276353245,3.996629362003141,3.996629362003141
8.79094,-0.8020667770223108,-0.4019468515663472,0.4001199254559636,3.987456425863125,3.987456425863125
8.46794,-0.802070401504809,-0.3321352919409103,0.4699351095638987,3.9820370057984507,3.9820370057984507
6.22196,0.8945528860035645,-0.22276408825737093,-1.1173169742609355,-3.977839867075757,3.977839867075757
7.30495,0.8500991068287876,-0.16055289753147498,-1.0106520043602627,-3.9746044205432063,3.9746044205432063
8.69694,-0.8617148562569357,-0.3414790585884208,0.5202357976685148,3.9587616357998545,3.9587616357998545
8.27594,-0.6698467457650961,-0.36557413506531644,0.3042726106997796,3.931913194765088,3.931913194765088
6.65895,0.12669735615151123,-0.33576106355450674,-0.462458419706018,-3.928257567453197,3.928257567453197
6.66695,0.05670559074803549,-0.33423237128636873,-0.39093796203440423,-3.927121480895634,3.927121480895634
6.22496,0.8051865387853739,-0.23226797240840774,-1.0374545111937816,-3.9148439175046437,3.9148439175046437
5.83996,-0.0508745765167124,-0.3634233815174453,-0.3125488050007329,-3.8953604820604744,3.8953604820604744
7.30095,0.6403185523024176,-0.15426694400486432,-0.7945854963072819,-3.8933938937572137,3.8933938937572137
8.69494,-0.8553683444487463,-0.3181543166440512,0.5372140278046951,3.8800207771423576,3.8800207771423576
7.25995,0.5709281531497461,-0.1597988841766164,-0.7307270373263625,-3.876432432214539,3.876432432214539
7.30695,0.9174525169016783,-0.13559123216615276,-1.053043749067831,-3.8592156593138194,3.8592156593138194
5.92796,0.4052515890582411,-0.25799123689117487,-0.663242825949416,-3.8571652862720636,3.8571652862720636
5.83696,-0.07104179689843482,-0.36027637771232524,-0.2892345808138904,-3.8497717038121233,3.8497717038121233
5.85696,0.07445960061970305,-0.32958152574030597,-0.404041126360009,-3.8472758888204903,3.8472758888204903
6.45095,1.624476399342619,-0.15090917239745053,-1.7753855717400695,-3.8432519283901314,3.8432519283901314
8.46594,-0.8723208271428605,-0.3268705676954407,0.5454502594474198,3.8376671204790616,3.8376671204790616
6.64895,0.12330223088718324,-0.32055705423092057,-0.4438592851181038,-3.8201313391402856,3.8201313391402856
5.92596,0.4816157566407247,-0.2514495636628759,-0.7330653203036006,-3.818150502397164,3.818150502397164
8.27694,-0.6503925495879679,-0.36236879469826466,0.2880237548897032,3.8157738035324016,3.8157738035324016
6.64695,0.1180327649295673,-0.3015716634431723,-0.4196044283727396,-3.7959788078238996,3.7959788078238996
8.25994,-0.7222490538623308,-0.329742829956947,0.39250622390538387,3.7938706450771176,3.7938706450771176
8.27894,-0.6817244903208671,-0.3654819881479096,0.3162425021729575,3.7837246882485966,3.7837246882485966
8.46694,-0.8290207904421178,-0.33216326556924786,0.49685752487287,3.7794875404390957,3.7794875404390957
6.22096,0.8538057832610133,-0.22672558477808488,-1.0805313680390982,-3.7500641408188087,3.7500641408188087
8.13694,-0.7289322933248608,-0.308949571414197,0.41998272191066377,3.7424168047443604,3.7424168047443604
8.24994,-0.7861626337359258,-0.2922068285022721,0.4939558052336537,3.7346327143666116,3.7346327143666116
8.16294,-0.7579819538917985,-0.28143205440508495,0.4765498994867135,3.7306251523601595,3.7306251523601595
8.28694,-0.705109915176662,-0.3651728401924441,0.3399370749842179,3.7252290739724376,3.7252290739724376
5.82396,-0.056323390049866896,-0.3546378668413597,-0.29831447679149276,-3.712178592804456,3.712178592804456
6.66895,0.07797102319904943,-0.3321856252406931,-0.41015664843974253,-3.695783036898737,3.695783036898737
7.23295,1.155418779851531,-0.009231300586770567,-1.1646500804383015,-3.6858734617229767,3.6858734617229767
5.84396,-0.00216147220371727,-0.3554786417662137,-0.3533171695624964,-3.684029210436786,3.684029210436786
8.13594,-0.7400632946947078,-0.306677409820096,0.43338588487461177,3.680665748025266,3.680665748025266
5.65996,0.013601413882504527,-0.36087782483001685,-0.37447923871252137,-3.674909435618287,3.674909435618287
6.64595,0.14647156751912704,-0.30332254446996043,-0.4497941119890875,-3.663471932324265,3.663471932324265
7.29895,0.5692035786834319,-0.1429845630108898,-0.7121881416943217,-3.661290171494837,3.661290171494837
5.92496,0.5066815009682705,-0.23666011008260238,-0.7433416110508728,-3.655687712912034,3.655687712912034
8.07894,-0.8584441338939159,-0.2684568811779592,0.5899872527159568,3.643134480426019,3.643134480426019
5.92396,0.5770688219497451,-0.2247591632002964,-0.8018279851500415,-3.6384878600351462,3.6384878600351462
5.66696,-0.04490913034017294,-0.37092841351392714,-0.32601928317375417,-3.634957422802967,3.634957422802967
6.64795,0.09906945669272568,-0.3142653925356318,-0.4133348492283575,-3.629674573081165,3.629674573081165
5.83596,-0.08242088812886536,-0.35928774636359795,-0.27686685823473256,-3.613998384962977,3.613998384962977
8.13194,-0.7114765568037246,-0.3147319811702455,0.3967445756334791,3.605377062721148,3.605377062721148
8.69294,-0.9243841117358638,-0.3224601871944014,0.6019239245414624,3.603691036984573,3.603691036984573
5.92996,0.31111114482859104,-0.2664063677811438,-0.5775175126097348,-3.5942470619899134,3.5942470619899134
5.85996,0.12246887137243159,-0.31301359493054537,-0.43548246630297693,-3.587285376292672,3.587285376292672
6.21996,0.8543641896210821,-0.22586950208784595,-1.0802336917089281,-3.581481999666303,3.581481999666303
7.30795,0.9565910279793219,-0.12119603981308948,-1.0777870677924115,-3.5795192019987,3.5795192019987
6.45295,1.573782504190222,-0.1533102257672302,-1.727092729957452,-3.547990926493319,3.547990926493319
8.65894,-0.871941356729678,-0.315762436468779,0.556178920260899,3.5453542359644445,3.5453542359644445
6.45195,1.5647174387517189,-0.16114799245496428,-1.7258654312066832,-3.530212584505977,3.530212584505977
5.66596,-0.02080190253605694,-0.37706888944039996,-0.356266986904343,-3.5111844840974946,3.5111844840974946
8.90994,-0.8889410858759026,-0.3271292803454512,0.5618118055304514,3.5046134678947123,3.5046134678947123
8.46394,-0.8752481970852767,-0.29310194334614464,0.582146253739132,3.502319080828756,3.502319080828756
8.39794,0.6697234315874182,-0.3341556809455958,-1.003879112533014,-3.4944517981056147,3.4944517981056147
8.26994,-0.6335757928505787,-0.35626857783892385,0.2773072150116549,3.474114756492933,3.474114756492933
8.07794,-0.8091756271524317,-0.2722462813975348,0.5369293457548969,3.4736811280743507,3.4736811280743507
8.27194,-0.5875719353618925,-0.34951470833522535,0.2380572270266671,3.467673548794117,3.467673548794117
6.66595,0.07064754445986451,-0.3350180195284756,-0.4056655639883401,-3.45982456417201,3.45982456417201
6.69795,0.034491776051096205,-0.31851077997540717,-0.3530025560265034,-3.445709811337745,3.445709811337745
5.66796,-0.0638758361819551,-0.37979109178495163,-0.31591525560299655,-3.441051947672177,3.441051947672177
5.85896,0.08772912686647656,-0.3207384857546344,-0.4084676126211109,-3.429060036861982,3.429060036861982
5.81596,-0.08817366717425677,-0.3620954309521876,-0.2739217637779308,-3.4207144482396616,3.4207144482396616
5.92296,0.6332175205548609,-0.21688388707591813,-0.850101407630779,-3.4191752299273497,3.4191752299273497
8.07994,-0.8258717258929646,-0.2688690602199334,0.5570026656730312,3.4184366277983425,3.4184366277983425
8.27094,-0.6110390267994121,-0.3490397107157392,0.26199931608367294,3.4106182850230184,3.4106182850230184
5.85796,0.03888130756104541,-0.32311579996198314,-0.36199710752302855,-3.4095651205200554,3.4095651205200554
6.67895,0.08246972958947985,-0.33707077404219143,-0.4195405036316713,-3.407808061517453,3.407808061517453
5.92896,0.3513822173630201,-0.25906899064820066,-0.6104512080112208,-3.404753534192891,3.404753534192891
6.68595,0.07129800580181347,-0.34372729557104903,-0.41502530137286253,-3.3950111584687352,3.3950111584687352
8.85394,-0.8905264727365424,-0.31443789106293757,0.5760885816736048,3.3873629841452426,3.3873629841452426
8.27294,-0.6100004397123957,-0.3568914594533262,0.2531089802590695,3.3811355610441907,3.3811355610441907
6.64495,0.11943070892356948,-0.2985805132936534,-0.4180112222172229,-3.376683137187147,3.376683137187147
8.27794,-0.6650092032486158,-0.36173103894318026,0.3032781643054355,3.3739745831981436,3.3739745831981436
8.07394,-0.8085461341539966,-0.25844655511487274,0.5500995790391239,3.3696456776311554,3.3696456776311554
6.67295,0.0316596157466521,-0.3411994603707285,-0.3728590761173806,-3.369108149066674,3.369108149066674
6.21896,0.818989816134748,-0.2238235413402447,-1.0428133574749927,-3.3677535215991985,3.3677535215991985
5.66496,-0.03913128637048571,-0.37213427531052773,-0.333002988940042,-3.367538659469927,3.367538659469927
7.26095,0.5467423108507969,-0.14541784971282967,-0.6921601605636266,-3.3668557038448,3.3668557038448
5.93196,0.2568526358972521,-0.26470581163021084,-0.5215584475274629,-3.3661157488882476,3.3661157488882476
8.24694,-0.8125134577602029,-0.2772684053729041,0.5352450523872988,3.3564723836960524,3.3564723836960524
6.45395,1.5220932296484828,-0.1460156093230721,-1.6681088389715548,-3.3555849356848304,3.3555849356848304
8.07294,-0.8180056577018111,-0.25223325807488806,0.565772399626923,3.3486580844148137,3.3486580844148137
6.67995,0.012594749808212416,-0.33582213546401624,-0.34841688527222864,-3.345177176019566,3.345177176019566
6.64395,0.14417582692382583,-0.2946658610030002,-0.438841687926826,-3.3376214241136877,3.3376214241136877
8.90894,-0.8955073836509292,-0.31690440365437195,0.5786029799965573,3.3323965374620284,3.3323965374620284
5.66896,-0.1017997938661074,-0.37912790100347693,-0.27732810713736955,-3.329469546861464,3.329469546861464
6.06896,1.332794164073353,-0.15975400068826714,-1.49254816476162,-3.3260994756520224,3.3260994756520224
5.67196,-0.02220167497244912,-0.3731525782452054,-0.3509509032727563,-3.3196505455157794,3.3196505455157794
5.93096,0.26311819416902205,-0.27270062551907415,-0.5358188196880962,-3.3193199180885995,3.3193199180885995
6.66295,0.0466326418859368,-0.3293899561534756,-0.3760225980394124,-3.31825914034904,3.31825914034904
8.10594,-0.7551343616667194,-0.29929472108636446,0.455839640580355,3.312623937320522,3.312623937320522
6.06796,1.3200611617932472,-0.1644178070156169,-1.484478968808864,-3.304447492044175,3.304447492044175
6.07096,1.322201435184502,-0.1436576761812647,-1.4658591113657666,-3.271746298100013,3.271746298100013
5.92196,0.7226194631586793,-0.20744208776428297,-0.9300615509229623,-3.268768450622218,3.268768450622218
6.06996,1.3110696236912083,-0.14808162210888298,-1.4591512458000913,-3.2677040134675868,3.2677040134675868
8.16394,-0.6990346563878879,-0.270995970051094,0.42803868633679387,3.2612061911669383,3.2612061911669383
5.73196,-0.1826282176175933,-0.3756011215916226,-0.19297290397402933,-3.260243976413946,3.260243976413946
7.23195,1.1532202747470959,0.0142694530705502,-1.1389508216765456,-3.2577689911650136,3.2577689911650136
8.38594,-0.1220667049372017,-0.34740173578461847,-0.22533503084741677,-3.2553827760379597,3.2553827760379597
6.07596,1.3340251664345728,-0.13811489062637025,-1.472140057060943,-3.248769148636551,3.248769148636551
8.07694,-0.7772831454047777,-0.26477093318225353,0.5125122122225242,3.244943807288287,3.244943807288287
6.21796,0.8118329221720739,-0.22095466818725285,-1.0327875903593267,-3.2413590020429974,3.2413590020429974
5.86096,0.09930826243789662,-0.2991080377851452,-0.39841630022304186,-3.237029236192836,3.237029236192836
6.68795,0.054850906670474396,-0.33024715639887575,-0.3850980630693501,-3.2366161568085547,3.2366161568085547
8.90694,-0.9507330904472763,-0.29786555366635387,0.6528675367809225,3.229876501265406,3.229876501265406
5.84496,-0.009292990288151164,-0.3570927170650577,-0.3477997267769065,-3.228744742881829,3.228744742881829
6.07496,1.3051473851264257,-0.1408883775825733,-1.446035762708999,-3.215810875212909,3.215810875212909
6.07396,1.2972600561183412,-0.14885350704960001,-1.4461135631679412,-3.2073436164365186,3.2073436164365186
8.37094,-0.7311360961460053,-0.35653799356476024,0.37459810258124504,3.1969954669342124,3.1969954669342124
6.66495,0.030316269002270947,-0.3341949963111281,-0.36451126531339906,-3.1968287223977603,3.1968287223977603
6.07296,1.294536225774341,-0.1400742681227603,-1.4346104938971012,-3.194775162149311,3.194775162149311
8.07494,-0.7727647865555113,-0.26288618490846816,0.5098786016470431,3.194734211888976,3.194734211888976
8.10494,-0.7457622340154995,-0.292070087761062,0.45369214625443743,3.188345456330584,3.188345456330584
6.67795,0.08639534508911101,-0.3361204768029841,-0.42251582189209513,-3.1862734560990496,3.1862734560990496
6.64295,0.14720456801948248,-0.28348404907702784,-0.4306886170965103,-3.1832990867779682,3.1832990867779682
6.07196,1.293452038727136,-0.1419787402610289,-1.4354307789881648,-3.1824123381874054,3.1824123381874054
5.81496,-0.08650569257149428,-0.3521156003428741,-0.2656099077713798,-3.1730467696351807,3.1730467696351807
6.64195,0.1591108137045937,-0.28239549347857823,-0.44150630718317196,-3.1671355278373468,3.1671355278373468
6.07696,1.3118132134025995,-0.13699989382026534,-1.4488131072228647,-3.1646661183325033,3.1646661183325033
8.13394,-0.6828537086210484,-0.30293032960921795,0.3799233790118305,3.1637492800302867,3.1637492800302867
8.13294,-0.6795882452913853,-0.30343476212830417,0.3761534831630811,3.1624922438332637,3.1624922438332637
5.66996,-0.08087536105523224,-0.3749098593353769,-0.29403449828014466,-3.1554066015458786,3.1554066015458786
8.10794,-0.746983499100528,-0.30926717885757515,0.4377163202429528,3.1542391400656187,3.1542391400656187
6.21696,0.8208135089503483,-0.20922000059901003,-1.0300335095493582,-3.1499056778411867,3.1499056778411867
6.06196,1.2356469356913027,-0.15908562266648454,-1.3947325583577872,-3.135132008877132,3.135132008877132
6.06696,1.2321368645027841,-0.1485562812725676,-1.3806931457753517,-3.1323952304472016,3.1323952304472016
8.36994,-0.7143106278228464,-0.3454481443058418,0.36886248351700457,3.1027645087927467,3.1027645087927467
5.92096,0.7588512127540921,-0.17858433208312138,-0.9374355448372135,-3.094380313904276,3.094380313904276
6.06596,1.2165845449028185,-0.14849327579655883,-1.3650778206993774,-3.0938114370338705,3.0938114370338705
8.69194,-0.8804911374627914,-0.3193579998606668,0.5611331376021246,3.077813479872505,3.077813479872505
6.07796,1.2699474442440843,-0.14205479423567496,-1.4120022384797593,-3.0765987817644405,3.0765987817644405
8.90794,-0.917412479809379,-0.3183060946600883,0.5991063851492907,3.0734454691901543,3.0734454691901543
5.93296,0.223901976523651,-0.2642050432607731,-0.48810701978442406,-3.0689534726033805,3.0689534726033805
6.06496,1.1980207714751738,-0.15890231009936773,-1.3569230815745414,-3.061834960258562,3.061834960258562
6.06096,1.2107642126703875,-0.15573506841439608,-1.3664992810847836,-3.0601260485135144,3.0601260485135144
7.29795,0.5337209794636545,-0.14340022577859013,-0.6771212052422446,-3.0573621614312265,3.0573621614312265
6.06296,1.1924191089574316,-0.15666800309281673,-1.3490871120502483,-3.056278097968983,3.056278097968983
6.45495,1.4521408090017343,-0.13401098314704915,-1.5861517921487833,-3.050856611975842,3.050856611975842
6.67695,0.07176602517573756,-0.33274669769384213,-0.4045127228695797,-3.0493242542941963,3.0493242542941963
6.05996,1.2033872735289468,-0.15280743285934742,-1.3561947063882942,-3.0474683912689753,3.0474683912689753
6.07896,1.253924759176415,-0.14629906659515132,-1.4002238257715665,-3.0470647610852812,3.0470647610852812
8.46294,-0.8421358144997,-0.28077266420464897,0.561363150295051,3.0402644932756364,3.0402644932756364
6.68495,0.051210063301944206,-0.344815034786013,-0.3960250980879572,-3.038237579560562,3.038237579560562
7.26195,0.5529367836537155,-0.13325866201363487,-0.6861954456673504,-3.0319778754410907,3.0319778754410907
8.07594,-0.7480435386037176,-0.26275347733621857,0.4852900612674991,3.0216629587528727,3.0216629587528727
6.57395,0.2296767395380661,-0.2559329837445771,-0.48560972328264324,-3.021000412090742,3.021000412090742
6.21596,0.8050921244396132,-0.21165432712553237,-1.0167464515651456,-3.018687969443457,3.018687969443457
8.65994,-0.8663669259118885,-0.2931568599513647,0.5732100659605237,3.015809788297209,3.015809788297209
6.06396,1.1760647740217784,-0.16161338208944084,-1.3376781561112192,-3.0139927994512576,3.0139927994512576
5.66096,-0.04717623202335549,-0.3677923952040921,-0.32061616318073666,-3.0089927098233167,3.0089927098233167
7.30895,0.9571384051479896,-0.09111578416489548,-1.0482541893128852,-3.003685840311571,3.003685840311571
5.75696,-0.1509461957807509,-0.38100084322920147,-0.23005464744845056,-2.999869861743106,2.999869861743106
6.21496,0.8217011233263061,-0.20545204493858987,-1.027153168264896,-2.9989037946043102,2.9989037946043102
6.08596,1.2122762785727865,-0.14863836534415156,-1.3609146439169382,-2.9929070449574953,2.9929070449574953
6.08496,1.2189571272088529,-0.14866452499419094,-1.3676216522030438,-2.99198694045419,2.99198694045419
8.37594,-0.632056543803896,-0.3497329323870339,0.2823236114168621,2.9891153280916574,2.9891153280916574
6.07996,1.2212447434117668,-0.14510839829901345,-1.3663531417107802,-2.985647193861789,2.985647193861789
8.16494,-0.6888854521834746,-0.26107719666700996,0.4278082555164647,2.9820750691599187,2.9820750691599187
6.45595,1.4514304804449685,-0.14376369412263665,-1.595194174567605,-2.980658034439448,2.980658034439448
5.86196,0.11585323619252169,-0.29122630754681833,-0.40707954373934,-2.9803089810656402,2.9803089810656402
8.07194,-0.7668575990357724,-0.25061361266450244,0.51624398637127,2.9781372313816235,2.9781372313816235
6.08096,1.215278920215375,-0.14891895008193712,-1.3641978702973123,-2.9664303947634094,2.9664303947634094
6.21396,0.8420877799918589,-0.19470670512826974,-1.0367944851201287,-2.9558671816972852,2.9558671816972852
6.56395,0.28717014641411115,-0.2728903380753094,-0.5600604844894206,-2.951880540543401,2.951880540543401
8.24494,-0.8291864123344828,-0.24849233723085146,0.5806940751036314,2.9515148814880687,2.9515148814880687
8.24594,-0.8052238523728426,-0.2578252308373562,0.5473986215354864,2.9427416593939175,2.9427416593939175
6.57295,0.2203563063282765,-0.26622408393220826,-0.4865803902604847,-2.93835142980579,2.93835142980579
8.10694,-0.7518063703857609,-0.30148636985224936,0.45032000053351157,2.935593367740351,2.935593367740351
6.57195,0.21826875969029036,-0.2641522504509087,-0.48242101014119904,-2.9315867142129304,2.9315867142129304
6.56995,0.2350682652341288,-0.27440241335106075,-0.5094706785851896,-2.9223993199897076,2.9223993199897076
6.64095,0.16718548913882292,-0.2705774170926201,-0.43776290623144304,-2.917725887830368,2.917725887830368
8.06894,-0.8264420824445158,-0.22724830453886222,0.5991937779056535,2.916013637674873,2.916013637674873
6.11596,0.7457270455671131,-0.19636924128944167,-0.9420962868565548,-2.9104043197037552,2.9104043197037552
5.93396,0.19604931047617966,-0.2641658522703596,-0.4602151627465393,-2.9079583633940507,2.9079583633940507
6.68295,0.032111948207220777,-0.3305034286222673,-0.3626153768294881,-2.907703451478093,2.907703451478093
6.57595,0.2640379920246675,-0.26128258980302826,-0.5253205818276958,-2.9056416405379966,2.9056416405379966
6.08396,1.1915996555880466,-0.15639002100082636,-1.347989676588873,-2.897154819332335,2.897154819332335
7.23095,1.1722002337550985,0.03924985956004972,-1.1329503741950488,-2.8955333468058204,2.8955333468058204
8.10394,-0.7490262014838459,-0.28507930573319534,0.46394689575065057,2.8888363937185453,2.8888363937185453
6.05896,1.1296676023565828,-0.15612532389943848,-1.2857929262560213,-2.8799389393841004,2.8799389393841004
6.09096,1.120493725392074,-0.15181371141092684,-1.2723074368030007,-2.8784634560249214,2.8784634560249214
6.08196,1.1731726029024312,-0.15488664537446895,-1.3280592482769,-2.8781559009308992,2.8781559009308992
6.67395,0.017592189072634934,-0.340803630911081,-0.35839581998371595,-2.875537605282436,2.875537605282436
6.68895,0.03495781136919669,-0.3379788376447134,-0.3729366490139101,-2.875476988927429,2.875476988927429
6.11496,0.753342372030283,-0.1924673535975218,-0.9458097256278047,-2.873621951060162,2.873621951060162
6.08296,1.168138831315111,-0.1610738761208405,-1.3292127074359517,-2.8733065655837806,2.8733065655837806
8.08094,-0.8023056349716571,-0.25175134349628936,0.5505542914753677,2.8722594743236067,2.8722594743236067
5.83396,-0.1065929969230308,-0.3458645020477158,-0.23927150512468498,-2.869321140708482,2.869321140708482
8.10294,-0.7893988158482466,-0.2733635058524243,0.5160353099958223,2.860753202344736,2.860753202344736
6.63995,0.18335152815206068,-0.25391303059721626,-0.43726455874927694,-2.8582044755209948,2.8582044755209948
5.82496,-0.04828564333481423,-0.3505773518301402,-0.302291708495326,-2.855692045790984,2.855692045790984
6.09596,1.0519089793714365,-0.16848269436943492,-1.2203916737408713,-2.852814545823225,2.852814545823225
8.90594,-0.9281351724980489,-0.2826489793955073,0.6454861931025415,2.841938050417274,2.841938050417274
6.69895,0.023366750556796635,-0.32318958296586997,-0.3465563335226666,-2.838004926191951,2.838004926191951
6.05496,1.1147277496875314,-0.14992099962443076,-1.2646487493119623,-2.8353143588684198,2.8353143588684198
6.45695,1.3810779975974445,-0.1397711260610018,-1.5208491236584463,-2.833900416833617,2.833900416833617
6.57695,0.2715464408890013,-0.25192917857025776,-0.5234756194592591,-2.8276310471413844,2.8276310471413844
5.93496,0.17996814762505572,-0.25780259963096286,-0.4377707472560186,-2.827151798790756,2.827151798790756
5.89696,0.5569100824239699,-0.21059519001320012,-0.76750527243717,-2.8089121937141726,2.8089121937141726
6.09196,1.1005941805123394,-0.15454377952003995,-1.2551379600323793,-2.8028676259735477,2.8028676259735477
6.11396,0.7444593695547219,-0.19607118534655074,-0.9405305549012727,-2.801826290059886,2.801826290059886
6.08996,1.0941545565970188,-0.15722690646020132,-1.25138146305722,-2.79993251530925,2.79993251530925
6.11696,0.6965105362513634,-0.1951219292295099,-0.8916324654808733,-2.7990031934721564,2.7990031934721564
6.56795,0.21143503877013675,-0.2681284039125239,-0.47956344268266066,-2.796753218166815,2.796753218166815
6.09696,1.0041804768102502,-0.16950822074269295,-1.1736886975529432,-2.7944702754812183,2.7944702754812183
6.56595,0.2488909298444617,-0.27365628634084116,-0.5225472161853029,-2.79231778623361,2.79231778623361
6.56495,0.24674249405132123,-0.27087218013363673,-0.517614674184958,-2.7839599639306036,2.7839599639306036
6.08896,1.1065904111928588,-0.15633523707640515,-1.262925648269264,-2.782462607352103,2.782462607352103
6.08696,1.1111719047959188,-0.1504084232045755,-1.2615803280004942,-2.776338889008318,2.776338889008318
6.56295,0.2657388116917954,-0.27405874002291686,-0.5397975517147122,-2.773650829593765,2.773650829593765
6.56895,0.21412174519631058,-0.27592917320878113,-0.49005091840509174,-2.765799292065783,2.765799292065783
6.68395,0.0519372938047511,-0.33311489528885524,-0.38505218909360633,-2.7618040613301735,2.7618040613301735
8.07094,-0.7341173849657935,-0.24843357709462058,0.48568380787117293,2.761177273940753,2.761177273940753
6.05696,1.1092467758831288,-0.17083134546095005,-1.2800781213440788,-2.7585508629189994,2.7585508629189994
6.45795,1.3284415704924417,-0.13843829560804133,-1.466879866100483,-2.7583441040066226,2.7583441040066226
6.05796,1.09642435573191,-0.15820790654049327,-1.2546322622724033,-2.754072076669819,2.754072076669819
5.89596,0.5228306783481358,-0.21757159894850175,-0.7404022772966375,-2.7534920277565,2.7534920277565
5.68896,-0.11661461517458395,-0.38319496362171396,-0.26658034844713,-2.7530966101756533,2.7530966101756533
8.39894,0.5118458350222836,-0.3420519038112263,-0.85389773883351,-2.7527267922004897,2.7527267922004897
6.09796,0.9703601730310029,-0.176933739954025,-1.147293912985028,-2.7498142647704915,2.7498142647704915
6.05396,1.0933675793470958,-0.15560005016277587,-1.2489676295098717,-2.7497348637233787,2.7497348637233787
6.69695,0.019151145316639112,-0.32644935034855815,-0.34560049566519724,-2.746804207933092,2.746804207933092
6.05596,1.0818567496698686,-0.15773933681091903,-1.2395960864807876,-2.7459396181972986,2.7459396181972986
6.57495,0.22031979047186895,-0.26586995223417786,-0.4861897427060468,-2.7430703849693248,2.7430703849693248
8.10194,-0.7955979693971561,-0.2627984173419323,0.5327995520552238,2.7412611748656595,2.7412611748656595
6.57095,0.20205442096840973,-0.2690975326411567,-0.4711519536095664,-2.7400562991354898,2.7400562991354898
6.67495,0.0460395620191126,-0.33240722832698244,-0.378446790346095,-2.731273671321656,2.731273671321656
6.12196,0.6545800721811085,-0.1927940237327423,-0.8473740959138507,-2.724478748643719,2.724478748643719
6.12096,0.6508385352257733,-0.19461639129119992,-0.8454549265169732,-2.724332084002733,2.724332084002733
6.11996,0.650764633429775,-0.18357261625400412,-0.8343372496837791,-2.7242263470113843,2.7242263470113843
8.08194,-0.8074646596261081,-0.23855595834102075,0.5689087012850874,2.7227203445657007,2.7227203445657007
6.09896,0.9405476965643225,-0.18298641455939532,-1.1235341111237178,-2.718510335235978,2.718510335235978
5.81396,-0.08607347073509408,-0.3621815890216008,-0.2761081182865067,-2.7139283537453593,2.7139283537453593
7.26295,0.5506021234204583,-0.13163005186671475,-0.6822321752871731,-2.71391696355022,2.71391696355022
6.11296,0.7285197568395954,-0.1875868114027378,-0.9161065682423332,-2.7133407072338342,2.7133407072338342
6.10696,0.812396571667158,-0.1784828639441755,-0.9908794356113335,-2.706113345622719,2.706113345622719
6.56695,0.21826442029978851,-0.2730490854026537,-0.49131350570244225,-2.701998430577423,2.701998430577423
6.09296,1.0341933206917902,-0.1542520752401969,-1.188445395931987,-2.700692439540378,2.700692439540378
6.10796,0.7953863842910245,-0.1845590402059587,-0.9799454244969832,-2.6999310131206875,2.6999310131206875
6.21296,0.7619994204413361,-0.18871817851027384,-0.9507175989516099,-2.699692594619363,2.699692594619363
5.71696,-0.14643927493508566,-0.3756944934846234,-0.22925521854953776,-2.6952298588262273,2.6952298588262273
5.70696,-0.1652026196826416,-0.37571248476939334,-0.21050986508675174,-2.6886814370570096,2.6886814370570096
6.46195,1.2799484363243299,-0.12180715859775113,-1.401755594922081,-2.6875287476403713,2.6875287476403713
6.08796,1.0670625641500222,-0.156081937556117,-1.2231445017061393,-2.686356294304249,2.686356294304249
6.10396,0.8552232663878776,-0.18160787407426188,-1.0368311404621395,-2.684724568990337,2.684724568990337
6.11196,0.7314835398200232,-0.19134207767053396,-0.9228256174905571,-2.6842693169953744,2.6842693169953744
6.09396,1.004347623367634,-0.16090229805140155,-1.1652499214190355,-2.6806943751537693,2.6806943751537693
6.09996,0.9060830872171408,-0.18335596241626448,-1.0894390496334052,-2.678855059141558,2.678855059141558
5.83296,-0.11285916719564416,-0.35635338492955493,-0.24349421773391078,-2.6779817598456304,2.6779817598456304
6.46095,1.3021199957690355,-0.12094673693064606,-1.4230667326996815,-2.675785889480774,2.675785889480774
6.45895,1.2905376136157987,-0.12849362343570403,-1.4190312370515028,-2.6740595583709754,2.6740595583709754
6.10896,0.768390878399539,-0.18915947130436356,-0.9575503497039026,-2.671697149325193,2.671697149325193
8.85494,-0.8601174336592742,-0.2999836086220686,0.5601338250372057,2.671451514686949,2.671451514686949
6.69995,0.008092695078223279,-0.3289297427332434,-0.3370224378114667,-2.6675195203925237,2.6675195203925237
6.56195,0.2495592694736523,-0.272479947373266,-0.5220392168469183,-2.667413550273321,2.667413550273321
5.80596,-0.1503427544424509,-0.37571480971467214,-0.22537205527222123,-2.6658725717044924,2.6658725717044924
6.68095,0.018324630928035712,-0.33103225930055025,-0.34935689022858596,-2.6621205898483637,2.6621205898483637
5.67096,-0.08063676243125532,-0.37126572141681,-0.2906289589855547,-2.661103055217205,2.661103055217205
5.91996,0.7520047646659533,-0.1512994745764532,-0.9033042392424065,-2.6580727384063807,2.6580727384063807
6.09496,0.9790589941588781,-0.16309469117063882,-1.1421536853295169,-2.6522786245253287,2.6522786245253287
6.05196,1.081422849884388,-0.14987216416388335,-1.2312950140482715,-2.6420131331487298,2.6420131331487298
6.11796,0.6336052320934635,-0.18010735745894554,-0.8137125895524091,-2.6389049511192555,2.6389049511192555
5.93596,0.16528207441653991,-0.25737231671010086,-0.42265439112664077,-2.6378389254076766,2.6378389254076766
7.22995,1.2126424563777272,0.06831792158002153,-1.1443245347977056,-2.6378177313729205,2.6378177313729205
6.10996,0.7437815805924828,-0.19802372009730157,-0.9418053006897844,-2.6356147005752897,2.6356147005752897
6.11896,0.6256338066414362,-0.17902905367387204,-0.8046628603153082,-2.6284280896015235,2.6284280896015235
8.06994,-0.7517028162762738,-0.2356094329512827,0.5160933833249911,2.6271948071837583,2.6271948071837583
5.69396,-0.14438202005594425,-0.37208869318008314,-0.2277066731241389,-2.626445805894948,2.626445805894948
6.11096,0.7250704192991193,-0.20262071919889768,-0.927691138498017,-2.6243047718204817,2.6243047718204817
5.89796,0.5414028390234498,-0.2062080330391325,-0.7476108720625823,-2.6196879041422823,2.6196879041422823
6.66395,-0.0001572933907764973,-0.334134012998337,-0.3339767196075605,-2.6156721565835395,2.6156721565835395
6.05296,1.04375733889629,-0.151130021160098,-1.1948873600563878,-2.6153811790335344,2.6153811790335344
8.66094,-0.9009658719695531,-0.2699684545127342,0.6309974174568189,2.614570189663774,2.614570189663774
8.68994,-0.878043858022761,-0.28892562219618106,0.5891182358265799,2.6125445165726444,2.6125445165726444
6.20996,0.7933122203004652,-0.18785384305725547,-0.9811660633577207,-2.6123608463975034,2.6123608463975034
6.69395,0.056036139464380685,-0.3355032458313234,-0.3915393852957041,-2.608925583651743,2.608925583651743
6.10096,0.8628722989095494,-0.17529703187988216,-1.0381693307894315,-2.608059196316402,2.608059196316402
6.05096,1.0423793356425477,-0.13673537108076017,-1.1791147067233079,-2.606700213363088,2.606700213363088
6.46695,1.2003734714098702,-0.12516811677519768,-1.3255415881850678,-2.603330638797875,2.603330638797875
6.46295,1.2369112454103581,-0.12742956113945403,-1.3643408065498122,-2.599597635973906,2.599597635973906
6.10496,0.8118173902204977,-0.18039186471702784,-0.9922092549375255,-2.599107516760191,2.599107516760191
6.10296,0.8323192717983627,-0.18279626911491254,-1.0151155409132753,-2.597082010873488,2.597082010873488
8.69094,-0.8273726980926628,-0.3060170448586698,0.5213556532339929,2.5970442932782563,2.5970442932782563
6.68195,0.007708033559712377,-0.3306394711090312,-0.3383475046687436,-2.592616735606018,2.592616735606018
6.21196,0.7421113558374002,-0.1855921428439914,-0.9277034986813916,-2.5925293912970298,2.5925293912970298
6.45995,1.2733317824613288,-0.1252465109379562,-1.398578293399285,-2.5905725017999686,2.5905725017999686
5.80996,-0.08165693558752694,-0.3638459496470778,-0.2821890140595508,-2.585515784630959,2.585515784630959
6.04896,1.0520334304085492,-0.13185799335703222,-1.1838914237655815,-2.5778458970028324,2.5778458970028324
5.86296,0.10440682551326982,-0.29300819729171024,-0.3974150228049801,-2.5694804427385995,2.5694804427385995
6.04996,1.0205001780667626,-0.1273632454850807,-1.1478634235518435,-2.567077132951355,2.567077132951355
6.56095,0.2436272962993185,-0.2736199612255665,-0.517247257524885,-2.560087397051051,2.560087397051051
6.46595,1.1933454018690866,-0.12376193339255313,-1.3171073352616396,-2.5576629044809507,2.5576629044809507
8.24394,-0.7986553336118987,-0.23079911800260255,0.5678562156092961,2.552718349602819,2.552718349602819
5.80896,-0.13080716062013237,-0.3611283727222885,-0.23032121210215611,-2.543497028887391,2.543497028887391
6.46495,1.201269547719173,-0.12167817704829492,-1.322947724767468,-2.5407722808344375,2.5407722808344375
6.10596,0.7661977329891763,-0.17835215198678486,-0.9445498849759612,-2.536416202198241,2.536416202198241
6.10196,0.8238062644746955,-0.18626701115836677,-1.0100732756330624,-2.5355096310002825,2.5355096310002825
5.81796,-0.11361090690158006,-0.37906776684207655,-0.2654568599404965,-2.5340417152514405,2.5340417152514405
6.04796,1.041342933213427,-0.1299929410798914,-1.1713358742933184,-2.5325444147916496,2.5325444147916496
5.75296,-0.17487650243897807,-0.38533767394479895,-0.2104611715058209,-2.530138945778828,2.530138945778828
8.37794,-0.5754511509649001,-0.32945858233803416,0.24599256862686592,2.5293428366512867,2.5293428366512867
5.80796,-0.19423542356362472,-0.36223259281224096,-0.16799716924861624,-2.5234413944362117,2.5234413944362117
6.46395,1.2050886575652262,-0.11824814439555172,-1.3233368019607779,-2.523304563830982,2.523304563830982
6.12296,0.5974036821953503,-0.18068106871972078,-0.7780847509150711,-2.517784383877666,2.517784383877666
8.46194,-0.8029472391517327,-0.2756406751236127,0.52730656402812,2.517554927815494,2.517554927815494
6.57795,0.26780372447123124,-0.2406335387531435,-0.5084372632243748,-2.517489114716124,2.517489114716124
8.08294,-0.7912097763556382,-0.23208013862500387,0.5591296377306343,2.509784694399134,2.509784694399134
5.68696,-0.20272388344778508,-0.3753604258144112,-0.17263654236662612,-2.5031061094636096,2.5031061094636096
6.20896,0.7714386197234477,-0.18709308009298165,-0.9585316998164294,-2.502119535503455,2.502119535503455
6.21096,0.7487689329668994,-0.18874905887874974,-0.9375179918456491,-2.50123056940007,2.50123056940007
6.69295,0.019895505489784873,-0.3377527432716273,-0.35764824876141216,-2.488968404910081,2.488968404910081
6.20696,0.8185222337418601,-0.16325453224490585,-0.9817767659867659,-2.4856006523575025,2.4856006523575025
6.46795,1.1230745219850924,-0.126367436286113,-1.2494419582712053,-2.483445686108198,2.483445686108198
5.81696,-0.1353940266127905,-0.3680113712597141,-0.2326173446469236,-2.4813757116833908,2.4813757116833908
7.29595,0.45383044121888444,-0.1350265695396603,-0.5888570107585447,-2.4789890344478955,2.4789890344478955
6.20796,0.7858564858423382,-0.1764910596450163,-0.9623475454873546,-2.4761084385515804,2.4761084385515804
5.80696,-0.19937894202330414,-0.36018158100367803,-0.1608026389803739,-2.474700751425704,2.474700751425704
6.04696,1.0296250916471674,-0.13022832173617419,-1.1598534133833416,-2.472227033626335,2.472227033626335
8.16694,-0.719422788972721,-0.2544727343601576,0.46495005461256345,2.4669295152841504,2.4669295152841504
5.71896,-0.19852278281055785,-0.374257829890923,-0.17573504708036514,-2.463992898631697,2.463992898631697
8.06794,-0.8261283158961465,-0.19774194833458225,0.6283863675615643,2.4638111591843654,2.4638111591843654
6.67595,0.07897624827186829,-0.3331798802202357,-0.412156128492104,-2.456434352447988,2.456434352447988
6.12396,0.5804317893520609,-0.17328214967518824,-0.7537139390272491,-2.455649486374392,2.455649486374392
7.30995,0.9534382591484885,-0.05885177867201165,-1.0122900378205002,-2.454811920570502,2.454811920570502
6.63895,0.18252590640445138,-0.2512056176258257,-0.4337315240302771,-2.454724436553481,2.454724436553481
7.29695,0.452720780686227,-0.1392524605765294,-0.5919732412627564,-2.446761527092427,2.446761527092427
5.81096,-0.12862981365209233,-0.3619696675850451,-0.23333985393295278,-2.445110471186074,2.445110471186074
8.09994,-0.8025980496225843,-0.23772666233904077,0.5648713872835436,2.444851059452282,2.444851059452282
8.10094,-0.7713440145603842,-0.24955063790380683,0.5217933766565773,2.4400889771174397,2.4400889771174397
5.89896,0.5254365014322034,-0.20280232157588804,-0.7282388230080915,-2.435767272816128,2.435767272816128
8.68894,-0.8639610154866897,-0.2695901913383633,0.5943708241483263,2.421317716891627,2.421317716891627
8.08394,-0.7768654237208441,-0.234414206590684,0.5424512171301601,2.420109150102282,2.420109150102282
5.69196,-0.18870208828538054,-0.36937779593810693,-0.1806757076527264,-2.420072298902372,2.420072298902372
6.55995,0.24642747759312195,-0.26893425431903795,-0.51536173191216,-2.4155138689979165,2.4155138689979165
6.46995,1.0912211282296271,-0.12409079856834548,-1.2153119267979726,-2.4108513620027834,2.4108513620027834
7.22895,1.2465028348516825,0.09512420347564193,-1.1513786313760406,-2.4059357422479564,2.4059357422479564
8.21994,-0.8221697601903866,-0.1429302820503583,0.6792394781400283,2.3972564851139495,2.3972564851139495
8.43694,-0.8486717339435219,-0.23965527071034265,0.6090164632331793,2.3910811444966122,2.3910811444966122
6.55795,0.2610513180571686,-0.267220208508883,-0.5282715265660516,-2.385742625118636,2.385742625118636
5.81196,-0.09501672062651625,-0.36956203599786047,-0.2745453153713442,-2.3828073434503048,2.3828073434503048
8.87994,-0.9154984849353518,-0.2568821670299281,0.6586163179054236,2.381598278923128,2.381598278923128
5.89996,0.5877516744856877,-0.1976884729845417,-0.7854401474702294,-2.3793352173059916,2.3793352173059916
5.89496,0.44415034072967674,-0.21320935165682228,-0.657359692386499,-2.37741885012484,2.37741885012484
8.37694,-0.5763101881664866,-0.33454333179442275,0.24176685637206385,2.375879110547093,2.375879110547093
8.16794,-0.7283370408081014,-0.24318607596943279,0.4851509648386686,2.3733804668454535,2.3733804668454535
8.43594,-0.8341524949916461,-0.23832465054802585,0.5958278444436202,2.367117712554467,2.367117712554467
6.20596,0.8102727127042797,-0.1589000831641857,-0.9691727958684654,-2.3662088545893556,2.3662088545893556
5.71496,-0.17755930044150964,-0.37676272617135204,-0.1992034257298424,-2.365595904763954,2.365595904763954
5.68796,-0.16484474128938303,-0.3701340724952843,-0.20528933120590126,-2.3571432637492116,2.3571432637492116
6.69195,0.062226682725488064,-0.3356154097194381,-0.3978420924449262,-2.355514029624672,2.355514029624672
6.47095,1.0638944546418436,-0.11225149759688498,-1.1761459522387285,-2.3547488378461985,2.3547488378461985
5.72896,-0.19840059268261545,-0.38166760696296775,-0.1832670142803523,-2.354277709444208,2.354277709444208
8.87794,-0.9296657976484732,-0.24230237786240597,0.6873634197860673,2.352815910741293,2.352815910741293
6.55195,0.3382256393502743,-0.24182819832272553,-0.5800538376729998,-2.3494639492167932,2.3494639492167932
6.46895,1.0728722716156591,-0.1297524590261657,-1.2026247306418247,-2.3466432473010284,2.3466432473010284
8.22094,-0.8037786022163449,-0.14477224145325232,0.6590063607630926,2.346251277875413,2.346251277875413
6.55895,0.2405261120708637,-0.27393856340208916,-0.5144646754729528,-2.3441644367863335,2.3441644367863335
7.65994,-0.791582109938517,0.314168563654039,1.105750673592556,2.3399305062979607,2.3399305062979607
8.24294,-0.8075171230011431,-0.21118587403889386,0.5963312489622492,2.336960762596343,2.336960762596343
6.04596,0.9906710149709985,-0.12778533090730188,-1.1184563458783003,-2.3347933558569918,2.3347933558569918
5.71996,-0.17312716212581103,-0.37479778237265277,-0.20167062024684174,-2.3318663005355713,2.3318663005355713
5.72396,-0.2173343386285455,-0.37224103476088377,-0.15490669613233826,-2.3198708390361538,2.3198708390361538
7.66094,-0.771801011171786,0.2950641382375287,1.0668651494093147,2.3167921736955415,2.3167921736955415
5.91896,0.7607610754956573,-0.13145272384745357,-0.8922137993431108,-2.3159849192541673,2.3159849192541673
8.16594,-0.6492951805005511,-0.2552534971967516,0.3940416833037995,2.315822403694844,2.315822403694844
8.90494,-0.8628671929362979,-0.27005074168288534,0.5928164512534125,2.311501192531354,2.311501192531354
7.26395,0.5495257500688444,-0.12934835569033037,-0.6788741057591747,-2.311195897998569,2.311195897998569
8.87894,-0.8988019578836595,-0.24757041022580337,0.6512315476578561,2.3028711091781555,2.3028711091781555
8.08494,-0.7873559451432591,-0.2243676296224518,0.5629883155208073,2.3006009764410935,2.3006009764410935
8.21894,-0.8259484253099726,-0.13615365412093494,0.6897947711890376,2.3004214884513976,2.3004214884513976
6.12596,0.5755379313992395,-0.14277344122830218,-0.7183113726275416,-2.2984303207885635,2.2984303207885635
8.22194,-0.8239967905602099,-0.14264222645406516,0.6813545641061447,2.297176181047629,2.297176181047629
6.47395,1.0884157541558297,-0.11286220573609834,-1.201277959891928,-2.296944913390656,2.296944913390656
5.72796,-0.204943715209705,-0.38647840956541496,-0.18153469435570996,-2.2955798506078455,2.2955798506078455
5.67396,-0.14639816943761721,-0.3678219391762376,-0.2214237697386204,-2.2897887653554667,2.2897887653554667
5.93696,0.16657731971104908,-0.2594397924158141,-0.4260171121268632,-2.289606755820958,2.289606755820958
5.70796,-0.2023685313182486,-0.37512462159739823,-0.17275609027914962,-2.2895752854707667,2.2895752854707667
6.12496,0.5414984034719269,-0.15839586727106758,-0.6998942707429945,-2.286759621008756,2.286759621008756
6.55095,0.342237200536211,-0.23876372403532414,-0.5810009245715351,-2.2840945144013105,2.2840945144013105
6.47295,1.0496984998201495,-0.1161834629443814,-1.165881962764531,-2.279350342995024,2.279350342995024
5.72196,-0.11575748384747692,-0.3765174508025581,-0.2607599669550812,-2.275570097497874,2.275570097497874
6.70095,0.016713167913827015,-0.32679273725966457,-0.34350590517349155,-2.275474242793485,2.275474242793485
5.69496,-0.15541941780883267,-0.37780811772600853,-0.22238869991717586,-2.268614304858481,2.268614304858481
5.75796,-0.20133558131935408,-0.38002272533648085,-0.17868714401712676,-2.2655441403147507,2.2655441403147507
5.93896,0.13023033423434288,-0.2420353546136646,-0.3722656888480075,-2.2639568029328934,2.2639568029328934
6.55595,0.26588730090991375,-0.2662747199037669,-0.5321620208136806,-2.2607849656437033,2.2607849656437033
5.86396,0.10027359277433182,-0.2902111701373724,-0.3904847629117042,-2.260424433179531,2.260424433179531
7.66294,-0.7525583685539222,0.26700923827479506,1.0195676068287174,2.2573539850035305,2.2573539850035305
8.85594,-0.842577713648812,-0.2793661219695694,0.5632115916792426,2.2532271484793553,2.2532271484793553
5.67296,-0.12287170821023304,-0.38238021125072946,-0.25950850304049644,-2.2486406425283207,2.2486406425283207
6.47495,1.079891234439202,-0.10503351322270706,-1.1849247476619091,-2.2480039208416907,2.2480039208416907
6.68995,0.029561514892023882,-0.3381521697629587,-0.36771368465498255,-2.2414167549250097,2.2414167549250097
8.43794,-0.8516497350762835,-0.22601488848996906,0.6256348465863144,2.2364915380598993,2.2364915380598993
5.90096,0.556979646102251,-0.1822604336186374,-0.7392400797208885,-2.2351863372477285,2.2351863372477285
8.46094,-0.8101288928160917,-0.26212626076061685,0.5480026320554748,2.2348912805002494,2.2348912805002494
6.20496,0.77119197395359,-0.16518407805386406,-0.936376052007454,-2.2322773080483804,2.2322773080483804
8.09894,-0.7766225034122389,-0.2309290911421343,0.5456934122701046,2.2305776528220473,2.2305776528220473
5.69296,-0.1720587264066094,-0.3716282498395731,-0.1995695234329637,-2.2267851022610525,2.2267851022610525
5.89296,0.44203641637641444,-0.2210792894688296,-0.663115705845244,-2.226175515263603,2.226175515263603
6.55695,0.2509456663219295,-0.26573922384361454,-0.5166848901655441,-2.222942120792298,2.222942120792298
8.87694,-0.9342342788528315,-0.23387810226044514,0.7003561765923864,2.222249434526116,2.222249434526116
8.66194,-0.9013503859338041,-0.24378893970929974,0.6575614462245044,2.2120358210417903,2.2120358210417903
5.73496,-0.1829687522202863,-0.37720478636015087,-0.19423603413986457,-2.2093044547604115,2.2093044547604115
7.66194,-0.7258874106328597,0.281253915247617,1.0071413258804767,2.2084892189348992,2.2084892189348992
5.68096,-0.09005185599628815,-0.38451180030081716,-0.29445994430452904,-2.2081831094835898,2.2081831094835898
6.47195,1.000366977348352,-0.10411187838287343,-1.1044788557312253,-2.2080885009897684,2.2080885009897684
8.85694,-0.9026436733347283,-0.2538008949691314,0.6488427783655969,2.2077584605027147,2.2077584605027147
6.47595,1.0736676333570903,-0.10666597650327968,-1.1803336098603698,-2.2031601527814137,2.2031601527814137
6.20396,0.7707022786100182,-0.15199814893438393,-0.9227004275444021,-2.2030354952896056,2.2030354952896056
8.39994,0.4126479540897302,-0.3477000461116787,-0.7603480002014089,-2.2002196305638195,2.2002196305638195
6.15496,0.6664793784348657,-0.11641119758605445,-0.7828905760209202,-2.1931272648447333,2.1931272648447333
6.15596,0.6781251620241757,-0.10845997575197135,-0.786585137776147,-2.1884673641800862,2.1884673641800862
7.65894,-0.724158435369125,0.33906899009399344,1.0632274254631184,2.1865116145901564,2.1865116145901564
5.90296,0.689907775248879,-0.15948577244796747,-0.8493935476968465,-2.184927517119056,2.184927517119056
8.37894,-0.5347102529219772,-0.3380011373587936,0.19670911556318355,2.1825332264538693,2.1825332264538693
7.54295,-0.6502670057726939,0.48799078047245054,1.1382577862451444,2.1810873617584683,2.1810873617584683
6.54995,0.3447107293765174,-0.2456740353968847,-0.5903847647734022,-2.179520941730825,2.179520941730825
6.20296,0.7769843569755254,-0.14136182871976563,-0.918346185695291,-2.178165178011655,2.178165178011655
8.43494,-0.7674688288180096,-0.23387972250015399,0.5335891063178556,2.1759794220856974,2.1759794220856974
6.47695,1.088906316189518,-0.10994430882435204,-1.1988506250138702,-2.1749722321490976,2.1749722321490976
8.90294,-0.9499859197945592,-0.2286641638630852,0.721321755931474,2.164574954684097,2.164574954684097
5.80496,-0.2003346542787207,-0.3709152799671548,-0.1705806256884341,-2.1644386786952046,2.1644386786952046
8.90394,-0.8920209472794622,-0.25331696977714135,0.6387039775023209,2.1637064909598265,2.1637064909598265
7.54395,-0.631231433079847,0.46884562326640733,1.1000770563462543,2.1601475056474517,2.1601475056474517
6.04496,0.935153351497536,-0.13329103797279926,-1.0684443894703353,-2.157343455387931,2.157343455387931
7.66394,-0.6989606852293111,0.25204049661515193,0.951001181844463,2.1550122143262,2.1550122143262
5.72296,-0.18791415411512322,-0.37112335399692714,-0.18320919988180392,-2.1503374931248613,2.1503374931248613
5.89396,0.41605331637800674,-0.21559566199331892,-0.6316489783713257,-2.1478860738749725,2.1478860738749725
5.86496,0.11711873919200871,-0.2763040793386819,-0.3934228185306906,-2.1475108278075075,2.1475108278075075
8.88094,-0.8645387148187991,-0.25951247259565247,0.6050262422231466,2.1455919203802485,2.1455919203802485
5.75196,-0.17236631130919336,-0.3820113598538225,-0.20964504854462915,-2.139734345247959,2.139734345247959
6.57895,0.21053408723982336,-0.23319585688662794,-0.4437299441264513,-2.13552854380607,2.13552854380607
8.22294,-0.8402031385305961,-0.13611567081217527,0.7040874677184209,2.1349609628282615,2.1349609628282615
7.65494,-0.8030238572943481,0.5307832557584636,1.3338071130528117,2.1347977690315894,2.1347977690315894
8.68794,-0.858223554837821,-0.2580518378714377,0.6001717169663833,2.130690129177008,2.130690129177008
8.16894,-0.7057564050975312,-0.23143452800280745,0.4743218770947238,2.1305327211094487,2.1305327211094487
8.06694,-0.8108237727557761,-0.16788578644367289,0.6429379863121032,2.1264446399419468,2.1264446399419468
6.70695,-0.04865990634245826,-0.308860611652587,-0.26020070531012873,-2.1263140752650886,2.1263140752650886
5.75596,-0.19113033029065385,-0.37951543930282455,-0.1883851090121707,-2.122588018294361,2.122588018294361
7.54195,-0.6554020956726867,0.5197819197650442,1.1751840154377309,2.1181677148864693,2.1181677148864693
6.20096,0.7943104016101462,-0.14317835622358696,-0.9374887578337332,-2.1175392414280223,2.1175392414280223
5.73396,-0.21307580235731155,-0.3818376677828343,-0.16876186542552274,-2.1103906844734883,2.1103906844734883
5.93996,0.1206019266037165,-0.24135997652863958,-0.3619619031323561,-2.105966237162078,2.105966237162078
7.65694,-0.7169111847859911,0.4208195047374579,1.137730689523449,2.1031475399029227,2.1031475399029227
6.54895,0.33125723631154036,-0.24568705680336084,-0.5769442931149011,-2.102309635670377,2.102309635670377
7.54595,-0.6584465080095574,0.46335918658862585,1.1218056945981831,2.09761760309997,2.09761760309997
5.67896,-0.14237753028752062,-0.377243470478181,-0.2348659401906604,-2.0904244199461166,2.0904244199461166
8.09794,-0.7600062671390917,-0.2236794655728088,0.5363268015662829,2.0898196470665127,2.0898196470665127
5.90196,0.5777414181637963,-0.1721621685960123,-0.7499035867598086,-2.0895869259469406,2.0895869259469406
6.47895,1.0808179951620338,-0.09241562816682133,-1.1732336233288552,-2.085077438218702,2.085077438218702
6.20196,0.7634180238276835,-0.14147254072978535,-0.9048905645574689,-2.0842776121496174,2.0842776121496174
5.89196,0.40597233851836567,-0.21846783961198588,-0.6244401781303516,-2.0842120977994285,2.0842120977994285
8.43394,-0.7614260133975304,-0.24536781877095215,0.5160581946265782,2.083807270706336,2.083807270706336
5.93796,0.12862357749604952,-0.2576511892530815,-0.386274766749131,-2.082913049643194,2.082913049643194
5.74596,-0.1958356288291296,-0.37863328443328104,-0.18279765560415143,-2.0817452054849577,2.0817452054849577
7.54495,-0.6132873058985174,0.45747513409536567,1.070762439993883,2.0812242870367603,2.0812242870367603
6.04396,0.9126869479675768,-0.11950441378503632,-1.032191361752613,-2.080806269060719,2.080806269060719
7.65594,-0.7308831492573669,0.472826567054416,1.203709716311783,2.078174126940559,2.078174126940559
6.54795,0.34332298625676694,-0.23985124889328435,-0.5831742351500513,-2.0774568575464882,2.0774568575464882
8.08594,-0.7683249554247313,-0.21458556591649322,0.5537393895082381,2.0771770906692693,2.0771770906692693
7.75894,-0.7292111769409941,-0.03140916081394929,0.6978020161270448,2.07493084253593,2.07493084253593
6.19896,0.7862132611256161,-0.13537612691978979,-0.9215893880454058,-2.074590608492019,2.074590608492019
8.40094,0.3524206387652789,-0.34178387096514334,-0.6942045097304222,-2.06994047263558,2.06994047263558
5.68996,-0.17459056485825689,-0.3884569127255579,-0.213866347867301,-2.0668655003436975,2.0668655003436975
7.75994,-0.7145112663632527,-0.026294831838510484,0.6882164345247422,2.0665417605859098,2.0665417605859098
6.47795,1.0499078663311574,-0.11000932250099536,-1.1599171888321527,-2.0650374899592894,2.0650374899592894
5.94096,0.1262636991640537,-0.23580643875682103,-0.3620701379208747,-2.0639071633568986,2.0639071633568986
7.65794,-0.6736190373353916,0.3733845568429321,1.0470035941783238,2.0638108990512385,2.0638108990512385
6.70195,-0.015388541850379356,-0.3223552164658888,-0.30696667461550947,-2.0614440831367262,2.0614440831367262
5.67596,-0.1311039451004922,-0.38077884339815005,-0.24967489829765785,-2.05808702119798,2.05808702119798
6.55295,0.24325110181978343,-0.2549310726696254,-0.4981821744894088,-2.0569380754467343,2.0569380754467343
7.29495,0.4164143498348182,-0.11221453219157627,-0.5286288820263945,-2.0565446833947907,2.0565446833947907
5.69596,-0.1527042985433223,-0.37890702715168334,-0.22620272860836105,-2.055476495003645,2.055476495003645
7.22795,1.2003895614615812,0.12321104093288643,-1.0771785205286948,-2.0552338527524197,2.0552338527524197
6.55495,0.22357680383574813,-0.259778502168394,-0.4833553060041421,-2.05240221862662,2.05240221862662
6.12696,0.5403397566196488,-0.13132035147157156,-0.6716601080912203,-2.0522596027699476,2.0522596027699476
5.79996,-0.164292934592338,-0.3642849720532271,-0.19999203746088906,-2.047705439723105,2.047705439723105
6.12896,0.6225308835483851,-0.09484924328614154,-0.7173801268345267,-2.0421411247347288,2.0421411247347288
7.75794,-0.7138376713165862,-0.03963361802012782,0.6742040532964584,2.040214936567469,2.040214936567469
7.26495,0.5543917808530511,-0.11991718001212177,-0.6743089608651729,-2.0338313571116373,2.0338313571116373
8.21794,-0.7931606584832053,-0.1230161582679593,0.670144500215246,2.033422253832318,2.033422253832318
7.66594,-0.670234669832432,0.25095727399556733,0.9211919438279993,2.0321826577413185,2.0321826577413185
7.66794,-0.7216400083543579,0.2614441381574959,0.9830841465118538,2.029821281737519,2.029821281737519
7.66494,-0.6551900457390725,0.25095104055223943,0.906141086291312,2.0297707739110376,2.0297707739110376
5.71596,-0.23065488719753457,-0.37419071144850624,-0.14353582425097167,-2.029358295923673,2.029358295923673
7.65394,-0.7786953664396907,0.5978036369710665,1.3764990034107574,2.0284028343513665,2.0284028343513665
8.43894,-0.8410687688006844,-0.21218413056560423,0.6288846382350801,2.028236295658501,2.028236295658501
7.75694,-0.7043238439426278,-0.03854535202436931,0.6657784919182586,2.0281934537223236,2.0281934537223236
5.71796,-0.16100459475820977,-0.379017512216419,-0.21801291745820922,-2.0272086014292534,2.0272086014292534
7.54695,-0.654807569413414,0.47687579923226725,1.1316833686456813,2.0210818579870193,2.0210818579870193
8.88394,-0.8988554565078002,-0.22732080400466848,0.6715346525031317,2.0203725153529435,2.0203725153529435
8.19394,-0.8389659863874142,-0.11150615932941126,0.7274598270580029,2.017348659523906,2.017348659523906
8.68694,-0.8933009693482101,-0.232326309166395,0.6609746601818152,2.0128987028108685,2.0128987028108685
5.91796,0.7892590820646094,-0.09900478817180845,-0.8882638702364178,-2.0072012088374542,2.0072012088374542
7.75594,-0.6963435669555239,-0.040386652262517336,0.6559569146930065,2.00457627329393,2.00457627329393
8.88494,-0.9483895241640158,-0.2117068819560855,0.7366826422079302,2.002637023942809,2.002637023942809
7.54095,-0.6550253090684732,0.5741443612881558,1.229169670356629,1.9992023770682066,1.9992023770682066
5.68196,-0.09097156845570634,-0.3810926945721514,-0.290121126116445,-1.9974872507800503,1.9974872507800503
6.19996,0.7691746909060002,-0.14112731684060745,-0.9103020077466076,-1.9965191724387805,1.9965191724387805
6.04296,0.8942853291063997,-0.1164135082029477,-1.0106988373093473,-1.9946865735871782,1.9946865735871782
8.09694,-0.7867450798697629,-0.2049418176791007,0.5818032621906623,1.99449460656191,1.99449460656191
6.15696,0.6303268771502264,-0.09655894513097538,-0.7268858222812018,-1.9932433826706917,1.9932433826706917
6.12796,0.5630414804388455,-0.11625234521710477,-0.6792938256559503,-1.9929459835555974,1.9929459835555974
5.69096,-0.18803745089796445,-0.3830879205264138,-0.19505046962844938,-1.9887794030413204,1.9887794030413204
8.45994,-0.8033769249076033,-0.2413279103154424,0.5620490145921608,1.9859531396066479,1.9859531396066479
8.19294,-0.8372772040676164,-0.12510708675113305,0.7121701173164834,1.9852511024798358,1.9852511024798358
6.70995,-0.02577655123911242,-0.301591571726216,-0.27581502048710355,-1.9838519269176296,1.9838519269176296
6.69495,0.020102999943727662,-0.3408389467909117,-0.36094194673463936,-1.9807200747754985,1.9807200747754985
7.76094,-0.7012513419629145,-0.015786063144552553,0.685465278818362,1.978499804312172,1.978499804312172
5.73096,-0.1978097218839996,-0.37739063588974714,-0.17958091400574755,-1.9783510334051164,1.9783510334051164
6.15396,0.6002716192218271,-0.10775658736965449,-0.7080282065914816,-1.9780135777072514,1.9780135777072514
7.66694,-0.6662252352872813,0.25547551020070564,0.9217007454879869,1.9749469092040468,1.9749469092040468
6.04196,0.9129764760187067,-0.11182155210291428,-1.024798028121621,-1.9745430488805422,1.9745430488805422
8.22394,-0.8301751651906952,-0.11038420754000468,0.7197909576506906,1.97342611997185,1.97342611997185
6.47995,1.0619639094958495,-0.08537164684548314,-1.1473355563413326,-1.9721225935181617,1.9721225935181617
7.76294,-0.7513508287143262,0.02611142357990342,0.7774622522942296,1.9693825170256485,1.9693825170256485
6.69595,0.0074335337160307685,-0.328355321010718,-0.3357888547267488,-1.968307631901879,1.968307631901879
6.19796,0.7477026185559728,-0.13488218512155273,-0.8825848036775255,-1.9676914347468655,1.9676914347468655
8.85794,-0.9080048355092891,-0.23092595492400259,0.6770788805852865,1.9668150393593733,1.9668150393593733
8.24194,-0.7753445025119174,-0.18742580596126868,0.5879186965506488,1.9608325291265314,1.9608325291265314
6.55395,0.20759988951686076,-0.25865926341167045,-0.4662591529285312,-1.9561661795963299,1.9561661795963299
6.63795,0.16319655146384168,-0.25529227074053185,-0.41848882220437356,-1.9556619709824439,1.9556619709824439
5.80396,-0.18721266576958942,-0.3633325732879476,-0.17611990751835818,-1.9516081836189885,1.9516081836189885
7.54795,-0.6585850595741887,0.5035309114482124,1.1621159710224012,1.9511343149499027,1.9511343149499027
5.68396,-0.20734855836326124,-0.3889072119824861,-0.18155865361922488,-1.9492741296143765,1.9492741296143765
6.57995,0.20197160716799797,-0.22211478243316787,-0.42408638960116585,-1.9450804509464996,1.9450804509464996
5.72596,-0.22067307249884144,-0.37654339114220653,-0.1558703186433651,-1.9442018317905876,1.9442018317905876
5.81296,-0.07270996518389511,-0.3704833021706517,-0.29777333698675656,-1.9433006784002542,1.9433006784002542
6.15296,0.5945204322750158,-0.10214733079304449,-0.6966677630680603,-1.940471533780553,1.940471533780553
8.88194,-0.81720355579402,-0.2522865294057815,0.5649170263882386,1.9358654563460571,1.9358654563460571
5.73296,-0.2551149016004447,-0.377527395578048,-0.12241249397760329,-1.9350169933456,1.9350169933456
6.19696,0.7235189753566252,-0.13256368108389116,-0.8560826564405164,-1.9259805422604037,1.9259805422604037
7.75494,-0.6880229170022879,-0.03960828464699021,0.6484146323552977,1.925372898155691,1.925372898155691
7.66894,-0.7048195145580334,0.26095206242156105,0.9657715769795945,1.9244036427892663,1.9244036427892663
6.69095,0.0204762614465121,-0.3401533853675438,-0.3606296468140559,-1.9231687793397205,1.9231687793397205
8.43294,-0.7389403528660836,-0.24339024544816457,0.49555010741791905,1.9213211755617263,1.9213211755617263
5.74196,-0.2299166570594008,-0.37554440517959264,-0.14562774812019186,-1.9169271153311307,1.9169271153311307
6.15796,0.6432225902475244,-0.08893071321005201,-0.7321533034575763,-1.9157169611127294,1.9157169611127294
6.58095,0.23123812045465134,-0.2015090026584276,-0.43274712311307895,-1.9153289341181885,1.9153289341181885
6.04096,0.8976077561549187,-0.10408030643923981,-1.0016880625941584,-1.912496728981302,1.912496728981302
7.76194,-0.7078775858807926,0.0006049296924239586,0.7084825155732166,1.9118416585878713,1.9118416585878713
8.88294,-0.8363968714371559,-0.24529665700536615,0.5911002144317897,1.9072110919020844,1.9072110919020844
8.19494,-0.7957452164504999,-0.08370100112280585,0.712044215327694,1.906648013036604,1.906648013036604
8.87594,-0.8922756333335271,-0.22218628349893965,0.6700893498345875,1.90617777795171,1.90617777795171
6.48095,1.049155051677459,-0.07847027631749048,-1.1276253279949495,-1.900679621126996,1.900679621126996
7.53995,-0.6681294611479691,0.6235730142939429,1.291702475441912,1.9004937631933443,1.9004937631933443
6.18896,0.7510645751667442,-0.09202516680980738,-0.8430897419765515,-1.8946912759061134,1.8946912759061134
6.63695,0.18074028798780434,-0.25265045268723196,-0.4333907406750363,-1.8928413017364158,1.8928413017364158
7.31095,0.922102217505467,-0.01259544629166429,-0.9346976637971313,-1.8857611296351322,1.8857611296351322
6.70795,-0.052246633829803914,-0.3112572217063109,-0.259010587876507,-1.884705861104352,1.884705861104352
7.22695,1.2332308694952518,0.15136936446941696,-1.081861505025835,-1.8804691811162864,1.8804691811162864
6.15896,0.6845545686574308,-0.08705984726323868,-0.7716144159206695,-1.8729741419235986,1.8729741419235986
8.21694,-0.7848115266668481,-0.10332868779647628,0.6814828388703718,1.8718429280494848,1.8718429280494848
6.54095,0.4094181204765054,-0.21853813747966644,-0.6279562579561718,-1.8710622099701715,1.8710622099701715
5.71396,-0.16588638491484384,-0.37812897107786975,-0.2122425861630259,-1.868933351155756,1.868933351155756
8.08694,-0.7405420042215108,-0.20156300593329546,0.5389789982882154,1.8684514735560362,1.8684514735560362
5.86596,0.10987909808646193,-0.26040842434087486,-0.37028752242733676,-1.86729109820303,1.86729109820303
8.09594,-0.801336372097134,-0.18723642231722082,0.6140999497799132,1.8663804539898068,1.8663804539898068
6.63595,0.20776778716014954,-0.24548215874674678,-0.4532499459068963,-1.8661902443895422,1.8661902443895422
5.67496,-0.13268058525108684,-0.3715498767724244,-0.23886929152133757,-1.8661070555647477,1.8661070555647477
7.65294,-0.6982094154464336,0.6743533150363723,1.3725627304828059,1.8635781941007292,1.8635781941007292
7.54895,-0.6573451442442322,0.5285613065500425,1.1859064507942747,1.8627549534154477,1.8627549534154477
6.15996,0.7276263794043297,-0.07079731023454536,-0.7984236896388751,-1.8610045759015312,1.8610045759015312
7.75394,-0.6742512500734639,-0.03660848438070715,0.6376427656927567,1.8580218196963934,1.8580218196963934
6.18996,0.7304338024189025,-0.10079150396184855,-0.8312253063807511,-1.857945216796945,1.857945216796945
5.74496,-0.20597850464921302,-0.3818633390933422,-0.17588483444412917,-1.8555929913142697,1.8555929913142697
6.18796,0.7391910509884217,-0.09187017074986478,-0.8310612217382866,-1.8530917440430352,1.8530917440430352
8.22494,-0.8596204134571155,-0.08531047114943996,0.7743099423076756,1.8521468936725547,1.8521468936725547
5.68496,-0.2414700526398723,-0.38669280954864194,-0.14522275690876962,-1.8511815742374662,1.8511815742374662
5.79796,-0.20112783078151308,-0.36116208301937736,-0.16003425223786427,-1.850369015351971,1.850369015351971
8.38194,-0.5039445001317053,-0.34254542802905874,0.1613990721026466,1.8496876776515372,1.8496876776515372
7.76394,-0.7394979503194423,0.05283586783709144,0.7923338181565338,1.8483731858929404,1.8483731858929404
7.55095,-0.7092302348900803,0.597946077914942,1.3071763128050224,1.8483105543088287,1.8483105543088287
8.19194,-0.7879376937464888,-0.12205369246678573,0.665884001279703,1.8402905379629049,1.8402905379629049
6.54695,0.2977897017094313,-0.2347671745629949,-0.5325568762724262,-1.8379843514487961,1.8379843514487961
5.74296,-0.2405429516489077,-0.37676832032303814,-0.13622536867413043,-1.837753975000698,1.837753975000698
6.15196,0.5749933723608301,-0.09803691087457464,-0.6730302832354048,-1.8374144567162154,1.8374144567162154
6.70895,-0.06405297078192336,-0.3032145768619901,-0.23916160608006676,-1.836350158984828,1.836350158984828
6.48295,1.0841637160767803,-0.07549254352574868,-1.159656259602529,-1.833367626999353,1.833367626999353
5.73996,-0.24191259799878598,-0.3756981615018251,-0.13378556350303913,-1.831476857884252,1.831476857884252
7.65094,-0.7085015874933647,0.8057746980033673,1.514276285496732,1.8313614453971456,1.8313614453971456
5.90396,0.6122911759208671,-0.14168163790664484,-0.7539728138275119,-1.8305651965639855,1.8305651965639855
8.06594,-0.7775148537357117,-0.13430665637278447,0.6432081973629272,1.8290401922541217,1.8290401922541217
5.72696,-0.23585803674009548,-0.385879940540285,-0.15002190380018954,-1.8278126403771557,1.8278126403771557
6.03996,0.8686134176455329,-0.09391760148585067,-0.9625310191313836,-1.8261437559613116,1.8261437559613116
8.05294,-0.8100719119233668,-0.057431578346835654,0.7526403335765312,1.8252378554287543,1.8252378554287543
8.85894,-0.9346055006415023,-0.19585129471134324,0.7387542059301591,1.8249346725110165,1.8249346725110165
5.80296,-0.1738685601903935,-0.36291173939795424,-0.18904317920756072,-1.8235224971914736,1.8235224971914736
8.08794,-0.7696690933825139,-0.185036172768887,0.5846329206136269,1.8223377487410881,1.8223377487410881
8.66294,-0.8862349883556673,-0.21634411736732773,0.6698908709883395,1.822200200904075,1.822200200904075
7.54995,-0.6659028124364845,0.5604464618744247,1.2263492743109092,1.8212803426749586,1.8212803426749586
7.67094,-0.7399523483575075,0.30103260015730454,1.040984948514812,1.8197150334309882,1.8197150334309882
6.48195,1.0439270891279397,-0.07122606866190302,-1.1151531577898428,-1.8191034097474013,1.8191034097474013
7.51395,-0.6787296523302344,0.3881785267058915,1.066908179036126,1.8180267125727296,1.8180267125727296
7.51295,-0.6744454437854757,0.341832999801179,1.0162784435866548,1.8180062364381864,1.8180062364381864
6.19596,0.6824898817241534,-0.1312172121510247,-0.813707093875178,-1.8155167016176483,1.8155167016176483
7.55195,-0.7000307846909621,0.6252235278529119,1.325254312543874,1.8080055376466846,1.8080055376466846
8.90194,-0.9057379155717674,-0.20851618736354702,0.6972217282082204,1.8066394869210962,1.8066394869210962
5.72096,-0.15458265861310658,-0.37226788045842407,-0.2176852218453175,-1.8056339625503548,1.8056339625503548
5.75396,-0.22418394291771393,-0.379452459153237,-0.15526851623552307,-1.803269344053404,1.803269344053404
7.65194,-0.6749627952807011,0.7389620010460831,1.4139247963267843,1.802975017104112,1.802975017104112
6.70295,-0.03956406429280415,-0.3244042131897932,-0.28484014889698905,-1.8012548630133773,1.8012548630133773
7.75294,-0.6793488742044043,-0.030640256835222274,0.648708617369182,1.7992195234221122,1.7992195234221122
5.71196,-0.18901904338136077,-0.3736272216077705,-0.18460817822640974,-1.7949351912979394,1.7949351912979394
8.06494,-0.8129734525791206,-0.10872587615118692,0.7042475764279337,1.7849959124035242,1.7849959124035242
7.66994,-0.6795694492791101,0.2706531905239876,0.9502226398030977,1.784622155064915,1.784622155064915
6.19296,0.6882773662260918,-0.10841662356347552,-0.7966939897895673,-1.783514650265393,1.783514650265393
6.03896,0.871338444934159,-0.07835749671167697,-0.9496959416458359,-1.7793732244396763,1.7793732244396763
8.21594,-0.7981444127428752,-0.06994831305958749,0.7281960996832877,1.7782969930243826,1.7782969930243826
6.71095,-0.04025451934116777,-0.2996456549995985,-0.25939113565843075,-1.7775707109749015,1.7775707109749015
5.80196,-0.20247863024469556,-0.36978871985174255,-0.167310089607047,-1.7769374614624551,1.7769374614624551
7.53895,-0.6433338573521646,0.6851590746519206,1.3284929320040852,1.773968695737658,1.773968695737658
5.71096,-0.18381097573082267,-0.3763435959676795,-0.19253262023685686,-1.7739665607898925,1.7739665607898925
5.67996,-0.1451245619819303,-0.3790416365613675,-0.23391707457943722,-1.7726392043090096,1.7726392043090096
5.73596,-0.18206310059560404,-0.38036818831292823,-0.1983050877173242,-1.772226941715094,1.772226941715094
7.64994,-0.6595103938773372,0.8647464140548604,1.5242568079321976,1.7692843072120636,1.7692843072120636
7.64894,-0.6640432830392824,0.9069398217572124,1.5709831047964948,1.7677995681893617,1.7677995681893617
6.18696,0.7042769378541109,-0.09062121955459046,-0.7948981574087014,-1.7657691236619186,1.7657691236619186
8.19594,-0.7624841836703364,-0.0589330035761383,0.7035511800941981,1.7639318793281897,1.7639318793281897
5.91696,0.8237535628848291,-0.06755933008976621,-0.8913128929745954,-1.7610903561846398,1.7610903561846398
8.09494,-0.7948963206967967,-0.1781734723898959,0.6167228483069008,1.7605155309016112,1.7605155309016112
7.70194,-0.7038753965166187,0.4844369198451956,1.1883123163618143,1.7605021422305651,1.7605021422305651
7.70094,-0.7320048323424009,0.49564450364608015,1.227649335988481,1.7603135803190237,1.7603135803190237
7.26595,0.5331741620008515,-0.10066525200572062,-0.6338394140065722,-1.7570838249594196,1.7570838249594196
6.19096,0.679599547879095,-0.10938029766102925,-0.7889798455401242,-1.7557492586372225,1.7557492586372225
8.68594,-0.8746235256874286,-0.20246019373953983,0.6721633319478888,1.7549297481923727,1.7549297481923727
7.75194,-0.691561576474969,-0.02423471526683834,0.6673268612081307,1.7511157005670726,1.7511157005670726
7.64794,-0.6972461729624562,0.9603100364481991,1.6575562094106553,1.7488011398239387,1.7488011398239387
7.67194,-0.7371069254763375,0.33611122311069863,1.0732181485870362,1.7476648055070934,1.7476648055070934
8.21494,-0.8214054259646151,-0.03204638393546019,0.7893590420291549,1.7475780727012507,1.7475780727012507
7.57395,-0.6210296115398538,0.23404748443527598,0.8550770959751298,1.747166440239088,1.747166440239088
8.06394,-0.8289276138709998,-0.09084397932500776,0.738083634545992,1.7464532691315877,1.7464532691315877
5.80096,-0.19934904526630542,-0.3711579042971994,-0.171808859030894,-1.7460771002753566,1.7460771002753566
6.19196,0.6716031723800446,-0.10823358771620346,-0.7798367600962481,-1.7434227952231485,1.7434227952231485
6.48595,1.0691921614783408,-0.05870686399191665,-1.1278990254702574,-1.7417703575237853,1.7417703575237853
7.70294,-0.7181459266502238,0.49970920632468363,1.2178551329749074,1.7396603490335547,1.7396603490335547
8.16994,-0.6638096300697189,-0.22392867357943716,0.4398809564902818,1.7366861180526107,1.7366861180526107
5.74396,-0.2178623446390829,-0.3832524701342765,-0.16539012549519358,-1.7356138904616787,1.7356138904616787
8.43994,-0.7975224262449178,-0.19257385755611003,0.6049485686888078,1.7328231728033658,1.7328231728033658
8.87494,-0.8759231094338703,-0.19556526016597472,0.6803578492678956,1.732018485151112,1.732018485151112
5.70596,-0.1674197311636578,-0.3680763983389755,-0.2006566671753177,-1.731890612188726,1.731890612188726
7.51195,-0.6306891503060025,0.3102599459165607,0.9409490962225632,1.7315462814542968,1.7315462814542968
7.03395,-0.5058672309959922,0.18521060133471828,0.6910778323307105,1.7300969392952565,1.7300969392952565
5.94196,0.09134751145705569,-0.2369165883519588,-0.3282640998090145,-1.730034593622236,1.730034593622236
7.53295,-0.6658968546036855,0.8758860984547543,1.5417829530584397,1.7257513282556771,1.7257513282556771
7.55295,-0.6471559806326788,0.6532367837215312,1.30039276435421,1.7242611182953398,1.7242611182953398
6.12996,0.5750366297377718,-0.0760487541545868,-0.6510853838923586,-1.722528400615082,1.722528400615082
7.50995,-0.6464267398049751,0.25358111687692475,0.9000078566818999,1.717782769112966,1.717782769112966
6.15096,0.5612929272676564,-0.08863506849717202,-0.6499279957648285,-1.7164693770461223,1.7164693770461223
7.51495,-0.671049158449568,0.4409407688529543,1.1119899273025222,1.716458174479482,1.716458174479482
6.18596,0.689612652234757,-0.08062561517066698,-0.770238267405424,-1.7125366887699833,1.7125366887699833
7.55495,-0.636965548442211,0.7257900112777462,1.3627555597199572,1.712397051224808,1.712397051224808
7.55695,-0.6323288877126747,0.792732433567384,1.4250613212800587,1.7080873359722994,1.7080873359722994
6.54395,0.3012219288953953,-0.21575204927598493,-0.5169739781713802,-1.703985948121444,1.703985948121444
6.48395,1.0200201003331364,-0.07309342058548474,-1.0931135209186211,-1.7034954467434753,1.7034954467434753
5.89096,0.3288371794033219,-0.21189834371767155,-0.5407355231209935,-1.7004527351604415,1.7004527351604415
7.55795,-0.6208584334588583,0.7934819791917433,1.4143404126506016,1.700159945676107,1.700159945676107
7.76494,-0.7155168552723041,0.07960756266851038,0.7951244179408146,1.6991251132041696,1.6991251132041696
8.45894,-0.7748412358828909,-0.21902360913368357,0.5558176267492073,1.698837741954483,1.698837741954483
5.72496,-0.22426800718447232,-0.37771921469563247,-0.15345120751116015,-1.6974361717165716,1.6974361717165716
7.51095,-0.6281887848784895,0.2793964643069485,0.9075852491854379,1.6963634875363849,1.6963634875363849
5.68296,-0.1707833559685719,-0.37339988124598306,-0.20261652527741117,-1.6945220447149885,1.6945220447149885
7.53795,-0.6321017734677001,0.7330966522245873,1.3651984256922876,1.6935869647300048,1.6935869647300048
7.75094,-0.7044877567136314,-0.010632608503650824,0.6938551482099806,1.6902972459985972,1.6902972459985972
7.53195,-0.6179815223856194,0.8805342778453589,1.4985158002309782,1.6882896358046475,1.6882896358046475
6.54295,0.32646275082244747,-0.20822535026266317,-0.5346881010851107,-1.6868784624260826,1.6868784624260826
5.78296,-0.21257127336829296,-0.3756916597529543,-0.16312038638466136,-1.6839672585393342,1.6839672585393342
7.57495,-0.6162479867294111,0.24635827631131862,0.8626062630407296,1.6838344245336285,1.6838344245336285
6.54195,0.3361408014488666,-0.21578482216622819,-0.5519256236150948,-1.683604663539663,1.683604663539663
6.18496,0.6882674738362696,-0.07105331035370346,-0.7593207841899731,-1.6825522501530135,1.6825522501530135
8.40194,0.21963675261502186,-0.338798298824627,-0.5584350514396488,-1.6818809971226905,1.6818809971226905
7.55895,-0.6023684445568627,0.7784675221691907,1.3808359667260532,1.681486973236255,1.681486973236255
6.70495,-0.08486306389792975,-0.322506057637946,-0.23764299374001624,-1.6808138378519626,1.6808138378519626
7.50395,-0.6760219350790144,0.10336557931619603,0.7793875143952105,1.679588284054373,1.679588284054373
7.64694,-0.7177646456087281,1.0189805954578952,1.7367452410666233,1.6788631839220767,1.6788631839220767
6.19496,0.6230790042135752,-0.12618014047608522,-0.7492591446896604,-1.6786644500351777,1.6786644500351777
7.55595,-0.6049526878541154,0.7592807322142278,1.3642334200683432,1.6753252758671446,1.6753252758671446
7.44995,-0.6851645161030082,0.5046142894286881,1.1897788055316965,1.6741976197346564,1.6741976197346564
7.49795,-0.7030628689846867,0.0004757245834662721,0.703538593568153,1.6727399240108545,1.6727399240108545
6.54495,0.2652900685804462,-0.22249714186923686,-0.48778721044968304,-1.6687813114874934,1.6687813114874934
6.19396,0.6278327931903616,-0.11741362014691131,-0.7452464133372729,-1.6685987615723987,1.6685987615723987
7.03295,-0.4810845423951613,0.17403956724617262,0.6551241096413339,1.6679527718368683,1.6679527718368683
7.72894,-0.7936934402665308,0.27809447453234765,1.0717879147988785,1.6667987578735208,1.6667987578735208
7.53395,-0.6322346946491835,0.8689129499135783,1.5011476445627618,1.6644302088949008,1.6644302088949008
7.53095,-0.6110097757525661,0.867395286740177,1.478405062492743,1.664425119317765,1.664425119317765
7.03095,-0.5074425011822616,0.16337669056765763,0.6708191917499193,1.6643013758900524,1.6643013758900524
7.72794,-0.7548753940091308,0.31875030140191646,1.0736256954110472,1.6636899231073883,1.6636899231073883
7.52995,-0.6590203653862492,0.8633489615959495,1.5223693269821987,1.662939188625083,1.662939188625083
8.21394,-0.8111526615174184,0.021735620116861195,0.8328882816342795,1.6628369093932298,1.6628369093932298
7.22595,1.2625225523266828,0.20487376124729784,-1.057648791079385,-1.6618646873383909,1.6618646873383909
8.24094,-0.7536899265926176,-0.15300223399761248,0.6006876925950051,1.6607428675111637,1.6607428675111637
6.53995,0.36456452133915074,-0.20659120270703432,-0.5711557240461851,-1.6601496723851286,1.6601496723851286
8.44094,-0.8290486440438549,-0.17036329166607514,0.6586853523777798,1.6585800544762344,1.6585800544762344
6.70595,-0.09178655757601173,-0.31050546101769705,-0.21871890344168532,-1.6585436567288516,1.6585436567288516
7.49295,-0.6675731978810047,-0.04600659833092189,0.6215665995500828,1.6573508911323533,1.6573508911323533
7.57095,-0.5913068558995928,0.28117160156951804,0.8724784574691108,1.6573397034744548,1.6573397034744548
5.86696,0.11796553231687135,-0.24489029464964954,-0.36285582696652086,-1.6553392354483096,1.6553392354483096
8.05394,-0.7370010391761324,-0.06049695058717086,0.6765040885889615,1.6548323263565246,1.6548323263565246
7.57295,-0.5573498740871392,0.2301629894949886,0.7875128635821278,1.6539708040463421,1.6539708040463421
8.09394,-0.7903850074188711,-0.1630791553987668,0.6273058520201042,1.6523142904149022,1.6523142904149022
7.57195,-0.5592547808080606,0.2469124672688323,0.8061672480768929,1.6521933033919014,1.6521933033919014
6.48495,1.0043554825097407,-0.06265583938000724,-1.067011321889748,-1.6519829092723428,1.6519829092723428
6.71195,-0.04067063628029448,-0.29413488706110413,-0.25346425078080964,-1.651015304377554,1.651015304377554
8.09294,-0.8033854001121733,-0.15376301221117727,0.649622387900996,1.6508026122981838,1.6508026122981838
7.44895,-0.7129214895579257,0.5462610318462366,1.2591825214041623,1.6487241622587974,1.6487241622587974
7.55395,-0.5837366184095005,0.6948166658267945,1.278553284236295,1.6485086108115625,1.6485086108115625
7.72694,-0.733047641916772,0.37211610059746486,1.1051637425142369,1.6484958799891034,1.6484958799891034
7.03495,-0.48301222828959256,0.21285576993148125,0.6958679982210738,1.647833991493144,1.647833991493144
7.70394,-0.705756595770473,0.5285653819692682,1.2343219777397412,1.6475294467834176,1.6475294467834176
7.45095,-0.6386112168867704,0.490917474412274,1.1295286912990443,1.646767946013453,1.646767946013453
7.57595,-0.6164369974252792,0.2548069433143702,0.8712439407396495,1.6461369582524235,1.6461369582524235
7.49895,-0.6975935400073525,0.01106971955549778,0.7086632595628503,1.642735074957031,1.642735074957031
5.75496,-0.24425624963300024,-0.38460437729484626,-0.140348127661846,-1.6423392229857883,1.6423392229857883
6.14996,0.5703277801322407,-0.07147525521730672,-0.6418030353495474,-1.640052869255988,1.640052869255988
5.69796,-0.20699343921447977,-0.36461150415893595,-0.15761806494445618,-1.639956144058248,1.639956144058248
6.48695,1.0536625068679488,-0.05167599239418111,-1.10533849926213,-1.6391034240228108,1.6391034240228108
7.64594,-0.7739174293461956,1.0742548880674083,1.8481723174136038,1.6384545000152304,1.6384545000152304
7.53695,-0.6136702661213418,0.7835153480468396,1.3971856141681815,1.636264372515854,1.636264372515854
7.49195,-0.6539973545298717,-0.05096151960810789,0.6030358349217638,1.6355254715014547,1.6355254715014547
7.56995,-0.5988466723672798,0.307901343501506,0.9067480158687858,1.633660052422964,1.633660052422964
8.43194,-0.698169685260178,-0.23405991458316425,0.46410977067701376,1.6332191218058585,1.6332191218058585
7.50895,-0.623342438175557,0.2243895412840574,0.8477319794596144,1.629871555906997,1.629871555906997
5.79496,-0.2131539742506695,-0.3571563098046333,-0.1440023355539638,-1.6285320658983986,1.6285320658983986
7.67294,-0.718930970958018,0.36075974483527407,1.079690715793292,1.626857553783047,1.626857553783047
6.70395,-0.038970569199761385,-0.3205291108894599,-0.2815585416896985,-1.6265210484741803,1.6265210484741803
7.53495,-0.6122538733514749,0.8511262740289789,1.4633801473804537,1.6252019981155004,1.6252019981155004
7.55995,-0.5724061911253393,0.7560479979463388,1.3284541890716781,1.6249078630008476,1.6249078630008476
7.48895,-0.6390720807403758,-0.054798706754803854,0.584273373985572,1.6219684790888684,1.6219684790888684
6.14896,0.6057061330313795,-0.06085835371001447,-0.666564486741394,-1.6179695797130935,1.6179695797130935
6.58195,0.23076837256270016,-0.18945050495519555,-0.4202188775178957,-1.617376412340678,1.617376412340678
7.45195,-0.6287882746869964,0.4961954436003197,1.1249837182873161,1.6166587827354055,1.6166587827354055
8.05194,-0.7353082543205139,-0.04546319290681575,0.6898450614136982,1.6155575662884119,1.6155575662884119
7.03195,-0.46430021277681044,0.15733579708555048,0.6216360098623609,1.6146837170009523,1.6146837170009523
7.49095,-0.6530831135964271,-0.06217929536837262,0.5909038182280545,1.6124077978003795,1.6124077978003795
7.52895,-0.6859110592118787,0.8802383890041421,1.5661494482160208,1.6123940554792406,1.6123940554792406
7.69994,-0.6879729372438552,0.524392148062621,1.2123650853064762,1.6111850295169827,1.6111850295169827
7.50495,-0.628652703320873,0.1327595164534852,0.7614122197743581,1.6083738599372184,1.6083738599372184
7.67394,-0.7489995462536543,0.40039329518444633,1.1493928414381007,1.6071021638551848,1.6071021638551848
6.63495,0.21319375662342738,-0.23717372801011052,-0.45036748463353793,-1.6067552332480228,1.6067552332480228
6.03796,0.7933675670455232,-0.07298796433593524,-0.8663555313814585,-1.6066695586495572,1.6066695586495572
7.50295,-0.6518719901669237,0.08466984701874113,0.7365418371856648,1.60417730642326,1.60417730642326
8.21294,-0.8257538680743325,0.0699041669803338,0.8956580350546663,1.6035277529707679,1.6035277529707679
8.19094,-0.7353950431296905,-0.1265168243215719,0.6088782188081185,1.6029763577221858,1.6029763577221858
7.72594,-0.7257247019283184,0.4244186700356187,1.1501433719639371,1.6017671546914742,1.6017671546914742
8.05694,-0.7642964143702784,-0.04123613148642141,0.723060282883857,1.6005169789908107,1.6005169789908107
8.43094,-0.7379958644976066,-0.22186456808163238,0.5161312964159742,1.5966945143423303,1.5966945143423303
7.29395,0.3864630040941721,-0.10465186336695592,-0.49111486746112804,-1.5966604344563897,1.5966604344563897
7.72994,-0.7872751192411873,0.2672607690245123,1.0545358882656997,1.5963920329267212,1.5963920329267212
7.53595,-0.5884125836810806,0.8287392104637727,1.4171517941448535,1.5948324669779805,1.5948324669779805
8.88594,-0.8553590401343031,-0.19066314474762672,0.6646958953866764,1.593865741596659,1.593865741596659
7.50595,-0.6099521698297998,0.15868943438947494,0.7686416042192747,1.5917280509865857,1.5917280509865857
6.54595,0.2308805253226535,-0.22735729527616833,-0.4582378205988218,-1.5905466421675278,1.5905466421675278
7.48995,-0.6413581459841233,-0.06248303110578509,0.5788751148783382,1.5896214253817742,1.5896214253817742
7.50695,-0.608139006885438,0.17829828248725202,0.78643728937269,1.5890651961692717,1.5890651961692717
7.51595,-0.6672497546964977,0.5052164696996755,1.1724662243961732,1.5869431645367154,1.5869431645367154
8.08894,-0.7497349274156851,-0.16388819599597598,0.5858467314197091,1.5853801757134085,1.5853801757134085
7.48795,-0.6180618966753271,-0.04789308158172895,0.5701688150935982,1.584038674105229,1.584038674105229
8.22594,-0.8264106569286945,-0.054702562701387104,0.7717080942273075,1.5834449150437238,1.5834449150437238
6.16096,0.6580620314853607,-0.04633888092865244,-0.7044009124140131,-1.5817079898473485,1.5817079898473485
8.19694,-0.7171273911198907,-0.02613119898821712,0.6909961921316735,1.5812334528887622,1.5812334528887622
5.67796,-0.1612611076181543,-0.37825612199251585,-0.21699501437436156,-1.5781733478447406,1.5781733478447406
8.85994,-0.9201235272970925,-0.15977057301628175,0.7603529542808107,1.5771477884916016,1.5771477884916016
7.49695,-0.6544724893848302,-0.007166269478704522,0.6473062199061257,1.576852461246789,1.576852461246789
7.50795,-0.5928574289043526,0.20567760119235973,0.7985350300967122,1.5755918966604974,1.5755918966604974
5.70896,-0.22543122268071353,-0.3735518761086423,-0.1481206534279288,-1.5754314469118025,1.5754314469118025
5.70996,-0.2268453051730404,-0.3790770681383844,-0.15223176296534396,-1.5741133858312766,1.5741133858312766
8.05494,-0.718643979727309,-0.04871150888903001,0.669932470838279,1.57117022486262,1.57117022486262
7.56895,-0.5893543818284036,0.34942969104854854,0.9387840728769521,1.570413832908397,1.570413832908397
6.71295,-0.037090882582560936,-0.2933826466821865,-0.25629176409962556,-1.5702209453814262,1.5702209453814262
8.08994,-0.7678519132124616,-0.1525468180450541,0.6153050951674075,1.5685016501315834,1.5685016501315834
7.56095,-0.5530451500226594,0.7279073874949863,1.2809525375176456,1.567978930816275,1.567978930816275
8.05094,-0.7266005066723433,-0.03063762610372607,0.6959628805686172,1.5678542550630759,1.5678542550630759
7.76594,-0.6898150079392698,0.11613984449410392,0.8059548524333737,1.5677934676342005,1.5677934676342005
6.18396,0.6542064094794129,-0.061880330664491945,-0.7160867401439048,-1.5677916385165556,1.5677916385165556
7.49395,-0.6409126171779074,-0.03655179503477278,0.6043608221431346,1.5659289723023582,1.5659289723023582
6.48795,1.0102601544836836,-0.0555689141038485,-1.065829068587532,-1.565447662606957,1.565447662606957
8.66394,-0.8938291485619639,-0.17411556849624354,0.7197135800657204,1.5637116613036877,1.5637116613036877
7.74994,-0.6956108352353496,-0.0035046074550341023,0.6921062277803155,1.5574691256272608,1.5574691256272608
8.05594,-0.7285527349645464,-0.04432028928096478,0.6842324456835817,1.5571533059262448,1.5571533059262448
8.87394,-0.8690929483673976,-0.1746680475282566,0.694424900839141,1.556787423360596,1.556787423360596
7.73094,-0.8084970864566994,0.2738801524455887,1.082377238902288,1.5559755514493585,1.5559755514493585
8.42994,-0.7572501588899662,-0.19345138120174216,0.5637987776882241,1.5552828351087127,1.5552828351087127
7.45295,-0.6322824453085182,0.5171321366200734,1.1494145819285917,1.5550582498461942,1.5550582498461942
7.64494,-0.7747790005286649,1.1334785682394954,1.9082575687681604,1.5548333890579231,1.5548333890579231
7.57695,-0.597684918834321,0.27286881627612214,0.8705537351104431,1.5451971174599324,1.5451971174599324
7.70494,-0.7048104895799316,0.5525317447949974,1.2573422343749292,1.5445880243935945,1.5445880243935945
8.90094,-0.8618894267367934,-0.17845502486438722,0.6834344018724061,1.541690102009699,1.541690102009699
7.43495,-0.6477896668276346,1.1950774524396732,1.8428671192673078,1.5412917787070934,1.5412917787070934
7.56795,-0.5944609032544644,0.398290870147284,0.9927517734017484,1.5393859611036338,1.5393859611036338
7.31195,0.9376321845239379,0.04032780746061901,-0.8973043770633189,-1.5393494398614702,1.5393494398614702
7.76694,-0.7026066585686609,0.16674479275757867,0.8693514513262396,1.5351550243485808,1.5351550243485808
7.67494,-0.7389895643130553,0.4504443841689936,1.1894339484820489,1.5340878758603198,1.5340878758603198
7.43395,-0.6464459258991501,1.1686699418792028,1.8151158677783528,1.5299725507405564,1.5299725507405564
7.56395,-0.6184915485518891,0.6110591294009441,1.2295506779528331,1.5279387367525998,1.5279387367525998
7.72494,-0.6949092860272041,0.49721974833098226,1.1921290343581865,1.5270498690472316,1.5270498690472316
8.45794,-0.7645248470865766,-0.1854394701215145,0.5790853769650621,1.5261976427836739,1.5261976427836739
5.74096,-0.23545087896420602,-0.3708411520163986,-0.1353902730521926,-1.525710785014976,1.525710785014976
7.49495,-0.6417982174571704,-0.031391780799545965,0.6104064366576244,1.52530199959449,1.52530199959449
7.56295,-0.5868013654582058,0.6522460017540447,1.2390473672122506,1.5248249337512532,1.5248249337512532
7.02995,-0.48921170671456043,0.1753442642083308,0.6645559709228912,1.5241240676788979,1.5241240676788979
5.91596,0.8112913528435953,-0.047067553494892146,-0.8583589063384874,-1.5229008949861171,1.5229008949861171
8.05794,-0.7495399538671808,-0.03791580202303984,0.711624151844141,1.5226863908393282,1.5226863908393282
7.44795,-0.6600526449232935,0.6132254895743652,1.2732781344976587,1.518518920554032,1.518518920554032
7.45395,-0.660618397870565,0.550764502521727,1.211382900392292,1.518063639964015,1.518063639964015
7.69894,-0.7018401670502472,0.5515428796759123,1.2533830467261595,1.5166412013200528,1.5166412013200528
7.56195,-0.5452154516501063,0.6915255538833361,1.2367410055334425,1.5151166422577191,1.5151166422577191
7.56595,-0.624711751449869,0.5164790456200531,1.141190797069922,1.515036074405315,1.515036074405315
7.72294,-0.7454788633672635,0.6654241193989177,1.4109029827661812,1.5125069110594729,1.5125069110594729
5.94396,0.07302562762209222,-0.22763042370671638,-0.30065605132880857,-1.5099024079833385,1.5099024079833385
8.18994,-0.7305981571294629,-0.12456219823702111,0.6060359588924418,1.509496062134953,1.509496062134953
6.03696,0.7583184009838253,-0.08683101190861899,-0.8451494128924443,-1.5068173532632207,1.5068173532632207
7.57795,-0.6042474215177841,0.2953093730303732,0.8995567945481573,1.5044790099291507,1.5044790099291507
6.18196,0.6912419945963484,-0.027461193989510455,-0.7187031885858588,-1.504370826765934,1.504370826765934
7.20595,1.4604627178488194,0.5095166608258995,-0.9509460570229199,-1.5041651373463527,1.5041651373463527
8.38094,-0.5117519435079171,-0.3384439137754676,0.17330802973244946,1.5039115545534347,1.5039115545534347
7.70694,-0.8219482887990277,0.617521907726134,1.4394701965251617,1.5019418513523008,1.5019418513523008
5.90496,0.5304981991726618,-0.13187979097562924,-0.6623779901482911,-1.4998543613479483,1.4998543613479483
8.04994,-0.7169607539166466,-0.014180185931132168,0.7027805679855145,1.4991895628304723,1.4991895628304723
8.17094,-0.6238554148727189,-0.2018290150987083,0.4220263997740106,1.498876231119618,1.498876231119618
8.06294,-0.7752610338650546,-0.05292411198379184,0.7223369218812628,1.497856479267184,1.497856479267184
7.76794,-0.7182461900151202,0.21487159093709096,0.9331177809522112,1.497326119221756,1.497326119221756
7.03595,-0.4541083332154505,0.2515843843071778,0.7056927175226283,1.4956928663936702,1.4956928663936702
8.89994,-0.8910595483327103,-0.13243937603668193,0.7586201722960284,1.4954168454329857,1.4954168454329857
8.88694,-0.8541426707210249,-0.1532578809856349,0.70088478973539,1.495411070397008,1.495411070397008
8.06194,-0.8055169102338348,-0.029106376588981377,0.7764105336448534,1.4951340257733226,1.4951340257733226
8.44194,-0.8092836090198239,-0.13493182890733826,0.6743517801124856,1.4948909237649721,1.4948909237649721
7.67594,-0.7477186783182673,0.501598324724679,1.2493170030429464,1.4945556182027615,1.4945556182027615
6.03596,0.7876474310944639,-0.07742690737546196,-0.8650743384699259,-1.4935808666060773,1.4935808666060773
6.18296,0.649819453574878,-0.04613999204967204,-0.69595944562455,-1.4925177798634086,1.4925177798634086
6.03496,0.811500857305008,-0.06888091069260303,-0.880381767997611,-1.4922362073455746,1.4922362073455746
8.09194,-0.7618105602236313,-0.1394493304859202,0.622361229737711,1.4905856063517386,1.4905856063517386
7.56495,-0.6137121726217512,0.5731530404685838,1.186865213090335,1.4903364034462163,1.4903364034462163
8.17194,-0.6440178981501801,-0.17609441058827383,0.46792348756190627,1.4895789780338966,1.4895789780338966
7.51695,-0.6622516031366792,0.5855589224891028,1.2478105256257819,1.4885944907072504,1.4885944907072504
8.09094,-0.7525639803095523,-0.1448922756200541,0.6076717046894982,1.488475923217071,1.488475923217071
6.14796,0.6066172161275405,-0.042004100093466876,-0.6486213162210074,-1.4876350379355028,1.4876350379355028
7.49595,-0.5995797210300398,-0.009781062024032117,0.5897986590060076,1.485226236059373,1.485226236059373
7.43595,-0.6000267521001763,1.2101785772842142,1.8102053293843905,1.4838342664736077,1.4838342664736077
7.50195,-0.6317001207740749,0.050013207895192896,0.6817133286692678,1.4823238838750747,1.4823238838750747
5.86796,0.1299889441739551,-0.23292636357599722,-0.3629153077499523,-1.481404638074189,1.481404638074189
7.43695,-0.6259968145823942,1.2213771278702386,1.8473739424526328,1.481211757210458,1.481211757210458
5.94296,0.04819958755829829,-0.2291091890972567,-0.277308776655555,-1.477973886118365,1.477973886118365
6.18096,0.7143734085493905,-0.012044203369298186,-0.7264176119186887,-1.4774532478601374,1.4774532478601374
5.74696,-0.22748059752517735,-0.37727421979937276,-0.1497936222741954,-1.4770274548718916,1.4770274548718916
7.58295,-0.7456769047583245,0.4662012580800278,1.2118781628383524,1.4761301425796132,1.4761301425796132
5.74896,-0.24769809500604817,-0.3828874234568451,-0.13518932845079695,-1.4752658222734774,1.4752658222734774
8.21194,-0.7954277826097331,0.12172884566952596,0.9171566282792591,1.4748486593116368,1.4748486593116368
8.37994,-0.48451706347701173,-0.33990032282160265,0.14461674065540908,1.4736758323371124,1.4736758323371124
5.69896,-0.23929502667775088,-0.3726851220693461,-0.13339009539159524,-1.4719898111468326,1.4719898111468326
6.48895,0.9521925558945104,-0.051596099578107346,-1.0037886554726176,-1.4711192454072968,1.4711192454072968
8.23994,-0.7566808637311886,-0.11739924177161996,0.6392816219595686,1.470992579897414,1.470992579897414
8.06094,-0.7925909625197204,-0.023581725972148044,0.7690092365475724,1.470985167817767,1.470985167817767
8.19994,-0.8240396342708768,0.1174112072729644,0.9414508415438412,1.4700954929796255,1.4700954929796255
8.68494,-0.8172394426188696,-0.15857607826861236,0.6586633643502573,1.4695871642792044,1.4695871642792044
7.58195,-0.7173886565523275,0.4342736552967787,1.1516623118491063,1.4694347572965385,1.4694347572965385
7.70594,-0.7238373389394539,0.5787937383901577,1.3026310773296115,1.4693203712681908,1.4693203712681908
7.26695,0.5140867065762563,-0.07477280657495197,-0.5888595131512083,-1.4655236670430343,1.4655236670430343
7.72394,-0.6775773470092886,0.5757692303147292,1.2533465773240178,1.4654858019649657,1.4654858019649657
7.22495,1.2963724423477383,0.2520209071685628,-1.0443515351791754,-1.465294599308918,1.465294599308918
6.13096,0.5454753456431919,-0.05821850290479618,-0.603693848547988,-1.4646021771859508,1.4646021771859508
7.48695,-0.5868953035745066,-0.04663508098904002,0.5402602225854666,1.4638592237586057,1.4638592237586057
7.52795,-0.6321016075679766,0.9008194233471447,1.5329210309151213,1.463796049413026,1.463796049413026
7.68794,-0.7468993623375682,0.6542754273464675,1.4011747896840356,1.4630726093045832,1.4630726093045832
8.19794,-0.6911768303016395,0.020026414632718748,0.7112032449343582,1.4630419935592869,1.4630419935592869
5.71296,-0.18731142244464535,-0.376273526005649,-0.18896210356100365,-1.4618344949767657,1.4618344949767657
5.90596,0.5639086349847938,-0.11026240691460515,-0.6741710418993989,-1.4611011325410952,1.4611011325410952
7.73194,-0.7984816374643983,0.29666635030506133,1.0951479877694597,1.4604777426066031,1.4604777426066031
7.56695,-0.5677886564444031,0.4560519111666815,1.0238405676110847,1.4562129924531173,1.4562129924531173
7.43295,-0.5945482736059753,1.133871630580754,1.7284199041867292,1.4555585088819947,1.4555585088819947
7.68894,-0.7475967006556277,0.6837932642925993,1.431389964948227,1.4541073085076954,1.4541073085076954
7.69094,-0.8049671705438964,0.762822782118523,1.5677899526624195,1.453929941443105,1.453929941443105
7.68694,-0.7493880361682073,0.6291591962051868,1.378547232373394,1.4518122220312488,1.4518122220312488
7.68594,-0.7731610849224216,0.6076160991087101,1.3807771840311318,1.4517129116348886,1.4517129116348886
8.19894,-0.730068870093028,0.06593322776533725,0.7960020978583653,1.446520922741981,1.446520922741981
7.20495,1.4303918126833408,0.5015044039621492,-0.9288874087211916,-1.4459560417139752,1.4459560417139752
7.57895,-0.6090517645435125,0.332441803818958,0.9414935683624706,1.445840147511216,1.445840147511216
7.72194,-0.7003000502594996,0.7624376720799457,1.4627377223394453,1.4453291181174148,1.4453291181174148
7.76894,-0.7332766908539845,0.2677706777683452,1.0010473686223298,1.4437154699176196,1.4437154699176196
7.68394,-0.7769510695300748,0.5614495954618329,1.3384006649919078,1.4421899423544786,1.4421899423544786
7.48595,-0.5950013798680109,-0.04076465466106346,0.5542367252069474,1.4395809786510882,1.4395809786510882
7.74894,-0.6935435748927372,0.005967602724436638,0.6995111776171739,1.4390199581909942,1.4390199581909942
7.72094,-0.7006963420451866,0.8429323448459453,1.543628686891132,1.435133923869139,1.435133923869139
6.53895,0.30658116874739094,-0.2053993872485208,-0.5119805559959117,-1.434651480008279,1.434651480008279
5.88996,0.2836554975386254,-0.20135356182151506,-0.4850090593601405,-1.4325594290133794,1.4325594290133794
5.70096,-0.23253006506988227,-0.37797762275394065,-0.14544755768405837,-1.4321880988774167,1.4321880988774167
7.43795,-0.6067673837269387,1.219181998551178,1.8259493822781168,1.432122219913098,1.432122219913098
7.68494,-0.7709619388183551,0.5855322742318503,1.3564942130502053,1.432096304012125,1.432096304012125
7.70794,-0.813636934765564,0.6702976334663764,1.4839345682319403,1.4320032436960095,1.4320032436960095
7.71394,-0.8199435545655587,0.9918032148264957,1.8117467693920544,1.4309836624711172,1.4309836624711172
7.64394,-0.7191492491461116,1.2134897008772283,1.9326389500233399,1.4309256246452742,1.4309256246452742
7.43895,-0.6510312035805446,1.2026070189295361,1.8536382225100807,1.4296483986875386,1.4296483986875386
7.68994,-0.745224735345924,0.7261086979053915,1.4713334332513155,1.4285742208375047,1.4285742208375047
5.68596,-0.2628562887112538,-0.3783999624800668,-0.11554367376881297,-1.4283915528085436,1.4283915528085436
7.71794,-0.6890419699400276,0.9425836426583187,1.6316256125983464,1.4278349034083355,1.4278349034083355
7.71694,-0.7037385970131563,0.9539858440147787,1.657724441027935,1.4271591135405768,1.4271591135405768
7.57995,-0.6273083317490471,0.3619982965843074,0.9893066283333545,1.4268588303315641,1.4268588303315641
5.70496,-0.21741706348653012,-0.37214615908721266,-0.15472909560068254,-1.4233149850637705,1.4233149850637705
7.68294,-0.7407586342552546,0.5507042106286743,1.2914628448839287,1.4228824438240546,1.4228824438240546
7.71994,-0.6927436565021194,0.8934126985876686,1.5861563550897881,1.4209253061997331,1.4209253061997331
7.99294,-0.579534185214656,-0.15251955577726273,0.4270146294373933,1.4193542370967631,1.4193542370967631
8.04894,-0.7091303901225036,0.020073180318997994,0.7292035704415015,1.4190215734438065,1.4190215734438065
7.71494,-0.7587958355371611,0.9925497295310761,1.7513455650682372,1.4188284909032527,1.4188284909032527
7.48395,-0.6285758991865267,-0.0121390236267314,0.6164368755597953,1.417473977961598,1.417473977961598
7.43195,-0.5754773493672218,1.098749067201361,1.6742264165685827,1.4159711217747812,1.4159711217747812
7.69794,-0.6805917399180313,0.6032269773101956,1.283818717228227,1.4129628214158754,1.4129628214158754
8.42894,-0.7421388247715222,-0.1551457787781676,0.5869930459933546,1.4115385549982884,1.4115385549982884
7.58095,-0.6427063537451163,0.40241187389912514,1.0451182276442414,1.406102760428178,1.406102760428178
7.99694,-0.5799946615922354,-0.13548191415332134,0.4445127474389141,1.405574025279222,1.405574025279222
7.46395,-0.6498221214630229,0.6681269898081958,1.3179491112712187,1.4052110079433193,1.4052110079433193
6.16196,0.6429006515232484,-0.026628655851710075,-0.6695293073749584,-1.4044230485319045,1.4044230485319045
6.03396,0.7699068367590847,-0.06958313178157718,-0.8394899685406618,-1.4027258623301295,1.4027258623301295
7.99494,-0.5599233110208389,-0.15466790369090375,0.40525540732993515,1.4020157154183546,1.4020157154183546
7.71894,-0.6572687045061744,0.9266685109120341,1.5839372154182083,1.4007939091102157,1.4007939091102157
7.46495,-0.6304931627537067,0.6331366318273335,1.2636297945810402,1.4001490029548778,1.4001490029548778
6.48995,0.9085734904158442,-0.043467034831655225,-0.9520405252474995,-1.399354431890686,1.399354431890686
7.69194,-0.775148994480263,0.7757725589757972,1.5509215534560603,1.3991703947587208,1.3991703947587208
7.48495,-0.6123293976478289,-0.03797353257268371,0.5743558650751452,1.3990989323065444,1.3990989323065444
5.73696,-0.23319379728763587,-0.38484409600068925,-0.15165029871305338,-1.39857886040814,1.39857886040814
8.66494,-0.8920551071790481,-0.10762746341636441,0.7844276437626837,1.3976913342684232,1.3976913342684232
8.05994,-0.7512467844504584,-0.021000357275327286,0.7302464271751312,1.3975810550448502,1.3975810550448502
7.74794,-0.7165960698486628,0.03342552790368922,0.750021597752352,1.3968740925277225,1.3968740925277225
5.77196,-0.2362893866441584,-0.37236088146473706,-0.13607149482057865,-1.3962528716446705,1.3962528716446705
7.46995,-0.710954680047132,0.45221600206649065,1.1631706821136227,1.3962446712443473,1.3962446712443473
7.46595,-0.6237461137369328,0.5947340767979347,1.2184801905348674,1.3958277379085378,1.3958277379085378
8.04794,-0.7157793948404176,0.03783657528075862,0.7536159701211762,1.3942548123869318,1.3942548123869318
8.22694,-0.813742536811462,-0.015842986025764134,0.7978995507856979,1.3941409165014282,1.3941409165014282
7.51795,-0.6507856802413942,0.6605395960234115,1.3113252762648058,1.393615034274631,1.393615034274631
7.76994,-0.7477017795212691,0.3260214734786044,1.0737232529998735,1.3935062724398493,1.3935062724398493
7.03695,-0.4356779689000564,0.29348498026767245,0.7291629491677288,1.3931662760832504,1.3931662760832504
7.67694,-0.70587863343311,0.5392482508116436,1.2451268842447536,1.3928792907048442,1.3928792907048442
7.52695,-0.6396809352200042,0.9253446846705644,1.5650256198905685,1.3917169215027532,1.3917169215027532
8.88794,-0.8632708197784447,-0.12473574566350878,0.7385350741149359,1.391401361663491,1.391401361663491
7.99594,-0.5601782045985565,-0.1448836174684835,0.415294587130073,1.390978432798018,1.390978432798018
7.99394,-0.5637049276945593,-0.1577260014577211,0.4059789262368382,1.3909412682538684,1.3909412682538684
7.43095,-0.5929237454403505,1.0532484886876685,1.6461722341280192,1.3908015410074712,1.3908015410074712
7.62594,-0.7562505118343675,0.8654175047286399,1.6216680165630075,1.3907790653929395,1.3907790653929395
8.04694,-0.7367465763092169,0.06366089564357547,0.8004074719527924,1.3904593591316796,1.3904593591316796
7.78894,-0.7613848949262253,0.4550355492411111,1.2164204441673365,1.3904027957532377,1.3904027957532377
7.71594,-0.6903728707838092,0.9665638555746026,1.6569367263584116,1.389827522136665,1.389827522136665
7.71294,-0.8085378511999681,0.9726359166830727,1.7811737678830408,1.3882416905944086,1.3882416905944086
5.72996,-0.22806297463701253,-0.3823946661428854,-0.1543316915058729,-1.3853543018492427,1.3853543018492427
7.45495,-0.6223238397560272,0.5725144096492514,1.1948382494052785,1.3849786959277244,1.3849786959277244
8.21094,-0.7890876433219742,0.1714183498594571,0.9605059931814313,1.383799193067517,1.383799193067517
5.69996,-0.24493629370210768,-0.38100230772321914,-0.13606601402111146,-1.3832726322290434,1.3832726322290434
7.44695,-0.5968557110125655,0.692360478166168,1.2892161891787335,1.3790223373806403,1.3790223373806403
7.77094,-0.7919178678076297,0.39051088790409444,1.1824287557117241,1.378010632587647,1.378010632587647
7.58395,-0.6849821444338358,0.49161662564020225,1.1765987700740381,1.377087373528239,1.377087373528239
8.87294,-0.836211892499436,-0.1416490920602968,0.6945628004391391,1.3767627216290284,1.3767627216290284
7.60895,-0.6879364555658818,0.4237624142833951,1.111698869849277,1.3766670453469982,1.3766670453469982
5.74796,-0.24682138597598646,-0.3832592223736058,-0.13643783639761936,-1.3750288342616963,1.3750288342616963
8.04494,-0.78345717004511,0.13130292662807352,0.9147600966731835,1.3742015722448482,1.3742015722448482
5.75096,-0.21768627291325038,-0.38184374030105245,-0.16415746738780207,-1.3729510916063268,1.3729510916063268
7.02895,-0.4695735408948373,0.18772015301944395,0.6572936939142813,1.3723860895393982,1.3723860895393982
7.69694,-0.6963917221720666,0.6480791030116898,1.3444708251837563,1.3706504293706034,1.3706504293706034
8.17294,-0.6379257925657599,-0.15863495302066502,0.4792908395450949,1.3703778082088491,1.3703778082088491
7.61195,-0.6852343018971014,0.41497825224731344,1.1002125541444148,1.36948091291008,1.36948091291008
7.62494,-0.689862345473417,0.764403115685099,1.454265461158516,1.3689743894810926,1.3689743894810926
7.67794,-0.7176345837237736,0.5546158494397454,1.272250433163519,1.367780266395279,1.367780266395279
7.60995,-0.670951287880917,0.4116889921092334,1.0826402799901502,1.3663624195605353,1.3663624195605353
7.60795,-0.693706745268104,0.44162594531864136,1.1353326905867454,1.363510323342052,1.363510323342052
7.43995,-0.6225092665535131,1.1664393962770414,1.7889486628305544,1.3633117612282648,1.3633117612282648
8.02994,-0.7228131041355015,-0.007532024167998213,0.7152810799675032,1.362627245325496,1.362627245325496
5.90696,0.5618150834595839,-0.10108115212095035,-0.6628962355805342,-1.3614552124533401,1.3614552124533401
8.18894,-0.7059123267208012,-0.12180023501627087,0.5841120917045303,1.3612880207696831,1.3612880207696831
7.49995,-0.5786987050815036,0.02244580403684739,0.6011445091183509,1.3598834581028745,1.3598834581028745
8.44294,-0.8005951295302498,-0.0978383567656747,0.7027567727645752,1.358201641009491,1.358201641009491
6.13196,0.581100269475174,-0.041820322346814535,-0.6229205918219886,-1.357308375378084,1.357308375378084
7.78794,-0.7798568592339428,0.47054487264404443,1.2504017318779872,1.3567314696859782,1.3567314696859782
8.20094,-0.809770060801005,0.19517945397425082,1.0049495147752558,1.3563147301801424,1.3563147301801424
7.73294,-0.7928403445731522,0.30858798324769904,1.1014283278208512,1.3563015327695904,1.3563015327695904
7.58795,-0.7094724984706821,0.46911340941984253,1.1785859078905245,1.356219832624931,1.356219832624931
7.62394,-0.6841999166281053,0.6938883219015923,1.3780882385296978,1.3535080835857929,1.3535080835857929
7.70894,-0.7780648595776491,0.7259340452751031,1.5039989048527522,1.3532400872310117,1.3532400872310117
7.02295,-0.47398651411653686,0.14672987383917108,0.6207163879557079,1.3506803630008888,1.3506803630008888
8.04394,-0.7808354772655355,0.15309856923447066,0.9339340465000061,1.349009386465531,1.349009386465531
7.03795,-0.45617581363757387,0.3491719640889138,0.8053477777264877,1.3489437233800845,1.3489437233800845
7.69294,-0.731151668458755,0.7815700580246701,1.512721726483425,1.3481865026869653,1.3481865026869653
7.64294,-0.6794303597951745,1.2982550417662206,1.9776854015613952,1.3469888872121696,1.3469888872121696
5.77796,-0.25450044262956156,-0.38165875618358786,-0.1271583135540263,-1.3465424714862495,1.3465424714862495
8.03194,-0.7072285298873624,0.003215984853438069,0.7104445147408005,1.3462945873465813,1.3462945873465813
7.02195,-0.4593818054243886,0.1210054899483714,0.58038729537276,1.3454611179580596,1.3454611179580596
7.68194,-0.670211305696543,0.5405476684578335,1.2107589741543765,1.3427903796823002,1.3427903796823002
7.69594,-0.7035900035906741,0.6938918262939526,1.3974818298846268,1.3424746424408232,1.3424746424408232
8.05894,-0.7013882817133223,-0.0259749653427728,0.6754133163705496,1.3424735803926293,1.3424735803926293
7.45595,-0.6208904777787259,0.5928700585005777,1.2137605362793036,1.341756788257704,1.341756788257704
7.67894,-0.7046455867389816,0.5590737417885392,1.2637193285275208,1.341116547279978,1.341116547279978
6.63395,0.17424752339630503,-0.2160579071786443,-0.3903054305749493,-1.340961159486192,1.340961159486192
7.44595,-0.6290611215228662,0.7699775123571692,1.3990386338800354,1.3408543661976788,1.3408543661976788
7.46895,-0.6395256435482526,0.4803356831858145,1.1198613267340671,1.3408233918090586,1.3408233918090586
7.62295,-0.7017466072268905,0.6436473502770893,1.3453939575039797,1.3408138093150659,1.3408138093150659
8.03094,-0.7083175194744485,-0.007383201196597877,0.7009343182778507,1.3407560674224988,1.3407560674224988
5.77896,-0.21884662696800522,-0.3722273108916696,-0.15338068392366438,-1.3387296531297777,1.3387296531297777
7.02795,-0.4992171335120498,0.19897830377750314,0.6981954372895529,1.3386810364663717,1.3386810364663717
7.02095,-0.4520528450332567,0.1050360272887312,0.5570888723219879,1.338476849010977,1.338476849010977
7.69394,-0.7137383988494651,0.7687032542744964,1.4824416531239615,1.3359390419321158,1.3359390419321158
7.78994,-0.6928275138722986,0.4465405331788647,1.1393680470511633,1.335602252639835,1.335602252639835
7.58695,-0.6666133543136645,0.4776813964621828,1.1442947507758472,1.3344981904403987,1.3344981904403987
7.59795,-0.7203200203250402,0.5450449600092854,1.2653649803343257,1.3341995406154168,1.3341995406154168
5.94496,0.06351875436781321,-0.22054091341764348,-0.28405966778545666,-1.3319044488522007,1.3319044488522007
7.45895,-0.6494973061431596,0.6287344568825577,1.2782317630257172,1.3305478589985391,1.3305478589985391
7.02395,-0.48060573676996354,0.1782189223388851,0.6588246591088487,1.3296050688451222,1.3296050688451222
7.61095,-0.64586563588213,0.4124545690283703,1.0583202049105003,1.3295598417651897,1.3295598417651897
6.14696,0.5948560109881393,-0.02124833898673157,-0.616104349974871,-1.3295520181830576,1.3295520181830576
7.61295,-0.670945514214327,0.42264325647210443,1.0935887706864316,1.3294680909536982,1.3294680909536982
7.59695,-0.7213401902060077,0.5175000245606521,1.2388402147666597,1.3284938456485405,1.3284938456485405
7.42995,-0.5631619439259892,1.0194838897553171,1.5826458336813063,1.3284452613501703,1.3284452613501703
6.49095,0.8685744243649853,-0.03928943042047664,-0.9078638547854619,-1.3280327913164514,1.3280327913164514
5.67696,-0.16559038722697264,-0.37786568005239857,-0.21227529282542593,-1.326294667531975,1.326294667531975
8.45694,-0.7311667322369667,-0.14738433820671737,0.5837823940302493,1.3258293119371034,1.3258293119371034
7.71194,-0.7679525477555877,0.9217053978823261,1.6896579456379137,1.3258077202500451,1.3258077202500451
6.53495,0.3558182113373346,-0.1904078489383053,-0.5462260602756399,-1.3254369988767032,1.3254369988767032
5.91496,0.7637605196709853,-0.033993762376530706,-0.7977542820475161,-1.32481249301387,1.32481249301387
7.74694,-0.732638671460244,0.06416921606019607,0.7968078875204401,1.3247767447675223,1.3247767447675223
7.51895,-0.6404439149253015,0.7268047997818913,1.3672487147071928,1.323790397255402,1.323790397255402
7.58495,-0.6522729282005617,0.5001705220943022,1.152443450294864,1.3214494923524684,1.3214494923524684
7.69494,-0.6908628024246475,0.7402770736673028,1.4311398760919503,1.3205896538032602,1.3205896538032602
7.45795,-0.6248948022066366,0.6174967954823072,1.2423915976889437,1.3205229336588273,1.3205229336588273
7.46295,-0.6034434294200957,0.6877198297002161,1.2911632591203117,1.3200647174827593,1.3200647174827593
7.67994,-0.6676652918797986,0.5615185128821026,1.2291838047619013,1.3172594489286726,1.3172594489286726
7.61395,-0.6842271205033637,0.43937080660759037,1.123597927110954,1.3165826756753447,1.3165826756753447
7.50095,-0.56572409859385,0.03067384568502732,0.5963979442788773,1.3162515444225689,1.3162515444225689
7.58895,-0.6958458083042212,0.46349756386959284,1.159343372173814,1.3146052855905856,1.3146052855905856
8.20994,-0.7677416627793634,0.23606882613642352,1.0038104889157868,1.314483204748768,1.314483204748768
7.03895,-0.4781364462860216,0.3975492456055696,0.8756856918915912,1.3125946756574634,1.3125946756574634
7.45995,-0.6401012827087371,0.655727996464741,1.295829279173478,1.312193974842355,1.312193974842355
7.46695,-0.5697659525803269,0.5531832633480788,1.1229492159284056,1.3117837954537097,1.3117837954537097
7.44495,-0.64487289417659,0.853178262324643,1.498051156501233,1.3115597165785675,1.3115597165785675
7.02695,-0.5194758849523688,0.20174282089689824,0.7212187058492671,1.3108449099848427,1.3108449099848427
7.45695,-0.6065466786574623,0.6069408915383552,1.2134875701958174,1.310272571197562,1.310272571197562
8.02494,-0.7156349307843095,0.02574638631696977,0.7413813171012793,1.3093551830875536,1.3093551830875536
8.88894,-0.877675150257585,-0.08747222567135768,0.7902029245862273,1.3091930014877273,1.3091930014877273
7.01995,-0.4465208132961167,0.09417819163019615,0.5406990049263128,1.3085969429261206,1.3085969429261206
7.46095,-0.6250772390582191,0.6900554092557343,1.3151326483139534,1.3081317302660191,1.3081317302660191
8.20894,-0.814061401422824,0.29131209635689836,1.1053734977797225,1.3073050438054183,1.3073050438054183
8.04294,-0.7604086198619074,0.16611199189027467,0.9265206117521821,1.3071207461987109,1.3071207461987109
7.58595,-0.6317547677220607,0.48441370403648093,1.1161684717585416,1.3055943345290486,1.3055943345290486
7.20695,1.3773289639319524,0.5187808885436813,-0.858548075388271,-1.305576335457845,1.305576335457845
7.46195,-0.6183264104037359,0.6958568746500174,1.3141832850537534,1.3048243090484815,1.3048243090484815
7.44095,-0.5741588545266809,1.139710672986136,1.7138695275128168,1.3043901408030245,1.3043901408030245
7.62694,-0.7346895098733612,1.0066888778024277,1.741378387675789,1.3035132913327745,1.3035132913327745
6.03296,0.7328674589287846,-0.06892989577666797,-0.8017973547054525,-1.3033681727657869,1.3033681727657869
8.03694,-0.6964205850160755,0.04519879404944774,0.7416193790655232,1.302648694558164,1.302648694558164
8.04594,-0.7085760254164446,0.09942303499533184,0.8079990604117764,1.301670550612555,1.301670550612555
8.03894,-0.7161070775253968,0.10036882047000725,0.8164758979954041,1.2989413033096273,1.2989413033096273
7.01895,-0.44903600059492155,0.09068659523027778,0.5397225958251993,1.2984230138142587,1.2984230138142587
7.20395,1.3994150668910823,0.5187299960137902,-0.8806850708772921,-1.2984115428246104,1.2984115428246104
7.70994,-0.759058856511103,0.7767333387799863,1.5357921952910893,1.2982861111945831,1.2982861111945831
7.47095,-0.6579498532832588,0.4293431667224423,1.0872930200057012,1.2971295699128107,1.2971295699128107
5.73796,-0.23980217352275834,-0.37386196093634183,-0.1340597874135835,-1.2962100745897527,1.2962100745897527
7.48195,-0.5939021479309534,0.04935575292939075,0.6432579008603442,1.2960437687646753,1.2960437687646753
5.79896,-0.21692941665895973,-0.37030632802288616,-0.15337691136392642,-1.296012823345935,1.296012823345935
7.42695,-0.6144684360358392,0.9844131614657693,1.5988815975016086,1.295958543225095,1.295958543225095
7.46795,-0.572393763028,0.5152878900722507,1.0876816531002507,1.2958886576881565,1.2958886576881565
7.44295,-0.6319547400221348,1.0193582047289356,1.6513129447510704,1.2958514555917537,1.2958514555917537
8.22794,-0.8501005030922091,0.030780958052352068,0.8808814611445611,1.293740087004802,1.293740087004802
7.61495,-0.685430509030247,0.467098562214333,1.15252907124458,1.2935245513836464,1.2935245513836464
8.44394,-0.8348049620427374,-0.06238761021887656,0.7724173518238608,1.2934968767437278,1.2934968767437278
8.40294,0.0805544136358548,-0.3291306495846623,-0.4096850632205171,-1.2920498215287703,1.2920498215287703
7.77194,-0.7769549327139782,0.4579487378774666,1.2349036705914447,1.2918604535686835,1.2918604535686835
7.51995,-0.6385687941898748,0.7844087782301447,1.4229775724200193,1.2917989361477527,1.2917989361477527
7.64194,-0.6670363271477432,1.4069504549235803,2.0739867820713234,1.2895563621580723,1.2895563621580723
7.68094,-0.627828257866434,0.5496379091552324,1.1774661670216664,1.2888571913796592,1.2888571913796592
7.58995,-0.686526306067698,0.449023827498485,1.135550133566183,1.2886452040726306,1.2886452040726306
7.01595,-0.47824405256505975,0.08975987620749909,0.5680039287725589,1.2883771381567175,1.2883771381567175
6.17996,0.6675961957900736,0.004786490924916657,-0.6628097048651569,-1.2873704180090955,1.2873704180090955
8.89894,-0.8538283733841896,-0.09793124502966867,0.7558971283545209,1.2854019692507215,1.2854019692507215
7.59895,-0.6983057916170599,0.5814510074430447,1.2797567990601046,1.2848403987729846,1.2848403987729846
6.53395,0.3557928764987016,-0.18045952372184346,-0.5362524002205451,-1.28433579331871,1.28433579331871
6.53695,0.29831938263996494,-0.18307717171382196,-0.4813965543537869,-1.2841407858844036,1.2841407858844036
6.71395,-0.07814415128527649,-0.2870261883374029,-0.2088820370521264,-1.2800954255563406,1.2800954255563406
7.48295,-0.5716595288252716,0.01773808090431532,0.5893976097295869,1.2800855123808554,1.2800855123808554
7.71094,-0.7405780483622806,0.8461928376083843,1.5867708859706648,1.279896661812415,1.279896661812415
7.99994,-0.5760247893659691,-0.08050625689191625,0.49551853247405286,1.2789308874612126,1.2789308874612126
7.52595,-0.5842177160029418,0.9423694311368048,1.5265871471397467,1.2773394695792162,1.2773394695792162
7.42595,-0.6112852175353285,0.9782607309368279,1.5895459484721564,1.2771143384266612,1.2771143384266612
7.62195,-0.6778905757279383,0.6128250214970795,1.290715597225018,1.2764109178140013,1.2764109178140013
8.20194,-0.8110514628521521,0.2782558762379581,1.0893073390901102,1.276402792565655,1.276402792565655
7.64094,-0.73530423615045,1.5237652594797328,2.259069495630183,1.2761145915725058,1.2761145915725058
7.59395,-0.7100007741038188,0.4557272463524807,1.1657280204562994,1.2757670139066213,1.2757670139066213
7.78694,-0.7651600364336199,0.5090565390011723,1.2742165754347923,1.2736501211722717,1.2736501211722717
6.03196,0.7469375429532036,-0.054346741518142797,-0.8012842844713464,-1.2724136998023496,1.2724136998023496
7.44195,-0.5851585516983706,1.0787547328392424,1.663913284537613,1.2722796459645107,1.2722796459645107
8.20794,-0.8481794827071525,0.33617119244433497,1.1843506751514874,1.2719071875589913,1.2719071875589913
7.44395,-0.6137947138248983,0.9395055586988175,1.5533002725237157,1.2715597485690038,1.2715597485690038
7.01695,-0.46515248284185473,0.08480528272793088,0.5499577655697856,1.271549234094264,1.271549234094264
7.86994,-0.5842475645122478,-0.03284109405747991,0.5514064704547679,1.2708534949040189,1.2708534949040189
8.02794,-0.6853287467130862,-0.010214038832896087,0.6751147078801901,1.2667815745880995,1.2667815745880995
7.59495,-0.6963628565678184,0.47559058643556973,1.171953443003388,1.2666663944358754,1.2666663944358754
8.03794,-0.6817203393403307,0.07327834633396632,0.7549986856742971,1.2665166292951169,1.2665166292951169
7.99894,-0.563158056590761,-0.09997210839125953,0.4631859481995015,1.2663511745890346,1.2663511745890346
7.59195,-0.697198738517011,0.4408170846818175,1.1380158231988284,1.2646922071377225,1.2646922071377225
5.78496,-0.23407796588393626,-0.3683501227631341,-0.13427215687919786,-1.2631639813758595,1.2631639813758595
8.18794,-0.6713670462471419,-0.09674382436820718,0.5746232218789348,1.2625894124333357,1.2625894124333357
7.79094,-0.6429904468429504,0.4566022699756726,1.099592716818623,1.2621558519711693,1.2621558519711693
7.22395,1.3119541133758916,0.2930543259652162,-1.0188997874106756,-1.2619296028909306,1.2619296028909306
7.60695,-0.6326571180183883,0.46927128334477597,1.1019284013631643,1.2588066082029863,1.2588066082029863
7.59595,-0.6714056672263242,0.49955024457076014,1.1709559117970842,1.258265680207821,1.258265680207821
6.13296,0.6226176175728864,-0.012602538408984473,-0.6352201559818709,-1.258016809003953,1.258016809003953
8.03994,-0.7047783983439085,0.12350123390072903,0.8282796322446375,1.2569963601618703,1.2569963601618703
8.01994,-0.6886917763423581,0.1237726344895581,0.8124644108319162,1.2563374151880167,1.2563374151880167
8.02194,-0.6908360088688845,0.08225808381069805,0.7730940926795826,1.2541363338682192,1.2541363338682192
7.42795,-0.5293343509145805,0.998505554601181,1.5278399055157614,1.253246068564963,1.253246068564963
6.16296,0.6409163157973123,-0.007803519931743441,-0.6487198357290558,-1.2531429199023285,1.2531429199023285
5.94796,0.11598027905971803,-0.19536729694738467,-0.3113475760071027,-1.2520788544805026,1.2520788544805026
6.53595,0.30096494801342527,-0.18777847076980642,-0.4887434187832317,-1.2520250727244935,1.2520250727244935
8.00194,-0.6154907278160469,-0.02767915839903229,0.5878115694170145,1.250245071568323,1.250245071568323
8.04194,-0.7184962806820352,0.16467585739307788,0.8831721380751131,1.2496103347530443,1.2496103347530443
5.78896,-0.2387126640332595,-0.38019346841343216,-0.14148080438017266,-1.2494978132605736,1.2494978132605736
8.00294,-0.6457944413443357,0.00666754306325365,0.6524619844075894,1.2490524891140449,1.2490524891140449
5.74996,-0.2570386553075865,-0.37778906964830045,-0.12075041434071393,-1.2488052013302864,1.2488052013302864
8.02094,-0.6827446583730342,0.09663988838371855,0.7793845467567527,1.2484655532738966,1.2484655532738966
7.59995,-0.700215542634059,0.6140218128503024,1.3142373554843614,1.2476566433012921,1.2476566433012921
7.59095,-0.663061353020777,0.44098364326068507,1.104044996281462,1.2476297828833918,1.2476297828833918
7.99794,-0.537436719556719,-0.12576953776930463,0.41166718178741435,1.2466554370878067,1.2466554370878067
7.48095,-0.59384694465542,0.08279078196467558,0.6766377266200956,1.2456155247565541,1.2456155247565541
7.62095,-0.6738767999746815,0.5875052228899466,1.2613820228646282,1.2437114821543165,1.2437114821543165
6.02996,0.7973681180074218,-0.029499051789416544,-0.8268671697968384,-1.2422339789815118,1.2422339789815118
7.52095,-0.6152125393503087,0.8217135118908221,1.4369260512411308,1.2416532609958426,1.2416532609958426
5.78396,-0.21206245019442807,-0.3667048367243108,-0.15464238652988274,-1.2416479294870173,1.2416479294870173
6.03096,0.7603847437041608,-0.03823764516879448,-0.7986223888729552,-1.2393196933686688,1.2393196933686688
6.53795,0.25492253959455885,-0.1976067325318883,-0.4525292721264471,-1.237925502898915,1.237925502898915
7.60095,-0.7339291087724741,0.6324086434695508,1.3663377522420248,1.2369075015696185,1.2369075015696185
7.74594,-0.7371182193161588,0.09854362922202878,0.8356618485381876,1.2359355252959907,1.2359355252959907
7.42895,-0.48142846197473,1.0055885002101035,1.4870169621848335,1.2357620578279147,1.2357620578279147
7.95294,-0.6007775790474521,0.005229492191526254,0.6060070712389783,1.2354435745761518,1.2354435745761518
7.61595,-0.6514062867998656,0.484402940628163,1.1358092274280285,1.2353135352595466,1.2353135352595466
7.59295,-0.6816997222481678,0.44709439501384396,1.1287941172620117,1.234602257805207,1.234602257805207
8.45594,-0.7417165428744528,-0.11186954808931066,0.6298469947851422,1.2334621300394228,1.2334621300394228
7.86594,-0.5977236490937565,0.004869244319268804,0.6025928934130254,1.23265722980909,1.23265722980909
8.86094,-0.8124672801172985,-0.1191733588467468,0.6932939212705517,1.232636574622168,1.232636574622168
7.86694,-0.5777148830454286,-0.018386791816419962,0.5593280912290086,1.2320113406902058,1.2320113406902058
8.03394,-0.6503862592584094,0.016063071426290862,0.6664493306847002,1.2310375859490303,1.2310375859490303
8.04094,-0.6982488394618571,0.1426265420161259,0.840875381477983,1.2306310022174,1.2306310022174
8.02594,-0.6665870145668837,0.008817688684952264,0.675404703251836,1.2289317216038296,1.2289317216038296
7.52495,-0.577289465487051,0.946805447544317,1.524094913031368,1.2282784418198913,1.2282784418198913
8.02894,-0.6589653141882093,-0.00951298363384658,0.6494523305543627,1.2275712787981303,1.2275712787981303
8.02394,-0.6706416568634237,0.04392082226111424,0.714562479124538,1.2272799142162867,1.2272799142162867
8.23894,-0.7132394772864801,-0.0747510118570312,0.6384884654294489,1.2271088921459707,1.2271088921459707
7.63994,-0.7890813207442688,1.676697109779707,2.465778430523976,1.2259533796463131,1.2259533796463131
7.60595,-0.6459408855398643,0.5100524363139792,1.1559933218538436,1.2245757570706628,1.2245757570706628
7.19395,1.3826695011790042,0.5133114638728045,-0.8693580373061998,-1.2245024099640778,1.2245024099640778
8.68394,-0.7815938528365594,-0.12272067389868985,0.6588731789378695,1.220691772003889,1.220691772003889
8.42794,-0.7171266565565095,-0.12970892172147114,0.5874177348350385,1.218539935610201,1.218539935610201
7.01295,-0.4465955872455607,0.10878822535203075,0.5553838125975914,1.2183200978587243,1.2183200978587243
5.75896,-0.2375655394209645,-0.3823089016719634,-0.1447433622509989,-1.2178787529542412,1.2178787529542412
7.78594,-0.773868289267118,0.5595243217935999,1.333392611060718,1.217785050406553,1.217785050406553
8.88994,-0.8847993724333816,-0.055234382130648546,0.829564990302733,1.215288495143974,1.215288495143974
5.91396,0.7175172286709031,-0.02660188144517141,-0.7441191101160745,-1.2138786147577196,1.2138786147577196
8.02294,-0.667323458659282,0.05833253939816338,0.7256559980574454,1.213410593574832,1.213410593574832
7.19295,1.3345581702383287,0.4950544094709087,-0.8395037607674201,-1.2115692315176911,1.2115692315176911
7.47195,-0.6160111407799227,0.4056860753755355,1.0216972161554583,1.2112148755464183,1.2112148755464183
7.47295,-0.6604004273494405,0.36946066439839215,1.0298610917478326,1.2096907349714563,1.2096907349714563
7.99194,-0.5140948017721781,-0.15046892021273137,0.36362588155944675,1.2094370019200458,1.2094370019200458
6.14596,0.6029117709399711,-0.0016884883499250708,-0.6046002592898961,-1.2083712289433468,1.2083712289433468
7.02595,-0.47751511117519063,0.19567093542123729,0.6731860465964279,1.2083414468739726,1.2083414468739726
7.42495,-0.5660138720570594,0.968161339128498,1.5341752111855573,1.2067595019998059,1.2067595019998059
8.03294,-0.636098976923301,0.008737048485718562,0.6448360254090195,1.2067113639026334,1.2067113639026334
8.41194,-0.6070864884852791,-0.20009202631553843,0.40699446216974067,1.2060234072707299,1.2060234072707299
7.29295,0.3641975378643926,-0.07822820899695461,-0.44242574686134717,-1.2051756740232829,1.2051756740232829
7.60195,-0.7327335388906386,0.6405571784705901,1.3732907173612288,1.2041056625327986,1.2041056625327986
7.98994,-0.5302487757895082,-0.13662117938808727,0.393627596401421,1.2040459501982408,1.2040459501982408
7.52395,-0.5809022255893445,0.931217984719716,1.5121202103090603,1.2034797976752032,1.2034797976752032
7.01795,-0.42256363195935964,0.08600432552750283,0.5085679574868625,1.2025149704942795,1.2025149704942795
6.53095,0.3902147389691907,-0.16158360718193976,-0.5517983461511304,-1.2023550656371171,1.2023550656371171
7.61995,-0.6526105354553178,0.5661155070171554,1.2187260424724733,1.2003470580760898,1.2003470580760898
8.20294,-0.8124528304322396,0.34095263335168013,1.1534054637839197,1.2002642417180864,1.2002642417180864
7.06295,-0.4940071637574194,0.6920019028797606,1.18600906663718,1.2002258517796476,1.2002258517796476
7.52295,-0.5883512841626836,0.8977907873346075,1.486142071497291,1.2001629906688398,1.2001629906688398
7.26795,0.4860977014729716,-0.045718155233906585,-0.5318158567068781,-1.199887195807302,1.199887195807302
7.04195,-0.44712480911332314,0.4906997503135773,0.9378245594269005,1.1994450889138801,1.1994450889138801
8.86994,-0.9067514013358626,-0.027503109240725243,0.8792482920951374,1.198529218239356,1.198529218239356
5.91096,0.6609062338625078,-0.045716083611750474,-0.7066223174742583,-1.1982178290043284,1.1982178290043284
8.66594,-0.8740136019886326,-0.039400474281962056,0.8346131277066706,1.1982131355196388,1.1982131355196388
7.61695,-0.6277497884203067,0.49648514524376414,1.124234933664071,1.1971192335051164,1.1971192335051164
7.52195,-0.574600862532207,0.8657127812542219,1.4403136437864288,1.1968507999299247,1.1968507999299247
8.87094,-0.8557996746997147,-0.07464643886752513,0.7811532358321897,1.1961335328859402,1.1961335328859402
7.87094,-0.5571006974551955,-0.03198961340996869,0.5251110840452269,1.1955917366232371,1.1955917366232371
7.77294,-0.7334437077564431,0.5258270446091676,1.2592707523656106,1.195339978611097,1.195339978611097
7.79194,-0.6380665510089716,0.4724628370894764,1.110529388098448,1.1945609858956983,1.1945609858956983
7.19095,1.2742064961664716,0.46801303643999526,-0.8061934597264764,-1.1921491227642185,1.1921491227642185
8.20694,-0.8292818141654145,0.3747518816103473,1.2040336957757618,1.1917281466219927,1.1917281466219927
5.76696,-0.24784684583718783,-0.38462076794980193,-0.1367739221126141,-1.1913299514408007,1.1913299514408007
8.87194,-0.7937974631011518,-0.10735933530817879,0.6864381277929731,1.1903093472649053,1.1903093472649053
8.45494,-0.7872042522580189,-0.08535743517753981,0.7018468170804791,1.1891788545142834,1.1891788545142834
8.68294,-0.8480721013374861,-0.08106474164994866,0.7670073596875374,1.1888879282788334,1.1888879282788334
6.53295,0.3350229275221407,-0.1717706064401891,-0.5067935339623297,-1.187776101006391,1.187776101006391
7.04795,-0.47738668118865174,0.5297238957210048,1.0071105769096564,1.1873938775714088,1.1873938775714088
7.20295,1.3936601239523574,0.5416698526546605,-0.8519902712976969,-1.1873538888160258,1.1873538888160258
5.75996,-0.25045541398606064,-0.3784438637310334,-0.12798844974497275,-1.1872278246627632,1.1872278246627632
7.03995,-0.4203140385087407,0.4345983532588585,0.8549123917675991,1.1869482633261534,1.1869482633261534
8.18694,-0.6490651492186447,-0.07789834695631896,0.5711668022623257,1.1855931592417723,1.1855931592417723
6.58295,0.18860187321762414,-0.17219119713464767,-0.3607930703522718,-1.184771611171484,1.184771611171484
8.86194,-0.8529947774055704,-0.07674551748391446,0.7762492599216559,1.1844161528012145,1.1844161528012145
8.89094,-0.9193073526711899,-0.01933866981931966,0.8999686828518703,1.1840125094261402,1.1840125094261402
7.62794,-0.673319502560216,1.1684657774980627,1.8417852800582786,1.1813792650543775,1.1813792650543775
5.78996,-0.24541694359190566,-0.381682803841902,-0.13626586024999635,-1.1803658146172382,1.1803658146172382
8.44494,-0.8088331439257938,-0.019665532349808588,0.7891676115759851,1.1795726024092532,1.1795726024092532
8.17394,-0.6001915508128678,-0.1431290633563069,0.45706248745656086,1.1790872761618,1.1790872761618
7.04895,-0.4960412421518784,0.5627098278871239,1.0587510700390022,1.1789615395167325,1.1789615395167325
6.17896,0.6651200357921281,0.024683055855118936,-0.6404369799370091,-1.1782102893553232,1.1782102893553232
5.91196,0.6805914406312918,-0.0312754215481355,-0.7118668621794273,-1.1782016472240167,1.1782016472240167
7.04695,-0.4374261702902087,0.5202726319662359,0.9576988022564445,1.177199625300569,1.177199625300569
6.02896,0.7841366509197888,-0.018651857165677944,-0.8027885080854668,-1.1743365819155556,1.1743365819155556
7.04295,-0.43418989617708337,0.5168604819907234,0.9510503781678068,1.1737054069862145,1.1737054069862145
5.94596,0.0616853175354186,-0.21778523452919296,-0.2794705520646116,-1.1736754108679852,1.1736754108679852
5.70196,-0.2414998465174269,-0.3781717435631455,-0.13667189704571858,-1.1702712903724886,1.1702712903724886
7.01195,-0.42312968415250884,0.11748777236865382,0.5406174565211627,1.1700016520829872,1.1700016520829872
5.86896,0.09235471423857625,-0.22417346868198434,-0.3165281829205606,-1.1694786852310364,1.1694786852310364
8.03594,-0.617690096812845,0.0373326029760401,0.6550226997888852,1.1678102459019086,1.1678102459019086
6.53195,0.3516271221780113,-0.16200714059551183,-0.5136342627735231,-1.167710098922385,1.167710098922385
7.61795,-0.6170587299954153,0.5219314435593136,1.138990173554729,1.1675537779911256,1.1675537779911256
7.19195,1.2752897472912093,0.47716868508607857,-0.7981210622051307,-1.1662969846195637,1.1662969846195637
7.40695,-0.4297764087279433,0.886911207326808,1.3166876160547512,1.1630575121649511,1.1630575121649511
6.49195,0.7696734468803151,-0.03622832247211684,-0.805901769352432,-1.1621272234808013,1.1621272234808013
8.00594,-0.6865017529108439,0.1366053800215281,0.823107132932372,1.1621049817529758,1.1621049817529758
7.60495,-0.6324575976469381,0.5557389131092283,1.1881965107561663,1.161740207563866,1.161740207563866
7.00995,-0.40416155344506194,0.14877273508235037,0.5529342885274123,1.1617370655124963,1.1617370655124963
7.86894,-0.5337473899550231,-0.032839105244726934,0.5009082847102962,1.160677190680581,1.160677190680581
7.99094,-0.5117997675093465,-0.14731938006278802,0.36448038744655853,1.1605400252537432,1.1605400252537432
7.47995,-0.573435379351821,0.11858293552978269,0.6920183148816037,1.160078911476304,1.160078911476304
7.06195,-0.457001319493171,0.6704008290506074,1.1274021485437784,1.1599374960036406,1.1599374960036406
8.20394,-0.8191973294869892,0.38882009444717247,1.2080174239341617,1.1593200500928722,1.1593200500928722
8.20594,-0.8155844818798835,0.4155981945702654,1.231182676450149,1.158989223206102,1.158989223206102
8.86294,-0.894900012013611,-0.02443322523917231,0.8704667867744387,1.1589718716605923,1.1589718716605923
6.52595,0.46375002718756136,-0.1228226735155616,-0.586572700703123,-1.1574274483251463,1.1574274483251463
7.04095,-0.41345288588955725,0.4647948386664923,0.8782477245560496,1.1570688446673367,1.1570688446673367
7.18995,1.2477147921437464,0.4721511360911863,-0.7755636560525601,-1.1566597984425588,1.1566597984425588
7.04595,-0.4044041669433355,0.5081255175840504,0.9125296845273859,1.1562395613477474,1.1562395613477474
5.73896,-0.24862631192307771,-0.37108971572706384,-0.12246340380398613,-1.155802161030844,1.155802161030844
5.94896,0.12907950439595,-0.17302817408664412,-0.3021076784825941,-1.1557917173511008,1.1557917173511008
7.00695,-0.43478066618047195,0.17771574286611408,0.6124964090465861,1.1553866090099116,1.1553866090099116
8.03494,-0.6094536891546609,0.02560692859567934,0.6350606177503403,1.1553243227368206,1.1553243227368206
8.44594,-0.85607245741733,0.004149717942784675,0.8602221753601146,1.154981565216738,1.154981565216738
7.00895,-0.4070805347337692,0.1542215810394938,0.5613021157732629,1.1548239790930976,1.1548239790930976
6.52695,0.4381069419901637,-0.13423384094730118,-0.5723407829374649,-1.1539521573983844,1.1539521573983844
7.47695,-0.6495411575053484,0.2348865815402987,0.8844277390456471,1.1531941006779602,1.1531941006779602
8.86894,-0.9231334259750357,0.01253010219936421,0.9356635281743999,1.1530965549998762,1.1530965549998762
7.02495,-0.4226369810645571,0.19489925805745903,0.6175362391220162,1.152520379875546,1.152520379875546
7.86494,-0.5859630200537989,0.035452442866679444,0.6214154629204783,1.1520261419735722,1.1520261419735722
8.23794,-0.7294543783547625,-0.016295866097497946,0.7131585122572646,1.1520253038559816,1.1520253038559816
7.42395,-0.5393435702118929,0.9766117319494497,1.5159553021613426,1.151858822526818,1.151858822526818
7.61895,-0.6134887127917854,0.5479814673333444,1.16147018012513,1.1518185356258344,1.1518185356258344
6.52495,0.47700922760865105,-0.11907367440613766,-0.5960829020147888,-1.150264212966848,1.150264212966848
7.73394,-0.696893387210659,0.31163670119925885,1.0085300884099178,1.149297432700784,1.149297432700784
5.77096,-0.2771410596439778,-0.3796889194588628,-0.10254785981488501,-1.148906399956865,1.148906399956865
8.20494,-0.814998588439509,0.42049816910317733,1.2354967575426863,1.1486707507137313,1.1486707507137313
7.31295,0.8445968587994938,0.0791393150026737,-0.7654575437968201,-1.1468959376231114,1.1468959376231114
8.23694,-0.7920721955948353,0.04178985186692963,0.833862047461765,1.146333908744184,1.146333908744184
7.20195,1.423419372664079,0.555192068957035,-0.8682273037070439,-1.1462982393301668,1.1462982393301668
7.06395,-0.4457239409412517,0.7144908699111832,1.1602148108524348,1.1462045701343004,1.1462045701343004
8.01894,-0.6306100980962688,0.14859488642116703,0.7792049845174358,1.145652186245774,1.145652186245774
7.19495,1.363566735437157,0.5220267320725791,-0.8415400033645779,-1.145235730094247,1.145235730094247
6.49295,0.7572428286336143,-0.038243113534699384,-0.7954859421683136,-1.1451298373184733,1.1451298373184733
8.02694,-0.6225207049297667,-0.0026374378873009474,0.6198832670424658,1.1442346588379686,1.1442346588379686
7.04395,-0.40061069696084295,0.5201676834986203,0.9207783804594633,1.1441042310242742,1.1441042310242742
7.60295,-0.6711627133965803,0.6326223366692534,1.3037850500658337,1.143123592697439,1.143123592697439
8.41294,-0.6297612883515862,-0.16578319381796966,0.4639780945336165,1.1429424780618431,1.1429424780618431
6.97795,-0.4218446350454951,0.10741731184537129,0.5292619468908664,1.1428847178025112,1.1428847178025112
6.52795,0.4187793439874604,-0.1372197226684686,-0.555999066655929,-1.141248505165297,1.141248505165297
7.87294,-0.5346491060295099,-0.021817068919724816,0.5128320371097851,1.1405975027361446,1.1405975027361446
7.04495,-0.38879788456070224,0.5153293739563076,0.9041272585170099,1.1381441340118301,1.1381441340118301
5.90996,0.5897615911347676,-0.051924724367703456,-0.641686315502471,-1.1377677968262727,1.1377677968262727
7.40895,-0.4292061265381002,0.9772768040581874,1.4064829305962876,1.137349536431827,1.137349536431827
7.40995,-0.44295880302281204,1.0321269696125173,1.4750857726353293,1.1370538124108118,1.1370538124108118
8.89794,-0.8194563980548162,-0.062319498715917604,0.7571368993388986,1.1365087943616592,1.1365087943616592
6.49395,0.7354158422720507,-0.04157307362831118,-0.7769889159003619,-1.1359545816870753,1.1359545816870753
7.78494,-0.7458551710628855,0.6007485926656593,1.3466037637285448,1.1345159184109614,1.1345159184109614
5.90896,0.5415939480155096,-0.06358759268279085,-0.6051815406983005,-1.1336319640427852,1.1336319640427852
7.73694,-0.8105425402842511,0.34620109259767656,1.1567436328819276,1.1333166607209668,1.1333166607209668
7.40795,-0.4088540281630566,0.9280827384076269,1.3369367665706835,1.1333111146441246,1.1333111146441246
7.87194,-0.5262676825498664,-0.03213076989280745,0.494136912657059,1.1327330451905109,1.1327330451905109
5.91296,0.6704878750430766,-0.021507654485486846,-0.6919955295285635,-1.1327018820846584,1.1327018820846584
7.86394,-0.5952247028813296,0.06187580734497812,0.6571005102263077,1.1308459897219019,1.1308459897219019
7.22295,1.3956926656581001,0.351632266937364,-1.0440603987207362,-1.1305779606778523,1.1305779606778523
7.60395,-0.6376881435287546,0.5979439232775516,1.235632066806306,1.1293687640878227,1.1293687640878227
7.95194,-0.5552284629565453,0.03029746247560536,0.5855259254321507,1.129242503327992,1.129242503327992
6.99495,-0.4582428332339576,0.2995865893084277,0.7578294225423853,1.128751940795573,1.128751940795573
6.49495,0.7236633810549837,-0.036718938333787615,-0.7603823193887713,-1.1263995185550395,1.1263995185550395
8.22894,-0.8166317171233395,0.08481413202574163,0.9014458491490811,1.1238953041388795,1.1238953041388795
8.38494,-0.2401070432653315,-0.350195155519494,-0.11008811225416248,-1.123537707379778,1.123537707379778
7.47395,-0.6043301452969031,0.34672694577446256,0.9510570910713656,1.1235058056328906,1.1235058056328906
5.90796,0.4935791045396599,-0.0805409252849384,-0.5741200298245983,-1.1230827107538675,1.1230827107538675
8.00094,-0.5354816039868368,-0.060780652740158994,0.47470095124667777,1.1225318710047427,1.1225318710047427
7.00595,-0.43389563176066137,0.20859262099358286,0.6424882527542443,1.1212380007079583,1.1212380007079583
7.01095,-0.38637811628421903,0.13670240708075168,0.5230805233649707,1.1206095344450684,1.1206095344450684
7.47595,-0.6225171105663607,0.2794820144390445,0.9019991250054052,1.1204674000850752,1.1204674000850752
7.86794,-0.5201365803128394,-0.03151244546456636,0.48862413484827305,1.120128753467915,1.120128753467915
5.78796,-0.272249952770651,-0.37590505836745763,-0.10365510559680663,-1.1192013649677697,1.1192013649677697
7.41095,-0.4402037425064387,1.0764598391750735,1.5166635816815122,1.1182920664951232,1.1182920664951232
7.06495,-0.425239241155819,0.7374454506147786,1.1626846917705977,1.1180820429631007,1.1180820429631007
7.40595,-0.38517811266301794,0.8431226854161044,1.2283007980791223,1.1161272654672898,1.1161272654672898
8.41394,-0.6752790903340551,-0.13415217683790426,0.5411269134961508,1.1156888057095606,1.1156888057095606
8.86394,-0.9143247419160596,0.015127190979421532,0.9294519328954811,1.1148030272950402,1.1148030272950402
6.02796,0.7696446306783069,-0.008934823794234596,-0.7785794544725415,-1.1145779287128394,1.1145779287128394
7.47795,-0.6127890702078229,0.19014609925059706,0.8029351694584199,1.1144960486241073,1.1144960486241073
6.52995,0.3658998905174395,-0.1599665215179008,-0.5258664120353402,-1.1140824365679673,1.1140824365679673
6.17796,0.6850247096128091,0.054303368152372355,-0.6307213414604368,-1.113818994843914,1.113818994843914
7.77394,-0.7000060596428443,0.5822341205695947,1.282240180212439,1.1133369990457527,1.1133369990457527
7.04995,-0.4588902273405184,0.5959540171743875,1.0548442445149058,1.112761128075977,1.112761128075977
7.79294,-0.6369502407303456,0.49315406775780496,1.1301043084881506,1.1126249004282511,1.1126249004282511
6.63295,0.14243011763536514,-0.20471966350097107,-0.3471497811363362,-1.1125747475223762,1.1125747475223762
7.41195,-0.4403997411573292,1.1262239613304492,1.5666237024877785,1.1122489557809927,1.1122489557809927
8.00494,-0.6273494496536003,0.08949510870465797,0.7168445583582582,1.1120378328187719,1.1120378328187719
7.00795,-0.40474752890474464,0.15568343333193044,0.5604309622366751,1.1113951012703442,1.1113951012703442
7.42295,-0.5188998874339784,1.0084170786568345,1.527316966090813,1.111353554177888,1.111353554177888
8.45394,-0.7868330334537765,-0.04733805140165779,0.7394949820521187,1.1111057229725438,1.1111057229725438
7.74494,-0.7116756579296939,0.13760758694076147,0.8492832448704554,1.1096829082227428,1.1096829082227428
8.23594,-0.835783005913844,0.10249672611177899,0.938279732025623,1.1086261127444672,1.1086261127444672
6.52395,0.4667858111838529,-0.11385352568250792,-0.5806393368663608,-1.1077143336616126,1.1077143336616126
7.84794,-0.6660541473571147,0.33792653569506037,1.0039806830521751,1.107329319253636,1.107329319253636
5.79296,-0.282911350379382,-0.35862291360385273,-0.07571156322447076,-1.1070845358548338,1.1070845358548338
7.73594,-0.7550244370105037,0.3341049509594578,1.0891293879699615,1.1066306918321787,1.1066306918321787
5.88896,0.22327676279175404,-0.18713868114491372,-0.41041544393666773,-1.1058459065520578,1.1058459065520578
8.00694,-0.6768252584034984,0.19876339287115452,0.8755886512746529,1.1046093438089428,1.1046093438089428
7.95394,-0.5259020205554719,-0.019512418556379564,0.5063896019990923,1.104120112688944,1.104120112688944
8.41094,-0.5593191899652975,-0.2346140321634329,0.3247051578018646,1.10394760832764,1.10394760832764
6.98495,-0.4428545985657818,0.14353991363196783,0.5863945121977496,1.103252867039714,1.103252867039714
8.89194,-0.8848217896721788,0.02463477677605906,0.9094565664482379,1.1021713520232523,1.1021713520232523
8.40994,-0.5548360739571822,-0.26742306196667787,0.2874130119905043,1.101068515204651,1.101068515204651
7.73494,-0.7047460461602544,0.3275708554012806,1.032316901561535,1.1007991720396935,1.1007991720396935
6.13396,0.6220000295488377,0.01560977633327106,-0.6063902532155666,-1.1007959781140364,1.1007959781140364
8.00394,-0.5910966464060692,0.04143024472666476,0.632526891132734,1.1002666855927676,1.1002666855927676
7.47895,-0.5730985266968884,0.1526351338507905,0.725733660547679,1.09989921055044,1.09989921055044
7.63894,-0.7171689128864296,1.8704807174412612,2.587649630327691,1.0997430499365284,1.0997430499365284
5.70396,-0.26674403250916046,-0.3758725405143604,-0.10912850800519996,-1.0985548648552523,1.0985548648552523
7.06595,-0.41917938203955846,0.7532697428465776,1.172449124886136,1.098235127278647,1.098235127278647
8.17594,-0.6122553372993471,-0.10286283288360984,0.5093925044157372,1.0971767650507702,1.0971767650507702
7.42095,-0.5306403348868975,1.0798779042690378,1.6105182391559354,1.0945361207327111,1.0945361207327111
7.95094,-0.5467324122828768,0.07058864937327988,0.6173210616561567,1.0945009356551392,1.0945009356551392
7.18895,1.2060300126524397,0.46655172593233346,-0.7394782867201062,-1.0943606602742268,1.0943606602742268
7.73794,-0.7906514681844898,0.35566041958683847,1.1463118877713283,1.0925647267898346,1.0925647267898346
5.94696,0.056442638384049795,-0.20518032097359495,-0.26162295935764474,-1.0919574307458377,1.0919574307458377
7.41595,-0.458845013149242,1.2136226410123467,1.6724676541615886,1.0917009207605135,1.0917009207605135
7.41995,-0.5213534737700052,1.113137056957681,1.6344905307276862,1.0910642543265525,1.0910642543265525
6.52895,0.3788065121878682,-0.14741283269809363,-0.5262193448859618,-1.0891153901435673,1.0891153901435673
6.98595,-0.4512110409373541,0.15374582008352633,0.6049568610208804,1.0879311816927513,1.0879311816927513
7.41395,-0.4235763264070919,1.1960326727930988,1.6196089992001907,1.0857049097060107,1.0857049097060107
7.06095,-0.38844130935097804,0.6601178958684314,1.0485592052194095,1.0840061303306976,1.0840061303306976
7.62894,-0.6540989912197832,1.379752368992608,2.033851360212391,1.0831018140573025,1.0831018140573025
7.41495,-0.42884573185229147,1.2136045053163556,1.6424502371686471,1.0829671257923033,1.0829671257923033
7.47495,-0.5850215780116963,0.3153383585677237,0.9003599365794199,1.0827189871277036,1.0827189871277036
7.06695,-0.411089468716497,0.7507904997015041,1.1618799684180012,1.0820408293222747,1.0820408293222747
6.99395,-0.4166671128465479,0.2740988329696071,0.690765945816155,1.0820364271488099,1.0820364271488099
8.17494,-0.587442954796626,-0.12654423833692188,0.46089871645970415,1.0819738225311968,1.0819738225311968
8.00794,-0.7028952628866856,0.27758384117231005,0.9804791040589956,1.0813789303622803,1.0813789303622803
7.19595,1.3597941843293613,0.5444376817463087,-0.8153565025830526,-1.0765928151533115,1.0765928151533115
6.97895,-0.3816063839994188,0.09801049945253085,0.47961688345194964,1.07602209964051,1.07602209964051
7.94694,-0.5772804005911207,0.18044124621006136,0.757721646801182,1.0754570489123656,1.0754570489123656
8.89694,-0.8253966152615695,-0.025248070572157857,0.8001485446894117,1.074958693087996,1.074958693087996
7.42195,-0.48860538996902836,1.0483740431911934,1.5369794331602218,1.0731438509891464,1.0731438509891464
8.44694,-0.8438073674651554,0.02131280679410032,0.8651201742592557,1.0723847328942744,1.0723847328942744
7.41695,-0.4499986441822474,1.195463265306492,1.6454619094887395,1.069669305362758,1.069669305362758
7.01495,-0.3744982094562349,0.1010389103381234,0.4755371197943583,1.069475605748364,1.069475605748364
8.68194,-0.8349489974977309,-0.014894689125591633,0.8200543083721392,1.069415423533863,1.069415423533863
7.41295,-0.39301867001229873,1.1635003582893313,1.5565190283016301,1.0690381296311635,1.0690381296311635
7.41895,-0.4874554002171948,1.1360398247363883,1.623495224953583,1.0682456635129904,1.0682456635129904
7.05895,-0.40290020413624217,0.650798385309113,1.0536985894453552,1.0673750818917538,1.0673750818917538
7.06795,-0.39710254577696974,0.742991152185927,1.1400936979628968,1.0668516973200133,1.0668516973200133
7.41795,-0.46557944283930874,1.1661438005182336,1.6317232433575424,1.0642109154473693,1.0642109154473693
5.78196,-0.2621104709042684,-0.3850954520087538,-0.12298498110448536,-1.0627028569083468,1.0627028569083468
7.84494,-0.5925027429977705,0.2470370620136502,0.8395398050114207,1.0615122245889863,1.0615122245889863
7.95794,-0.4970683256352656,-0.0669752012729484,0.43009312436231717,1.0598536483754095,1.0598536483754095
6.02696,0.7547795222568019,-0.0019230663414699892,-0.7567025885982719,-1.0577031891976536,1.0577031891976536
7.74094,-0.8077659953717654,0.3105770467153426,1.1183430420871079,1.0572952989815154,1.0572952989815154
6.99595,-0.4226464644747324,0.3469795325879457,0.7696259970626782,1.056853728941201,1.056853728941201
7.05995,-0.37733724802809043,0.6492842267848511,1.0266214748129414,1.0556573541396346,1.0556573541396346
7.74394,-0.7211771941532639,0.18408172982985485,0.9052589239831187,1.055391977031856,1.055391977031856
7.01395,-0.3730637889851952,0.10201906495709608,0.47508285394229127,1.055329972150691,1.055329972150691
7.19695,1.3891205927961816,0.5622239991362995,-0.8268965936598821,-1.055223121398912,1.055223121398912
7.84894,-0.6344195950636371,0.3652777682871847,0.9996973633508218,1.055079607859915,1.055079607859915
7.05395,-0.46479526205483457,0.6791663160649156,1.1439615781197503,1.05407129412036,1.05407129412036
6.58395,0.2227240628005224,-0.14410256921113718,-0.36682663201165955,-1.053435301545384,1.053435301545384
7.06895,-0.381865341741183,0.7217109760374287,1.1035763177786118,1.051602591430586,1.051602591430586
7.94794,-0.5524347735836019,0.1500617879908578,0.7024965615744597,1.0508234880514624,1.0508234880514624
7.40395,-0.33547352190788293,0.7861764186561909,1.1216499405640739,1.0506901215469087,1.0506901215469087
7.05095,-0.42742484457277696,0.6208544628248776,1.0482793073976544,1.0499761448964684,1.0499761448964684
7.86294,-0.5677327518843169,0.10423268788250056,0.6719654397668176,1.0492179848989769,1.0492179848989769
7.40495,-0.31898746692283897,0.8135898634551787,1.1325773303780178,1.0491931869513378,1.0491931869513378
6.63195,0.15857651219781876,-0.1864791619846688,-0.34505567418248756,-1.0464686542536914,1.0464686542536914
8.00894,-0.7056432965999941,0.34829158272839805,1.0539348793283922,1.0464361119094225,1.0464361119094225
7.19795,1.4117107644330145,0.5701942992602052,-0.8415164651728093,-1.0459067431324844,1.0459067431324844
7.18795,1.1852045754059994,0.4750636693472576,-0.7101409060587418,-1.0457102097603284,1.0457102097603284
7.86194,-0.5859708725077066,0.14311463777199596,0.7290855102797026,1.0451790308035136,1.0451790308035136
7.83994,-0.5535072633865348,0.15545343463587905,0.7089606980224138,1.0449721415205362,1.0449721415205362
7.87394,-0.4931493990964758,-0.020436820646823506,0.4727125784496523,1.0447540308234662,1.0447540308234662
7.05795,-0.3983408957635119,0.6520541427630947,1.0503950385266065,1.0440957199128238,1.0440957199128238
6.14496,0.5718817188889809,0.01083623199649232,-0.5610454868924886,-1.0437546998673608,1.0437546998673608
7.77494,-0.6717340644148863,0.6228057011411954,1.2945397655560815,1.0437169416682361,1.0437169416682361
8.01694,-0.6175864523600607,0.23406101972621698,0.8516474720862777,1.0432000540824002,1.0432000540824002
7.84694,-0.5977890390520704,0.30473157760973335,0.9025206166618037,1.041671249333344,1.041671249333344
8.01794,-0.5836489380093847,0.18817650374949868,0.7718254417588833,1.0416014239011406,1.0416014239011406
8.42694,-0.680101190068523,-0.0987808232655279,0.5813203668029951,1.0406225787368701,1.0406225787368701
7.94994,-0.5237425565462958,0.09859917447538909,0.6223417310216849,1.0398651630776583,1.0398651630776583
7.06995,-0.3732039020604458,0.6851065843928331,1.0583104864532789,1.03980361076509,1.03980361076509
8.86794,-0.8512756580876958,0.051710391922539733,0.9029860500102356,1.038634579694161,1.038634579694161
7.85994,-0.6169557756846371,0.23034879207952652,0.8473045677641636,1.037980841213685,1.037980841213685
7.85294,-0.6570130843780271,0.4335701267041528,1.0905832110821798,1.0377526149181668,1.0377526149181668
6.50295,0.6150050818489432,-0.05843426698342155,-0.6734393488323648,-1.037434477436163,1.037434477436163
7.05195,-0.4279338036203717,0.6513906843623551,1.0793244879827268,1.0368770975534285,1.0368770975534285
5.77496,-0.2318395228064052,-0.37866737429264946,-0.14682785148624425,-1.036669348427728,1.036669348427728
7.85794,-0.6402754750830921,0.33091648215119246,0.9711919572342846,1.0359846180186478,1.0359846180186478
6.49595,0.6616362006427252,-0.03684306793162828,-0.6984792685743535,-1.0359524366272612,1.0359524366272612
7.95994,-0.49088924524048516,-0.03360005107110642,0.45728919416937874,1.035670748922258,1.035670748922258
7.95494,-0.47770070200328946,-0.0375411586874652,0.44015954331582424,1.0354036175688295,1.0354036175688295
7.05495,-0.4443039011340123,0.6698669902964639,1.1141708914304762,1.0347166392574048,1.0347166392574048
6.97695,-0.3795655862658136,0.12291210894444513,0.5024776952102588,1.0345569604688754,1.0345569604688754
7.84094,-0.5499722570581171,0.1592248415035068,0.7091970985616239,1.0333501334953592,1.0333501334953592
7.05295,-0.4372013761825194,0.670098151682208,1.1072995278647273,1.0321111400011278,1.0321111400011278
7.40295,-0.3372819498476164,0.7607394002795735,1.09802135012719,1.031238894287505,1.031238894287505
7.20795,1.2853838009488197,0.5307884690759455,-0.7545953318728742,-1.031183842710265,1.031183842710265
8.18594,-0.5951071413097981,-0.06932435670609112,0.525782784603707,1.0310627596628053,1.0310627596628053
8.45294,-0.7795614775573545,-0.017088483637262106,0.7624729939200924,1.0303496893393607,1.0303496893393607
6.50095,0.6225485882691848,-0.06804484509919861,-0.6905934333683834,-1.0292907616592393,1.0292907616592393
5.69696,-0.23202560769141276,-0.3693939871515429,-0.13736837946013017,-1.0287564093556976,1.0287564093556976
8.41594,-0.7418760722862736,-0.06287687282167191,0.6789991994646017,1.0261126684415554,1.0261126684415554
6.49995,0.6354151863281481,-0.05350164193214882,-0.6889168282602969,-1.025486733148414,1.025486733148414
8.89394,-0.8476419772099802,0.054015817888713666,0.9016577950986939,1.0252358106500166,1.0252358106500166
7.40095,-0.3725330182099071,0.7386276498746728,1.1111606680845798,1.0246685137352687,1.0246685137352687
5.86996,0.09526768756211135,-0.21549028093056982,-0.31075796849268117,-1.023910277971361,1.023910277971361
8.23494,-0.8275463436218304,0.1581328104511368,0.9856791540729672,1.0238580776751465,1.0238580776751465
7.95894,-0.4812086138948122,-0.05419263474069669,0.4270159791541155,1.0232044817683337,1.0232044817683337
5.79696,-0.24485718252271482,-0.3602381556831278,-0.11538097316041296,-1.0227221109523599,1.0227221109523599
6.97595,-0.38187150047245944,0.14469876199358533,0.5265702624660448,1.0220324177259204,1.0220324177259204
8.41494,-0.6956147955604896,-0.10837849622661505,0.5872362993338744,1.0212119976558127,1.0212119976558127
8.66694,-0.8377988995756012,0.03554520979698215,0.8733441093725833,1.0209725651618853,1.0209725651618853
7.84994,-0.6121249215391614,0.3835262346064443,0.9956511561456057,1.0193834077831394,1.0193834077831394
7.00495,-0.39528629993006725,0.2551888855854497,0.650475185515517,1.0180640236608867,1.0180640236608867
7.87494,-0.49261069238838684,-0.009907668018134586,0.48270302437025225,1.0180627690592867,1.0180627690592867
8.89594,-0.8194687892679895,0.008162484433521435,0.8276312737015109,1.0177429488049978,1.0177429488049978
6.98895,-0.42691818540100424,0.18952674570790398,0.6164449311089082,1.01671697322299,1.01671697322299
8.18394,-0.6272209912012676,-0.061867790161161285,0.5653532010401063,1.015825337097011,1.015825337097011
7.20095,1.373745689450177,0.5690539015376366,-0.8046917879125404,-1.015800549365375,1.015800549365375
6.16396,0.5919751926788828,0.023504200910737034,-0.5684709917681458,-1.0156430746673082,1.0156430746673082
8.89294,-0.8326774545978815,0.04579610828063854,0.87847356287852,1.0151159978493252,1.0151159978493252
7.74194,-0.7520009287902814,0.2770497414023908,1.0290506701926723,1.0148247249245548,1.0148247249245548
7.98894,-0.4779271052230101,-0.121261022580544,0.3566660826424661,1.0142489644287371,1.0142489644287371
5.77696,-0.27857344136126366,-0.3702998934367312,-0.09172645207546753,-1.014145811947291,1.014145811947291
7.86094,-0.5826052963296632,0.1848413530228888,0.767446649352552,1.0140760242518745,1.0140760242518745
7.05695,-0.38484902897358364,0.6620540162575421,1.0469030452311259,1.013941527398617,1.013941527398617
6.99295,-0.39331560994564735,0.24287202872534508,0.6361876386709924,1.013788921237361,1.013788921237361
6.49695,0.6374085949586556,-0.04509250620537559,-0.6825011011640313,-1.013390369234549,1.013390369234549
7.84394,-0.5446177829817663,0.21665034354279422,0.7612681265245606,1.0131805290051983,1.0131805290051983
7.87594,-0.5040577565350445,0.01668976573588872,0.5207475222709332,1.0123114330480616,1.0123114330480616
7.62994,-0.6746817275865946,1.6210838028129246,2.2957655303995192,1.0119775454584605,1.0119775454584605
7.78394,-0.6536881918397751,0.6392990987276701,1.2929872905674453,1.0117963344854075,1.0117963344854075
7.07295,-0.38665899271683046,0.5915626477725348,0.9782216404893652,1.0117614329081708,1.0117614329081708
6.99695,-0.424347176657742,0.39289260725598624,0.8172397839137282,1.0113442136509436,1.0113442136509436
6.50195,0.6071494231994432,-0.057487542940824615,-0.6646369661402678,-1.010985275878934,1.010985275878934
7.85894,-0.6042594724521411,0.2725005168590457,0.8767599893111868,1.010674182414897,1.010674182414897
8.40894,-0.5385299737251744,-0.28454064004130053,0.2539893336838739,1.0081615544623395,1.0081615544623395
7.85394,-0.630269057822572,0.4340445677493665,1.0643136255719385,1.0073054258325644,1.0073054258325644
7.77594,-0.6587352392827268,0.661764282143642,1.3204995214263688,1.0068768647835662,1.0068768647835662
7.73894,-0.7291823719055783,0.3484867406557032,1.0776691125612814,1.006479580976297,1.006479580976297
7.07495,-0.4153215973526546,0.5644196833693106,0.9797412807219652,1.0047464412355305,1.0047464412355305
7.73994,-0.7419682512586365,0.3363759173332046,1.0783441685918411,1.002516364374507,1.002516364374507
7.40195,-0.329514660536364,0.7451886430264257,1.0747033035627898,1.0023892408566124,1.0023892408566124
8.44794,-0.794517935472393,0.055782995310316684,0.8503009307827097,1.002226299024645,1.002226299024645
5.76096,-0.24274997567829776,-0.3741678276533953,-0.13141785197509753,-1.0021191117062005,1.0021191117062005
7.74294,-0.7158622456741155,0.2284434188817636,0.944305664555879,1.0019482609180823,1.0019482609180823
5.79196,-0.2737075229240231,-0.36520527315210544,-0.09149775022808232,-1.0014825978361743,1.0014825978361743
7.78294,-0.6774203626725583,0.6734242236809381,1.3508445863534964,1.0007579390797783,1.0007579390797783
7.07095,-0.3444794339653112,0.649913488137329,0.9943929221026402,1.0006193164265342,1.0006193164265342
7.95694,-0.46692108432976365,-0.06278042037213484,0.4041406639576288,0.9998240517247073,0.9998240517247073
7.94894,-0.5108661215992029,0.12089360582487917,0.631759727424082,0.9983468911007137,0.9983468911007137
6.71495,-0.1051185874059121,-0.2875297575582004,-0.18241117015228833,-0.9977485417901054,0.9977485417901054
7.77694,-0.6815703390587253,0.6837573293464889,1.3653276684052142,0.9976437221228773,0.9976437221228773
8.23394,-0.8551227922745355,0.19958470454801708,1.0547074968225525,0.9975488634783308,0.9975488634783308
8.18194,-0.6423864814634037,-0.06275434555966736,0.5796321359037364,0.997186960484098,0.997186960484098
7.19895,1.3830335564181475,0.5680423390959972,-0.8149912173221503,-0.99710141747034,0.99710141747034
7.84194,-0.5265634337059821,0.17016041929733816,0.6967238530033203,0.9963729949453366,0.9963729949453366
8.01594,-0.6131576545395714,0.29655158645479524,0.9097092409943666,0.9946095338716968,0.9946095338716968
8.86494,-0.8523860878551093,0.03949974577447055,0.8918858336295798,0.9941666174535121,0.9941666174535121
7.85094,-0.5969035246112517,0.4044345750870192,1.001338099698271,0.9939036014009095,0.9939036014009095
7.85594,-0.6078280564681808,0.3940929876027265,1.0019210440709072,0.9937061951246647,0.9937061951246647
5.77396,-0.2452541881746697,-0.36724610522491696,-0.12199191705024726,-0.9935818325940667,0.9935818325940667
7.07195,-0.34842339959128094,0.6206703338815509,0.9690937334728318,0.9933495918736123,0.9933495918736123
6.49795,0.6160819385534548,-0.049475237485587166,-0.665557176039042,-0.992593324299055,0.992593324299055
7.63794,-0.6671465969126872,2.0675813290667344,2.7347279259794215,0.9925089258147747,0.9925089258147747
6.97395,-0.3773704621530436,0.17203958269191208,0.5494100448449557,0.9925052127929163,0.9925052127929163
7.07395,-0.38276972958234984,0.5757974376682339,0.9585671672505838,0.9916068510687931,0.9916068510687931
8.22994,-0.7766039150237565,0.1413141251402394,0.9179180401639959,0.991404354802618,0.991404354802618
8.45194,-0.7765210966632565,0.017048736184118132,0.7935698328473747,0.991182394758213,0.991182394758213
7.85194,-0.6062912152459824,0.43245367470094137,1.0387448899469238,0.9911507148820556,0.9911507148820556
7.85694,-0.6064577350476872,0.37151489483071687,0.977972629878404,0.990762879576891,0.990762879576891
7.05595,-0.3714116312857747,0.6756728349454506,1.0470844662312253,0.9897515956953628,0.9897515956953628
6.98995,-0.40273482827512475,0.20524390925701938,0.6079787375321442,0.988950984063624,0.988950984063624
7.79394,-0.5752830563810265,0.5431127418876972,1.1183957982687236,0.9874485992522656,0.9874485992522656
8.86694,-0.8443837902294593,0.058719477601472704,0.903103267830932,0.9859256377782935,0.9859256377782935
6.02596,0.7303553052100655,0.0053558831897284175,-0.7249994220203371,-0.9858432511654832,0.9858432511654832
7.18695,1.1535481606252973,0.47759558750979636,-0.6759525731155009,-0.9846825036823433,0.9846825036823433
6.52295,0.40988462236198375,-0.11878838780870263,-0.5286730101706864,-0.9840508958016807,0.9840508958016807
6.96195,-0.3705483377530121,0.0489883514274794,0.4195366891804915,0.9838402351118476,0.9838402351118476
6.50795,0.5261889639244666,-0.07690353540919087,-0.6030924993336575,-0.9836032155013399,0.9836032155013399
8.01394,-0.6825716095942136,0.4133472070172217,1.0959188166114353,0.9829614883738471,0.9829614883738471
7.39995,-0.3539417592456249,0.7339420531611072,1.087883812406732,0.9827914599950474,0.9827914599950474
8.89494,-0.8138079830499787,0.031899844014356055,0.8457078270643348,0.9815917278144122,0.9815917278144122
6.99195,-0.3854201902220238,0.22808782450071272,0.6135080147227365,0.9813618498084322,0.9813618498084322
8.18494,-0.5877757798789145,-0.06419639933278193,0.5235793805461326,0.9811049441540624,0.9811049441540624
6.50895,0.519118985686425,-0.0860690606540334,-0.6051880463404584,-0.9806101592868334,0.9806101592868334
8.17694,-0.5811542613550127,-0.08971937915720145,0.49143488219781123,0.9802678583476367,0.9802678583476367
5.76596,-0.2639132193089377,-0.38644201338611456,-0.12252879407717687,-0.9801033299331877,0.9801033299331877
8.01494,-0.6468774098744725,0.3614374325132197,1.0083148423876922,0.979824237844119,0.979824237844119
8.23294,-0.863871626717378,0.22435551577062865,1.0882271424880068,0.9795236779457767,0.9795236779457767
7.85494,-0.5996375168320716,0.4237628256351399,1.0234003424672116,0.9791548580401368,0.9791548580401368
8.00994,-0.6668520662514056,0.41305836956297587,1.0799104358143814,0.9760009266084018,0.9760009266084018
8.45094,-0.7745610210787335,0.04748093736784044,0.8220419584465739,0.9724694768181205,0.9724694768181205
8.68094,-0.8183665639164981,0.06227797354691384,0.880644537463412,0.9723849601762067,0.9723849601762067
7.19995,1.3649597114816867,0.5766150851554017,-0.788344626326285,-0.9714805813193713,0.9714805813193713
6.98695,-0.39271227524358376,0.16732197869565527,0.560034253939239,0.9699300969542531,0.9699300969542531
6.51695,0.4532720936385315,-0.10351450933391582,-0.5567866029724473,-0.9699102227644736,0.9699102227644736
6.17696,0.6624664968375296,0.07932389493566377,-0.5831426019018657,-0.9696707658070892,0.9696707658070892
7.18595,1.1532588367865795,0.47818145444075494,-0.6750773823458245,-0.9689907902644993,0.9689907902644993
5.77996,-0.2781268826700415,-0.3652576977754533,-0.08713081510541182,-0.9688336666032397,0.9688336666032397
7.77794,-0.667802380909061,0.6962225002512231,1.364024881160284,0.9678105133203977,0.9678105133203977
6.49895,0.6055311754435063,-0.04639731257415204,-0.6519284880176583,-0.9656749300175836,0.9656749300175836
7.83594,-0.524128159007232,0.19693739012825173,0.7210655491354837,0.9647578203387549,0.9647578203387549
8.44894,-0.7704337757232047,0.0679595299200342,0.8383933056432389,0.9646582564148551,0.9646582564148551
6.99095,-0.378273458484505,0.22020619536791536,0.5984796538524204,0.9638248521448294,0.9638248521448294
7.94594,-0.5155411858875613,0.21578956223121837,0.7313307481187796,0.9636411188426747,0.9636411188426747
6.97095,-0.3226664902138347,0.12965834929485587,0.45232483950869057,0.9632172045845963,0.9632172045845963
7.83694,-0.5077357063083519,0.17936822865216545,0.6871039349605172,0.9630137730562403,0.9630137730562403
8.17994,-0.6151120426091891,-0.0638089840664441,0.551303058542745,0.9621297931513869,0.9621297931513869
8.18294,-0.6238266960666813,-0.0669699103021638,0.5568567857645175,0.9613694784506878,0.9613694784506878
7.84294,-0.5015908223528094,0.19067513264875144,0.6922659550015609,0.9605006881615243,0.9605006881615243
8.66794,-0.8660750334599268,0.11538961487311455,0.9814646483330414,0.9598690038698202,0.9598690038698202
7.78194,-0.6497372666492924,0.6973683571134062,1.3471056237626986,0.9591529212032303,0.9591529212032303
8.23194,-0.8337957208397284,0.22411431445268018,1.0579100352924087,0.9589431436605077,0.9589431436605077
7.84594,-0.5187564560454192,0.2769738155178301,0.7957302715632493,0.9582982509262631,0.9582982509262631
6.98795,-0.38592193037034817,0.18157463782485747,0.5674965681952057,0.9582805197288713,0.9582805197288713
7.00395,-0.38862763770297726,0.30061651350055846,0.6892441512035357,0.9577492311293107,0.9577492311293107
8.18094,-0.6198651052044089,-0.06679379776904441,0.5530713074353645,0.9573008950775844,0.9573008950775844
7.87694,-0.49432968482850476,0.04942839907367172,0.5437580839021765,0.956587679068567,0.956587679068567
6.99795,-0.4181449257356392,0.4407239165250918,0.858868842260731,0.9565308262607428,0.9565308262607428
8.44994,-0.7653485574007266,0.06566473171806733,0.8310132891187939,0.9565201421820944,0.9565201421820944
8.42594,-0.6647665593125275,-0.06498934722814642,0.5997772120843811,0.9557225486454641,0.9557225486454641
7.83894,-0.4927865017809278,0.16940801101682282,0.6621945127977507,0.954964133583815,0.954964133583815
5.79396,-0.2788009824797692,-0.36111685958910295,-0.08231587710933375,-0.9544612242707468,0.9544612242707468
7.95594,-0.4395799415814067,-0.049796331797302966,0.3897836097841037,0.9544544048749833,0.9544544048749833
6.50695,0.5186664212602251,-0.06823162675694958,-0.5868980480171747,-0.9527409262623526,0.9527409262623526
7.94394,-0.5653068951881578,0.270719245728203,0.8360261409163607,0.9524412721815795,0.9524412721815795
6.96295,-0.36247984675802525,0.04497232709567669,0.4074521738537019,0.9519285350091327,0.9519285350091327
6.98395,-0.3538818013895386,0.12657441914650466,0.4804562205360433,0.9500433392992159,0.9500433392992159
7.07595,-0.3845377826477241,0.545591358446017,0.9301291410937411,0.9465749596802902,0.9465749596802902
6.98295,-0.34405753846940335,0.11335001722797806,0.4574075556973814,0.9455913751206285,0.9455913751206285
8.86594,-0.8188658149897521,0.05695383144482924,0.8758196464345813,0.944882623798595,0.944882623798595
8.41694,-0.7045657595716035,-0.006535789392896014,0.6980299701787075,0.944597523214913,0.944597523214913
7.78094,-0.6452962085661815,0.7080154547258961,1.3533116632920776,0.9434576553531547,0.9434576553531547
8.67994,-0.8493208782902874,0.14064351311758092,0.9899643914078683,0.9433063896557263,0.9433063896557263
6.97495,-0.3499861484428409,0.16067572972028507,0.510661878163126,0.9402851078505552,0.9402851078505552
6.97295,-0.34503078636547335,0.16451121657235687,0.5095420029378303,0.9387582457002367,0.9387582457002367
7.96094,-0.46917898004069586,-0.023060914306396438,0.4461180657342994,0.9377683829313693,0.9377683829313693
6.51795,0.42627687761334554,-0.11078560732904837,-0.537062484942394,-0.9357929677608614,0.9357929677608614
6.98195,-0.3362969870489917,0.09715114441196453,0.43344813146095623,0.9341416400324021,0.9341416400324021
7.94494,-0.5182372685794062,0.23898486196006585,0.7572221305394721,0.9337135188549053,0.9337135188549053
6.14396,0.5657235562151313,0.027377831011628675,-0.5383457252035025,-0.9323903346356903,0.9323903346356903
6.97995,-0.3232319352171741,0.09066315481084554,0.4138950900280196,0.9323121824182427,0.9323121824182427
8.23094,-0.7705910176951543,0.1953674880087225,0.9659585057038768,0.9315001210096406,0.9315001210096406
7.77894,-0.630905150308478,0.7059814708002597,1.3368866211087378,0.9311616693150601,0.9311616693150601
8.41794,-0.7154346962795946,0.03810857130030563,0.7535432675799002,0.930604934545105,0.930604934545105
7.96194,-0.4881793057052075,-0.0013189307523708898,0.4868603749528366,0.9295210946057271,0.9295210946057271
7.77994,-0.6252205373747775,0.7159958035757232,1.3412163409505007,0.9290409086024364,0.9290409086024364
6.98095,-0.3406003218183139,0.08063099118886642,0.4212313130071803,0.9287510909039005,0.9287510909039005
5.70296,-0.23907894545933275,-0.37406296846980286,-0.1349840230104701,-0.9287020422038473,0.9287020422038473
8.17894,-0.5930763856213399,-0.07415689284729707,0.5189194927740428,0.9277333671745213,0.9277333671745213
6.51995,0.41604502631149365,-0.09942219911302398,-0.5154672254245176,-0.9276902327628397,0.9276902327628397
7.09095,-0.39064720519547913,0.565240418269925,0.9558876234654041,0.9276709689012989,0.9276709689012989
7.39895,-0.326508060910795,0.7268428373951931,1.053350898305988,0.9272616812028568,0.9272616812028568
7.63094,-0.6361831947151979,1.8952279807330201,2.531411175448218,0.9254631497674564,0.9254631497674564
7.83494,-0.5122263689773384,0.2185868502286482,0.7308132192059866,0.92487404143815,0.92487404143815
6.51195,0.46229803915031653,-0.08319564194724668,-0.5454936810975632,-0.9243221756239688,0.9243221756239688
6.97195,-0.3263174848119902,0.1468660675564968,0.47318355236848697,0.9234333514319474,0.9234333514319474
7.22195,1.3933853335757165,0.42864768738862496,-0.9647376461870916,-0.9232202737107819,0.9232202737107819
7.26895,0.4249436108214988,-0.033176167674656,-0.45811977849615476,-0.9209070315044481,0.9209070315044481
6.51095,0.4613462769637613,-0.08762703769254865,-0.5489733146563099,-0.9203716367625631,0.9203716367625631
8.42494,-0.6630039347468771,-0.017363450513631935,0.6456404842332452,0.9197334514029198,0.9197334514029198
7.09595,-0.36719665286201186,0.4467695059346368,0.8139661587966487,0.9189713089535222,0.9189713089535222
6.51295,0.45520692445438704,-0.0842714867478547,-0.5394784112022417,-0.9184187253630568,0.9184187253630568
6.51595,0.4312799004027565,-0.10171248565650333,-0.5329923860592598,-0.9167417673491002,0.9167417673491002
7.63694,-0.6477644231359735,2.2689539505234126,2.916718373659386,0.9153754060035494,0.9153754060035494
6.17596,0.6810683312874488,0.091863060102458,-0.5892052711849908,-0.9151237595524063,0.9151237595524063
7.97594,-0.5673376883223334,0.27230115179257386,0.8396388401149073,0.9144033915860601,0.9144033915860601
8.01294,-0.6185715011582155,0.45233055047211906,1.0709020516303345,0.9135301161290663,0.9135301161290663
8.42394,-0.687392591599505,0.01937470221829528,0.7067672938178003,0.9123003835329692,0.9123003835329692
6.96395,-0.3423681693592463,0.04757058450120174,0.389938753860448,0.9099445292590171,0.9099445292590171
8.17794,-0.5657193084457399,-0.08053105950607105,0.4851882489396689,0.9096630232425573,0.9096630232425573
7.87794,-0.4785346122620352,0.07172470049983942,0.5502593127618747,0.9096521690694838,0.9096521690694838
8.01094,-0.6088219574806162,0.4457839099496078,1.054605867430224,0.9092139243102546,0.9092139243102546
7.98694,-0.4613755256666511,-0.057416320718692036,0.40395920494795906,0.9083341757010328,0.9083341757010328
7.09195,-0.3621334752369406,0.5409669402628187,0.9031004154997593,0.9076272831335809,0.9076272831335809
7.93394,-0.5473798500157838,0.18315096447852428,0.7305308144943081,0.9074609454580498,0.9074609454580498
6.71595,-0.10294276334963177,-0.26931754710916905,-0.1663747837595373,-0.9069418121269334,0.9069418121269334
6.50595,0.49559734565775904,-0.06669025867484708,-0.5622876043326062,-0.9067448230816344,0.9067448230816344
7.31395,0.7826393029960381,0.1144336115366526,-0.6682056914593855,-0.9041377029464652,0.9041377029464652
7.97394,-0.49926980536462007,0.23014308816880488,0.729412893533425,0.9035574031385188,0.9035574031385188
6.51395,0.43955587596259615,-0.09153114367391704,-0.5310870196365132,-0.9035344044495003,0.9035344044495003
7.18495,1.1341163558424112,0.49203614453771416,-0.6420802113046971,-0.9030372419095976,0.9030372419095976
6.50395,0.5157320156433431,-0.061172141290955384,-0.5769041569342985,-0.9029570315821146,0.9029570315821146
6.96495,-0.33149230329149526,0.04718402800957548,0.37867633130107076,0.900979945989656,0.900979945989656
6.96995,-0.2965870910110102,0.0966807739559495,0.3932678649669597,0.8998927705479959,0.8998927705479959
8.66894,-0.8710988141162337,0.19936185440166435,1.0704606685178981,0.8995335066453362,0.8995335066453362
6.16496,0.6021837088772617,0.05869092861542365,-0.543492780261838,-0.89860882255828,0.89860882255828
6.51895,0.4001337084530365,-0.10906946409637495,-0.5092031725494114,-0.896784889993245,0.896784889993245
7.98794,-0.45752606539759333,-0.0879120079520073,0.369614057445586,0.8956754314815554,0.8956754314815554
6.02496,0.6828659896407421,0.0036713479267714536,-0.6791946417139706,-0.89548388375647,0.89548388375647
7.97494,-0.5215032999708855,0.2513566191441875,0.772859919115073,0.8947695734551216,0.8947695734551216
5.76796,-0.2619471942457077,-0.3733237505331268,-0.11137655628741905,-0.8946133999917555,0.8946133999917555
8.01194,-0.6001201006188994,0.4642337651482032,1.0643538657671026,0.893651139281034,0.893651139281034
6.52195,0.37543722323365447,-0.11305400690526045,-0.48849123013891493,-0.8926999001689377,0.8926999001689377
7.39795,-0.31574293382097246,0.7293640663088801,1.0451070001298526,0.8926804235404373,0.8926804235404373
8.41994,-0.7305058834698688,0.06723354508284622,0.797739428552715,0.8924988731547298,0.8924988731547298
7.94294,-0.5472015390966092,0.316150228179313,0.8633517672759221,0.8910274349220595,0.8910274349220595
8.40394,-0.06996188792837349,-0.3270668630720612,-0.2571049751436877,-0.8908310383328234,0.8908310383328234
7.08995,-0.3581925680956448,0.5938769912868831,0.9520695593825279,0.8902357910286278,0.8902357910286278
7.96794,-0.5398872880780796,0.27527547905355415,0.8151627671316337,0.8898419897055443,0.8898419897055443
6.13596,0.6419231911272969,0.07174399675207821,-0.5701791943752187,-0.8893113264682942,0.8893113264682942
7.00095,-0.4166563015294722,0.4535750387454237,0.8702313402748959,0.8890036605121356,0.8890036605121356
7.97694,-0.5659770543702538,0.28407461868681455,0.8500516730570684,0.8883718407171278,0.8883718407171278
8.41894,-0.6928985977722877,0.06975118309653211,0.7626497808688197,0.8880178815799297,0.8880178815799297
7.09295,-0.3566305586353512,0.5009872206402957,0.8576177792756469,0.8878219216525104,0.8878219216525104
7.96994,-0.4821560720375707,0.22983228495150523,0.7119883569890759,0.8865444028166043,0.8865444028166043
7.83794,-0.4482777326318957,0.17280742228780235,0.6210851549196981,0.8864992564096735,0.8864992564096735
6.99995,-0.41296947939729767,0.4744414044264058,0.8874108838237035,0.884478699138539,0.884478699138539
6.50495,0.48786393924844784,-0.06525630911247221,-0.5531202483609201,-0.8843080590552828,0.8843080590552828
7.00295,-0.35769842807442975,0.36241024368118624,0.720108671755616,0.8838313348419086,0.8838313348419086
7.29195,0.3240978938917326,-0.05167060335814563,-0.3757684972498782,-0.8835475435884939,0.8835475435884939
7.87894,-0.4759891537879185,0.09660015694452498,0.5725893107324435,0.8823603702245496,0.8823603702245496
7.09495,-0.345504385234671,0.4574527099082963,0.8029570951429672,0.8821635014843278,0.8821635014843278
7.97294,-0.4620989433017467,0.20693361062333204,0.6690325539250788,0.882027592818972,0.882027592818972
6.99895,-0.3857538721202166,0.4709833421677571,0.8567372142879737,0.8814415453730844,0.8814415453730844
7.79494,-0.5148540847537171,0.5890826218078316,1.1039367065615486,0.88089400710926,0.88089400710926
7.08695,-0.37984931993487403,0.6563778716326542,1.0362271915675283,0.8801592336871746,0.8801592336871746
7.94194,-0.5800213609543083,0.36692320523470345,0.9469445661890118,0.8801580681204778,0.8801580681204778
7.07695,-0.34250946176624186,0.5299052134578459,0.8724146752240878,0.8796534358711001,0.8796534358711001
6.96695,-0.3077205574115456,0.053624336242424304,0.3613448936539699,0.8791950318952118,0.8791950318952118
6.50995,0.451686439347306,-0.08457617363182224,-0.5362626129791283,-0.8782231952833341,0.8782231952833341
8.42294,-0.6916950267743304,0.04381443468599277,0.7355094614603231,0.8774509090128668,0.8774509090128668
7.98494,-0.48189323232310055,0.019393621580265433,0.501286853903366,0.8773392365940228,0.8773392365940228
6.96095,-0.3217730922792214,0.05273082793812618,0.3745039202173476,0.8761218552436851,0.8761218552436851
6.13496,0.5729090620789061,0.04887688978679249,-0.5240321722921136,-0.8758183019960623,0.8758183019960623
8.42094,-0.723478288359281,0.065557081765988,0.7890353701252689,0.8756318777197197,0.8756318777197197
8.67894,-0.8300758706477644,0.22142821040681246,1.0515040810545768,0.874274007869614,0.874274007869614
7.96894,-0.49556621692389224,0.261187246115125,0.7567534630390172,0.8724846690788982,0.8724846690788982
7.87994,-0.4847853471947071,0.12535893509623655,0.6101442822909436,0.8722908314693544,0.8722908314693544
6.63095,0.14977658868009597,-0.16509287599086095,-0.3148694646709569,-0.8710581979392067,0.8710581979392067
6.96795,-0.30649505233056407,0.05358171229292769,0.36007676462349175,0.8705868279858764,0.8705868279858764
7.18395,1.123859032934016,0.49490056819817835,-0.6289584647358375,-0.8705788246094214,0.8705788246094214
8.38294,-0.4169339628181999,-0.34292320342703664,0.07401075939116325,0.8703419256574002,0.8703419256574002
7.63594,-0.682193209605124,2.4491216780973124,3.1313148877024366,0.8690604354643929,0.8690604354643929
7.00195,-0.37943860280228486,0.4098163171063999,0.7892549199086847,0.8683031187805307,0.8683031187805307
6.17496,0.7118584291565606,0.1200635836208723,-0.5917948455356883,-0.8678614638923055,0.8678614638923055
7.98594,-0.44933680085645583,-0.028498184804425515,0.4208386160520303,0.8664281010763931,0.8664281010763931
7.93294,-0.5023888445235911,0.16955147939454895,0.6719403239181401,0.8650790243260439,0.8650790243260439
7.63194,-0.619746180950909,2.1891738915131924,2.8089200724641015,0.8649810043142601,0.8649810043142601
6.51495,0.40762275996622105,-0.10481071781661794,-0.512433477782839,-0.8646569444260584,0.8646569444260584
7.08595,-0.3678741237721337,0.6604605430877031,1.0283346668598368,0.8633900449611915,0.8633900449611915
7.39695,-0.288013838361496,0.7523712709452711,1.040385109306767,0.8625627172326866,0.8625627172326866
7.96394,-0.49023988221236103,0.09468130470319214,0.5849211869155532,0.8617173595987525,0.8617173595987525
6.02396,0.6866188777093789,0.022315581440700893,-0.664303296268678,-0.858119085055786,0.858119085055786
7.88094,-0.48654472061259924,0.15903043223607372,0.645575152848673,0.8576019055333173,0.8576019055333173
7.08395,-0.36549077206934605,0.6300704773984551,0.9955612494678012,0.856739545180171,0.856739545180171
6.52095,0.371448458351877,-0.09887111306861701,-0.470319571420494,-0.8566244136673832,0.8566244136673832
7.97094,-0.4363882532001119,0.21492092617854988,0.6513091793786617,0.855287634848966,0.855287634848966
7.93494,-0.5194405878145711,0.21268168009623378,0.7321222679108049,0.8543543320764194,0.8543543320764194
7.63494,-0.7374368895728154,2.5613652492459904,3.2988021388188056,0.8512158113139926,0.8512158113139926
6.88795,-0.1520210104990155,0.5075771289408012,0.6595981394398167,0.8508086254736751,0.8508086254736751
7.97194,-0.43039823797532795,0.21169409522037064,0.6420923331956986,0.8505623867272154,0.8505623867272154
7.08495,-0.3549587447996141,0.6549014359943348,1.009860180793949,0.8504817771570551,0.8504817771570551
7.08295,-0.3579016226327966,0.599795524816467,0.9576971474492637,0.8491281929789879,0.8491281929789879
6.16596,0.6414296863756438,0.09386903925889577,-0.547560647116748,-0.8480774425310218,0.8480774425310218
7.89094,-0.48157905547076785,0.6558508966927208,1.1374299521634885,0.8476269026791903,0.8476269026791903
5.77596,-0.2573301312526578,-0.36991231080814807,-0.11258217955549027,-0.8466479760889088,0.8466479760889088
7.63294,-0.6836037982369324,2.433354000012677,3.1169577982496093,0.8465251778799707,0.8465251778799707
7.08195,-0.3488228012537954,0.5747781778911927,0.9236009791449881,0.8462054434953314,0.8462054434953314
7.90594,-0.41126627395742044,0.49333970849864783,0.9046059824560683,0.8455163847278524,0.8455163847278524
7.79594,-0.5372199019582138,0.6214432140471009,1.1586631160053147,0.8453730558348773,0.8453730558348773
7.63394,-0.7412065426260219,2.5667802316141994,3.3079867742402214,0.8429280477762198,0.8429280477762198
7.97794,-0.5423043499932333,0.28854497854986505,0.8308493285430983,0.8429109190252244,0.8429109190252244
7.10395,-0.3048000303839361,0.3685336289401284,0.6733336593240645,0.8425727849134744,0.8425727849134744
7.09395,-0.32790673263323256,0.4633444905224677,0.7912512231557003,0.8424234067948635,0.8424234067948635
7.96694,-0.5154086578755706,0.2670823840156788,0.7824910418912494,0.8416274586165191,0.8416274586165191
8.67794,-0.8342000874803585,0.2869284708924187,1.121128558372777,0.8406239933568808,0.8406239933568808
7.10495,-0.30556662712562144,0.3708708326640484,0.6764374597896698,0.8399128749399286,0.8399128749399286
7.93594,-0.5275918013348736,0.2610243002142502,0.7886161015491238,0.8395710873656352,0.8395710873656352
7.20895,1.2670222026992664,0.5606173563612935,-0.7064048463379728,-0.8386779253593393,0.8386779253593393
6.86495,-0.06178244066468518,0.9963124839390463,1.0580949246037314,0.8374383309979849,0.8374383309979849
7.96294,-0.45293800364601,0.03602514056946661,0.4889631442154766,0.8360377633153872,0.8360377633153872
7.83094,-0.5351677915642533,0.3602057902815686,0.8953735818458219,0.8354692584786763,0.8354692584786763
7.89394,-0.47261118038698857,0.8272224169036678,1.2998335972906565,0.835407265890673,0.835407265890673
6.86395,-0.033373710548090005,1.0372084699335966,1.0705821804816866,0.8353288432448885,0.8353288432448885
7.83394,-0.45902907453877684,0.24650032739265726,0.7055294019314341,0.8348661958377479,0.8348661958377479
7.90694,-0.42771059268084,0.5148707246276139,0.9425813173084538,0.8345817701720832,0.8345817701720832
6.86295,-0.00790168269439889,1.067551197554948,1.075452880249347,0.8340632350538043,0.8340632350538043
7.38295,-0.13462558670447988,1.030913284745484,1.165538871449964,0.833729215574522,0.833729215574522
7.07995,-0.3192714578900991,0.5425717527039254,0.8618432105940246,0.8329321859807316,0.8329321859807316
7.89894,-0.4761548820691581,0.7268127712292036,1.2029676532983617,0.8316741967714726,0.8316741967714726
8.67394,-0.8871493603300054,0.3572392912700453,1.2443886516000506,0.8305274442571506,0.8305274442571506
6.58495,0.21465062675913166,-0.1146487220133954,-0.3292993487725271,-0.8301762272348977,0.8301762272348977
7.08095,-0.31979722503395547,0.5573718025211638,0.8771690275551193,0.829528409838675,0.829528409838675
7.07895,-0.30349165776869147,0.5395359330539125,0.8430275908226039,0.8277983720701787,0.8277983720701787
7.94094,-0.5662256681953247,0.40250487843565036,0.968730546630975,0.8274320362661893,0.8274320362661893
8.42194,-0.6723367376925239,0.05602758194454584,0.7283643196370697,0.8273545931825332,0.8273545931825332
7.10295,-0.30188202419673466,0.3579598935837223,0.659841917780457,0.8271032039345246,0.8271032039345246
6.86195,0.011317785636366314,1.0749226125558107,1.0636048269194445,0.8270765165422026,0.8270765165422026
7.89994,-0.4550161185548517,0.6754349127373316,1.1304510312921834,0.8268517215504354,0.8268517215504354
7.10095,-0.28379302235935044,0.38358255993749135,0.6673755822968418,0.8261797122996671,0.8261797122996671
5.94996,0.09034338188880417,-0.1483973060179244,-0.23874068790672856,-0.8247476412635038,0.8247476412635038
7.89494,-0.46613729788883795,0.8430421205270893,1.309179418415927,0.8233860992173687,0.8233860992173687
7.96494,-0.48492586236292157,0.16624171513277922,0.6511675774957008,0.8223357382020118,0.8223357382020118
7.07795,-0.2930024860742001,0.5325627347761348,0.8255652208503349,0.8219399596249589,0.8219399596249589
6.95495,-0.29245452647371656,0.09739442591028707,0.38984895238400363,0.8218800431673399,0.8218800431673399
7.38195,-0.11474608501941856,1.0520935863539287,1.1668396713733473,0.8212957569091328,0.8212957569091328
8.67694,-0.8506520585322156,0.32406925611395404,1.1747213146461697,0.8211262224077763,0.8211262224077763
7.08895,-0.29307904726585376,0.6154274093472112,0.908506456613065,0.8188814388159134,0.8188814388159134
6.85395,-0.04252977107943042,1.0309138555606088,1.0734436266400391,0.8183417649290993,0.8183417649290993
6.86095,0.015787753962784118,1.062301076611152,1.0465133226483678,0.8169515763130073,0.8169515763130073
6.85295,-0.04070870228610332,1.0581706902181034,1.0988793925042066,0.8162119409058962,0.8162119409058962
7.09995,-0.27281890537796594,0.3950553014823204,0.6678742068602863,0.8158133644368497,0.8158133644368497
7.89194,-0.43254297864000046,0.7301691422856856,1.162712120925686,0.8150062450918542,0.8150062450918542
7.89294,-0.4357573272730936,0.7948893367801233,1.230646664053217,0.814687003094369,0.814687003094369
7.37895,-0.11395445362170142,1.1156556676937714,1.2296101213154729,0.814479282639904,0.814479282639904
8.67294,-0.8634944942701224,0.3450229258852999,1.2085174201554223,0.8142481489102987,0.8142481489102987
7.38395,-0.12023327878534729,0.9989311898061606,1.1191644685915079,0.813363732711722,0.813363732711722
7.93694,-0.53216193650766,0.32028626905155827,0.8524482055592182,0.8129284205813712,0.8129284205813712
7.88994,-0.448756504682129,0.5909727541384185,1.0397292588205476,0.8123543636664721,0.8123543636664721
7.08795,-0.29625260301604506,0.6375722262881193,0.9338248293041643,0.8123310213767466,0.8123310213767466
5.79096,-0.27795388899018614,-0.37618533074119254,-0.0982314417510064,-0.8123215752453967,0.8123215752453967
7.10595,-0.2864058336701061,0.3765972204180519,0.663003054088158,0.812229353012882,0.812229353012882
7.10195,-0.2802011754151244,0.3687663215339018,0.6489674969490262,0.8107591372685534,0.8107591372685534
8.67194,-0.8422454064079848,0.3401051368032419,1.1823505432112267,0.8107113884726064,0.8107113884726064
7.89694,-0.4541052357659213,0.8165193365723513,1.2706245723382725,0.809832434742313,0.809832434742313
7.79694,-0.5388019049307963,0.6635215382583515,1.2023234431891479,0.80982747709223,0.80982747709223
6.88895,-0.13706225766343363,0.4714936506133356,0.6085559082767692,0.8086623794007866,0.8086623794007866
7.38495,-0.1316026122127927,0.9666507023068183,1.098253314519611,0.8080760119385848,0.8080760119385848
7.97894,-0.5148236771144798,0.27244152787725373,0.7872652049917336,0.807533508102521,0.807533508102521
5.88796,0.1588208800331515,-0.1703455454105019,-0.3291664254436534,-0.8066746667124072,0.8066746667124072
6.85695,-0.009908093164395674,0.9981051579142086,1.0080132510786044,0.8066503847817829,0.8066503847817829
7.89594,-0.44857231434761446,0.8428138998148533,1.291386214162468,0.8065171113037514,0.8065171113037514
6.85795,-0.0075559005324689725,1.0012928584309462,1.0088487589634152,0.8062382088821176,0.8062382088821176
7.38095,-0.07859134356504593,1.0834850519699577,1.1620763955350037,0.8057583726091855,0.8057583726091855
7.10995,-0.28909992702183995,0.40669678485200195,0.695796711873842,0.8051180947879752,0.8051180947879752
7.90094,-0.4091138334067226,0.6260829446809357,1.0351967780876583,0.8049635417443152,0.8049635417443152
8.66994,-0.7944027624714927,0.26420179774176894,1.0586045602132617,0.8048645796763647,0.8048645796763647
8.67094,-0.8139200999471744,0.3144883727270227,1.128408472674197,0.8043680748777118,0.8043680748777118
6.85595,-0.011670743923065233,0.9991322160729764,1.0108029599960417,0.8038545381253891,0.8038545381253891
7.37995,-0.07874066388828115,1.1051310558485483,1.1838717197368294,0.8036634145866355,0.8036634145866355
7.83194,-0.47395203640865613,0.3149230128485555,0.7888750492572116,0.8031963988152243,0.8031963988152243
6.86595,-0.038056839205576704,0.9492736379014683,0.987330477107045,0.8029766023674823,0.8029766023674823
7.98094,-0.5006176303485784,0.21050230057989353,0.7111199309284719,0.8023653525319402,0.8023653525319402
7.83294,-0.45235283337493915,0.2767312961460545,0.7290841295209937,0.8023062958100052,0.8023062958100052
7.10695,-0.27480701998605866,0.3876063219920003,0.6624133419780589,0.8021008401668159,0.8021008401668159
7.89794,-0.4399385552414637,0.7718794567484738,1.2118180119899375,0.8016674428825903,0.8016674428825903
6.02296,0.6741317663714392,0.040423591862222046,-0.6337081745092172,-0.800253842035875,0.800253842035875
7.96594,-0.4795722044935417,0.22730711089788944,0.7068793153914311,0.80012808583632,0.80012808583632
6.96895,-0.27297779875919637,0.06476570504912778,0.33774350380832413,0.7999058148281518,0.7999058148281518
7.97994,-0.5040174531987712,0.24519022207899357,0.7492076752777648,0.7998922253864008,0.7998922253864008
7.90494,-0.35355637986263133,0.49418159073608225,0.8477379705987136,0.7997722918883501,0.7997722918883501
7.18295,1.0889571036993944,0.5032574799481447,-0.5856996237512496,-0.7990329364503653,0.7990329364503653
5.78696,-0.29222939427471056,-0.3749806459231729,-0.08275125164846231,-0.7986346313029472,0.7986346313029472
5.76196,-0.2698116199654458,-0.3813068112490657,-0.1114951912836199,-0.7986252921580465,0.7986252921580465
6.13696,0.6185415764737145,0.08173783163222852,-0.5368037448414861,-0.7953154372027279,0.7953154372027279
6.88695,-0.10411700634022819,0.5466835468808157,0.6508005532210439,0.7949557084605454,0.7949557084605454
6.96595,-0.27615342627910183,0.054573433252843084,0.3307268595319449,0.7947908438594954,0.7947908438594954
7.37795,-0.11133782202571203,1.1147879736879895,1.2261257957137015,0.7945130733273004,0.7945130733273004
6.85995,0.05034966112469651,1.0532716796282093,1.0029220185035128,0.7942226681504241,0.7942226681504241
7.09895,-0.2646249182849427,0.3969722912839111,0.6615972095688538,0.7925959744292361,0.7925959744292361
8.67494,-0.8436956404921594,0.3512181475981876,1.1949137880903469,0.7921087056426005,0.7921087056426005
6.85895,0.03209531088904883,1.025841501323836,0.9937461904347872,0.7919770087263248,0.7919770087263248
7.26995,0.42631049535157595,-0.008770822338816313,-0.43508131769039227,-0.7918802259692422,0.7918802259692422
6.85195,-0.01333048455866656,1.0809302520032993,1.0942607365619659,0.7905623121266075,0.7905623121266075
7.09695,-0.2521050558236048,0.4305666939245016,0.6826717497481064,0.7899521347628701,0.7899521347628701
6.89095,-0.14705220732898922,0.42511506013381556,0.5721672674628048,0.7880820597688043,0.7880820597688043
7.79794,-0.5492365678053637,0.701955698202132,1.2511922660074957,0.7880775566321518,0.7880775566321518
7.39595,-0.22639277486346943,0.7654435287887384,0.9918363036522079,0.7868351699341247,0.7868351699341247
7.38595,-0.14064610312170717,0.9309272198402225,1.0715733229619298,0.786353235367986,0.786353235367986
6.85095,-0.010537864588587586,1.0948084372850777,1.1053463018736653,0.7859549254586764,0.7859549254586764
7.90794,-0.42020481186553194,0.5625467581011706,0.9827515699667025,0.7854082094865772,0.7854082094865772
7.90194,-0.37364742028438636,0.5797733063596798,0.9534207266440662,0.7844864410650408,0.7844864410650408
7.98394,-0.4500826826749893,0.08049484053980134,0.5305775232147907,0.7844099304801069,0.7844099304801069
6.85495,0.008480883440482642,1.0110452535495582,1.0025643701090756,0.7834380729036571,0.7834380729036571
6.88495,-0.1022109591875216,0.6326586875001484,0.7348696466876701,0.7826470909350001,0.7826470909350001
7.37695,-0.10525961001322925,1.1062863223859865,1.2115459323992157,0.7823504763678842,0.7823504763678842
7.82994,-0.5104909962501222,0.41705168630131817,0.9275426825514403,0.7823140569578683,0.7823140569578683
8.67594,-0.8256272122413811,0.33853581861694926,1.1641630308583304,0.7815302132912471,0.7815302132912471
7.93894,-0.5398086453597231,0.4314401366393102,0.9712487819990332,0.7813968816815124,0.7813968816815124
7.88194,-0.4391173481337045,0.19239759317086885,0.6315149413045733,0.7811880607875253,0.7811880607875253
7.37495,-0.11170296618092776,1.0232919111019367,1.1349948772828644,0.7794923909314928,0.7794923909314928
7.93994,-0.5335813644659076,0.43014146873491893,0.9637228332008265,0.7758229594774353,0.7758229594774353
7.93094,-0.4396791111109205,0.15359361504981955,0.59327272616074,0.7702969661921099,0.7702969661921099
7.11495,-0.2543613956851799,0.49617056315151525,0.7505319588366952,0.7699901854247033,0.7699901854247033
7.92994,-0.44990424260114126,0.15888162813182902,0.6087858707329703,0.76985654668333,0.76985654668333
7.90294,-0.34439055407474395,0.5423090907464321,0.886699644821176,0.7696596393976276,0.7696596393976276
6.87895,-0.11645305512728116,0.5804692661331115,0.6969223212603926,0.7690384486992362,0.7690384486992362
7.29095,0.3628694978475848,-0.017609578757973015,-0.38047907660555785,-0.7678249773882534,0.7678249773882534
7.88694,-0.43315333680631385,0.423334692773947,0.8564880295802608,0.7664975919320224,0.7664975919320224
5.88696,0.18646194267162075,-0.15074628982276925,-0.33720823249439,-0.7648537612193256,0.7648537612193256
6.86695,-0.013040128629910734,0.8946541998004887,0.9076943284303994,0.764432920804661,0.764432920804661
7.93794,-0.508698865960396,0.3847978085411091,0.8934966745015052,0.7643758141402136,0.7643758141402136
7.37595,-0.08955576317339525,1.0701964242263629,1.159752187399758,0.7636731060470349,0.7636731060470349
6.84995,0.0002593160065824905,1.07941925655729,1.0791599405507075,0.7633150284948537,0.7633150284948537
6.88595,-0.09354878480586512,0.5787402455796568,0.6722890303855219,0.7632059959873324,0.7632059959873324
7.38995,-0.2249900233816551,0.872638895085465,1.0976289184671202,0.7631836220906064,0.7631836220906064
7.88894,-0.39735469438658505,0.5354856428911585,0.9328403372777436,0.7620282192778405,0.7620282192778405
7.92794,-0.46272603449042393,0.19897143138132223,0.6616974658717462,0.7616211095846354,0.7616211095846354
7.38895,-0.1958677784666495,0.881791398574395,1.0776591770410446,0.7604852075214065,0.7604852075214065
7.37195,-0.10835131624558872,0.8220229094596976,0.9303742257052863,0.7602367497291849,0.7602367497291849
7.11395,-0.24260778819772988,0.4773667530087382,0.7199745412064681,0.7600388459375578,0.7600388459375578
7.93194,-0.42673253419784785,0.15429109093239166,0.5810236251302395,0.759920303718381,0.759920303718381
5.76896,-0.2918419089304738,-0.372527089283072,-0.0806851803525982,-0.7594199460995359,0.7594199460995359
7.33195,0.3289004277694795,0.02270347879027423,-0.30619694897920524,-0.7585814645542643,0.7585814645542643
7.11095,-0.23293854934740169,0.43359055646789746,0.6665291058152991,0.7580933799991699,0.7580933799991699
7.37295,-0.09433508073307335,0.8902708651062259,0.9846059458392993,0.7580422421503425,0.7580422421503425
7.92594,-0.47471935011705213,0.28496284120524934,0.7596821913223015,0.7571858787155744,0.7571858787155744
7.79894,-0.5362938792487735,0.7419030821428411,1.2781969613916146,0.7564426587664116,0.7564426587664116
7.88794,-0.4051031581354134,0.477635545989648,0.8827387041250614,0.755791187200255,0.755791187200255
7.09795,-0.23507660245958134,0.407097332886384,0.6421739353459653,0.7556360906420094,0.7556360906420094
6.95995,-0.2685785924800653,0.05271478446355979,0.32129337694362514,0.7549991966745614,0.7549991966745614
7.27095,0.47467259187880295,0.02031987087525667,-0.4543527210035463,-0.7531727205892357,0.7531727205892357
6.89195,-0.13367295682794597,0.4040225709201737,0.5376955277481197,0.7500242889197472,0.7500242889197472
7.37395,-0.07240950983723396,0.9612083965309152,1.0336179063681492,0.7499139449739157,0.7499139449739157
6.88395,-0.07818058071455807,0.6686445205117351,0.7468251012262931,0.7490851286278166,0.7490851286278166
7.11795,-0.2629792363187784,0.5120889541096969,0.7750681904284753,0.7482279823079038,0.7482279823079038
7.18195,1.07525366547193,0.5177202357386578,-0.5575334297332722,-0.7475513186259078,0.7475513186259078
6.14296,0.5117618438075109,0.05080184728870765,-0.46095999651880326,-0.7475143958921049,0.7475143958921049
7.90394,-0.30643006567310305,0.5091052450519289,0.8155353107250319,0.7468263565599513,0.7468263565599513
7.92694,-0.45131799395414035,0.24116109067402547,0.6924790846281659,0.7458360742655017,0.7458360742655017
7.92894,-0.4418063060751186,0.17239922773557786,0.6142055338106964,0.7457680934989193,0.7457680934989193
7.38695,-0.12740025218600387,0.8999180391906949,1.0273182913766987,0.7454345860027296,0.7454345860027296
6.62995,0.13967285066291582,-0.15211471950267516,-0.291787570165591,-0.743482145598784,0.743482145598784
7.39495,-0.19547438487255078,0.789261000518652,0.9847353853912028,0.7424606233678253,0.7424606233678253
5.87096,0.05209643664983521,-0.19354769833568478,-0.24564413498551999,-0.7424295954189502,0.7424295954189502
6.84495,-0.055718136858084466,0.9094320261496167,0.9651501630077012,0.7416606660728335,0.7416606660728335
7.31495,0.7408025770386848,0.15264375728525878,-0.588158819753426,-0.7381764551405465,0.7381764551405465
7.10795,-0.22115264244208097,0.39613905552893103,0.617291697971012,0.7370372002108786,0.7370372002108786
6.87995,-0.09000831328359009,0.618220399255939,0.708228712539529,0.736863006423395,0.736863006423395
7.11695,-0.2397939401011861,0.5119194904074252,0.7517134305086113,0.7367660902449834,0.7367660902449834
6.84895,0.030507555272034984,1.0572713195342198,1.0267637642621847,0.7366897443395646,0.7366897443395646
6.17396,0.6668976577368808,0.13804360294928475,-0.5288540547875961,-0.7361846948834453,0.7361846948834453
6.88995,-0.10176334221349886,0.44143232194200643,0.5431956641555054,0.7343224541399233,0.7343224541399233
6.86895,-0.037424820430755935,0.7561267537760034,0.7935515742067593,0.7341801588473595,0.7341801588473595
7.11295,-0.2156849781438545,0.4620608491397388,0.6777458272835933,0.7336426488401667,0.7336426488401667
7.39095,-0.20150147144123187,0.868208954058653,1.0697104254998848,0.7335254896811481,0.7335254896811481
7.10895,-0.23009802239813598,0.394104328688432,0.624202351086568,0.7324739023112431,0.7324739023112431
7.22095,1.367784862334696,0.507109265737419,-0.860675596597277,-0.7321012593712698,0.7321012593712698
6.14096,0.585341911905327,0.08868611570632773,-0.4966557961989993,-0.7314754470640065,0.7314754470640065
7.81094,-0.45046422545317333,0.3636520210369563,0.8141162464901297,0.7295020773781637,0.7295020773781637
6.95395,-0.25795412896880787,0.09603211034927561,0.3539862393180835,0.7289162913540227,0.7289162913540227
7.38795,-0.12653825681874184,0.8894322496843086,1.0159705065030504,0.7280446912769628,0.7280446912769628
7.79994,-0.5179662936340006,0.7784896720609874,1.2964559656949879,0.727841995355375,0.727841995355375
6.84695,0.007821002624493388,0.9737620127568098,0.9659410101323165,0.7275830322487238,0.7275830322487238
7.39395,-0.19366636091251413,0.8186277477811305,1.0122941086936446,0.7272770246723205,0.7272770246723205
5.78596,-0.2920868359693046,-0.3699672985455651,-0.07788046257626047,-0.7269784811328224,0.7269784811328224
6.88295,-0.07208088005351057,0.6805162544889503,0.7525971345424608,0.7264166163433883,0.7264166163433883
6.16696,0.620333319668404,0.11691258525915105,-0.503420734409253,-0.7260591961250648,0.7260591961250648
7.92094,-0.4788289793431034,0.45277543503907886,0.9316044143821822,0.7252540088312023,0.7252540088312023
7.11195,-0.20289547819746248,0.45007790257387836,0.6529733807713408,0.7246807666204931,0.7246807666204931
6.84795,0.02935878269099548,1.0171076457335544,0.9877488630425589,0.7244263337647888,0.7244263337647888
5.77296,-0.28918697071223926,-0.37249923367873716,-0.08331226296649791,-0.7235719627538577,0.7235719627538577
7.88594,-0.393095603848319,0.36539888915830937,0.7584944930066284,0.7231022731477028,0.7231022731477028
6.86795,0.003127738250116827,0.8271080617265602,0.8239803234764433,0.7229978363750305,0.7229978363750305
6.87795,-0.09182981927008399,0.5371883752203764,0.6290181944904605,0.722963187156586,0.722963187156586
6.95295,-0.2624122432405333,0.10889770562861975,0.37130994886915303,0.7224216099947408,0.7224216099947408
6.02196,0.639380672494246,0.05259368453233158,-0.5867869879619144,-0.721717300232754,0.721717300232754
6.84595,0.0015850128241560262,0.9429320114026526,0.9413469985784966,0.7214343897601249,0.7214343897601249
6.86995,-0.043460390914992486,0.6943921154535215,0.737852506368514,0.7202974814915615,0.7202974814915615
6.95895,-0.25870428527198586,0.04643277441229628,0.3051370596842821,0.7201508009081653,0.7201508009081653
6.88095,-0.08802416283348358,0.6440934956671893,0.7321176585006729,0.7196370398252926,0.7196370398252926
5.76996,-0.3068155739605488,-0.37481274528418695,-0.06799717132363814,-0.7181265467113125,0.7181265467113125
6.95595,-0.24333874351538398,0.08294326588677382,0.3262820094021578,0.7179580548240336,0.7179580548240336
7.80094,-0.5248780247013962,0.8019061137023858,1.3267841384037822,0.7173087324301551,0.7173087324301551
7.11595,-0.20577925091880914,0.5110879261285147,0.7168671770473238,0.7162333925525564,0.7162333925525564
7.90894,-0.37887488563453775,0.6351530048471173,1.014027890481655,0.7143306459258927,0.7143306459258927
6.71695,-0.12683181059374646,-0.26445932091917296,-0.1376275103254265,-0.7132150842630751,0.7132150842630751
6.14196,0.5370775496588023,0.07165950515611381,-0.4654180445026885,-0.7130981023371624,0.7130981023371624
7.82894,-0.4473976800524544,0.4903034942494917,0.9377011743019461,0.71228410950016,0.71228410950016
6.60595,0.18278590376522805,-0.11419341764040603,-0.2969793214056341,-0.711625569678294,0.711625569678294
7.20995,1.3071197040486138,0.6135770823083853,-0.6935426217402285,-0.7114748673827768,0.7114748673827768
7.92194,-0.45899579434419713,0.43118187932434826,0.8901776736685454,0.7114283746443597,0.7114283746443597
6.84395,-0.03981673623388653,0.8878073310797938,0.9276240673136803,0.709103506577971,0.709103506577971
7.88294,-0.38175853308676877,0.2179418079578699,0.5997003410446387,0.7089142390409569,0.7089142390409569
7.98294,-0.40861053970310546,0.13315079509388453,0.54176133479699,0.7087782979239984,0.7087782979239984
7.92294,-0.4504612146571373,0.40453038479813597,0.8549915994552733,0.7086779954527542,0.7086779954527542
6.88195,-0.06303452826396076,0.6734617269667603,0.736496255230721,0.7070874936718246,0.7070874936718246
7.37095,-0.05464153045043089,0.7485530409665362,0.803194571416967,0.7062424208541086,0.7062424208541086
7.98194,-0.412332037745731,0.16996478811942317,0.5822968258651542,0.7059574556624828,0.7059574556624828
7.36995,-0.06688444649037538,0.6656399312370893,0.7325243777274647,0.7015457810618516,0.7015457810618516
6.60395,0.17448902753071607,-0.1292832743175814,-0.3037723018482975,-0.6986457866323401,0.6986457866323401
6.60895,0.23277594798148885,-0.08365960177530023,-0.31643554975678906,-0.6985413053785282,0.6985413053785282
7.39295,-0.17766406792793182,0.833702716414374,1.0113667843423058,0.6979870177439309,0.6979870177439309
7.92394,-0.43140793977908165,0.3672461380360558,0.7986540778151374,0.697220919050091,0.697220919050091
7.81194,-0.4198630902598861,0.3569842741365876,0.7768473643964737,0.6963383754588393,0.6963383754588393
6.89295,-0.10523461773063764,0.3846959030908794,0.48993052082151706,0.6959800807764722,0.6959800807764722
7.36895,-0.08108323350041577,0.5731398725725723,0.6542231060729881,0.695687163060515,0.695687163060515
6.87095,-0.044960780343337337,0.6316731120028375,0.6766338923461748,0.6938352744657654,0.6938352744657654
7.88394,-0.37046702587675273,0.25918617906254077,0.6296532049392936,0.6937879557779727,0.6937879557779727
7.91094,-0.45140573100638015,0.766759391010138,1.2181651220165182,0.6933095972120502,0.6933095972120502
7.88494,-0.37085705226999516,0.31166998505808646,0.6825270373280816,0.6924751686164031,0.6924751686164031
7.91994,-0.43258306980203237,0.47613523803548813,0.9087183078375205,0.6923892634723313,0.6923892634723313
6.87195,-0.07157089293045911,0.575577398214084,0.6471482911445432,0.6923703499267627,0.6923703499267627
7.39195,-0.15931832465803836,0.8546399074636731,1.0139582321217115,0.6907874091306688,0.6907874091306688
5.97796,0.5236886308565138,0.073737574976668,-0.44995105587984585,-0.690706065825436,0.690706065825436
5.78096,-0.30090799299127646,-0.375774995125194,-0.07486700213391756,-0.6894571259591873,0.6894571259591873
6.89495,-0.1220708007582373,0.32946474167012024,0.45153554242835753,0.6888793705931078,0.6888793705931078
6.60795,0.20684679467677217,-0.09880990956244304,-0.3056567042392152,-0.6883974925383186,0.6883974925383186
7.90994,-0.3906632095922767,0.709111112005112,1.0997743215973887,0.6882809018052403,0.6882809018052403
6.87695,-0.07785379188688749,0.5039697082263574,0.5818235001132449,0.6866492360411016,0.6866492360411016
6.62895,0.16530577399593424,-0.12969011952998433,-0.2949958935259186,-0.6864764561664166,0.6864764561664166
6.60295,0.17904325933725163,-0.12477480249399561,-0.30381806183124727,-0.6857622468455078,0.6857622468455078
7.80894,-0.40760097870877693,0.42227067970317883,0.8298716584119558,0.6843427864916476,0.6843427864916476
7.80794,-0.414531262082751,0.47830539314904047,0.8928366552317915,0.6830977259859481,0.6830977259859481
7.91794,-0.4309498658193347,0.5172263000942796,0.9481761659136143,0.6792595869397133,0.6792595869397133
7.82794,-0.4288555345404271,0.5660351549028025,0.9948906894432297,0.6789703321835886,0.6789703321835886
8.40794,-0.4600597732315853,-0.3014860734313883,0.15857369980019703,0.677258829379867,0.677258829379867
6.58595,0.21533445986035274,-0.08905323122592576,-0.3043876910862785,-0.6759451260914098,0.6759451260914098
7.91694,-0.43284311526570374,0.5594752283678294,0.9923183436335331,0.6758629529786732,0.6758629529786732
7.92494,-0.40257593610344977,0.32302051588412917,0.7255964519875789,0.6756616908789361,0.6756616908789361
7.80994,-0.38950153210601607,0.38260963168752915,0.7721111637935452,0.6729342612858205,0.6729342612858205
7.36795,-0.06700457327124675,0.4808662374674378,0.5478708107386845,0.6729039317418078,0.6729039317418078
6.95195,-0.23614990520403045,0.13674848269274087,0.3728983878967713,0.6726817624789141,0.6726817624789141
7.80194,-0.4606938351879737,0.80442805855987,1.2651218937478437,0.6725506316465016,0.6725506316465016
7.91194,-0.4363406900061453,0.8029988343087967,1.2393395243149419,0.6720988357023742,0.6720988357023742
6.89595,-0.11975849153126894,0.2953713974144614,0.41512988894573033,0.6707465644230987,0.6707465644230987
7.27195,0.4868085667385244,0.04768454505396056,-0.4391240216845638,-0.6704288768442165,0.6704288768442165
7.82694,-0.44816020715470845,0.6361469598707663,1.0843071670254747,0.6702074884913349,0.6702074884913349
7.18095,1.0510053497820642,0.5391934758172441,-0.5118118739648201,-0.6697688875089101,0.6697688875089101
6.60495,0.16149013041080226,-0.11373585174814435,-0.2752259821589466,-0.6680466785185226,0.6680466785185226
5.79596,-0.28989850937843575,-0.35691833439986764,-0.06701982502143189,-0.6665460664791285,0.6665460664791285
6.60695,0.17380141710779473,-0.10839880171934267,-0.2822002188271374,-0.6633731611733603,0.6633731611733603
6.62795,0.21728947115411368,-0.09489177749698076,-0.3121812486510944,-0.6599049459579964,0.6599049459579964
6.89395,-0.0880147692045114,0.36123748166891567,0.4492522508734271,0.6596284773898092,0.6596284773898092
7.11895,-0.18440414616029682,0.5067387115280648,0.6911428576883616,0.659297219468333,0.659297219468333
7.91594,-0.41481564044067204,0.6181459493037905,1.0329615897444626,0.6585691310858363,0.6585691310858363
7.82594,-0.459408728354074,0.7000330370507195,1.1594417654047935,0.6566599102440587,0.6566599102440587
7.91294,-0.4162322833431049,0.7993287814383492,1.215561064781454,0.6558752241771182,0.6558752241771182
6.80295,-0.3017052000310283,-0.014150211829166938,0.2875549882018614,0.6558589047730315,0.6558589047730315
7.91494,-0.41540908611673766,0.6873790334316702,1.102788119548408,0.6543615691610442,0.6543615691610442
6.95095,-0.2220170159589797,0.16841985842514406,0.3904368743841238,0.6533049462353323,0.6533049462353323
6.84295,0.01902731743121372,0.8822611767846736,0.8632338593534599,0.6531402993118375,0.6531402993118375
6.87495,-0.061211977810355825,0.4914336470534189,0.5526456248637748,0.652203952111227,0.652203952111227
7.81394,-0.3863308140848623,0.3990465524865821,0.7853773665714444,0.6505143185803528,0.6505143185803528
7.91894,-0.3849972654653436,0.48845848304747075,0.8734557485128143,0.6499991491240151,0.6499991491240151
6.83995,-0.03327601510989028,0.8350896921174582,0.8683657072273485,0.6497271786823351,0.6497271786823351
6.79095,-0.29641881583229196,-0.09323088499227866,0.2031879308400133,0.6497075303947953,0.6497075303947953
7.81294,-0.3711132017548149,0.37488767474880824,0.7460008765036231,0.6496158774416689,0.6496158774416689
6.87595,-0.05192099525644509,0.49171920953239145,0.5436402047888366,0.6482256791227172,0.6482256791227172
7.81494,-0.3928226598926751,0.4474461175100164,0.8402687774026916,0.6479862340745858,0.6479862340745858
6.78295,-0.3259833698085721,-0.07345718517735039,0.25252618463122173,0.6471884882770959,0.6471884882770959
7.82494,-0.46951057213254466,0.7475836398853395,1.217094212017884,0.645725084849841,0.645725084849841
7.81794,-0.4297334416879134,0.6119559212265675,1.041689362914481,0.6415159722498538,0.6415159722498538
6.84095,-0.004015743720930717,0.8561949764622425,0.8602107201831732,0.640880664889728,0.640880664889728
6.89895,-0.13180416733137992,0.17677953729183674,0.30858370462321666,0.6404741194431328,0.6404741194431328
6.84195,0.01868501804331521,0.8718953617569198,0.8532103437136046,0.6396446350717238,0.6396446350717238
7.33095,0.290574752400941,0.02591615185079879,-0.26465860055014223,-0.6394633638207616,0.6394633638207616
7.80694,-0.36685500992648334,0.5403462718521649,0.9072012817786482,0.6391287474834649,0.6391287474834649
7.81894,-0.44253620307485675,0.6569599848190111,1.0994961878938678,0.6387123552668686,0.6387123552668686
7.82394,-0.4564153756895799,0.7876098102095621,1.244025185899142,0.6371678542770703,0.6371678542770703
7.80294,-0.3987354891316303,0.7866127369256635,1.1853482260572938,0.6369989015691048,0.6369989015691048
7.32895,0.2987178986447432,0.02835641596895486,-0.2703614826757883,-0.6361348096521832,0.6361348096521832
6.77995,-0.3135712491054957,-0.004737948179420841,0.30883330092607486,0.6343600881437097,0.6343600881437097
6.90695,-0.1550531665762514,0.05655381276527646,0.21160697934152786,0.634102212379897,0.634102212379897
6.16796,0.6024248771524993,0.1343809250500318,-0.46804395210246746,-0.6340005776490542,0.6340005776490542
5.95096,0.0858225596696885,-0.1198612539217284,-0.2056838135914169,-0.631387858127905,0.631387858127905
6.94195,-0.1689735612704578,0.2073749078291616,0.3763484690996194,0.6312498892403007,0.6312498892403007
6.78195,-0.31055912117178036,-0.05028088435429601,0.26027823681748435,0.6308970732680362,0.6308970732680362
6.78095,-0.31055999062806194,-0.03090537322322409,0.2796546174048379,0.6304921811979202,0.6304921811979202
6.13996,0.5362598599989635,0.09403363646215719,-0.44222622353680635,-0.6304038403874805,0.6304038403874805
6.90195,-0.15141429507782506,0.09818507026772585,0.2495993653455509,0.6303319681398063,0.6303319681398063
5.97696,0.4590410446629969,0.06259973475029525,-0.39644130991270166,-0.6259757063703125,0.6259757063703125
7.17995,1.06198400416981,0.567624352570682,-0.4943596515991281,-0.6259400614197806,0.6259400614197806
6.94995,-0.20122879240528463,0.20017432829063,0.40140312069591466,0.6258880225567153,0.6258880225567153
6.01696,0.6540658799667204,0.10282210028302798,-0.5512437796836924,-0.6258396427149363,0.6258396427149363
7.91394,-0.36800702054126533,0.7484251048216068,1.1164321253628722,0.6244963724719323,0.6244963724719323
6.17296,0.6252309939973024,0.15945931733465973,-0.4657716766626427,-0.6244700382243193,0.6244700382243193
5.97596,0.4419310346775509,0.06161570078634383,-0.3803153338912071,-0.6239109368487098,0.6239109368487098
7.81594,-0.3709327660632471,0.504123259776215,0.8750560258394621,0.6238098380223229,0.6238098380223229
6.02096,0.5756451098030886,0.06218348095382854,-0.51346162884926,-0.6231270279430076,0.6231270279430076
6.80195,-0.2874874077850898,-0.023890034557522626,0.26359737322756716,0.6229351783408394,0.6229351783408394
6.94295,-0.16834092361760133,0.2198395428653385,0.3881804664829398,0.6226824642279877,0.6226824642279877
6.71795,-0.1340028864339448,-0.25998736978705583,-0.12598448335311102,-0.6219543912513656,0.6219543912513656
7.21095,1.3423318888826319,0.6520145033356283,-0.6903173855470036,-0.6198678651748601,0.6198678651748601
7.36695,-0.055071878215293184,0.38525836229448795,0.44033024050978115,0.6195650174129851,0.6195650174129851
7.80594,-0.3528722050310622,0.607931956375073,0.9608041614061352,0.6195270832234236,0.6195270832234236
7.31595,0.6975385264965488,0.17502848901493456,-0.5225100374816143,-0.6188064853795807,0.6188064853795807
6.89695,-0.08785135762668096,0.2616015325031888,0.34945289012986974,0.6177066417948146,0.6177066417948146
7.81994,-0.40842791666223577,0.7012682478183733,1.1096961644806091,0.6145347569854648,0.6145347569854648
6.92395,-0.14897866447097935,0.14953306000919342,0.29851172448017277,0.6142373184427021,0.6142373184427021
6.87295,-0.019686912881294417,0.5333770064437009,0.5530639193249953,0.613755450091717,0.613755450091717
6.80395,-0.2801165306588162,-0.0014441439832895758,0.27867238667552663,0.6132563849520812,0.6132563849520812
6.13796,0.5257577406533634,0.10027879485826352,-0.4254789457950999,-0.6131125308972998,0.6131125308972998
6.87395,-0.02796723028563232,0.5039899794710936,0.5319572097567259,0.6124736534840868,0.6124736534840868
6.83695,-0.04820564001499925,0.72194196120451,0.7701476012195093,0.6104481410071153,0.6104481410071153
6.78995,-0.29335300672270376,-0.10201092275471048,0.1913420839679933,0.6102012910109595,0.6102012910109595
7.80394,-0.3478431277964727,0.7432371561449274,1.0910802839414,0.6093853310019697,0.6093853310019697
6.01996,0.5740580878955974,0.06510633629409603,-0.5089517516015014,-0.6069807025644745,0.6069807025644745
7.81694,-0.360902190514797,0.5533572713546555,0.9142594618694525,0.6041776256308996,0.6041776256308996
6.92695,-0.14213868351954267,0.10215884274996118,0.24429752626950385,0.6035810546225155,0.6035810546225155
7.80494,-0.33182828008813214,0.6808719847446357,1.0127002648327679,0.6034690044224944,0.6034690044224944
7.28995,0.383776932332205,0.031847400411344165,-0.35192953192086085,-0.6034294618196038,0.6034294618196038
6.83895,0.010207840843099097,0.8061490927052627,0.7959412518621636,0.6023849482107989,0.6023849482107989
7.11995,-0.1369315712276004,0.49879101612416715,0.6357225873517676,0.6023113488825053,0.6023113488825053
7.82094,-0.39845924318492204,0.7348131990509223,1.1332724422358444,0.6018729465129945,0.6018729465129945
7.33295,0.28224261173172566,0.030524807297059493,-0.2517178044346662,-0.6017026373383878,0.6017026373383878
7.36595,-0.06217909218780062,0.3063271609688192,0.3685062531566198,0.5985746278020672,0.5985746278020672
6.17196,0.6311640867789523,0.1714421484383313,-0.45972193834062103,-0.5978936804217031,0.5978936804217031
5.76296,-0.3111904250442545,-0.389249430608909,-0.0780590055646545,-0.5963896512588152,0.5963896512588152
7.32995,0.2864482314751242,0.036466146090637114,-0.2499820853844871,-0.592789477870428,0.592789477870428
6.95695,-0.1941808525833333,0.0647369640137179,0.2589178165970512,0.5898694649185022,0.5898694649185022
7.12295,-0.1669163021950005,0.4644342460608525,0.631350548255853,0.5896555267471346,0.5896555267471346
7.82294,-0.36141514340342296,0.7928631825635329,1.1542783259669558,0.5859447458836754,0.5859447458836754
7.82194,-0.36548594598135964,0.7713320219226882,1.1368179679040478,0.5858723329976075,0.5858723329976075
6.83595,-0.046230391039592186,0.6709117630305188,0.717142154070111,0.5858346426699759,0.5858346426699759
7.21995,1.3426373959400202,0.5847178933762491,-0.757919502563771,-0.5840146204637527,0.5840146204637527
6.60195,0.1599161964977725,-0.10050643928328572,-0.26042263578105823,-0.5836092343341028,0.5836092343341028
7.12095,-0.1375518352056881,0.4804122624633784,0.6179640976690666,0.582258887662528,0.582258887662528
7.32795,0.2826909297848393,0.027464443415745485,-0.2552264863690938,-0.5816660991413737,0.5816660991413737
6.17096,0.6266185912598388,0.1754920966308756,-0.45112649462896315,-0.5793509498505374,0.5793509498505374
7.32695,0.3079475164776217,0.03940304073791597,-0.26854447573970575,-0.5790296039221579,0.5790296039221579
6.78895,-0.2842228256287904,-0.1012808745867058,0.1829419510420846,0.578903894913648,0.578903894913648
6.01796,0.5855752151593325,0.08195508578731035,-0.5036201293720222,-0.5770363708966465,0.5770363708966465
6.94595,-0.15982259782107572,0.2406911261766724,0.4005137239977481,0.576153267659105,0.576153267659105
6.94795,-0.15941991411255935,0.24390613606662814,0.4033260501791875,0.5745008221633818,0.5745008221633818
7.12195,-0.1380006097670262,0.473125507302042,0.6111261170690682,0.5738745688664671,0.5738745688664671
7.12395,-0.16075157189923486,0.4574631104111895,0.6182146823104243,0.5735994747052506,0.5735994747052506
6.94695,-0.15941209811405427,0.24489759663792018,0.4043096947519744,0.5732495690891126,0.5732495690891126
6.77895,-0.28651918975284435,0.0206583571043681,0.30717754685721244,0.5729078288959265,0.5729078288959265
6.83795,0.02111293370246689,0.763019718358843,0.741906784656376,0.5724009257479432,0.5724009257479432
6.16896,0.5929700750807314,0.15397888369871104,-0.43899119138202036,-0.5714579962643151,0.5714579962643151
6.58695,0.21711416180110688,-0.0677928979499911,-0.284907059751098,-0.5712532361201484,0.5712532361201484
6.94895,-0.16686705944378688,0.2177907991274243,0.38465785857121115,0.5708873490351596,0.5708873490351596
6.91795,-0.12718055554616173,0.19222912970440428,0.319409685250566,0.5698839534519319,0.5698839534519319
6.94395,-0.13889428412790328,0.22830255349940426,0.36719683762730754,0.565955603141094,0.565955603141094
6.92595,-0.12770806581197863,0.11084202964862545,0.23855009546060407,0.5654634906791208,0.5654634906791208
6.77695,-0.28982784206061624,0.085438633496891,0.37526647555750725,0.5649234926437517,0.5649234926437517
6.90295,-0.12627106601874682,0.08299053425305625,0.20926160027180307,0.5643870162281011,0.5643870162281011
7.12495,-0.16494222577431167,0.44999960926317034,0.614941835037482,0.563995249559438,0.563995249559438
6.01596,0.6181474498827961,0.11429615221553531,-0.5038512976672608,-0.5637660067071099,0.5637660067071099
6.90095,-0.10652188553485203,0.12479235111709884,0.2313142366519509,0.5632530698141541,0.5632530698141541
6.95795,-0.19075660066054767,0.05140333416121234,0.24215993482176001,0.5628467012869999,0.5628467012869999
7.21195,1.3691126016388322,0.6798127513014206,-0.6892998503374116,-0.5622653936563061,0.5622653936563061
6.16996,0.6044496736678056,0.1648932747209366,-0.43955639894686893,-0.5615263164785587,0.5615263164785587
6.13896,0.4998312838910404,0.10394993677775312,-0.3958813471132873,-0.560966796312149,0.560966796312149
7.13795,-0.0012969809167947682,0.7384951015668513,0.739792082483646,0.5596804327003991,0.5596804327003991
6.01896,0.5544212000604796,0.07445275700837528,-0.4799684430521043,-0.5592581950561555,0.5592581950561555
7.36395,-0.08232555673719719,0.1855050388348564,0.2678305955720536,0.5575976975105555,0.5575976975105555
6.78695,-0.2685424175734564,-0.0951469021749025,0.1733955153985539,0.5565624216987985,0.5565624216987985
6.89995,-0.0938467767000296,0.15114824260649432,0.2449950193065239,0.5560414037158292,0.5560414037158292
5.87196,0.022405754097002198,-0.1825272084973314,-0.20493296259433358,-0.5556855662942732,0.5556855662942732
6.92295,-0.11873663784982412,0.1711686591562345,0.2899052970060586,0.5543305532893336,0.5543305532893336
7.13095,-0.1333734005584093,0.5499260297702835,0.6832994303286928,0.5524734278300847,0.5524734278300847
6.89795,-0.08357339505434808,0.20762141499805536,0.29119481005240344,0.5496837167352113,0.5496837167352113
7.27295,0.46011486666251455,0.06551654695834958,-0.394598319704165,-0.5492203860304653,0.5492203860304653
5.97496,0.38283281765461447,0.05685947158340586,-0.3259733460712086,-0.5491297174128091,0.5491297174128091
6.77595,-0.2846090283436046,0.12138909778730134,0.4059981261309059,0.5489321204094159,0.5489321204094159
6.60995,0.19337964229365343,-0.07118290616841892,-0.26456254846207233,-0.5484798831317123,0.5484798831317123
7.13695,0.006390155983909768,0.7234281042584753,0.7170379482745655,0.5437007535865209,0.5437007535865209
7.12895,-0.13306160856450866,0.5061750772159724,0.6392366857804811,0.5431731463658198,0.5431731463658198
6.83495,-0.043598588636186444,0.6009845739692293,0.6445831626054158,0.5427623188230581,0.5427623188230581
5.88596,0.1406092868541646,-0.12273636849004466,-0.2633456553442093,-0.5416668499621061,0.5416668499621061
7.33495,0.3142124843064972,0.06474691611867509,-0.2494655681878221,-0.5400538885459357,0.5400538885459357
6.78595,-0.2638720115094202,-0.09158459258146623,0.17228741892795396,0.538770545713746,0.538770545713746
6.91195,-0.11392327426618884,0.09647876639522156,0.21040204066141038,0.5385703787588751,0.5385703787588751
6.77095,-0.30485546339554714,0.26664850847062577,0.571503971866173,0.5385628315752917,0.5385628315752917
6.92495,-0.12321461364661598,0.11813372659018448,0.24134834023680046,0.5382302353078958,0.5382302353078958
7.36495,-0.04422770020378345,0.24317625496257803,0.28740395516636147,0.5374863420944844,0.5374863420944844
7.13195,-0.095348337500086,0.5814703683277656,0.6768187058278515,0.5374746310350892,0.5374746310350892
6.00996,0.6544250855580239,0.14938633602756868,-0.5050387495304552,-0.5374435869383497,0.5374435869383497
6.81895,-0.22383773939406149,0.16664470288827007,0.39048244228233153,0.5364156576580126,0.5364156576580126
6.78795,-0.26263231570349693,-0.09675603978615074,0.1658762759173462,0.5354809832667858,0.5354809832667858
6.83395,-0.05962164552778661,0.5529774144478803,0.6125990599756669,0.5347037997467196,0.5347037997467196
6.94495,-0.12447237795361463,0.23493999607907481,0.35941237403268944,0.5339326774701777,0.5339326774701777
7.33395,0.27853540998472515,0.045217556386281256,-0.2333178535984439,-0.5335544406354892,0.5335544406354892
6.93995,-0.1171522822609668,0.1659181721036488,0.2830704543646156,0.5333863302437909,0.5333863302437909
7.13895,0.04687981410984117,0.7483065399764476,0.7014267258666064,0.5330316927241625,0.5330316927241625
6.81795,-0.2181164697765725,0.15805617666017455,0.3761726464367471,0.5315730608692133,0.5315730608692133
6.93895,-0.11516589323185121,0.1513140637196016,0.2664799569514528,0.5313739022640662,0.5313739022640662
6.93395,-0.13128913655805668,0.08065984245900401,0.2119489790170607,0.530496378948037,0.530496378948037
7.21295,1.3848145694680984,0.6913095757784777,-0.6935049936896207,-0.5291981573892827,0.5291981573892827
6.77795,-0.27026452384280525,0.04514650135879673,0.31541102520160197,0.5286437069990607,0.5286437069990607
6.82995,-0.12386099313583965,0.40712877926008356,0.5309897723959232,0.5285641748485775,0.5285641748485775
6.81695,-0.21400405628500271,0.14776679990378577,0.36177085618878846,0.5277856886192607,0.5277856886192607
7.17895,1.0312522045195656,0.6004871326487532,-0.43076507187081237,-0.5275153590961177,0.5275153590961177
7.12595,-0.12025521291313238,0.46152978432094344,0.5817849972340758,0.5268408824906786,0.5268408824906786
6.79595,-0.24593370785281007,-0.05778652882203066,0.1881471790307794,0.5261213972378238,0.5261213972378238
6.76995,-0.28323809019907475,0.28288945646519853,0.5661275466642732,0.5260750205117022,0.5260750205117022
6.81395,-0.21456755827186946,0.11085006366195282,0.3254176219338223,0.5240859083121496,0.5240859083121496
6.79695,-0.23574983023218837,-0.0410110884029577,0.19473874182923068,0.5234773077716747,0.5234773077716747
6.91695,-0.09692345367877997,0.18245876012447676,0.27938221380325673,0.5221723291085301,0.5221723291085301
7.13395,-0.031191016171734927,0.6435454828402798,0.6747364990120147,0.5208740081688202,0.5208740081688202
6.01396,0.6106692740983852,0.1372971712771289,-0.4733721028212563,-0.5203953074472901,0.5203953074472901
5.95196,0.10439038992298909,-0.08928731563553519,-0.19367770555852426,-0.5197464083272793,0.5197464083272793
6.74495,-0.3223584069851783,0.20927544293618797,0.5316338499213663,0.5158509266612686,0.5158509266612686
7.13595,0.0189380222844166,0.6972413061256462,0.6783032838412295,0.5157946901240722,0.5157946901240722
6.77195,-0.2772801443930364,0.2539908168766995,0.5312709612697359,0.5153758010847285,0.5153758010847285
8.40494,-0.18583170958123274,-0.3259749253236844,-0.14014321574245164,-0.5147556004934891,0.5147556004934891
6.80495,-0.23110224861952433,0.008615808292085433,0.23971805691160977,0.5139722990701842,0.5139722990701842
6.92195,-0.09287627545923269,0.1928685021600917,0.2857447776193244,0.5126505626611448,0.5126505626611448
6.01496,0.5832395231087039,0.11925471355214275,-0.46398480955656113,-0.5123826882415807,0.5123826882415807
6.91295,-0.09948020025930851,0.11400569998580629,0.2134859002451148,0.5119746911102143,0.5119746911102143
6.83295,-0.04911555667719663,0.5153536597916855,0.564469216468882,0.5116080265671081,0.5116080265671081
6.01296,0.6097153417166482,0.1418711268699218,-0.46784421484672645,-0.5102698019773465,0.5102698019773465
6.81495,-0.2006497906740375,0.12625129951403816,0.32690109018807567,0.510094269743988,0.510094269743988
6.94095,-0.10594606406108423,0.17899839494825356,0.2849444590093378,0.5095137042334856,0.5095137042334856
6.01096,0.6166939625209628,0.1407453867323545,-0.4759485757886083,-0.5091360909074532,0.5091360909074532
5.97896,0.43320967723780246,0.09082815421949937,-0.3423815230183031,-0.5087622856640158,0.5087622856640158
6.81295,-0.19511423513249287,0.11172224221427444,0.30683647734676733,0.5081150254927813,0.5081150254927813
5.97396,0.3386582660518309,0.04518749894876311,-0.2934707671030678,-0.5072507016220063,0.5072507016220063
6.90795,-0.11556298119041376,0.056360801050105644,0.1719237822405194,0.506985750876945,0.506985750876945
6.59995,0.1908317579968581,-0.06719066084935363,-0.2580224188462117,-0.5061163362052191,0.5061163362052191
6.80095,-0.24017979255040306,-0.03324863102796204,0.206931161522441,0.5055853860443704,0.5055853860443704
7.21695,1.4360707541047268,0.7028325300968897,-0.7332382240078371,-0.5051745150298068,0.5051745150298068
6.91095,-0.10148437357467598,0.08611564430427272,0.1876000178789487,0.5049547571355593,0.5049547571355593
7.13495,0.011458355477758364,0.6714484139680414,0.6599900584902831,0.5044790471011227,0.5044790471011227
6.82295,-0.16770361113958737,0.2471400000241788,0.41484361116376617,0.5044775560077077,0.5044775560077077
7.14295,0.10952285369491954,0.7357562461863613,0.6262333924914417,0.503907056603028,0.503907056603028
6.71895,-0.14074222212463197,-0.2493020168251633,-0.10855979470053131,-0.5035768457500116,0.5035768457500116
7.12995,-0.08193832662705378,0.5259986183372178,0.6079369449642716,0.5032511862671559,0.5032511862671559
7.14195,0.1111989174377587,0.7501126098360625,0.6389136923983039,0.502991678988583,0.502991678988583
6.81595,-0.19699684119740085,0.1353296404601737,0.33232648165757456,0.5020588321539804,0.5020588321539804
6.82395,-0.1689683420710774,0.25608248679950063,0.425050828870578,0.5017292681378634,0.5017292681378634
7.12795,-0.09719817544394485,0.4790728379583056,0.5762710134022504,0.5014147255899842,0.5014147255899842
6.75595,-0.2867812574907618,0.07442792180839126,0.361209179299153,0.5010584361415762,0.5010584361415762
6.83095,-0.07532065006702107,0.4409787244588054,0.5162993745258265,0.49887362456958206,0.49887362456958206
7.13295,-0.025819768060987246,0.6115478463809857,0.637367614441973,0.4981923627247518,0.4981923627247518
7.21895,1.3357982036910185,0.64503343502536,-0.6907647686656585,-0.4981064304540857,0.4981064304540857
6.75695,-0.2837803820727641,0.08343775460638089,0.36721813667914505,0.4977124560152583,0.4977124560152583
6.58795,0.22291948653551558,-0.043442894020887364,-0.26636238055640293,-0.4970143258809056,0.4970143258809056
6.81195,-0.19202838270318492,0.09782890004775725,0.2898572827509422,0.4963603334539972,0.4963603334539972
6.78495,-0.2542196485637088,-0.08903182842423539,0.16518782013947342,0.49579116751883207,0.49579116751883207
6.77295,-0.25380411276655557,0.23052603093443663,0.4843301437009922,0.4956742433964051,0.4956742433964051
5.87296,0.02640080379422082,-0.17187481160890097,-0.1982756154031218,-0.4954568545472996,0.4954568545472996
7.31695,0.6233507648845314,0.19094871759451026,-0.4324020472900212,-0.4937069438001842,0.4937069438001842
6.77495,-0.2493936193182104,0.15668714350532006,0.40608076282353045,0.49254318813323356,0.49254318813323356
6.75795,-0.28390921249382545,0.09098697868080902,0.37489619117463446,0.49241737608668945,0.49241737608668945
6.82895,-0.0959898624484828,0.3836010016340865,0.4795908640825693,0.4913501229792622,0.4913501229792622
6.91895,-0.07828899240575297,0.20742053244088424,0.2857095248466372,0.49116448012560826,0.49116448012560826
7.13995,0.10310144062426374,0.7445761939854008,0.641474753361137,0.4909593458542199,0.4909593458542199
6.01196,0.5894118147892422,0.13454489263293437,-0.45486692215630786,-0.49014994840653314,0.49014994840653314
7.21595,1.4147260793573726,0.7121716937708771,-0.7025543855864955,-0.490022125032615,0.490022125032615
6.77395,-0.249218312358921,0.19508027319263635,0.4442985855515573,0.4900213274488395,0.4900213274488395
6.75195,-0.2910253178518673,0.07280151699403874,0.36382683484590606,0.4899690520219815,0.4899690520219815
6.76895,-0.24846146898124996,0.28051749267836595,0.5289789616596159,0.48920850498334884,0.48920850498334884
6.92795,-0.09688410943711757,0.09738692464709081,0.19427103408420837,0.48869333055876374,0.48869333055876374
6.93095,-0.1146112659665828,0.06877611341216552,0.18338737937874833,0.48828333139107194,0.48828333139107194
7.21395,1.3701039741948393,0.7045225785536586,-0.6655813956411807,-0.4876815179385036,0.4876815179385036
7.14095,0.11442143316295625,0.7436238555058723,0.629202422342916,0.4870955873114652,0.4870955873114652
6.80695,-0.21288331852307316,0.029285725624707857,0.242169044147781,0.48578824381767927,0.48578824381767927
6.81995,-0.18130006829867834,0.18303263513076296,0.3643327034294413,0.4850230966068379,0.4850230966068379
6.58895,0.25247910831456544,-0.02245093288803341,-0.27493004120259884,-0.48483133759841684,0.48483133759841684
6.76595,-0.2456995719034762,0.2550313416175655,0.5007309135210417,0.48449122246249465,0.48449122246249465
6.78395,-0.2582207668358599,-0.08467719216024407,0.17354357467561587,0.48377236968456394,0.48377236968456394
6.76495,-0.26216468299932266,0.2255677869181595,0.4877324699174822,0.48282468801159373,0.48282468801159373
6.62695,0.17692630293114234,-0.0767840364577294,-0.2537103393888717,-0.48134051464150707,0.48134051464150707
7.14495,0.1250721884779415,0.6939554328333912,0.5688832443554497,0.48052351355640416,0.48052351355640416
6.76795,-0.24496463278008915,0.27181122370157684,0.516775856481666,0.48052181859622867,0.48052181859622867
6.74395,-0.28680119800414156,0.22321154316959188,0.5100127411737334,0.48020642552469844,0.48020642552469844
6.75395,-0.2817799339807306,0.06078870489378409,0.34256863887451466,0.4801665871937687,0.4801665871937687
6.92095,-0.07976323437265755,0.1956030035829076,0.27536623795556514,0.47966952333705576,0.47966952333705576
6.76695,-0.23554072230306683,0.2703635388329554,0.5059042611360223,0.47835815479922517,0.47835815479922517
6.76395,-0.25623420393813773,0.2105640678679751,0.46679827180611283,0.4776798874685126,0.4776798874685126
6.80795,-0.20236356315792758,0.041182047588021305,0.24354561074594888,0.47564453509125987,0.47564453509125987
6.80895,-0.19801778622454444,0.05120556453930788,0.24922335076385232,0.47529860388579803,0.47529860388579803
6.74895,-0.2796820481253761,0.1173073228161439,0.39698937094152,0.4743323247430003,0.4743323247430003
6.81095,-0.1879436281925979,0.07947134472578543,0.26741497291838334,0.47333959170017864,0.47333959170017864
7.21495,1.3739261384391632,0.7104080370622154,-0.6635181013769478,-0.4725873215233304,0.4725873215233304
5.97196,0.3037989778453967,0.04460504761008287,-0.25919393023531384,-0.4724438764795418,0.4724438764795418
6.72195,-0.0834609871190422,-0.21238753755159032,-0.12892655043254814,-0.47182051488790017,0.47182051488790017
6.93795,-0.08357687028350141,0.13970535049985228,0.2232822207833537,0.4708697839645182,0.4708697839645182
7.21795,1.3600545295629156,0.6825882635585566,-0.677466266004359,-0.4698642038756023,0.4698642038756023
7.12695,-0.06404383215990817,0.4632026965652756,0.5272465287251837,0.4686449601604572,0.4686449601604572
6.93495,-0.09719901157838215,0.09435783746109602,0.19155684903947817,0.46838613203316404,0.46838613203316404
6.93195,-0.10831835353252696,0.07310475878559962,0.18142311231812658,0.46825351078150346,0.46825351078150346
6.74995,-0.2653417417479178,0.10575606283513563,0.3710978045830534,0.4650750099392536,0.4650750099392536
6.79395,-0.22907164712702477,-0.0724643802732748,0.15660726685374998,0.4649486467063033,0.4649486467063033
7.32595,0.2826604692782808,0.05503486146624034,-0.22762560781204047,-0.4631296937143582,0.4631296937143582
6.59895,0.2038369300851901,-0.05010663778238118,-0.2539435678675713,-0.46304544629666944,0.46304544629666944
6.75495,-0.2587383499743521,0.07028143588079575,0.3290197858551478,0.4622340882198735,0.4622340882198735
6.79495,-0.22444709826865156,-0.06327437289270305,0.1611727253759485,0.46203820996757067,0.46203820996757067
6.75295,-0.27301297831248084,0.06081825636820723,0.3338312346806881,0.460527060049323,0.460527060049323
7.27395,0.4443991012020017,0.08896626350008595,-0.35543283770191575,-0.45918895030609197,0.45918895030609197
5.76396,-0.31174762662714717,-0.37622072167252274,-0.06447309504537557,-0.4590684894401393,0.4590684894401393
7.14395,0.14538209064684887,0.7028334390558613,0.5574513484090124,0.4587141937851645,0.4587141937851645
6.74795,-0.2659133882912656,0.13735601732622432,0.4032694056174899,0.4571266955929663,0.4571266955929663
6.90595,-0.08985687421291068,0.059569638269925326,0.149426512482836,0.4569618964671232,0.4569618964671232
6.73795,-0.2831889718381859,0.15271996091530096,0.43590893275348686,0.45695813361766713,0.45695813361766713
6.90995,-0.08412365490322918,0.07575581326821594,0.1598794681714451,0.45494377519102064,0.45494377519102064
6.75895,-0.24883452092410607,0.1108509180826098,0.3596854390067159,0.4548354910841031,0.4548354910841031
6.91395,-0.07255784818356714,0.13001097177192067,0.2025688199554878,0.4543598503173048,0.4543598503173048
6.76295,-0.228785404045941,0.19845528085296005,0.42724068489890105,0.45425948908101954,0.45425948908101954
7.14595,0.15920992697954242,0.6824792295448107,0.5232693025652683,0.4524334574975469,0.4524334574975469
6.83195,-0.01531254092364669,0.46839893090970297,0.48371147183334967,0.45235175015441736,0.45235175015441736
6.76195,-0.22751872290233352,0.1812132458121029,0.4087319687144364,0.4520583920382219,0.4520583920382219
6.74095,-0.26649016029040834,0.2100881689974223,0.4765783292878306,0.4510180965005283,0.4510180965005283
6.73895,-0.2689084728359443,0.1778359121778842,0.4467443850138285,0.4495814165908214,0.4495814165908214
6.75095,-0.25420589301694835,0.08914429988550718,0.3433501929024555,0.4477957001403656,0.4477957001403656
6.74595,-0.25681518861902497,0.18216679898120927,0.4389819876002342,0.4475359968630466,0.4475359968630466
6.74295,-0.25747871095865404,0.22386319021876128,0.4813419011774153,0.4469230916804353,0.4469230916804353
5.97296,0.2879345275130736,0.035874479427639355,-0.25206004808543425,-0.4460223552293779,0.4460223552293779
6.58995,0.24844156711236268,-0.01875473334341428,-0.26719630045577697,-0.4457261322743208,0.4457261322743208
6.74195,-0.2653739929905589,0.2133661311114314,0.4787401241019903,0.44496007353756073,0.44496007353756073
6.74695,-0.2517808130300125,0.1615699480084864,0.4133507610384989,0.44450707500138853,0.44450707500138853
6.91995,-0.058447462907373696,0.201498675595847,0.2599461385032207,0.44412321609833677,0.44412321609833677
6.73695,-0.2765748156226717,0.1261074716978393,0.40268228732051103,0.4435337281360441,0.4435337281360441
6.79795,-0.20459654746426442,-0.037501690743860394,0.16709485672040403,0.44236226356342284,0.44236226356342284
6.82795,-0.05735220237191436,0.36143887972489086,0.4187910820968052,0.4418451418697745,0.4418451418697745
6.72095,-0.11835485110369197,-0.23132562724159886,-0.11297077613790689,-0.441429211149801,0.441429211149801
6.80595,-0.19530995817155272,0.015430719725219545,0.21074067789677225,0.4408866659313151,0.4408866659313151
6.82595,-0.08702159527766759,0.30884160263034216,0.3958631979080097,0.43990284194518453,0.43990284194518453
6.61095,0.1816164111952925,-0.046866929993872396,-0.2284833411891649,-0.43969830157357503,0.43969830157357503
6.71995,-0.13975288625288512,-0.24364525407182225,-0.10389236781893713,-0.4382887097475109,0.4382887097475109
6.00896,0.5819154081484376,0.1717813050206654,-0.41013410312777215,-0.4381041633491104,0.4381041633491104
6.79195,-0.22540406994415396,-0.08597369862159648,0.13943037132255748,0.437939527270436,0.437939527270436
6.82495,-0.10450986363479589,0.27739614433892806,0.381906007973724,0.43733474854214294,0.43733474854214294
6.73995,-0.2502508101817273,0.19871422034201794,0.44896503052374526,0.4369596331220345,0.4369596331220345
5.87396,0.02537638024964093,-0.16040956518109725,-0.18578594543073818,-0.4351874064482189,0.4351874064482189
7.33595,0.308475187552537,0.08411284986888184,-0.22436233768365516,-0.4344679233550969,0.4344679233550969
6.60095,0.1203830829288487,-0.08469630457487004,-0.20507938750371874,-0.43271380778647084,0.43271380778647084
6.79295,-0.22332808010153415,-0.08125788231403273,0.1420701977875014,0.4312390422557035,0.4312390422557035
6.80995,-0.1695897977368216,0.06384342064977552,0.2334332183865971,0.42870180544504,0.42870180544504
6.93595,-0.07535938503552844,0.1082938699021725,0.18365325493770096,0.42858718936567763,0.42858718936567763
6.82095,-0.11767505008975516,0.20585108202389346,0.3235261321136486,0.417951158777726,0.417951158777726
6.75995,-0.208293196025778,0.1301665710870631,0.3384597671128411,0.408721982265656,0.408721982265656
5.96896,0.2655745914911175,0.04750303786650024,-0.21807155362461728,-0.4074141013632687,0.4074141013632687
6.93295,-0.08211822280442455,0.07610456619925918,0.15822278900368372,0.40630405367610495,0.40630405367610495
6.59695,0.2327287820298226,-0.01756263043356037,-0.250291412463383,-0.4061058614520088,0.4061058614520088
6.82195,-0.09181563168106086,0.23140526865053967,0.32322090033160056,0.4052999573626059,0.4052999573626059
6.82695,-0.03852461232813243,0.3331578302876917,0.3716824426158241,0.40338382041225485,0.40338382041225485
6.73595,-0.25289766506244366,0.09403107483490386,0.3469287398973475,0.4007630145260177,0.4007630145260177
6.00696,0.5677024631057046,0.19125187999671261,-0.376450583108992,-0.39960589758948273,0.39960589758948273
7.14695,0.2080360523028078,0.6586786333398253,0.45064258103701754,0.3987353141785203,0.3987353141785203
6.91595,-0.03175187539738381,0.16968935646231603,0.20144123185969984,0.3975256245524679,0.3975256245524679
7.17795,0.9695385334694162,0.6313030348390873,-0.33823549863032887,-0.39636581329043635,0.39636581329043635
7.14795,0.2063908708682859,0.6428551210024304,0.43646425013414447,0.3943372312545394,0.3943372312545394
5.95296,0.13720886443073393,-0.036113206738502796,-0.17332207116923673,-0.39409557693519454,0.39409557693519454
6.59095,0.2288404327303025,-0.017319639769299282,-0.24616007249960178,-0.3933753339619076,0.3933753339619076
7.27495,0.4536269197850946,0.12615239529375988,-0.32747452449133474,-0.3923708428041341,0.3923708428041341
7.36295,-0.028862298184153735,0.14159662979557586,0.17045892797972959,0.3915144136956541,0.3915144136956541
7.31795,0.5438193168237216,0.19696220758880226,-0.3468571092349194,-0.3911825303997598,0.3911825303997598
5.97996,0.374615096713973,0.10104816730547089,-0.2735669294085021,-0.39069453342152755,0.39069453342152755
6.00796,0.5518515543672853,0.18598055659284515,-0.3658709977744401,-0.38936436226181437,0.38936436226181437
6.73495,-0.23994716186454942,0.07590987725831705,0.31585703912286645,0.38753150602936265,0.38753150602936265
6.76095,-0.1838823010141427,0.15191151201122144,0.33579381302536415,0.3870446596058702,0.3870446596058702
6.61395,0.2592515522578451,0.0057419369598796545,-0.2535096152979654,-0.38662349331630386,0.38662349331630386
5.96996,0.2528781239887395,0.04594526192476776,-0.20693286206397174,-0.38384395666901194,0.38384395666901194
6.72295,-0.08599061501807885,-0.20029819629516687,-0.11430758127708802,-0.38077045337571813,0.38077045337571813
6.90395,-0.06187613119373239,0.06767929528477262,0.12955542647850501,0.38069928525539126,0.38069928525539126
6.62595,0.1667471391910804,-0.05444499476783344,-0.22119213395891382,-0.3803504914210946,0.3803504914210946
6.00596,0.5607880107453594,0.20385771104765343,-0.356930299697706,-0.37868855876252855,0.37868855876252855
6.59795,0.19959033577966423,-0.020163535225018278,-0.21975387100468252,-0.3781739131950548,0.3781739131950548
6.61295,0.22089516847960722,-0.011377195278840716,-0.23227236375844793,-0.3781413395150074,0.3781413395150074
7.15095,0.20487015840759756,0.6135149505774324,0.40864479216983485,0.3770091301554181,0.3770091301554181
6.92995,-0.06720001048872758,0.07088317810087544,0.138083188589603,0.3743076488947614,0.3743076488947614
7.14995,0.2253248733373814,0.6276976672241785,0.40237279388679714,0.36985351820156753,0.36985351820156753
7.33695,0.339288055123533,0.12712806781951572,-0.21215998730401728,-0.3684688942055221,0.3684688942055221
6.91495,-0.032432508773703544,0.14287432238623266,0.1753068311599362,0.3669841467537884,0.3669841467537884
6.73295,-0.23338379258151634,0.027642815003376866,0.2610266075848932,0.3657290245839898,0.3657290245839898
7.36195,-0.021359946647577017,0.12470364252530011,0.14606358917287712,0.36318554351128896,0.36318554351128896
6.79995,-0.18839954207954568,-0.04398368212576832,0.14441585995377737,0.36230963778522085,0.36230963778522085
7.15195,0.22384751999585828,0.6172913284723915,0.39344380847653326,0.3606934927512128,0.3606934927512128
6.73395,-0.21502094522843512,0.058769706777009136,0.2737906520054443,0.359695190030432,0.359695190030432
7.28895,0.318443284244689,0.07846275342059363,-0.23998053082409537,-0.35647646963953933,0.35647646963953933
7.16295,0.469261134184858,0.9569938260399851,0.4877326918551271,0.35454699633522013,0.35454699633522013
6.61195,0.18302505618644577,-0.016865702056998683,-0.19989075824344446,-0.3538512977743121,0.3538512977743121
6.62495,0.2032089961171502,-0.01920783293969761,-0.22241682905684781,-0.3520622693658271,0.3520622693658271
7.14895,0.25175593556224796,0.6366439767461325,0.38488804118388453,0.3520530121979405,0.3520530121979405
7.36095,-0.019354223848955472,0.11230635561295392,0.1316605794619094,0.3460900682794918,0.3460900682794918
7.32495,0.25094386619360964,0.06515404447100581,-0.18578982172260383,-0.34391510357379945,0.34391510357379945
6.79895,-0.17963136831797677,-0.047550719280832,0.13208064903714478,0.3420690385206371,0.3420690385206371
5.98096,0.3638431936778973,0.11723779647104163,-0.24660539720685568,-0.33979348643122814,0.33979348643122814
6.93695,-0.02931504034156151,0.12236590413876065,0.15168094448032216,0.33803622956282176,0.33803622956282176
6.92895,-0.04625564110364071,0.08119849585426175,0.12745413695790248,0.33642432884230505,0.33642432884230505
6.59595,0.20182931424766776,-0.011957391145956262,-0.21378670539362402,-0.334169532475242,0.334169532475242
7.16395,0.5442816980152544,1.0128771706609052,0.4685954726456508,0.3297497238847414,0.3297497238847414
7.16595,0.6001541701530889,1.0900857367951031,0.4899315666420142,0.32889950311934324,0.32889950311934324
6.73195,-0.22235344250117894,-0.004696550045319566,0.21765689245585937,0.32787244650376113,0.32787244650376113
5.97096,0.21971578079369955,0.04212619267263748,-0.17758958812106207,-0.3261562075325306,0.3261562075325306
7.16195,0.46809459449708024,0.9025729829698113,0.434478388472731,0.32548367556538205,0.32548367556538205
6.59195,0.2005663003661901,-0.0073751980311426895,-0.2079414983973328,-0.32504023634519147,0.32504023634519147
7.27595,0.4474614791240663,0.16227941057588488,-0.2851820685481814,-0.31912074048121014,0.31912074048121014
5.96796,0.21804027692281314,0.0488819747073175,-0.16915830221549563,-0.3182862714368681,0.3182862714368681
5.98196,0.3864868096136443,0.14731372989995706,-0.23917307971368723,-0.3178335669735728,0.3178335669735728
7.16695,0.629365743225337,1.104460420643683,0.475094677418346,0.31730562198159434,0.31730562198159434
7.16495,0.5945981641432481,1.0574050529584047,0.46280688881515664,0.31651609808232967,0.31651609808232967
7.32095,0.43496001381181404,0.18014421767450128,-0.25481579613731276,-0.3139555028715216,0.3139555028715216
7.16795,0.6375368767951981,1.097322047915162,0.45978517111996386,0.3102036542734336,0.3102036542734336
7.35995,-0.013179124536836069,0.10085909572193685,0.11403822025877292,0.30980667199111567,0.30980667199111567
7.31995,0.4625048771857478,0.19741875238453818,-0.26508612480120963,-0.3087797997593704,0.3087797997593704
7.15495,0.2997506764578406,0.6503796998501323,0.35062902339229174,0.30870635763177295,0.30870635763177295
7.28595,0.44293687725006853,0.16369562994547845,-0.2792412473045901,-0.30740331909997093,0.30740331909997093
7.16095,0.4381830075892048,0.8359531283013368,0.397770120712132,0.3072952643199346,0.3072952643199346
7.15995,0.40325438285293114,0.78721162980029,0.3839572469473589,0.3050002476478005,0.3050002476478005
7.16895,0.6299258931155964,1.0723873705011133,0.4424614773855169,0.3049489272649559,0.3049489272649559
7.34595,0.12508696513024,0.3790377612426778,0.25395079611243776,0.3038068529131261,0.3038068529131261
7.31895,0.46567262792873443,0.19900957236286443,-0.26666305556587,-0.30289296688038886,0.30289296688038886
7.34895,0.08661104592334024,0.30249094866490567,0.21587990274156543,0.3018306428043997,0.3018306428043997
7.28695,0.3839547621924181,0.1291125909283413,-0.2548421712640768,-0.3014361383160532,0.3014361383160532
6.90495,-0.03663108223866292,0.06355502813895549,0.1001861103776184,0.2995335877212228,0.2995335877212228
7.34695,0.13679571246214092,0.37708786390221766,0.24029215144007673,0.2990662327106556,0.2990662327106556
5.87496,-0.0033672306976973397,-0.13707589733950518,-0.13370866664180783,-0.2989585824674213,0.2989585824674213
6.73095,-0.21042164379722544,-0.029295645703203515,0.18112599809402194,0.2974792282474639,0.2974792282474639
6.90895,-0.039111711531552504,0.061430195817723764,0.10054190734927626,0.2966885666461078,0.2966885666461078
7.27695,0.4617070417187409,0.18134709507131977,-0.28035994664742114,-0.2939509269967878,0.2939509269967878
7.17695,0.942649418672688,0.6809649418407296,-0.2616844768319584,-0.29118365968663107,0.29118365968663107
6.00496,0.4969648172834505,0.2226592913781282,-0.2743055259053223,-0.29078836510345235,0.29078836510345235
6.59295,0.19365852029454164,0.007076896998319371,-0.18658162329622227,-0.29003610953340087,0.29003610953340087
6.59495,0.18470083672881615,-0.0036716410940993674,-0.18837247782291552,-0.28968154329086543,0.28968154329086543
8.40694,-0.36924841345318904,-0.3061935156978428,0.06305489775534623,0.28956972817724863,0.28956972817724863
7.15595,0.33277480870634657,0.6642347504561127,0.3314599417497661,0.2862166814888373,0.2862166814888373
7.32195,0.3577916603355042,0.14700977000573445,-0.21078189032976974,-0.282415547941382,0.282415547941382
5.88496,0.0583429475803154,-0.09249590799952652,-0.15083885557984192,-0.2819397805306865,0.2819397805306865
6.59395,0.19110686467496033,0.008631253043221198,-0.18247561163173912,-0.2817253822742205,0.2817253822742205
6.00196,0.5209335676345113,0.2536149585288564,-0.26731860910565486,-0.27888466738848905,0.27888466738848905
7.15395,0.33256066370274984,0.6413560333778202,0.3087953696750704,0.27643800119900774,0.27643800119900774
7.15295,0.3249194667678198,0.6277669596749805,0.30284749290716073,0.2750197963555452,0.2750197963555452
7.32295,0.2916856045454573,0.11016557449239503,-0.18152003005306225,-0.27193977803070774,0.27193977803070774
7.27795,0.478795609654877,0.20775200032874708,-0.2710436093261299,-0.2704102063881679,0.2704102063881679
5.76496,-0.35133887201541214,-0.38374448163055974,-0.0324056096151476,-0.2676059447440867,0.2676059447440867
6.62395,0.19063645132021162,0.010795865642485518,-0.1798405856777261,-0.264677533293286,0.264677533293286
7.32395,0.24830466591143752,0.09017386418680255,-0.15813080172463495,-0.2627765414654101,0.2627765414654101
7.15895,0.4292082424370539,0.7482559957741763,0.31904775333712243,0.2596557304930525,0.2596557304930525
5.98296,0.3835453896981261,0.18118252423011172,-0.2023628654680144,-0.2563893722095671,0.2563893722095671
7.34795,0.14937769420004904,0.34514614590863835,0.1957684517085893,0.25630222790951523,0.25630222790951523
6.00296,0.48222909192904695,0.24023058689101717,-0.24199850503802978,-0.25323755585531804,0.25323755585531804
7.28795,0.30641754824576806,0.11306610675828971,-0.19335144148747835,-0.2529864005068728,0.2529864005068728
7.33795,0.3268397849655631,0.17164799781717546,-0.15519178714838763,-0.24832554659200964,0.24832554659200964
7.35095,0.09541506600404343,0.2424068199268167,0.14699175392277328,0.2460294592223373,0.2460294592223373
7.16995,0.7004553343763057,1.0403299513351947,0.339874616958889,0.24386063180316997,0.24386063180316997
5.96496,0.1939594233345851,0.05869711518906248,-0.13526230814552262,-0.23734829863766252,0.23734829863766252
7.34995,0.11423538937706608,0.2685827714983055,0.15434738212123944,0.23687856627038778,0.23687856627038778
6.61495,0.17843876451833499,0.014792625704333465,-0.16364613881400153,-0.236467237855355,0.236467237855355
5.87596,-0.010567106562816085,-0.12244766895319309,-0.111880562390377,-0.23565232128074756,0.23565232128074756
6.00396,0.457958104037931,0.23464181919277274,-0.22331628484515828,-0.23536189716680084,0.23536189716680084
7.35195,0.08807773009668905,0.21754839939632836,0.1294706692996393,0.2351261923756221,0.2351261923756221
7.15795,0.4333818951684097,0.715074379170929,0.2816924840025193,0.23393109784264507,0.23393109784264507
5.96596,0.17817990299005587,0.05143080462894384,-0.12674909836111203,-0.23340631614284754,0.23340631614284754
7.15695,0.41299668844073617,0.688318527842178,0.2753218394014418,0.2332469646181405,0.2332469646181405
7.35395,0.05300129760185794,0.16160255210083901,0.10860125449898107,0.225759800802737,0.225759800802737
6.72995,-0.17971993963202926,-0.05613405460674321,0.12358588502528606,0.22128338817752266,0.22128338817752266
6.00096,0.482686817745531,0.2717454148619702,-0.21094140288356084,-0.21932691093755385,0.21932691093755385
6.72395,-0.11740984648150235,-0.18765839286876784,-0.07024854638726549,-0.20962788455039222,0.20962788455039222
7.34495,0.20748018533971588,0.386414621664594,0.17893443632487813,0.2091099567278628,0.2091099567278628
6.72895,-0.18884506911948445,-0.08352875056844244,0.10531631855104201,0.20613433041276424,0.20613433041276424
5.96696,0.15789554979501358,0.0497675454306911,-0.10812800436432249,-0.20342889346872084,0.20342889346872084
7.27895,0.43444003011849525,0.22523396897916678,-0.20920606113932846,-0.20151104668353248,0.20151104668353248
7.17095,0.7509033457674316,1.0046043717813575,0.25370102601392597,0.1919449955263737,0.1919449955263737
5.87896,0.03137660600806488,-0.0759206328472616,-0.10729723885532648,-0.18956966410669965,0.18956966410669965
6.62195,0.18312704862670146,0.047151064852451505,-0.13597598377424996,-0.18256646217413122,0.18256646217413122
5.98396,0.3711668324692302,0.221952639229895,-0.1492141932393352,-0.1792308915586842,0.1792308915586842
7.35495,0.051902329628959194,0.13072901393648173,0.07882668430752254,0.17806077207329002,0.17806077207329002
7.28295,0.42134551349614385,0.238517748564873,-0.18282776493127084,-0.17351372393503747,0.17351372393503747
7.28495,0.36069132434947543,0.1939960238379537,-0.16669530051152173,-0.17202698883311468,0.17202698883311468
7.35295,0.09401489412632161,0.18199582917250823,0.08798093504618662,0.17189194220462142,0.17189194220462142
5.99796,0.4889053453638924,0.3209019653218192,-0.1680033800420732,-0.1715316719909739,0.1715316719909739
8.40594,-0.2777140849949632,-0.3195599053630556,-0.04184582036809242,-0.17086061876515188,0.17086061876515188
6.61895,0.18298081428805876,0.05358177058322638,-0.12939904370483238,-0.17041498251526777,0.17041498251526777
6.72795,-0.1950708154610247,-0.11666409959425367,0.07840671586677103,0.16636240824408258,0.16636240824408258
5.99996,0.4572061346535032,0.2980776420599801,-0.15912849259352307,-0.16520968177723097,0.16520968177723097
5.99696,0.5043693769263284,0.3401354546388466,-0.16423392228748185,-0.16502018321991496,0.16502018321991496
6.72595,-0.09770447052070848,-0.1598823605041748,-0.06217788998346631,-0.15809846503349131,0.15809846503349131
7.35795,0.032627341563063614,0.09139526184749061,0.058767920284427,0.1512095276822401,0.1512095276822401
7.28195,0.4198893228060404,0.2580988470848175,-0.1617904757212229,-0.15036613830232134,0.15036613830232134
5.99596,0.5204895123773035,0.36821460459861743,-0.15227490777868602,-0.14952349514148408,0.14952349514148408
6.62095,0.16498988553011287,0.052298470458202,-0.11269141507191088,-0.14924855752608313,0.14924855752608313
5.98496,0.4139024598046417,0.28374356886426183,-0.13015889094037986,-0.14714352629771818,0.14714352629771818
7.34395,0.25294073737275063,0.3739308898943418,0.12099015252159118,0.1403412028125852,0.1403412028125852
6.62295,0.13297403807020133,0.03297485801727596,-0.09999918005292538,-0.1394795183573561,0.1394795183573561
7.35595,0.05477453172398787,0.1121811799656349,0.057406648241647026,0.13839633105899699,0.13839633105899699
6.61595,0.11879849319303007,0.021134337858663546,-0.09766415533436652,-0.1352131196032957,0.1352131196032957
7.27995,0.3834768781371304,0.23959678286723424,-0.14388009526989615,-0.13491894199847868,0.13491894199847868
5.99896,0.4314871494998965,0.3048954697430157,-0.12659167975688085,-0.13036734116831877,0.13036734116831877
8.38394,-0.3323151926080078,-0.3459948166465032,-0.01367962403849543,-0.1300416076989221,0.1300416076989221
6.61695,0.12578026716852106,0.031177619035710036,-0.09460264813281102,-0.12751469188009107,0.12751469188009107
6.61995,0.15177417826918022,0.056072713837993046,-0.09570146443118717,-0.12563656306769597,0.12563656306769597
7.33895,0.28811822617349586,0.2034364580741742,-0.08468176809932165,-0.12444438641014453,0.12444438641014453
5.99096,0.44337642081041917,0.6037687244986567,0.16039230368823754,0.12385710313983168,0.12385710313983168
5.87696,-0.045716671785233864,-0.10757151310554522,-0.061854841320311355,-0.12327692201232898,0.12327692201232898
5.95996,0.1408977157784732,0.25663732147822843,0.11573960569975522,0.12284209730172606,0.12284209730172606
5.95696,0.1264098420014894,0.23567074277130606,0.10926090076981668,0.11975460774725626,0.11975460774725626
5.98896,0.4169531898086083,0.5618645517796526,0.14491136197104426,0.11623666533906449,0.11623666533906449
5.95796,0.1680193752892275,0.282653869348644,0.1146344940594165,0.11554826571207923,0.11554826571207923
7.34295,0.24617825750487063,0.34416794943214296,0.09798969192727233,0.11505682309335925,0.11505682309335925
5.95896,0.17132898457684353,0.28527344817532874,0.1139444635984852,0.11393833965082756,0.11393833965082756
5.98996,0.4495264516835925,0.5966260644995655,0.14709961281597295,0.11297627219169057,0.11297627219169057
7.17195,0.8117219258171983,0.9521224189735056,0.14040049315630732,0.11285084820536088,0.11285084820536088
5.96396,0.15006208029705603,0.08134142332764932,-0.06872065696940671,-0.11279311646470228,0.11279311646470228
7.17595,0.8411495283879733,0.7338805255864443,-0.10726900280152896,-0.11238804721262236,0.11238804721262236
7.28395,0.33341238435681275,0.22001666337852313,-0.11339572097828962,-0.11175379456945159,0.11175379456945159
7.28095,0.382979258992611,0.2630150636638639,-0.11996419532874708,-0.11133156800055351,0.11133156800055351
5.95396,0.08050394024995522,0.021493310720590814,-0.05901062952936441,-0.11063344122560656,0.11063344122560656
6.61795,0.12244005790952789,0.03902014213013036,-0.08341991577939753,-0.11038348014127831,0.11038348014127831
7.35695,0.05493102517049635,0.09951720925510057,0.04458618408460423,0.10954963536649641,0.10954963536649641
7.35895,0.053725724670168756,0.09309757556816088,0.039371850897992125,0.10607547478730037,0.10607547478730037
5.99196,0.4417029015709566,0.5664019823816973,0.12469908081074066,0.10010555288315746,0.10010555288315746
5.87796,-0.03556842704467275,-0.08687416322222696,-0.05130573617755421,-0.09623607452420929,0.09623607452420929
5.98596,0.4421413830744011,0.3504699059609504,-0.0916714771134507,-0.09581751398252704,0.09581751398252704
5.98796,0.3880515615936869,0.4952812342498507,0.10722967265616379,0.09260536030994063,0.09260536030994063
7.33995,0.306743054352828,0.2409791073463349,-0.0657639470064931,-0.09016542039475155,0.09016542039475155
7.34195,0.2473921274840946,0.31507071882324944,0.06767859133915485,0.0823416575646966,0.0823416575646966
5.88396,-0.02036277861190982,-0.06757674942936269,-0.04721397081745287,-0.0820250445952571,0.0820250445952571
5.99496,0.4849964290677997,0.40711399357213185,-0.07788243549566787,-0.07377633227785978,0.07377633227785978
6.72495,-0.14347368273754763,-0.16888076025631707,-0.025407077518769444,-0.07082920909296368,0.07082920909296368
5.96096,0.15581219479640068,0.21343544018983648,0.0576232453934358,0.06814892856245192,0.06814892856245192
5.87996,-0.03749171215444527,-0.0661792255173092,-0.02868751336286393,-0.04881067699770349,0.04881067699770349
5.88296,-0.029812215989783605,-0.05931921366803034,-0.029506997678246737,-0.048593204594602285,0.048593204594602285
5.99296,0.4550344758014345,0.5101934349973727,0.05515895919593816,0.04696936470691273,0.04696936470691273
7.17395,0.7822224715724124,0.8324178749602872,0.05019540338787476,0.046164177116232746,0.046164177116232746
5.99396,0.4993850823745422,0.4509533198261793,-0.0484317625483629,-0.04368600793307631,0.04368600793307631
5.96296,0.1502140818157813,0.1233496729723414,-0.026864408843439908,-0.04005301293485102,0.04005301293485102
5.95596,0.13899965169097073,0.17055889953497289,0.03155924784400216,0.03999619960567418,0.03999619960567418
7.17295,0.8514419074889452,0.8888259739465537,0.0373840664576085,0.03209105916262999,0.03209105916262999
5.96196,0.13825281714033855,0.1604729712291476,0.022220154088809063,0.029497413137921,0.029497413137921
7.34095,0.2634453380493399,0.2834739348206685,0.02002859677132862,0.025901623421435847,0.025901623421435847
5.88196,-0.036619916035926785,-0.05173920459599491,-0.015119288560068125,-0.02484139050871188,0.02484139050871188
7.17495,0.7712657519493566,0.7850579239693875,0.013792172020030802,0.01360553306323443,0.01360553306323443
5.95496,0.08596412187931246,0.09251596242665175,0.006551840547339288,0.010036374269242445,0.010036374269242445
6.72695,-0.13298772259944197,-0.13599508276120334,-0.0030073601617613688,-0.006995557639547235,0.006995557639547235
5.98696,0.41823939320901105,0.4254474071223558,0.007208013913344746,0.006881619854926107,0.006881619854926107
5.88096,-0.05128152102064182,-0.05178157994565914,-0.0005000589250173243,-0.0008370006772452648,0.0008370006772452648
