ppm,reference_mean,target_mean,mean_difference,standardized_effect,absolute_effect
8.39394,0.7391177778869578,-0.5866823356893687,-1.3258001135763264,-10.007404634690237,10.007404634690237
8.39194,0.5903893128454585,-0.5234176663157999,-1.1138069791612584,-9.233019046460912,9.233019046460912
8.39294,0.6896102376813522,-0.5277179525903033,-1.2173281902716555,-8.947501494948655,8.947501494948655
6.37995,3.800120469447108,0.5526051474332313,-3.247515322013877,-8.56785004726005,8.56785004726005
6.38095,3.7561288894610554,0.5821864986461117,-3.173942390814944,-8.445287149035016,8.445287149035016
6.39995,3.1877185549355795,0.4054424832422484,-2.7822760716933312,-8.389956938082396,8.389956938082396
6.39095,3.5168929043475416,0.4411921597022402,-3.0757007446453013,-8.38436772886777,8.38436772886777
6.38795,3.694788849359679,0.5113052081962645,-3.1834836411634146,-8.3341142175068,8.3341142175068
6.39395,3.3755510828938102,0.4248199011605234,-2.950731181733287,-8.247656178088235,8.247656178088235
6.39295,3.4203895896211995,0.3940985408982417,-3.0262910487229577,-8.19799318533899,8.19799318533899
6.40195,3.0476091139735297,0.4090241011487196,-2.63858501282481,-8.096796342200399,8.096796342200399
6.38895,3.6599914259224042,0.5447594834018219,-3.115231942520582,-8.086991015121631,8.086991015121631
6.39895,3.205712044906881,0.4181471243465871,-2.787564920560294,-8.057320895406823,8.057320895406823
6.40295,2.961717938303528,0.40283031281623927,-2.5588876254872885,-7.999532844496369,7.999532844496369
6.37895,3.8054981183414913,0.5373635471431644,-3.2681345711983267,-7.999083156680239,7.999083156680239
6.38995,3.6029312816378387,0.5054462618398742,-3.0974850197979644,-7.980232736323698,7.980232736323698
6.38195,3.705339809712762,0.5444344305056296,-3.1609053792071324,-7.9343124763218,7.9343124763218
6.38395,3.6937555925271015,0.4881384560717358,-3.205617136455366,-7.923624830569879,7.923624830569879
6.38295,3.6631380557197257,0.5246001438136557,-3.13853791190607,-7.892162953877401,7.892162953877401
6.39495,3.399583039739955,0.43733608643928423,-2.962246953300671,-7.775083034328947,7.775083034328947
6.38495,3.676102519161077,0.4824750076675485,-3.1936275114935286,-7.759421160733934,7.759421160733934
6.37795,3.8217313465956613,0.5980160063594611,-3.2237153402362004,-7.745671575102656,7.745671575102656
6.40095,3.177008644543627,0.3883997148604647,-2.7886089296831624,-7.730701544890074,7.730701544890074
6.37595,3.823921211004901,0.5756280394587171,-3.248293171546184,-7.724395007683032,7.724395007683032
6.40395,2.9135135053382806,0.435049751503039,-2.4784637538352414,-7.598359104236466,7.598359104236466
6.40695,2.8698890749841137,0.4266808286558336,-2.4432082463282803,-7.519391052552739,7.519391052552739
6.39195,3.476668549133865,0.3821400693643839,-3.0945284797694814,-7.492735403314753,7.492735403314753
6.37695,3.8285238602756104,0.5992076136163847,-3.229316246659226,-7.429910789699628,7.429910789699628
6.37495,3.781580850941645,0.5549408966969034,-3.2266399542447415,-7.388704772175445,7.388704772175445
6.38695,3.6933557237821444,0.44988565392924407,-3.2434700698529,-7.342530002988611,7.342530002988611
6.40795,2.827467204671554,0.46067449554190665,-2.3667927091296472,-7.2390098964983425,7.2390098964983425
6.38595,3.710790677655023,0.42359801113233514,-3.287192666522688,-7.15738791188724,7.15738791188724
6.40895,2.7480629333665676,0.4764583001756909,-2.2716046331908766,-7.106136071097298,7.106136071097298
6.37195,3.8509199244841055,0.5658086338312617,-3.2851112906528437,-7.09678269097786,7.09678269097786
6.39595,3.2763861874292544,0.4338972931892115,-2.842488894240043,-7.0213536552508184,7.0213536552508184
6.39795,3.235567300214795,0.38884105140794467,-2.84672624880685,-6.97846987480997,6.97846987480997
6.37295,3.795699567459523,0.5630088340036297,-3.232690733455893,-6.904768418124071,6.904768418124071
6.37395,3.7682221044469064,0.5633860687575865,-3.20483603568932,-6.873881801431383,6.873881801431383
6.87295,-0.019686912881294417,-0.37318574553676565,-0.3534988326554712,-6.797121902261596,6.797121902261596
6.86795,0.003127738250116827,-0.4098942820006376,-0.4130220202507544,-6.788390439834552,6.788390439834552
6.39695,3.2086629422118573,0.4333119478552305,-2.775350994356627,-6.743610148711335,6.743610148711335
6.40995,2.6652729702538407,0.4857742649339392,-2.1794987053199013,-6.628970136782597,6.628970136782597
8.39094,0.4759853061571956,-0.4711476284753515,-0.9471329346325471,-6.58300964416882,6.58300964416882
6.41095,2.6374581453368955,0.4783164701655653,-2.1591416751713304,-6.511230160250877,6.511230160250877
6.37095,3.8426672554259973,0.6006242945778727,-3.2420429608481247,-6.445078476441908,6.445078476441908
6.40595,2.87163125088381,0.4183066979811657,-2.4533245529026444,-6.379560132344458,6.379560132344458
6.36695,3.8139751355200833,0.6711726260250944,-3.142802509494989,-6.271233514797977,6.271233514797977
6.40495,2.858186331948062,0.4062237147977212,-2.4519626171503406,-6.246979327093272,6.246979327093272
6.36395,3.7002453981317194,0.7811162835925572,-2.919129114539162,-6.243353459213943,6.243353459213943
6.36595,3.748126052643636,0.7065660151904868,-3.0415600374531495,-6.180435111283884,6.180435111283884
6.36995,3.8042383387107996,0.6355936752492538,-3.1686446634615457,-6.126336380043171,6.126336380043171
6.41195,2.5778575001817066,0.48041755179931755,-2.097439948382389,-6.1097450990728905,6.1097450990728905
6.85195,-0.01333048455866656,-0.41826912555610246,-0.40493864099743593,-6.0956026317999275,6.0956026317999275
6.86895,-0.037424820430755935,-0.3861168370993472,-0.34869201666859123,-6.067505715420732,6.067505715420732
6.36795,3.8029225940008087,0.6715561305724558,-3.131366463428353,-6.026484166794763,6.026484166794763
6.36495,3.6888158525254626,0.7509400006267402,-2.9378758518987222,-5.995464890575668,5.995464890575668
6.88495,-0.1022109591875216,-0.48987252590123387,-0.38766156671371227,-5.901590364217816,5.901590364217816
6.36295,3.7216357143287695,0.7256827433336347,-2.995952970995135,-5.8666750993016,5.8666750993016
6.36895,3.738888356608369,0.6632395568912912,-3.0756487997170776,-5.865857829803871,5.865857829803871
6.41495,2.5004676081106654,0.5059732138195143,-1.994494394291151,-5.7998581264124445,5.7998581264124445
6.88395,-0.07818058071455807,-0.4515666126231892,-0.3733860319086311,-5.770869619451475,5.770869619451475
8.96593,-0.8351844062992735,-1.0101005082515737,-0.17491610195230023,-5.743372643999663,5.743372643999663
6.36095,3.6490523725121298,0.7485050785715205,-2.900547293940609,-5.736253447675792,5.736253447675792
6.36195,3.7057205573395553,0.705321304580836,-3.0003992527587195,-5.668374693843622,5.668374693843622
8.49194,-0.8020269484111002,-1.0253738783561295,-0.22334692994502925,-5.564816804763302,5.564816804763302
8.52894,-0.7796400857350247,-1.002620248441225,-0.22298016270620025,-5.512769515699083,5.512769515699083
6.41595,2.519282219083874,0.4998728975496506,-2.0194093215342237,-5.454657255854816,5.454657255854816
6.43795,1.9884739517227468,0.3383411022764418,-1.650132849446305,-5.4357363367139,5.4357363367139
6.43895,1.9739738707007883,0.3070060981808903,-1.666967772519898,-5.399901614260048,5.399901614260048
5.87896,0.03137660600806488,0.8225235788921672,0.7911469728841023,5.343546359320455,5.343546359320455
6.41295,2.491097278003028,0.44632971183593295,-2.044767566167095,-5.3084623868300715,5.3084623868300715
6.41695,2.462012509953733,0.5024434910576578,-1.9595690188960753,-5.278190495341685,5.278190495341685
6.41395,2.4879465139669428,0.46864724840422317,-2.0192992655627195,-5.23911553500687,5.23911553500687
6.85795,-0.0075559005324689725,-0.42318578946922336,-0.4156298889367544,-5.2363567110021165,5.2363567110021165
8.39494,0.7671945881596711,-0.5826128212095482,-1.3498074093692192,-5.225347985320066,5.225347985320066
6.35895,3.6612047237744427,0.8211094784325931,-2.8400952453418498,-5.219585127689006,5.219585127689006
6.35795,3.6194471838032287,0.8555499000540892,-2.76389728374914,-5.205795643471542,5.205795643471542
6.35995,3.6324647100236227,0.7976788727034146,-2.834785837320208,-5.193157155374853,5.193157155374853
8.49294,-0.8342984599986704,-1.0143766314799827,-0.18007817148131233,-5.1504713635842005,5.1504713635842005
6.43695,2.006524468585291,0.3449774650482675,-1.6615470035370237,-5.137909385929422,5.137909385929422
8.45094,-0.7745610210787335,-0.9095146392499143,-0.1349536181711808,-5.090561837049986,5.090561837049986
8.48894,-0.7092389351313041,-1.000812892097678,-0.2915739569663739,-5.0888564319014495,5.0888564319014495
6.43595,2.013425137069544,0.3327419815291585,-1.6806831555403854,-5.085365103732783,5.085365103732783
5.55996,3.516078866390542,1.8133015251997622,-1.7027773411907796,-5.0676844625404165,5.0676844625404165
6.59295,0.19365852029454164,-0.2539064429536175,-0.4475649632481591,-5.031347412010329,5.031347412010329
6.85695,-0.009908093164395674,-0.40782161580954995,-0.3979135226451543,-5.023185312993147,5.023185312993147
6.35695,3.542406739126256,0.8156166155991007,-2.726790123527155,-5.011679202245805,5.011679202245805
6.87895,-0.11645305512728116,-0.4237119242683526,-0.3072588691410714,-4.993774655605752,4.993774655605752
6.17696,0.6624664968375296,1.5262041915054119,0.8637376946678823,4.985218266260424,4.985218266260424
8.77394,-0.7913308914770683,-0.9877899254123124,-0.1964590339352441,-4.975359283446961,4.975359283446961
8.55394,-0.8211809738241826,-0.9750055482446853,-0.15382457442050268,-4.939482192092299,4.939482192092299
6.41795,2.3978098839141637,0.5496916132530644,-1.8481182706610992,-4.939186522087176,4.939186522087176
7.12395,-0.16075157189923486,0.6827869844908975,0.8435385563901323,4.925810649712944,4.925810649712944
6.85095,-0.010537864588587586,-0.4530693620696275,-0.4425314974810399,-4.907246267325126,4.907246267325126
6.17796,0.6850247096128091,1.534378314518234,0.8493536049054248,4.852818623508578,4.852818623508578
5.56096,3.5029754493538885,1.7783198608357071,-1.7246555885181813,-4.846242832917125,4.846242832917125
6.35595,3.48229016734529,0.8558985700099362,-2.6263915973353535,-4.843466182579518,4.843466182579518
6.47895,1.0808179951620338,0.049896080982562166,-1.0309219141794717,-4.838924428062427,4.838924428062427
6.47495,1.079891234439202,0.08784207843703681,-0.9920491560021651,-4.8357208602462185,4.8357208602462185
8.39594,0.8043835185359854,-0.613180958864851,-1.4175644774008365,-4.828836281863803,4.828836281863803
7.31195,0.9376321845239379,0.22557776448861228,-0.7120544200353256,-4.8218813507701626,4.8218813507701626
6.43495,1.9932727360020013,0.37883527108981685,-1.6144374649121844,-4.817729800249057,4.817729800249057
6.43295,2.077608197661648,0.47627710680998625,-1.6013310908516618,-4.805561128155031,4.805561128155031
6.43195,2.0964248465163604,0.48966787261910943,-1.606756973897251,-4.800872391863951,4.800872391863951
6.44495,1.873093690369784,0.3414668324410504,-1.5316268579287335,-4.792154283987413,4.792154283987413
8.46994,-0.8063359542532134,-0.970013338973316,-0.16367738472010263,-4.7915109711094,4.7915109711094
6.35395,3.561128449560642,0.8707742084674236,-2.6903542410932184,-4.76775617494707,4.76775617494707
6.35495,3.511734592040788,0.9034830360546336,-2.6082515559861545,-4.766836249000467,4.766836249000467
6.17896,0.6651200357921281,1.5603741224409569,0.8952540866488288,4.764628569189843,4.764628569189843
6.35095,3.504717321210177,0.9223263174463803,-2.5823910037637967,-4.761181230006676,4.761181230006676
5.87096,0.05209643664983521,0.6939854012961921,0.6418889646463569,4.756485524123714,4.756485524123714
7.12195,-0.1380006097670262,0.6002831408905823,0.7382837506576085,4.753326735532836,4.753326735532836
7.30995,0.9534382591484885,0.21224488682692474,-0.7411933723215637,-4.733786041958061,4.733786041958061
6.86995,-0.043460390914992486,-0.45527338494978603,-0.41181299403479354,-4.728224608513814,4.728224608513814
8.48994,-0.7404143365982838,-1.0078287282905074,-0.2674143916922236,-4.721174910462629,4.721174910462629
7.12495,-0.16494222577431167,0.703603760501866,0.8685459862761777,4.715067904522307,4.715067904522307
6.16996,0.6044496736678056,1.430471652358207,0.8260219786904015,4.69601434021557,4.69601434021557
6.87195,-0.07157089293045911,-0.4007028347337653,-0.3291319418033062,-4.695540563154089,4.695540563154089
6.60195,0.1599161964977725,-0.2514583921821833,-0.4113745886799558,-4.685639262430311,4.685639262430311
6.44095,1.9089820459199718,0.34950390011355087,-1.5594781458064209,-4.655782432953526,4.655782432953526
6.88295,-0.07208088005351057,-0.4473546161364378,-0.37527373608292725,-4.654647535803207,4.654647535803207
6.35195,3.574177031048902,0.9217514319628579,-2.652425599086044,-4.646480775582612,4.646480775582612
6.44195,1.9269919890700669,0.36006578499055275,-1.5669262040795142,-4.6225206523953455,4.6225206523953455
5.88196,-0.036619916035926785,0.9173914312493064,0.9540113472852332,4.5873269657356595,4.5873269657356595
8.38994,0.3444821324294642,-0.38850358609917857,-0.7329857185286428,-4.585312994608936,4.585312994608936
6.65695,0.1961326375330019,-0.25813008828948575,-0.4542627258224876,-4.584616792263724,4.584616792263724
5.56296,3.511517230463671,1.7751748408353358,-1.736342389628335,-4.576742044267714,4.576742044267714
6.18596,0.689612652234757,1.7419396799946212,1.0523270277598642,4.5763947076926375,4.5763947076926375
6.47095,1.0638944546418436,0.06719699969407232,-0.9966974549477713,-4.576105881827673,4.576105881827673
6.43095,2.124213485598897,0.49681951748710895,-1.6273939681117882,-4.570880545016706,4.570880545016706
6.44595,1.8263430472066116,0.3677093479964793,-1.4586336992101323,-4.5690967411412675,4.5690967411412675
6.47395,1.0884157541558297,0.09712929418543816,-0.9912864599703916,-4.566602170174361,4.566602170174361
6.43995,1.9373825879259465,0.3147523445912738,-1.6226302433346727,-4.562025034068378,4.562025034068378
6.61495,0.17843876451833499,-0.24407378742799674,-0.42251255194633175,-4.550618758138732,4.550618758138732
6.47295,1.0496984998201495,0.05483134296740449,-0.9948671568527451,-4.544703528387304,4.544703528387304
6.48595,1.0691921614783408,0.055903506114606816,-1.0132886553637341,-4.542917637922779,4.542917637922779
7.13295,-0.025819768060987246,0.7868579565756975,0.8126777246366848,4.536510800587389,4.536510800587389
6.86695,-0.013040128629910734,-0.41805743506258225,-0.40501730643267153,-4.530451007001177,4.530451007001177
5.87796,-0.03556842704467275,0.795278215448407,0.8308466424930798,4.522964771703599,4.522964771703599
6.86095,0.015787753962784118,-0.3973656607631756,-0.4131534147259597,-4.511143568141202,4.511143568141202
6.34995,3.4250864116689526,0.9780527264979818,-2.447033685170971,-4.508255091640963,4.508255091640963
5.55896,3.447042639540733,1.8787596493496135,-1.5682829901911195,-4.505477452405118,4.505477452405118
6.16396,0.5919751926788828,1.4033261385320484,0.8113509458531656,4.505422069532719,4.505422069532719
6.43395,2.0410112228476978,0.4095997972690677,-1.63141142557863,-4.503657010673506,4.503657010673506
6.44395,1.9124304328735118,0.3011997028229971,-1.6112307300505146,-4.498721949614829,4.498721949614829
6.47195,1.000366977348352,0.04595117283398792,-0.954415804514364,-4.48412670068441,4.48412670068441
6.41995,2.368605493964063,0.5772429976529904,-1.7913624963110726,-4.480814165325095,4.480814165325095
8.45694,-0.7311667322369667,-0.9346054014148019,-0.20343866917783515,-4.480192507366813,4.480192507366813
6.18496,0.6882674738362696,1.6963332823148345,1.0080658084785648,4.478331504758024,4.478331504758024
6.61395,0.2592515522578451,-0.21355883735134262,-0.4728103896091877,-4.471260550598438,4.471260550598438
6.35295,3.5649751791206583,0.951755190580509,-2.6132199885401493,-4.469369697364476,4.469369697364476
6.18196,0.6912419945963484,1.6288407320359723,0.937598737439624,4.4635893800886475,4.4635893800886475
6.44295,1.943502202831044,0.33773486356033944,-1.6057673392707046,-4.462542399990689,4.462542399990689
8.50094,-0.7902864040830762,-0.9794210675482311,-0.18913466346515495,-4.462174550995221,4.462174550995221
5.88296,-0.029812215989783605,0.9071160745285107,0.9369282905182943,4.438179759848625,4.438179759848625
5.90596,0.5639086349847938,1.1050973911185822,0.5411887561337884,4.43081907126697,4.43081907126697
5.56196,3.4970055525157973,1.7740772055199199,-1.7229283469958774,-4.417904412279474,4.417904412279474
6.87095,-0.044960780343337337,-0.4761778798598621,-0.43121709951652476,-4.397074451127246,4.397074451127246
6.18396,0.6542064094794129,1.65181305793527,0.997606648455857,4.388349689168195,4.388349689168195
6.85895,0.03209531088904883,-0.3719791217506757,-0.40407443263972453,-4.383291391019565,4.383291391019565
5.55596,3.5411909287648804,1.994518503212627,-1.5466724255522535,-4.375016634271823,4.375016634271823
5.56396,3.5191459238338823,1.7779826407063644,-1.741163283127518,-4.367044943032416,4.367044943032416
6.41895,2.3559933343139408,0.5640955526909491,-1.7918977816229917,-4.364496883238544,4.364496883238544
6.42695,2.2173493334049894,0.5054914247931189,-1.7118579086118704,-4.3562433391176425,4.3562433391176425
8.48794,-0.7590260784682995,-1.0081909206619266,-0.2491648421936271,-4.35110549748949,4.35110549748949
6.85595,-0.011670743923065233,-0.36930773496615515,-0.35763699104308994,-4.333978288469376,4.333978288469376
6.84695,0.007821002624493388,-0.3551124357417562,-0.3629334383662496,-4.323088983568757,4.323088983568757
8.53994,-0.7631730161888203,-1.0141036290426475,-0.25093061285382723,-4.316012358458529,4.316012358458529
5.87196,0.022405754097002198,0.6974111187878782,0.675005364690876,4.3156415597963225,4.3156415597963225
6.42095,2.338491159144273,0.5673304820072905,-1.7711606771369826,-4.309475826731585,4.309475826731585
6.18696,0.7042769378541109,1.783237471873242,1.078960534019131,4.308857718432841,4.308857718432841
5.56496,3.491434115690992,1.6991932456411567,-1.7922408700498351,-4.305338489931631,4.305338489931631
6.17496,0.7118584291565606,1.5223631871538925,0.8105047579973319,4.298775699733376,4.298775699733376
6.47795,1.0499078663311574,0.06289464277820651,-0.9870132235529508,-4.289703834317073,4.289703834317073
6.44695,1.852162957745541,0.41230662289437203,-1.4398563348511688,-4.287522645461572,4.287522645461572
6.48295,1.0841637160767803,-0.014768496516924214,-1.0989322125937044,-4.276029834339929,4.276029834339929
6.47595,1.0736676333570903,0.07269504265762129,-1.0009725906994689,-4.274518346226777,4.274518346226777
7.13195,-0.095348337500086,0.7772845114673361,0.8726328489674221,4.274442525423317,4.274442525423317
6.49495,0.7236633810549837,-0.015188605242003352,-0.7388519862969871,-4.272126967169502,4.272126967169502
6.42395,2.367589987543764,0.5561672716959766,-1.8114227158477871,-4.2705112264033485,4.2705112264033485
6.34895,3.432360338884309,0.9842431202348028,-2.4481172186495064,-4.260642978204613,4.260642978204613
6.42495,2.268742084867003,0.5438959863532881,-1.7248460985137148,-4.25865448569312,4.25865448569312
5.55696,3.5112387853240694,1.9372200028057072,-1.5740187825183622,-4.257713142555661,4.257713142555661
6.47695,1.088906316189518,0.042166238814033856,-1.0467400773754842,-4.2570288419276965,4.2570288419276965
5.87996,-0.03749171215444527,0.8304387349978352,0.8679304471522804,4.250769980307792,4.250769980307792
5.56696,3.4244166666680687,1.561310344362884,-1.8631063223051847,-4.247238172841865,4.247238172841865
7.12295,-0.1669163021950005,0.6169766362016279,0.7838929383966284,4.24446246496268,4.24446246496268
6.42595,2.2117152052217017,0.5179774349134109,-1.693737770308291,-4.242371847738821,4.242371847738821
6.17596,0.6810683312874488,1.5161782025016364,0.8351098712141876,4.240809998902835,4.240809998902835
6.18296,0.649819453574878,1.6652125825818318,1.0153931290069538,4.237990625104634,4.237990625104634
6.66195,0.10840123818308856,-0.23023162316581883,-0.33863286134890735,-4.2341524905973555,4.2341524905973555
6.16496,0.6021837088772617,1.3809901312837172,0.7788064224064555,4.23127127456585,4.23127127456585
6.86195,0.011317785636366314,-0.43056547007219387,-0.4418832557085602,-4.212550674260544,4.212550674260544
6.42195,2.323134679142168,0.5548654483273854,-1.7682692308147825,-4.209008219815289,4.209008219815289
6.87395,-0.02796723028563232,-0.3940866080838394,-0.3661193777982071,-4.205032582911427,4.205032582911427
8.97793,-0.8673486072262988,-1.005991304165156,-0.13864269693885722,-4.204169448511235,4.204169448511235
6.59395,0.19110686467496033,-0.20692422784873968,-0.3980310925237,-4.204126220550635,4.204126220550635
6.16696,0.620333319668404,1.4203245325653244,0.7999912128969204,4.1865218347207005,4.1865218347207005
8.47094,-0.8106695507023539,-0.9912677589631301,-0.18059820826077622,-4.181148118219965,4.181148118219965
6.46995,1.0912211282296271,0.1260149165177878,-0.9652062117118394,-4.178959871314436,4.178959871314436
6.86295,-0.00790168269439889,-0.4054373591057057,-0.3975356764113068,-4.16903442433167,4.16903442433167
6.48195,1.0439270891279397,0.05988847091439304,-0.9840386182135467,-4.168908966646212,4.168908966646212
6.88195,-0.06303452826396076,-0.4340008349830121,-0.37096630671905134,-4.16574611044144,4.16574611044144
6.51195,0.46229803915031653,-0.05217749432317455,-0.5144755334734911,-4.162123930676545,4.162123930676545
6.34695,3.412257499899551,1.0301791183666378,-2.382078381532913,-4.157540341170819,4.157540341170819
5.55796,3.4484842294755977,1.9023433468171749,-1.5461408826584229,-4.155005863389928,4.155005863389928
8.33994,-0.7617179759575281,-0.9923493605660278,-0.23063138460849975,-4.14838282758715,4.14838282758715
5.55496,3.575167071072302,1.997312828811795,-1.5778542422605069,-4.135716840348352,4.135716840348352
6.16596,0.6414296863756438,1.3916517370740256,0.7502220506983818,4.133143584856805,4.133143584856805
6.48895,0.9521925558945104,0.01059855843793944,-0.9415939974565709,-4.131898892388922,4.131898892388922
6.42995,2.1495158170287927,0.47353635186331394,-1.6759794651654787,-4.128382386010785,4.128382386010785
6.47995,1.0619639094958495,0.07893934694269744,-0.9830245625531521,-4.119786077882169,4.119786077882169
7.31095,0.922102217505467,0.24725932554765587,-0.6748428919578111,-4.117544810058731,4.117544810058731
6.48095,1.049155051677459,0.10935097764513879,-0.9398040740323202,-4.116448641404218,4.116448641404218
6.85995,0.05034966112469651,-0.348604355625879,-0.3989540167505755,-4.114218133730486,4.114218133730486
5.56596,3.458747857210394,1.6650702543766474,-1.7936776028337467,-4.106335746819069,4.106335746819069
6.34795,3.4352853024390724,0.9854573340069269,-2.4498279684321456,-4.097604565122728,4.097604565122728
6.42895,2.1966329011403722,0.4720163729964369,-1.7246165281439354,-4.0879121148146185,4.0879121148146185
6.87795,-0.09182981927008399,-0.47579338121717696,-0.38396356194709297,-4.078253012723462,4.078253012723462
6.17996,0.6675961957900736,1.6001120592888216,0.932515863498748,4.077119608596808,4.077119608596808
6.42295,2.335112366016207,0.5442190620272989,-1.7908933039889083,-4.074109786728617,4.074109786728617
6.92895,-0.04625564110364071,-0.5109715586922501,-0.46471591758860936,-4.067523515383612,4.067523515383612
7.11795,-0.2629792363187784,0.5379374346742365,0.8009166709930149,4.0569991240366985,4.0569991240366985
8.52194,-0.7812033703847867,-0.9577551687879152,-0.1765517984031285,-4.051012363294444,4.051012363294444
6.46795,1.1230745219850924,0.15027939499738402,-0.9727951269877084,-4.05071679898062,4.05071679898062
7.13095,-0.1333734005584093,0.7758336603972728,0.909207060955682,4.04581514887231,4.04581514887231
6.62895,0.16530577399593424,-0.21597660291023082,-0.38128237690616507,-4.031650978772256,4.031650978772256
6.65195,0.11637432763242994,-0.21525371870817236,-0.3316280463406023,-4.030338181351508,4.030338181351508
6.17096,0.6266185912598388,1.4331500267018136,0.8065314354419748,4.029123594291609,4.029123594291609
5.56796,3.407204666575293,1.5972509649526019,-1.809953701622691,-4.021269493863024,4.021269493863024
7.31295,0.8445968587994938,0.23288291280587048,-0.6117139459936233,-4.016376266798076,4.016376266798076
6.61095,0.1816164111952925,-0.2447612154051674,-0.4263776266004599,-4.015234001494649,4.015234001494649
6.42795,2.2342464529744728,0.4305095978196671,-1.8037368551548056,-4.008426186193087,4.008426186193087
7.11695,-0.2397939401011861,0.4918509722039034,0.7316449123050894,4.003296248203221,4.003296248203221
6.48795,1.0102601544836836,0.00028712792393807896,-1.0099730265597455,-3.9955379195030774,3.9955379195030774
6.48495,1.0043554825097407,0.03981005440198166,-0.964545428107759,-3.9815548964741785,3.9815548964741785
6.48995,0.9085734904158442,0.028619661322102235,-0.879953829093742,-3.98016503442943,3.98016503442943
6.86395,-0.033373710548090005,-0.4142510500543053,-0.3808773395062153,-3.979811015182108,3.979811015182108
5.90496,0.5304981991726618,1.0907654180957815,0.5602672189231197,3.9649434624191033,3.9649434624191033
6.46695,1.2003734714098702,0.16032727757416604,-1.0400461938357042,-3.9603254101181347,3.9603254101181347
6.34595,3.387928239331189,1.009579189831685,-2.378349049499504,-3.9578810161580806,3.9578810161580806
6.49395,0.7354158422720507,-0.0174816917070339,-0.7528975339790847,-3.9529332116090696,3.9529332116090696
7.11895,-0.18440414616029682,0.5598944823121129,0.7442986284724098,3.950165359759672,3.950165359759672
5.86996,0.09526768756211135,0.6399380738157655,0.5446703862536542,3.9396023534009563,3.9396023534009563
5.56896,3.359291921039484,1.6361528516222266,-1.7231390694172575,-3.937352311519806,3.937352311519806
8.98993,-0.8186525428786731,-0.9994755386673114,-0.18082299578863836,-3.933343262428882,3.933343262428882
8.39694,0.7234340312476436,-0.629923425638115,-1.3533574568857585,-3.921902113272097,3.921902113272097
8.48494,-0.8417793710400323,-0.9802714470511099,-0.1384920760110776,-3.915105941508488,3.915105941508488
6.16896,0.5929700750807314,1.4018112178314814,0.80884114275075,3.9129980449664097,3.9129980449664097
6.34395,3.3971947595996776,1.0187204621292563,-2.3784742974704214,-3.912783215830147,3.912783215830147
6.48395,1.0200201003331364,0.026133357769757056,-0.9938867425633794,-3.909739997652796,3.909739997652796
7.12095,-0.1375518352056881,0.5871060242409124,0.7246578594466004,3.8909095046641307,3.8909095046641307
6.16796,0.6024248771524993,1.4084034314991662,0.805978554346667,3.8694490895125364,3.8694490895125364
5.57196,3.2973431231559154,1.5005776785638907,-1.7967654445920247,-3.8674049497785346,3.8674049497785346
6.66095,0.13921022832615826,-0.18944415153337185,-0.3286543798595301,-3.8439901824609213,3.8439901824609213
8.89594,-0.8194687892679895,-1.0435803670976551,-0.22411157782966562,-3.839885181488141,3.839885181488141
6.46595,1.1933454018690866,0.13552474214689392,-1.0578206597221926,-3.8167265402539603,3.8167265402539603
5.90696,0.5618150834595839,1.0912193589218566,0.5294042754622728,3.8134792118964147,3.8134792118964147
6.64595,0.14647156751912704,-0.2366433733241157,-0.3831149408432427,-3.808989128048217,3.808989128048217
8.76894,-0.8010301564058624,-1.0193692040070872,-0.2183390476012248,-3.800403737861053,3.800403737861053
7.11995,-0.1369315712276004,0.5448380656350252,0.6817696368626256,3.799410845120578,3.799410845120578
6.59695,0.2327287820298226,-0.2734895586457456,-0.5062183406755683,-3.7839372238147533,3.7839372238147533
6.34295,3.3243454148989016,0.9976748777250045,-2.326670537173897,-3.7770768542141275,3.7770768542141275
5.55396,3.5339634209150477,2.0259867983561195,-1.5079766225589282,-3.7764168249199166,3.7764168249199166
6.61595,0.11879849319303007,-0.2867554034272991,-0.40555389662032915,-3.7617208653727583,3.7617208653727583
6.64495,0.11943070892356948,-0.25675897718853063,-0.37618968611210013,-3.758979193819331,3.758979193819331
6.46895,1.0728722716156591,0.1649568061878516,-0.9079154654278075,-3.758155738146856,3.758155738146856
6.19496,0.6230790042135752,1.909166367608522,1.2860873633949468,3.7506248271195712,3.7506248271195712
6.49095,0.8685744243649853,0.028827550501996445,-0.8397468738629889,-3.7446167273913322,3.7446167273913322
8.53894,-0.7899640598617312,-0.9675713025230882,-0.17760724266135697,-3.739019729694103,3.739019729694103
6.92995,-0.06720001048872758,-0.5012874775260399,-0.43408746703731227,-3.735720199585479,3.735720199585479
6.17396,0.6668976577368808,1.479997380847133,0.8130997231102521,3.723355678921434,3.723355678921434
8.52994,-0.7635743427204822,-0.9843338583115174,-0.22075951559103524,-3.722120387939734,3.722120387939734
5.57096,3.2814414687207214,1.5449510736441094,-1.736490395076612,-3.7205644388656958,3.7205644388656958
7.12895,-0.13306160856450866,0.7312342432074003,0.8642958517719089,3.719150118014933,3.719150118014933
6.82795,-0.05735220237191436,-0.4385290227628697,-0.38117682039095535,-3.716590786440701,3.716590786440701
7.11495,-0.2543613956851799,0.4603743482798133,0.7147357439649932,3.7153006146279393,3.7153006146279393
8.76294,-0.8089358350603237,-1.0744500312924932,-0.26551419623216943,-3.695150958276677,3.695150958276677
6.84795,0.02935878269099548,-0.34530485341469314,-0.3746636361056886,-3.6951291425634873,3.6951291425634873
6.50495,0.48786393924844784,-0.01779700453985639,-0.5056609437883043,-3.69470927635406,3.69470927635406
6.48695,1.0536625068679488,0.0429574454204288,-1.01070506144752,-3.6840572519579546,3.6840572519579546
5.57296,3.221033538704172,1.498960176377617,-1.7220733623265552,-3.6788952187467396,3.6788952187467396
6.65295,0.14361901891942502,-0.18795530615955666,-0.33157432507898166,-3.6688561381424556,3.6688561381424556
6.86595,-0.038056839205576704,-0.44376115423643164,-0.4057043150308549,-3.659447064807856,3.659447064807856
8.89694,-0.8253966152615695,-1.0604777212329186,-0.23508110597134912,-3.656500477554099,3.656500477554099
6.18096,0.7143734085493905,1.6172201007261584,0.9028466921767679,3.6426953061076626,3.6426953061076626
8.57394,-0.8081406155195313,-1.012338684920747,-0.20419806940121565,-3.6287116750626645,3.6287116750626645
8.34094,-0.8109521449580874,-0.9260954303294252,-0.11514328537133778,-3.6272451908360526,3.6272451908360526
8.96793,-0.8373054178393405,-1.0983267505495413,-0.2610213327102008,-3.6271713978020195,3.6271713978020195
6.34495,3.318427651431365,0.9874678003292097,-2.3309598511021554,-3.623124967519027,3.623124967519027
7.12795,-0.09719817544394485,0.7161153359123407,0.8133135113562855,3.621534521483429,3.621534521483429
6.61295,0.22089516847960722,-0.23540426214236052,-0.45629943062196776,-3.615834969724903,3.615834969724903
7.11595,-0.20577925091880914,0.5173878447066301,0.7231670956254392,3.61535966222179,3.61535966222179
8.76994,-0.7948966754579626,-0.9974229458864589,-0.20252627042849625,-3.6073722343374857,3.6073722343374857
6.51095,0.4613462769637613,-0.044427335471357195,-0.5057736124351185,-3.6071658046104176,3.6071658046104176
6.49795,0.6160819385534548,-0.016079846065295434,-0.6321617846187503,-3.6049628875553066,3.6049628875553066
8.45994,-0.8033769249076033,-0.9374636179063724,-0.13408669299876919,-3.5984272607530934,3.5984272607530934
6.44795,1.7872780556778998,0.4042961721588023,-1.3829818835190975,-3.5962891460475457,3.5962891460475457
5.56996,3.293657201088413,1.6022316238655918,-1.6914255772228213,-3.591488197359934,3.591488197359934
6.19596,0.6824898817241534,1.9297092176289556,1.2472193359048023,3.587617969956506,3.587617969956506
6.58895,0.25247910831456544,-0.1822843312053264,-0.4347634395198918,-3.586170269578334,3.586170269578334
8.65394,-0.8360001324308516,-1.0060104888321857,-0.1700103564013341,-3.5711316320807827,3.5711316320807827
8.77894,-0.8158885537279624,-0.9997748561559963,-0.18388630242803383,-3.56520345107648,3.56520345107648
6.58995,0.24844156711236268,-0.14979532264726894,-0.3982368897596316,-3.56381048156783,3.56381048156783
8.44994,-0.7653485574007266,-0.8918904086442044,-0.12654185124347783,-3.563706201984922,3.563706201984922
8.36194,-0.7660872968693381,-0.9138884776390691,-0.14780118076973103,-3.5593904835533414,3.5593904835533414
8.94994,-0.781626366479953,-0.9966724973983193,-0.21504613091836633,-3.558178227581284,3.558178227581284
6.92795,-0.09688410943711757,-0.4795081197470111,-0.3826240103098935,-3.555442985501994,3.555442985501994
6.59595,0.20182931424766776,-0.26709310716063117,-0.46892242140829893,-3.5485509335090386,3.5485509335090386
8.96893,-0.8715874100371803,-1.058529521746702,-0.18694211170952157,-3.542513864901287,3.542513864901287
8.54094,-0.8016811461110225,-1.0046956181800404,-0.2030144720690179,-3.5405067997078845,3.5405067997078845
6.63995,0.18335152815206068,-0.19339415156866988,-0.3767456797207306,-3.5394365522882567,3.5394365522882567
6.34195,3.2950522868259666,1.0318225570461725,-2.263229729779794,-3.5345505071731296,3.5345505071731296
7.13395,-0.031191016171734927,0.7708948892729367,0.8020859054446716,3.5327520161185824,3.5327520161185824
6.85295,-0.04070870228610332,-0.4209488152694626,-0.38024011298335925,-3.5213219056099483,3.5213219056099483
8.99593,-0.8852820701244514,-1.0606683511175512,-0.17538628099309983,-3.5189175108631203,3.5189175108631203
8.52294,-0.7940536131927993,-0.9540037590490663,-0.159950145856267,-3.514632113057965,3.514632113057965
6.65395,0.1451397199273607,-0.2189282179610146,-0.3640679378883753,-3.508100175038362,3.508100175038362
7.30895,0.9571384051479896,0.2252107227679961,-0.7319276823799935,-3.5034604435875414,3.5034604435875414
8.89294,-0.8326774545978815,-1.0271230807778104,-0.194445626179929,-3.501540723760422,3.501540723760422
6.83695,-0.04820564001499925,-0.40137077447774344,-0.35316513446274417,-3.4999839561244266,3.4999839561244266
8.89494,-0.8138079830499787,-1.0354474448804223,-0.22163946183044358,-3.4951888132994893,3.4951888132994893
5.87696,-0.045716671785233864,0.7560532743479297,0.8017699461331635,3.489974531385038,3.489974531385038
5.87496,-0.0033672306976973397,0.6819679987594514,0.6853352294571486,3.488004321692113,3.488004321692113
6.61195,0.18302505618644577,-0.2450774836132967,-0.42810253979974244,-3.4878277021581825,3.4878277021581825
8.52794,-0.8383562745606179,-1.001144824923762,-0.1627885503631441,-3.4849739615913222,3.4849739615913222
6.19196,0.6716031723800446,1.8052346281411986,1.133631455761154,3.4759658447107626,3.4759658447107626
6.83195,-0.01531254092364669,-0.4268213284704106,-0.4115087875467639,-3.475582145727827,3.475582145727827
6.88095,-0.08802416283348358,-0.46728379378782964,-0.37925963095434606,-3.4741373442755705,3.4741373442755705
6.90495,-0.03663108223866292,-0.48803152871379635,-0.45140044647513344,-3.474112996658818,3.474112996658818
6.18796,0.7391910509884217,1.7348986583775183,0.9957076073890966,3.4654339373742693,3.4654339373742693
6.49595,0.6616362006427252,0.011891946725936535,-0.6497442539167887,-3.4386791522498563,3.4386791522498563
6.17296,0.6252309939973024,1.4526062378956546,0.8273752438983522,3.4376229026716025,3.4376229026716025
8.54294,-0.8242976947618812,-0.9979324000823642,-0.17363470532048297,-3.4372261699658244,3.4372261699658244
6.59195,0.2005663003661901,-0.27479525681652633,-0.47536155718271644,-3.436429649505289,3.436429649505289
8.76394,-0.8512723443190388,-1.0090052705770995,-0.1577329262580608,-3.4362801436710253,3.4362801436710253
6.64195,0.1591108137045937,-0.2128642547859557,-0.3719750684905494,-3.4318241803536607,3.4318241803536607
5.55296,3.5283336669347927,2.084469422513583,-1.4438642444212095,-3.430955728954607,3.430955728954607
8.54194,-0.8246165364585806,-1.0008609425767367,-0.17624440611815617,-3.427808011707861,3.427808011707861
6.83895,0.010207840843099097,-0.39771093214642556,-0.40791877298952467,-3.4245243387255067,3.4245243387255067
6.59795,0.19959033577966423,-0.2792096474060572,-0.4787999831857214,-3.423328465246741,3.423328465246741
8.38894,0.20739720100579218,-0.3585420714399135,-0.5659392724457057,-3.4222395846743003,3.4222395846743003
6.17196,0.6311640867789523,1.4389731315206356,0.8078090447416832,3.4207003857512284,3.4207003857512284
7.10995,-0.28909992702183995,0.42993723756776486,0.7190371645896048,3.4182059116310093,3.4182059116310093
6.85495,0.008480883440482642,-0.4139192744839547,-0.42240015792443736,-3.4043994725350823,3.4043994725350823
6.90395,-0.06187613119373239,-0.4676147294404612,-0.40573859824672875,-3.4042888251081678,3.4042888251081678
5.88096,-0.05128152102064182,0.8430130564569623,0.8942945774776041,3.3968919782301503,3.3968919782301503
6.65795,0.14698616803752415,-0.24805694946817194,-0.3950431175056961,-3.3965338785731247,3.3965338785731247
6.64095,0.16718548913882292,-0.18991140075775365,-0.35709688989657656,-3.392977668309529,3.392977668309529
6.84295,0.01902731743121372,-0.3802938366230726,-0.3993211540542863,-3.3902213883240715,3.3902213883240715
6.68695,0.10155569340096544,-0.3175327023370841,-0.4190883957380495,-3.3894321173800623,3.3894321173800623
7.12595,-0.12025521291313238,0.6393685730783198,0.7596237859914522,3.384773285336268,3.384773285336268
6.18896,0.7510645751667442,1.7568855161716412,1.005820941004897,3.3767636961273966,3.3767636961273966
6.84995,0.0002593160065824905,-0.43666876247609443,-0.4369280784826769,-3.3664563650656354,3.3664563650656354
6.84595,0.0015850128241560262,-0.3662973553003301,-0.3678823681244861,-3.3617074310472495,3.3617074310472495
6.49695,0.6374085949586556,0.004026599176249007,-0.6333819957824066,-3.3576516617886805,3.3576516617886805
6.62595,0.1667471391910804,-0.2295455656861776,-0.396292704877258,-3.345140368251156,3.345140368251156
5.57396,3.1928663483382818,1.5229745904121164,-1.6698917579261654,-3.3410747937841108,3.3410747937841108
8.97693,-0.8473998401063695,-1.0335265798275968,-0.18612673972122729,-3.3368910856106937,3.3368910856106937
6.19396,0.6278327931903616,1.8122553968866408,1.1844226036962793,3.332758655695083,3.332758655695083
6.44995,1.6867068468933875,0.3723952808792533,-1.3143115660141342,-3.3301130094590095,3.3301130094590095
6.19096,0.679599547879095,1.7962225631178925,1.1166230152387975,3.3263738310404225,3.3263738310404225
6.59095,0.2288404327303025,-0.21443714097671165,-0.44327757370701415,-3.3237005221399802,3.3237005221399802
5.88396,-0.02036277861190982,0.8773620492911157,0.8977248279030255,3.3227374621040995,3.3227374621040995
8.95494,-0.8844006940585356,-1.0552352419771152,-0.17083454791857955,-3.319990508697714,3.319990508697714
6.50595,0.49559734565775904,0.016191312425642205,-0.47940603323211683,-3.3165352738834066,3.3165352738834066
6.18996,0.7304338024189025,1.784231155601076,1.0537973531821734,3.3146598991694636,3.3146598991694636
6.60295,0.17904325933725163,-0.25883508054734344,-0.43787833988459507,-3.3129915571562143,3.3129915571562143
6.33995,3.233019126841225,1.0700118772176743,-2.1630072496235506,-3.308655456425133,3.308655456425133
6.16296,0.6409163157973123,1.3332914985669257,0.6923751827696134,3.30580572472477,3.30580572472477
8.44094,-0.8290486440438549,-0.9598760565744836,-0.13082741253062868,-3.301214610759339,3.301214610759339
5.90796,0.4935791045396599,1.079420583664638,0.5858414791249781,3.291494061822327,3.291494061822327
6.61695,0.12578026716852106,-0.2874417295904999,-0.41322199675902094,-3.288219965506888,3.288219965506888
8.77094,-0.8072889417966429,-0.9896402614977315,-0.18235131970108864,-3.279999388321243,3.279999388321243
7.31395,0.7826393029960381,0.24988658389606827,-0.5327527190999699,-3.278365773156533,3.278365773156533
6.58795,0.22291948653551558,-0.20133774853815892,-0.4242572350736745,-3.269608962207509,3.269608962207509
7.13495,0.011458355477758364,0.8056369993595037,0.7941786438817453,3.2541061061303242,3.2541061061303242
6.59895,0.2038369300851901,-0.2259184826122813,-0.4297554126974714,-3.252782474262169,3.252782474262169
8.79594,-0.8192746500638366,-1.0455707901107623,-0.22629614004692566,-3.2519358310587516,3.2519358310587516
6.46495,1.201269547719173,0.1620386926481585,-1.0392308550710145,-3.2444085890031227,3.2444085890031227
5.87296,0.02640080379422082,0.6819042626975378,0.655503458903317,3.2370211273983167,3.2370211273983167
6.87995,-0.09000831328359009,-0.4587338797544163,-0.3687255664708262,-3.2340877522190437,3.2340877522190437
6.61895,0.18298081428805876,-0.22057977839845608,-0.40356059268651484,-3.224702892915941,3.224702892915941
6.33895,3.195954630231451,1.1096369420664713,-2.0863176881649794,-3.2212132711906722,3.2212132711906722
5.90896,0.5415939480155096,1.0756829522501004,0.5340890042345907,3.2210038042497002,3.2210038042497002
6.62695,0.17692630293114234,-0.2080586493982082,-0.38498495232935054,-3.2190382969123457,3.2190382969123457
6.19296,0.6882773662260918,1.7889957484646106,1.1007183822385187,3.2152645110881277,3.2152645110881277
8.68394,-0.7815938528365594,-0.9906039356499158,-0.20901008281335642,-3.2100580106382965,3.2100580106382965
8.79194,-0.8093492290603069,-0.9994236882525263,-0.19007445919221932,-3.2027662461122763,3.2027662461122763
6.59495,0.18470083672881615,-0.20076216508686298,-0.38546300181567916,-3.191316844478139,3.191316844478139
6.49295,0.7572428286336143,0.04470569602024195,-0.7125371326133723,-3.189650120879647,3.189650120879647
6.65595,0.17509793769910753,-0.16970993322015213,-0.3448078709192597,-3.1877194959886266,3.1877194959886266
6.50395,0.5157320156433431,-0.018092923459124947,-0.5338249391024681,-3.1863357726213453,3.1863357726213453
8.49094,-0.7701152932553834,-1.0317418639163443,-0.26162657066096084,-3.1845810434604713,3.1845810434604713
6.16196,0.6429006515232484,1.3174073530306551,0.6745067015074068,3.184364011719825,3.184364011719825
5.87396,0.02537638024964093,0.6851392977539806,0.6597629175043397,3.1824656640489537,3.1824656640489537
6.44895,1.7129696808872543,0.3613579218337347,-1.3516117590535197,-3.182192387131232,3.182192387131232
6.62795,0.21728947115411368,-0.1990397425600384,-0.4163292137141521,-3.1782082090278547,3.1782082090278547
8.67594,-0.8256272122413811,-1.0093459941708383,-0.18371878192945712,-3.173890586903179,3.173890586903179
6.82195,-0.09181563168106086,-0.3971503226956109,-0.30533469101455,-3.1714604522758103,3.1714604522758103
8.50194,-0.863847000970967,-0.9862418231748097,-0.12239482220384268,-3.170853913954744,3.170853913954744
8.99093,-0.8811057639844013,-1.0425508447713885,-0.16144508078698716,-3.160992808508954,3.160992808508954
7.11095,-0.23293854934740169,0.4566117905650141,0.6895503399124158,3.1592853553161637,3.1592853553161637
6.34095,3.2281771983197265,1.041476241862408,-2.1867009564573188,-3.155431959861611,3.155431959861611
8.47194,-0.8126884125763842,-0.9593658171207959,-0.1466774045444117,-3.1549500224517164,3.1549500224517164
6.91595,-0.03175187539738381,-0.41408722336991544,-0.3823353479725316,-3.1509550339683114,3.1509550339683114
6.67195,0.07308961169877781,-0.26498974423916144,-0.33807935593793925,-3.1440569816628847,3.1440569816628847
6.87695,-0.07785379188688749,-0.4204368745670322,-0.3425830826801447,-3.1397116119908817,3.1397116119908817
6.86495,-0.06178244066468518,-0.4470419453363256,-0.3852595046716404,-3.1341107160202997,3.1341107160202997
7.31495,0.7408025770386848,0.251431228331726,-0.4893713487069588,-3.1283411244622976,3.1283411244622976
6.82695,-0.03852461232813243,-0.410195667294552,-0.37167105496641956,-3.123275678658618,3.123275678658618
6.60995,0.19337964229365343,-0.24624789864799831,-0.43962754094165174,-3.1220457264132455,3.1220457264132455
5.55196,3.5397904738232793,2.1442072221308526,-1.3955832516924267,-3.119525533132892,3.119525533132892
6.62995,0.13967285066291582,-0.2196694239771174,-0.3593422746400332,-3.1186071949969776,3.1186071949969776
6.49195,0.7696734468803151,0.0382502901068727,-0.7314231567734424,-3.108908919590571,3.108908919590571
6.46295,1.2369112454103581,0.2013050890971546,-1.0356061563132035,-3.106904418353253,3.106904418353253
8.89894,-0.8538283733841896,-1.0128619339446325,-0.15903356056044293,-3.099921339261425,3.099921339261425
6.46395,1.2050886575652262,0.18776021929847866,-1.0173284382667476,-3.099137784620894,3.099137784620894
6.91195,-0.11392327426618884,-0.416496820008563,-0.30257354574237416,-3.0967279844009834,3.0967279844009834
7.10495,-0.30556662712562144,0.30405151709196876,0.6096181442175902,3.094737471198782,3.094737471198782
8.51494,-0.7911976006204335,-1.0466936067940749,-0.2554960061736413,-3.0943327473546502,3.0943327473546502
6.63195,0.15857651219781876,-0.2050696702184567,-0.36364618241627544,-3.083686595394788,3.083686595394788
6.19696,0.7235189753566252,1.9702590487596454,1.24674007340302,3.0727245512160684,3.0727245512160684
7.11395,-0.24260778819772988,0.4734739702014918,0.7160817583992216,3.072380991807812,3.072380991807812
6.62095,0.16498988553011287,-0.23133797711478873,-0.3963278626449016,-3.069983154900753,3.069983154900753
8.45594,-0.7417165428744528,-0.9328331251190958,-0.191116582244643,-3.061087056569444,3.061087056569444
6.83595,-0.046230391039592186,-0.3923357740009556,-0.3461053829613634,-3.058641252493356,3.058641252493356
8.50694,-0.8717775159273073,-0.9677317118216996,-0.09595419589439225,-3.05733590516949,3.05733590516949
5.57496,3.0924611714268355,1.5182158436391673,-1.5742453277876682,-3.0562588572611635,3.0562588572611635
6.60095,0.1203830829288487,-0.2380241604127932,-0.35840724334164187,-3.0523964775528873,3.0523964775528873
5.55096,3.510618716635948,2.1858213178489985,-1.3247973987869495,-3.0489373791214223,3.0489373791214223
5.57596,3.006194165890579,1.4554848402512321,-1.5507093256393467,-3.048667248698475,3.048667248698475
7.13795,-0.0012969809167947682,0.7605736924622699,0.7618706733790647,3.04435831257807,3.04435831257807
6.58695,0.21711416180110688,-0.16340243742472807,-0.3805165992258349,-3.0413725973062045,3.0413725973062045
6.63895,0.18252590640445138,-0.25788907960517543,-0.4404149860096268,-3.0389056400513934,3.0389056400513934
6.50895,0.519118985686425,-0.019641555249550517,-0.5387605409359755,-3.0276938139817995,3.0276938139817995
6.90895,-0.039111711531552504,-0.4186300472941925,-0.37951833576264,-3.027427199975464,3.027427199975464
6.64695,0.1180327649295673,-0.21672924413462477,-0.33476200906419207,-3.0265053307350107,3.0265053307350107
6.83795,0.02111293370246689,-0.4360700285458405,-0.45718296224830735,-3.0255096441294906,3.0255096441294906
8.77494,-0.7794964813125178,-1.0567520616423534,-0.27725558032983555,-3.021862556955012,3.021862556955012
6.33795,3.1321861846940795,1.1230484649318178,-2.0091377197622617,-3.017183777217638,3.017183777217638
8.76794,-0.7849529004863472,-1.0669893988998236,-0.28203649841347633,-3.015923732238963,3.015923732238963
7.14395,0.14538209064684887,0.818106504481231,0.6727244138343822,3.0071235164245165,3.0071235164245165
8.88294,-0.8363968714371559,-1.0758058585160681,-0.23940898707891223,-3.0032382445237062,3.0032382445237062
6.67895,0.08246972958947985,-0.2732387132071886,-0.35570844279666847,-2.9859796807556087,2.9859796807556087
6.64995,0.11247370529443755,-0.21382027084214397,-0.3262939761365815,-2.9838687889982523,2.9838687889982523
7.13695,0.006390155983909768,0.7311914473020236,0.7248012913181138,2.9806739372711877,2.9806739372711877
6.91895,-0.07828899240575297,-0.4669820496228045,-0.3886930572170515,-2.980601821011328,2.980601821011328
8.99193,-0.9287118044272742,-1.0345855101152954,-0.10587370568802124,-2.980352224369054,2.980352224369054
8.51394,-0.8258248904250294,-1.0757093613389552,-0.24988447091392585,-2.980190349923462,2.980190349923462
7.12995,-0.08193832662705378,0.7356953587262238,0.8176336853532776,2.9794426836542858,2.9794426836542858
8.90994,-0.8889410858759026,-1.020403854694894,-0.13146276881899133,-2.9759092151659905,2.9759092151659905
5.90996,0.5897615911347676,1.0729294745383642,0.4831678834035966,2.975702383328655,2.975702383328655
6.65095,0.08140682834227203,-0.20989699516937035,-0.2913038235116424,-2.9752396423672605,2.9752396423672605
5.85596,0.14990040338724958,0.43172685557126733,0.28182645218401775,2.973688884307359,2.973688884307359
8.88994,-0.8847993724333816,-1.0580540650567622,-0.17325469262338067,-2.972680556210161,2.972680556210161
6.91995,-0.058447462907373696,-0.4929326299976485,-0.4344851670902748,-2.9718129569632086,2.9718129569632086
6.66695,0.05670559074803549,-0.303911505201938,-0.3606170959499735,-2.969426925083635,2.969426925083635
6.20296,0.7769843569755254,2.075531759799989,1.2985474028244637,2.969389261463309,2.969389261463309
5.54996,3.5038955368199676,2.223730664827498,-1.2801648719924694,-2.9613879219587473,2.9613879219587473
8.39794,0.6697234315874182,-0.5902742107335609,-1.259997642320979,-2.9594573879667814,2.9594573879667814
7.26195,0.5529367836537155,0.04084638079789314,-0.5120904028558223,-2.959159637548235,2.959159637548235
8.89394,-0.8476419772099802,-1.0361889532665898,-0.18854697605660953,-2.9531669617440572,2.9531669617440572
6.16096,0.6580620314853607,1.2978141312401603,0.6397520997547996,2.951531560125178,2.951531560125178
6.45095,1.624476399342619,0.4233070721525993,-1.2011693271900197,-2.9506586715951957,2.9506586715951957
8.92994,-0.8963242943500601,-1.0649509375260486,-0.16862664317598852,-2.9458859378720854,2.9458859378720854
6.65995,0.13835172276248442,-0.1540400869467476,-0.292391809709232,-2.941571994764582,2.941571994764582
8.53394,-0.8466869316654699,-1.0198641517205675,-0.1731772200550976,-2.9401196949505866,2.9401196949505866
8.97993,-0.8802075096323612,-1.037889614123364,-0.15768210449100284,-2.937488562083725,2.937488562083725
6.50095,0.6225485882691848,0.01753337715563284,-0.6050152111135519,-2.934511166670039,2.934511166670039
6.19796,0.7477026185559728,2.0435426290950565,1.2958400105390837,2.9323119367181474,2.9323119367181474
6.50795,0.5261889639244666,0.007122473927123951,-0.5190664899973426,-2.928949172672268,2.928949172672268
6.33695,3.10006172364925,1.1500737762662845,-1.9499879473829655,-2.9257019835642204,2.9257019835642204
7.30595,0.901579622618004,0.220606545589058,-0.6809730770289459,-2.92326900092718,2.92326900092718
7.13895,0.04687981410984117,0.7875052855990149,0.7406254714891737,2.9195169147134283,2.9195169147134283
6.91395,-0.07255784818356714,-0.4176418206171227,-0.34508397243355554,-2.917296300048784,2.917296300048784
6.33395,2.996466070226061,1.2075799127225502,-1.7888861575035107,-2.9172739923351654,2.9172739923351654
6.63595,0.20776778716014954,-0.2178553308296347,-0.42562311798978425,-2.911134284370499,2.911134284370499
6.50995,0.451686439347306,-0.05990786667725188,-0.5115943060245579,-2.9096747058608905,2.9096747058608905
6.63695,0.18074028798780434,-0.20116914520972987,-0.38190943319753423,-2.909237460453535,2.909237460453535
7.10395,-0.3048000303839361,0.3135041352049856,0.6183041655889217,2.907022145926978,2.907022145926978
6.92695,-0.14213868351954267,-0.4332591670612497,-0.291120483541707,-2.906587318834089,2.906587318834089
8.56994,-0.8172359043633197,-0.9789565654135383,-0.16172066105021854,-2.904414299282083,2.904414299282083
6.62495,0.2032089961171502,-0.28160923353302597,-0.4848182296501762,-2.9023123220697626,2.9023123220697626
6.83095,-0.07532065006702107,-0.4464734538771124,-0.3711528038100913,-2.8991886123216695,2.8991886123216695
6.91695,-0.09692345367877997,-0.44388966995229434,-0.34696621627351437,-2.897298463233982,2.897298463233982
6.60895,0.23277594798148885,-0.28584861917610244,-0.5186245671575913,-2.897252626468995,2.897252626468995
7.24295,0.9890690000920823,0.1582482927299182,-0.8308207073621641,-2.8970114507980864,2.8970114507980864
8.89194,-0.8848217896721788,-1.0575708395813235,-0.17274904990914464,-2.895468641420419,2.895468641420419
5.90396,0.6122911759208671,1.0883861104180401,0.476094934497173,2.8862841431806685,2.8862841431806685
6.46195,1.2799484363243299,0.24710020894684534,-1.0328482273774846,-2.8791848572324623,2.8791848572324623
8.79694,-0.8145609284162036,-1.0680673162346017,-0.25350638781839807,-2.871778019772097,2.871778019772097
8.99693,-0.891813031569606,-1.0683571503337521,-0.1765441187641461,-2.8691417644050565,2.8691417644050565
6.61995,0.15177417826918022,-0.2274930681936065,-0.37926724646278676,-2.868668498894703,2.868668498894703
6.60495,0.16149013041080226,-0.26735807323755156,-0.42884820364835385,-2.867490729777299,2.867490729777299
7.10595,-0.2864058336701061,0.33241992591368064,0.6188257595837867,2.8605905266780343,2.8605905266780343
8.58194,-0.7768524237748093,-0.9733271193175498,-0.19647469554274044,-2.8600723279279565,2.8600723279279565
6.50295,0.6150050818489432,0.022728874584260015,-0.5922762072646832,-2.8575532034977864,2.8575532034977864
6.82895,-0.0959898624484828,-0.45813505024445866,-0.3621451877959759,-2.856598624176095,2.856598624176095
6.83295,-0.04911555667719663,-0.3977607806800307,-0.34864522400283404,-2.853126649642432,2.853126649642432
6.20596,0.8102727127042797,2.2054608799707798,1.3951881672665,2.849994286851905,2.849994286851905
6.92095,-0.07976323437265755,-0.4693151819543121,-0.38955194758165457,-2.8443515370885613,2.8443515370885613
5.57696,2.925507020178654,1.396418889810653,-1.5290881303680008,-2.8397181342335394,2.8397181342335394
8.88894,-0.877675150257585,-1.035364080178683,-0.15768892992109795,-2.8357315142009254,2.8357315142009254
6.84895,0.030507555272034984,-0.3656320209300342,-0.3961395762020692,-2.8276494974134616,2.8276494974134616
6.33495,3.0475921985920693,1.16862544277325,-1.8789667558188192,-2.8209315104976636,2.8209315104976636
7.14795,0.2063908708682859,0.8335420317908452,0.6271511609225593,2.8204266883528395,2.8204266883528395
8.55294,-0.8012516611907206,-0.9527563937096898,-0.15150473251896923,-2.8170519302015005,2.8170519302015005
6.20196,0.7634180238276835,2.052242042853417,1.2888240190257334,2.817008990177092,2.817008990177092
8.67494,-0.8436956404921594,-1.0154062814240512,-0.1717106409318918,-2.813585553973053,2.813585553973053
5.86896,0.09235471423857625,0.574426489130662,0.48207177489208575,2.811384554123209,2.811384554123209
6.33595,3.069256450442948,1.1356882890841224,-1.9335681613588256,-2.8052467999126565,2.8052467999126565
5.86796,0.1299889441739551,0.5913790718209724,0.46139012764701726,2.804217147165795,2.804217147165795
5.87596,-0.010567106562816085,0.7121654978457957,0.7227326044086119,2.80070718718941,2.80070718718941
8.96493,-0.8744038157350086,-1.0338464624875712,-0.1594426467525626,-2.79463378422252,2.79463378422252
8.77794,-0.8035168330252873,-1.0057975614661403,-0.20228072844085299,-2.7902949519820566,2.7902949519820566
6.20496,0.77119197395359,2.1896962953228587,1.4185043213692687,2.7891698054428646,2.7891698054428646
5.57896,2.801608013105803,1.3873892012689233,-1.4142188118368797,-2.78684977648906,2.78684977648906
8.95894,-0.8726295124661485,-1.0369693632138337,-0.1643398507476852,-2.777994742636814,2.777994742636814
6.49995,0.6354151863281481,0.005788586165156447,-0.6296266001629917,-2.774504518129858,2.774504518129858
8.54394,-0.7881252242285827,-0.98541323222047,-0.19728800799188728,-2.772999949480794,2.772999949480794
6.20696,0.8185222337418601,2.1505602511751643,1.3320380174333042,2.7727640874680817,2.7727640874680817
6.91495,-0.032432508773703544,-0.39293790064952566,-0.3605053918758221,-2.7699118081224094,2.7699118081224094
7.26095,0.5467423108507969,0.042106598505065894,-0.504635712345731,-2.769398507226788,2.769398507226788
8.77194,-0.8377124162432215,-1.001217437133787,-0.1635050208905655,-2.7637298543270883,2.7637298543270883
7.14195,0.1111989174377587,0.7892106465726225,0.6780117291348638,2.7630010577498183,2.7630010577498183
6.51295,0.45520692445438704,0.0009570686464064912,-0.45424985580798055,-2.761925349984525,2.761925349984525
7.12695,-0.06404383215990817,0.6258153789114225,0.6898592110713306,2.759482993342091,2.759482993342091
6.20396,0.7707022786100182,2.1023238367470634,1.3316215581370452,2.7585661618070967,2.7585661618070967
6.87495,-0.061211977810355825,-0.3749553353120647,-0.3137433575017089,-2.7545505300661497,2.7545505300661497
8.89094,-0.9193073526711899,-1.0469991852885145,-0.12769183261732464,-2.7533285186626935,2.7533285186626935
6.67795,0.08639534508911101,-0.30735948144557484,-0.39375482653468585,-2.750252024633069,2.750252024633069
8.79494,-0.7897083565111548,-1.0154362889142514,-0.22572793240309663,-2.7491163758577914,2.7491163758577914
8.77294,-0.8566606399489345,-0.9683724438019644,-0.11171180385302992,-2.747553259982074,2.747553259982074
7.14295,0.10952285369491954,0.7696689378801711,0.6601460841852516,2.745649652243311,2.745649652243311
8.76694,-0.8285736687155527,-1.0205371359917776,-0.19196346727622493,-2.7436148579532307,2.7436148579532307
6.62195,0.18312704862670146,-0.24903147159588654,-0.432158520222588,-2.7386877056272105,2.7386877056272105
5.89096,0.3288371794033219,1.0406118290468143,0.7117746496434924,2.738491339790245,2.738491339790245
6.90595,-0.08985687421291068,-0.4652778457667558,-0.37542097155384513,-2.737784796382464,2.737784796382464
6.60395,0.17448902753071607,-0.2772435680296762,-0.45173259556039225,-2.7345384244084165,2.7345384244084165
8.52094,-0.7935696867089037,-0.9597286067691534,-0.16615892006024968,-2.728797713134051,2.728797713134051
8.44794,-0.794517935472393,-0.90676970509689,-0.11225176962449701,-2.7262115859130014,2.7262115859130014
6.84395,-0.03981673623388653,-0.4026834436224184,-0.3628667073885319,-2.724535989281312,2.724535989281312
7.14495,0.1250721884779415,0.8344527057351303,0.7093805172571888,2.7243919171618334,2.7243919171618334
7.10895,-0.23009802239813598,0.40032728874580875,0.6304253111439447,2.7224152452310557,2.7224152452310557
5.57796,2.834791300695743,1.361382199342742,-1.473409101353001,-2.7202040364857907,2.7202040364857907
6.89395,-0.0880147692045114,-0.44279335716527596,-0.35477858796076456,-2.7162858397447582,2.7162858397447582
5.88996,0.2836554975386254,0.9920935776564862,0.7084380801178608,2.714749677817321,2.714749677817321
7.24395,0.9682385941544811,0.18259659940938952,-0.7856419947450916,-2.7143821148239686,2.7143821148239686
8.39894,0.5118458350222836,-0.635348564106765,-1.1471943991290487,-2.7118550981880736,2.7118550981880736
6.64295,0.14720456801948248,-0.2439307732402966,-0.3911353412597791,-2.7095360591900657,2.7095360591900657
8.55794,-0.8286625625807793,-0.9861665541556895,-0.15750399157491024,-2.7051664238572863,2.7051664238572863
5.90096,0.556979646102251,1.1022583528742285,0.5452787067719774,2.7049909891902155,2.7049909891902155
6.59995,0.1908317579968581,-0.17042637056436602,-0.3612581285612241,-2.6980549517833023,2.6980549517833023
8.87194,-0.7937974631011518,-1.0444956185541794,-0.25069815545302754,-2.6931601433894197,2.6931601433894197
7.11195,-0.20289547819746248,0.4868546100155635,0.689750088213026,2.690648277987245,2.690648277987245
7.11295,-0.2156849781438545,0.4972783080020345,0.712963286145889,2.686472684204315,2.686472684204315
8.96393,-0.85281538689524,-1.0834979246063212,-0.23068253771108127,-2.685990054405022,2.685990054405022
5.54896,3.5287874880254297,2.2447149895389336,-1.2840724984864962,-2.683968348956471,2.683968348956471
6.63495,0.21319375662342738,-0.21170382532664603,-0.42489758195007343,-2.6798919299248047,2.6798919299248047
5.88496,0.0583429475803154,0.8825513225113992,0.8242083749310838,2.679091278907617,2.679091278907617
6.50195,0.6071494231994432,0.04775738057337655,-0.5593920426260667,-2.67825986566234,2.67825986566234
6.64395,0.14417582692382583,-0.2634097062272565,-0.40758553315108237,-2.674545932224175,2.674545932224175
8.66694,-0.8377988995756012,-1.0589397980646142,-0.22114089848901308,-2.672445304032751,2.672445304032751
7.30695,0.9174525169016783,0.251785325184186,-0.6656671917174923,-2.6671302047516536,2.6671302047516536
6.65895,0.12669735615151123,-0.17412397262986015,-0.30082132878137136,-2.6619203108478633,2.6619203108478633
6.50695,0.5186664212602251,0.03291793474526296,-0.48574848651496216,-2.6602614924096106,2.6602614924096106
8.99493,-0.8559255558603474,-1.0845163875300237,-0.2285908316696763,-2.656008937372649,2.656008937372649
6.21196,0.7421113558374002,2.2318827500647833,1.4897713942273831,2.6532274633083825,2.6532274633083825
6.64895,0.12330223088718324,-0.2148695874379649,-0.33817181832514814,-2.6517569752139214,2.6517569752139214
6.32995,2.900381772329353,1.191123517888505,-1.709258254440848,-2.651305984190517,2.651305984190517
6.88595,-0.09354878480586512,-0.5375733718239122,-0.44402458701804703,-2.6489988597547733,2.6489988597547733
6.49895,0.6055311754435063,0.008225744042945377,-0.5973054314005609,-2.6484213797955256,2.6484213797955256
6.46095,1.3021199957690355,0.2908303612169596,-1.0112896345520759,-2.647383541891694,2.647383541891694
6.33295,2.9247636855859254,1.2206504291260334,-1.704113256459892,-2.6456034785775824,2.6456034785775824
6.61795,0.12244005790952789,-0.25206107372053144,-0.3745011316300593,-2.645137273828666,2.645137273828666
6.62395,0.19063645132021162,-0.2855424482899547,-0.4761788996101663,-2.636540968751374,2.636540968751374
6.93495,-0.09719901157838215,-0.47624728072943157,-0.3790482691510494,-2.630790333350211,2.630790333350211
8.43494,-0.7674688288180096,-0.9240461530086362,-0.15657732419062664,-2.6259035510714117,2.6259035510714117
8.68494,-0.8172394426188696,-1.022669408828758,-0.2054299662098884,-2.624589640281961,2.624589640281961
8.51994,-0.843262823633495,-0.9699732230948117,-0.12671039946131668,-2.619899300666683,2.619899300666683
6.68895,0.03495781136919669,-0.2994100205637496,-0.3343678319329463,-2.612016188523214,2.612016188523214
6.91795,-0.12718055554616173,-0.4507562205611116,-0.32357566501494983,-2.6075771811631125,2.6075771811631125
6.85395,-0.04252977107943042,-0.41917514462453453,-0.37664537354510413,-2.606643194381748,2.606643194381748
8.68194,-0.8349489974977309,-0.9508097180608879,-0.115860720563157,-2.605165729445557,2.605165729445557
5.86296,0.10440682551326982,0.5254800722598268,0.421073246746557,2.6037724489351834,2.6037724489351834
6.33095,2.882781404673969,1.1783017784312417,-1.7044796262427273,-2.601076086401717,2.601076086401717
5.94396,0.07302562762209222,0.7767278024387572,0.703702174816665,2.6008025042813463,2.6008025042813463
7.23595,1.1049320202062787,0.2954499145792292,-0.8094821056270495,-2.5991538939788903,2.5991538939788903
6.45295,1.573782504190222,0.3947148781627062,-1.179067626027516,-2.5952690386194552,2.5952690386194552
8.34394,-0.8164119976176732,-0.9528319791814255,-0.13641998156375224,-2.5942428045578203,2.5942428045578203
8.95394,-0.9275704896096184,-1.0074642254704735,-0.07989373586085513,-2.5914215507118246,2.5914215507118246
7.30795,0.9565910279793219,0.26999383198512855,-0.6865971959941934,-2.5867710579992798,2.5867710579992798
6.21296,0.7619994204413361,2.2596263305886963,1.4976269101473603,2.5843316954066258,2.5843316954066258
6.67095,0.08598722028974226,-0.30984650751463116,-0.3958337278043734,-2.5817733151182605,2.5817733151182605
7.25495,0.7021100981089519,0.16361310484439154,-0.5384969932645604,-2.5809170834560717,2.5809170834560717
7.14695,0.2080360523028078,0.8422564522174981,0.6342203999146903,2.5797304962780996,2.5797304962780996
6.91095,-0.10148437357467598,-0.4260880539021904,-0.3246036803275144,-2.5791518615159292,2.5791518615159292
7.23695,1.0329328803994593,0.2874004731248071,-0.7455324072746522,-2.5789947900195234,2.5789947900195234
6.93195,-0.10831835353252696,-0.41772247857603234,-0.3094041250435054,-2.578344371965791,2.578344371965791
7.13595,0.0189380222844166,0.7365416891307296,0.717603666846313,2.574046314910813,2.574046314910813
6.84095,-0.004015743720930717,-0.3949393337471115,-0.39092359002618077,-2.5734179627548333,2.5734179627548333
6.45395,1.5220932296484828,0.33538446518910886,-1.186708764459374,-2.5722872740659914,2.5722872740659914
6.91295,-0.09948020025930851,-0.3941293451203545,-0.294649144861046,-2.560801053061683,2.560801053061683
6.89995,-0.0938467767000296,-0.5141012408483895,-0.4202544641483599,-2.5586037582722816,2.5586037582722816
8.95794,-0.8646499340365232,-1.065086245914975,-0.2004363118784518,-2.5581029765216092,2.5581029765216092
8.98093,-0.8619415374885018,-1.0229636902223471,-0.16102215273384535,-2.556356559991445,2.556356559991445
5.54796,3.5242408604911466,2.3385993716898716,-1.185641488801275,-2.5557806912258623,2.5557806912258623
6.19896,0.7862132611256161,1.9792265425486826,1.1930132814230665,2.5549464097654813,2.5549464097654813
5.88596,0.1406092868541646,0.9277645167691432,0.7871552299149785,2.552770218976279,2.552770218976279
8.94694,-0.8943088886012429,-1.0063428405632127,-0.11203395196196975,-2.5503012280324606,2.5503012280324606
6.84495,-0.055718136858084466,-0.409353000702426,-0.3536348638443415,-2.5500076534520466,2.5500076534520466
6.82995,-0.12386099313583965,-0.4711973066042922,-0.34733631346845256,-2.542840165413689,2.542840165413689
8.76194,-0.8626118342543145,-1.0577004572518287,-0.19508862299751417,-2.5421142888949797,2.5421142888949797
6.32895,2.829957296919133,1.2750593614831829,-1.5548979354359502,-2.5390096205542925,2.5390096205542925
6.83495,-0.043598588636186444,-0.4207010443258802,-0.37710245568969375,-2.538904932951096,2.538904932951096
6.60695,0.17380141710779473,-0.2465586313151675,-0.42036004842296226,-2.536794193973757,2.536794193973757
8.93894,-0.8766736507710569,-1.0769304962218482,-0.20025684545079137,-2.5330956276418957,2.5330956276418957
5.90196,0.5777414181637963,1.0840119563449326,0.5062705381811363,2.5304064574567593,2.5304064574567593
8.89794,-0.8194563980548162,-1.040088887761957,-0.22063248970714078,-2.528769545263737,2.528769545263737
6.65495,0.12635063356735146,-0.214388963447739,-0.3407395970150905,-2.5284127019057743,2.5284127019057743
6.93295,-0.08211822280442455,-0.41030624070336214,-0.3281880178989376,-2.5281001098565494,2.5281001098565494
8.50594,-0.8621660164163809,-0.9731418054974095,-0.11097578908102856,-2.527861251599084,2.527861251599084
6.93595,-0.07535938503552844,-0.47034990229031737,-0.39499051725478895,-2.5248545565532075,2.5248545565532075
7.09595,-0.36719665286201186,0.21250159420854411,0.579698247070556,2.5235241348279374,2.5235241348279374
8.68794,-0.858223554837821,-1.0038643749046166,-0.14564082006679557,-2.522272618007935,2.522272618007935
6.45195,1.5647174387517189,0.4234809018802627,-1.141236536871456,-2.520511219018226,2.520511219018226
8.99893,-0.8852214108324479,-1.096865304551717,-0.21164389371926906,-2.519512776443119,2.519512776443119
8.66794,-0.8660750334599268,-1.0259610638425536,-0.15988603038262683,-2.5167389666205575,2.5167389666205575
6.93695,-0.02931504034156151,-0.43099399018776324,-0.4016789498462017,-2.515742938127556,2.515742938127556
6.33195,2.8354400927280006,1.2028279277275562,-1.6326121650004444,-2.5124756202259015,2.5124756202259015
6.62295,0.13297403807020133,-0.254846308005139,-0.3878203460753403,-2.5094602703163917,2.5094602703163917
6.93095,-0.1146112659665828,-0.42458401844469457,-0.30997275247811173,-2.505921145225688,2.505921145225688
6.63795,0.16319655146384168,-0.231868809542683,-0.3950653610065247,-2.505534464465427,2.505534464465427
6.88995,-0.10176334221349886,-0.45736558704355673,-0.35560224483005787,-2.5044825012116143,2.5044825012116143
8.56394,-0.7856063838308904,-0.9675765175307821,-0.18197013369989168,-2.5035184331458,2.5035184331458
6.21096,0.7487689329668994,2.200627816423842,1.4518588834569428,2.502922563951096,2.502922563951096
6.20896,0.7714386197234477,2.1715578376944253,1.4001192179709776,2.498960409290086,2.498960409290086
6.90995,-0.08412365490322918,-0.39185523483831436,-0.30773157993508515,-2.498555004215273,2.498555004215273
5.93996,0.1206019266037165,0.8325421834983177,0.7119402568946012,2.4927452566586443,2.4927452566586443
5.84496,-0.009292990288151164,0.3958903186444447,0.40518330893259585,2.4914194421701583,2.4914194421701583
8.92694,-0.8725534734701518,-1.0815764008586732,-0.20902292738852146,-2.4907574396658547,2.4907574396658547
8.57094,-0.8423187155238016,-0.9946095868575643,-0.15229087133376273,-2.4904281133966575,2.4904281133966575
8.78694,-0.8292576648473966,-0.9885319546093506,-0.159274289761954,-2.4880905040442576,2.4880905040442576
6.79995,-0.18839954207954568,-0.4037947313099486,-0.2153951892304029,-2.48656575116921,2.48656575116921
8.77694,-0.8362289937496392,-1.0061043725375036,-0.1698753787878644,-2.4832852929999674,2.4832852929999674
8.34494,-0.7816858282756365,-0.9415723613642599,-0.15988653308862344,-2.482542908090325,2.482542908090325
6.82095,-0.11767505008975516,-0.3624427789619421,-0.24476772887218695,-2.4821511276862607,2.4821511276862607
6.67995,0.012594749808212416,-0.2784985933464893,-0.2910933431547017,-2.4818774192553956,2.4818774192553956
6.20096,0.7943104016101462,2.002897290225869,1.2085868886157227,2.4816830349026064,2.4816830349026064
6.67295,0.0316596157466521,-0.2514065108253568,-0.2830661265720089,-2.4816730946961134,2.4816730946961134
5.59496,1.9118739314746316,0.8815084999267395,-1.030365431547892,-2.481370726929758,2.481370726929758
6.66595,0.07064754445986451,-0.3178819700749441,-0.38852951453480866,-2.4810005140273788,2.4810005140273788
6.66295,0.0466326418859368,-0.24407693473149258,-0.29070957661742935,-2.480532719092434,2.480532719092434
8.97293,-0.8601182817159991,-1.0102146196596582,-0.15009633794365906,-2.479970189351408,2.479970189351408
6.20796,0.7858564858423382,2.1147082280667515,1.3288517422244133,2.479599816568309,2.479599816568309
8.99793,-0.8574601754197206,-1.10632375571733,-0.24886358029760935,-2.473900323457214,2.473900323457214
7.10195,-0.2802011754151244,0.27275185817702924,0.5529530335921536,2.473456389222194,2.473456389222194
8.93194,-0.8950078206528669,-1.0538683348664883,-0.15886051421362146,-2.471258387623419,2.471258387623419
8.93994,-0.8886502683485534,-1.0464604989951114,-0.15781023064655797,-2.467930417530654,2.467930417530654
6.20996,0.7933122203004652,2.1993013202939973,1.405989099993532,2.466121984347032,2.466121984347032
5.58396,2.4332549487897723,1.204568987846905,-1.2286859609428673,-2.465119502393207,2.465119502393207
8.90494,-0.8628671929362979,-1.0449395372000736,-0.18207234426377572,-2.4610046461700863,2.4610046461700863
8.90694,-0.9507330904472763,-1.0819971976545637,-0.13126410720728743,-2.4600938415457274,2.4600938415457274
6.84195,0.01868501804331521,-0.3700879718496176,-0.38877298989293285,-2.4592265724384608,2.4592265724384608
5.57996,2.6688332837261566,1.3854969370135162,-1.2833363467126404,-2.4560228494912866,2.4560228494912866
6.60595,0.18278590376522805,-0.24159783789600311,-0.42438374166123116,-2.454477254631966,2.454477254631966
6.81295,-0.19511423513249287,-0.3887738205177445,-0.19365958538525163,-2.4432824065347436,2.4432824065347436
6.68795,0.054850906670474396,-0.32997756527513494,-0.3848284719456093,-2.443124959255704,2.443124959255704
6.88695,-0.10411700634022819,-0.5176995498939324,-0.4135825435537042,-2.4426519220637988,2.4426519220637988
5.85696,0.07445960061970305,0.42264086810833856,0.34818126748863554,2.442486956227282,2.442486956227282
5.58296,2.487108324419779,1.2463473137043308,-1.2407610107154483,-2.440803284282037,2.440803284282037
5.94296,0.04819958755829829,0.7856540776943955,0.7374544901360972,2.4404844258605793,2.4404844258605793
8.79794,-0.8208316957758087,-1.0706739655509696,-0.24984226977516089,-2.438451533802826,2.438451533802826
8.45894,-0.7748412358828909,-0.9041545955598573,-0.12931335967696644,-2.433675501165681,2.433675501165681
6.15996,0.7276263794043297,1.2959875759119295,0.5683611965075998,2.4332193794739907,2.4332193794739907
7.13995,0.10310144062426374,0.7671527001724535,0.6640512595481898,2.4318477028917815,2.4318477028917815
6.94595,-0.15982259782107572,-0.46511638748351825,-0.3052937896624425,-2.428001426886505,2.428001426886505
6.63095,0.14977658868009597,-0.20136141679266256,-0.35113800547275853,-2.4277332623755994,2.4277332623755994
5.93096,0.26311819416902205,0.891926709277299,0.628808515108277,2.426490702970897,2.426490702970897
8.53094,-0.7872875891008279,-0.9393844170347171,-0.15209682793388923,-2.4252847958059327,2.4252847958059327
5.58896,2.193945237733329,1.1190021870925115,-1.0749430506408173,-2.423391374441093,2.423391374441093
5.58196,2.558314795542923,1.323065204278403,-1.2352495912645198,-2.4211898921616717,2.4211898921616717
6.89295,-0.10523461773063764,-0.4657830378022469,-0.36054842007160925,-2.419816854344981,2.419816854344981
7.23195,1.1532202747470959,0.3371062398225419,-0.8161140349245539,-2.418972582583108,2.418972582583108
6.66995,0.07311360556869327,-0.32467745354898925,-0.39779105911768253,-2.41310986636789,2.41310986636789
7.23395,1.1794255405661418,0.3726067035412396,-0.8068188370249022,-2.4117586143829812,2.4117586143829812
8.98893,-0.8454252220983994,-1.0035091847908224,-0.15808396269242297,-2.411500640895311,2.411500640895311
6.32795,2.77929376971169,1.2862331095151858,-1.4930606601965042,-2.410570078309898,2.410570078309898
8.52494,-0.816228403542886,-0.9985114071834845,-0.18228300364059857,-2.4096370507705354,2.4096370507705354
6.15796,0.6432225902475244,1.308588455639301,0.6653658653917767,2.4042055174407264,2.4042055174407264
8.92794,-0.8804174836604808,-1.0591803398215005,-0.17876285616101972,-2.4039440757982993,2.4039440757982993
7.14095,0.11442143316295625,0.7795098830895947,0.6650884499266384,2.4003755719815425,2.4003755719815425
7.19795,1.4117107644330145,0.7011327232462127,-0.7105780411868018,-2.3998674245893588,2.3998674245893588
5.94196,0.09134751145705569,0.8109278610185334,0.7195803495614778,2.398863498484014,2.398863498484014
6.67695,0.07176602517573756,-0.324769533335631,-0.39653555851136857,-2.398677729665776,2.398677729665776
6.94495,-0.12447237795361463,-0.4143755928855116,-0.28990321493189697,-2.3951590496037762,2.3951590496037762
6.83395,-0.05962164552778661,-0.4308389864050464,-0.3712173408772598,-2.393957204123473,2.393957204123473
8.46194,-0.8029472391517327,-0.9617675100334854,-0.15882027088175266,-2.3934182939834905,2.3934182939834905
5.58796,2.221645760570909,1.170070184694988,-1.051575575875921,-2.3933408542418055,2.3933408542418055
5.93196,0.2568526358972521,0.8716721595264085,0.6148195236291565,2.391282844801798,2.391282844801798
8.91594,-0.8360494533101588,-1.0477432995423417,-0.2116938462321829,-2.389415115939036,2.389415115939036
8.54494,-0.798827519998405,-1.0306172800855693,-0.23178976008716434,-2.389315820336886,2.389315820336886
7.23495,1.1482640414195697,0.34777834994804596,-0.8004856914715237,-2.3871150938111025,2.3871150938111025
6.89695,-0.08785135762668096,-0.47216086917552286,-0.3843095115488419,-2.387008290902802,2.387008290902802
8.66894,-0.8710988141162337,-1.055564685762881,-0.1844658716466474,-2.382710059636288,2.382710059636288
8.78494,-0.7755703046551827,-0.9966631358691286,-0.22109283121394585,-2.3824403644734917,2.3824403644734917
6.21596,0.8050921244396132,2.3519467379639036,1.5468546135242904,2.3720278527150094,2.3720278527150094
8.78394,-0.821487263042042,-1.0197636973470396,-0.19827643430499764,-2.371436710569106,2.371436710569106
8.51294,-0.8444361099609172,-1.0622905069153281,-0.2178543969544109,-2.3699358283967586,2.3699358283967586
8.98693,-0.8338532375586801,-1.0729866888790487,-0.23913345132036856,-2.366177506334325,2.366177506334325
8.52394,-0.7993648998195011,-0.9943281544898641,-0.19496325467036302,-2.363930117275956,2.363930117275956
8.67094,-0.8139200999471744,-1.053788661490919,-0.2398685615437447,-2.3634299065147575,2.3634299065147575
8.51194,-0.8803017196649923,-0.9647130481363606,-0.08441132847136834,-2.3608657274335214,2.3608657274335214
8.39994,0.4126479540897302,-0.6754707893840831,-1.0881187434738133,-2.3567793592785096,2.3567793592785096
6.21496,0.8217011233263061,2.3066572273092976,1.4849561039829915,2.356697134770264,2.356697134770264
5.93796,0.12862357749604952,0.8574873703523996,0.7288637928563502,2.3547312709315027,2.3547312709315027
5.84596,-0.0019171998260728677,0.3734748688013016,0.37539206862737445,2.3542669911226115,2.3542669911226115
6.15896,0.6845545686574308,1.3146956257384388,0.630141057081008,2.3540750565776003,2.3540750565776003
8.50494,-0.8286161187024935,-0.9533888840263539,-0.12477276532386039,-2.3533511757273007,2.3533511757273007
8.35794,-0.7427042297468127,-0.8887756898116793,-0.1460714600648666,-2.3514994979084904,2.3514994979084904
6.66795,0.048440895781869595,-0.32434316547233816,-0.37278406125420777,-2.34752226528159,2.34752226528159
7.09495,-0.345504385234671,0.1743080178702195,0.5198124031048905,2.3474381396459525,2.3474381396459525
6.63395,0.17424752339630503,-0.22304966656403422,-0.39729718996033925,-2.3473393935319744,2.3473393935319744
6.19996,0.7691746909060002,1.969782859660476,1.2006081687544758,2.3451724636635367,2.3451724636635367
6.58495,0.21465062675913166,-0.13930202777039616,-0.35395265452952784,-2.3439288517521883,2.3439288517521883
8.65494,-0.8314018379921606,-1.0310111432470381,-0.19960930525487752,-2.3394754834618885,2.3394754834618885
8.87294,-0.836211892499436,-1.0198661378512868,-0.18365424535185082,-2.3394469941300167,2.3394469941300167
7.10695,-0.27480701998605866,0.41598716176093664,0.6907941817469954,2.3366756209693635,2.3366756209693635
5.58496,2.410252687180205,1.232255336823041,-1.1779973503571641,-2.3366473887312376,2.3366473887312376
5.54696,3.508192868399112,2.408342442248449,-1.0998504261506628,-2.336473664051254,2.336473664051254
5.89596,0.5228306783481358,1.0750595103245104,0.5522288319763746,2.3357091923747166,2.3357091923747166
8.46094,-0.8101288928160917,-0.9657694199377642,-0.15564052712167253,-2.3330703942542037,2.3330703942542037
8.68294,-0.8480721013374861,-0.9429254750236995,-0.09485337368621338,-2.3314782928405626,2.3314782928405626
6.60795,0.20684679467677217,-0.28149397607306775,-0.48834077074983995,-2.3303749069586206,2.3303749069586206
8.58294,-0.7961492967092128,-0.9637148176311323,-0.16756552092191956,-2.3283717078539703,2.3283717078539703
7.10095,-0.28379302235935044,0.28193339079149377,0.5657264131508442,2.3282576520570046,2.3282576520570046
8.88094,-0.8645387148187991,-1.104486834151658,-0.23994811933285898,-2.3250170565014017,2.3250170565014017
6.21396,0.8420877799918589,2.2943856026501908,1.4522978226583318,2.3237120146496126,2.3237120146496126
5.94696,0.056442638384049795,0.77698756569865,0.7205449273146002,2.3208809562744634,2.3208809562744634
6.45895,1.2905376136157987,0.32508196981824417,-0.9654556437975546,-2.320792851010947,2.320792851010947
6.45995,1.2733317824613288,0.3088943719151657,-0.964437410546163,-2.319278691565327,2.319278691565327
6.45495,1.4521408090017343,0.3636328809995938,-1.0885079280021404,-2.3184729307485643,2.3184729307485643
6.21796,0.8118329221720739,2.339923330844578,1.5280904086725042,2.316429236124449,2.316429236124449
8.78594,-0.7884960743586538,-0.9494209989751335,-0.16092492461647978,-2.3162618577880516,2.3162618577880516
6.21896,0.818989816134748,2.346863282201574,1.527873466066826,2.3140816426573205,2.3140816426573205
8.64794,-0.8731848791198874,-0.9970100559116913,-0.12382517679180394,-2.3105806927464956,2.3105806927464956
5.59596,1.8799553043107906,0.9099824570921526,-0.969972847218638,-2.309049206258758,2.309049206258758
7.19695,1.3891205927961816,0.6897828805823047,-0.6993377122138769,-2.3086189116989075,2.3086189116989075
8.98793,-0.8218230348592106,-1.0859991827285922,-0.2641761478693816,-2.307120404515743,2.307120404515743
5.94796,0.11598027905971803,0.7864979161969498,0.6705176371372317,2.3069262575050593,2.3069262575050593
8.57494,-0.8366018334511778,-0.9490589402488697,-0.11245710679769194,-2.3048494513683044,2.3048494513683044
7.23295,1.155418779851531,0.36071798269934696,-0.794700797152184,-2.3030758941973963,2.3030758941973963
6.51695,0.4532720936385315,0.04762223399509267,-0.4056498596434388,-2.2999173389145193,2.2999173389145193
5.58096,2.5795245418595365,1.3603364461486256,-1.219188095710911,-2.296565419356132,2.296565419356132
6.45795,1.3284415704924417,0.32287343187849044,-1.0055681386139512,-2.293831858268957,2.293831858268957
5.58596,2.29972165963461,1.235778856605712,-1.063942803028898,-2.2918274782164327,2.2918274782164327
7.30295,0.7939096476604435,0.264615564782571,-0.5292940828778725,-2.291068346353767,2.291068346353767
8.66994,-0.7944027624714927,-1.0471534368141857,-0.25275067434269305,-2.2870632122043437,2.2870632122043437
6.21696,0.8208135089503483,2.3606521987454676,1.5398386897951193,2.2852584081162086,2.2852584081162086
6.63295,0.14243011763536514,-0.24886276538193147,-0.3912928830172966,-2.284339425734018,2.284339425734018
6.58595,0.21533445986035274,-0.13488343240381576,-0.3502178922641685,-2.2838153708409763,2.2838153708409763
6.80595,-0.19530995817155272,-0.4563342372298435,-0.2610242790582908,-2.2782024124639593,2.2782024124639593
7.24195,0.9830889594173917,0.2113123324345379,-0.7717766269828539,-2.2773439879637083,2.2773439879637083
5.86696,0.11796553231687135,0.5819066769816728,0.4639411446648014,2.2773239765175006,2.2773239765175006
6.45595,1.4514304804449685,0.3817859286233428,-1.0696445518216255,-2.2764058589931855,2.2764058589931855
7.21695,1.4360707541047268,0.5305322839623023,-0.9055384701424245,-2.275563007672462,2.275563007672462
5.85396,0.13954804764802584,0.42655654380229074,0.28700849615426494,2.274158634328261,2.274158634328261
8.53494,-0.8355543787152626,-1.0236432542101357,-0.18808887549487308,-2.2721372361470356,2.2721372361470356
5.83596,-0.08242088812886536,0.3500802490894302,0.43250113721829553,2.2719043934269307,2.2719043934269307
8.55194,-0.8021533117357876,-0.9523764024455945,-0.15022309070980688,-2.269461573102416,2.269461573102416
6.92195,-0.09287627545923269,-0.44923139898200354,-0.3563551235227709,-2.261519666216652,2.261519666216652
7.24795,0.8337553430924216,0.20313238356425614,-0.6306229595281655,-2.2611750898870486,2.2611750898870486
8.95194,-0.8614627431899712,-0.9997291029301929,-0.13826635974022172,-2.2603550846703406,2.2603550846703406
5.59396,1.9431647974476052,0.9411219384845219,-1.0020428589630832,-2.256335853306915,2.256335853306915
5.93896,0.13023033423434288,0.8296929118872678,0.6994625776529249,2.256106182593677,2.256106182593677
8.56694,-0.8284033958677819,-1.0603445900677306,-0.23194119419994874,-2.2558658482756035,2.2558658482756035
7.22195,1.3933853335757165,0.4592624523628143,-0.9341228812129021,-2.2541433040513206,2.2541433040513206
8.89994,-0.8910595483327103,-1.060910493103009,-0.1698509447702986,-2.252979656991074,2.252979656991074
5.83996,-0.0508745765167124,0.35168466693317935,0.40255924344989175,2.2512119101038763,2.2512119101038763
5.94096,0.1262636991640537,0.8032181723077445,0.6769544731436908,2.250246593023416,2.250246593023416
7.19395,1.3826695011790042,0.7035123270829444,-0.6791571740960598,-2.2480465952254516,2.2480465952254516
8.79094,-0.8020667770223108,-1.0202895745502787,-0.21822279752796792,-2.245892597464348,2.245892597464348
8.92594,-0.9051316446207015,-1.0704957095339165,-0.16536406491321498,-2.2454132105516447,2.2454132105516447
5.95096,0.0858225596696885,0.7881517577820538,0.7023291981123653,2.242567993446174,2.242567993446174
7.23795,0.9874906937783618,0.2745056300939518,-0.7129850636844101,-2.242430484180278,2.242430484180278
6.90095,-0.10652188553485203,-0.5104465045305878,-0.4039246189957358,-2.2412871267342624,2.2412871267342624
7.25395,0.7163592660506347,0.16910825996632028,-0.5472510060843144,-2.240933326436358,2.240933326436358
6.89195,-0.13367295682794597,-0.49164677245430116,-0.3579738156263552,-2.2407861221242396,2.2407861221242396
8.53794,-0.8509267730714678,-0.9818085744425291,-0.1308818013710613,-2.23875597956734,2.23875597956734
8.79894,-0.8333576181994291,-1.0614293594187347,-0.22807174121930562,-2.235803187973661,2.235803187973661
6.15696,0.6303268771502264,1.2753347824559709,0.6450079053057445,2.2341180204964672,2.2341180204964672
7.10295,-0.30188202419673466,0.29903336331969693,0.6009153875164316,2.2309144095366147,2.2309144095366147
6.69395,0.056036139464380685,-0.2703846123838648,-0.3264207518482455,-2.2297639253470334,2.2297639253470334
6.94795,-0.15941991411255935,-0.42860248634507275,-0.2691825722325134,-2.2270424677047216,2.2270424677047216
7.23895,0.9888206213960071,0.2693204537175445,-0.7195001676784627,-2.226145596393568,2.226145596393568
8.46794,-0.802070401504809,-0.9558396211544712,-0.15376921964966217,-2.2250707961950056,2.2250707961950056
5.59096,2.0571477646047764,1.0441737098083383,-1.012974054796438,-2.224393440340813,2.224393440340813
6.45695,1.3810779975974445,0.35136669046846414,-1.0297113071289803,-2.2235547257097896,2.2235547257097896
7.25195,0.67930035010234,0.1487216504805073,-0.5305786996218327,-2.2206629118245367,2.2206629118245367
6.88895,-0.13706225766343363,-0.4929521033696592,-0.3558898457062256,-2.2192311494917516,2.2192311494917516
8.28994,-0.6864731266800024,-0.8659873805547166,-0.1795142538747142,-2.2172114033197015,2.2172114033197015
7.31595,0.6975385264965488,0.29378202445409496,-0.40375650204245384,-2.2171869674848383,2.2171869674848383
7.10795,-0.22115264244208097,0.41026735957210764,0.6314200020141886,2.216852127281503,2.216852127281503
6.22496,0.8051865387853739,2.4322305938199316,1.6270440550345575,2.2134370879291425,2.2134370879291425
6.32695,2.67659488719267,1.2758032080785497,-1.4007916791141204,-2.20806466384427,2.20806466384427
7.26295,0.5506021234204583,0.08646704652311872,-0.4641350768973396,-2.20772417605908,2.20772417605908
5.88696,0.18646194267162075,0.9152671402481534,0.7288051975765326,2.204952147253127,2.204952147253127
8.88794,-0.8632708197784447,-1.0406095321552506,-0.17733871237680598,-2.2043164626843916,2.2043164626843916
6.22196,0.8945528860035645,2.454154915225889,1.5596020292223243,2.2039105878966034,2.2039105878966034
5.94996,0.09034338188880417,0.7766019101057102,0.686258528216906,2.2035050021985425,2.2035050021985425
5.59196,2.0128300474226424,1.0203827639980676,-0.9924472834245748,-2.203376686374766,2.203376686374766
7.14895,0.25175593556224796,0.7953401930876992,0.5435842575254513,2.2032589721487854,2.2032589721487854
6.22296,0.9003929751705919,2.46558831626922,1.5651953410986281,2.2030619627478214,2.2030619627478214
8.36794,-0.8343147440693333,-0.8964364475798267,-0.0621217035104934,-2.2028290408954607,2.2028290408954607
8.99993,-0.8900914379062954,-1.1170321474268374,-0.22694070952054202,-2.2028107276897777,2.2028107276897777
5.85796,0.03888130756104541,0.4180063426098667,0.3791250350488213,2.2024819022532136,2.2024819022532136
6.92595,-0.12770806581197863,-0.4196509825589003,-0.2919429167469217,-2.200791574494903,2.200791574494903
5.94896,0.12907950439595,0.7995498275924211,0.670470323196471,2.1995608374982125,2.1995608374982125
8.75294,-0.8656661462345714,-1.0127222960803282,-0.14705614984575677,-2.1969524000314755,2.1969524000314755
7.30495,0.8500991068287876,0.24768507402293702,-0.6024140328058506,-2.1953468530691316,2.1953468530691316
5.96696,0.15789554979501358,0.721338203842816,0.5634426540478024,2.1952634074747603,2.1952634074747603
6.89795,-0.08357339505434808,-0.45045147212014036,-0.3668780770657923,-2.194656191835982,2.194656191835982
8.79294,-0.8437447263276565,-1.0040005139833508,-0.16025578765569426,-2.193495774115168,2.193495774115168
6.68595,0.07129800580181347,-0.30941006422125766,-0.38070807002307117,-2.1928113803876492,2.1928113803876492
8.36094,-0.7364336203272567,-0.9416705772725729,-0.20523695694531618,-2.188040215472184,2.188040215472184
6.22596,0.7902332194359999,2.459888242494125,1.6696550230581253,2.1879898644778915,2.1879898644778915
5.54596,3.4161025389505246,2.4109462630410183,-1.0051562759095063,-2.1876570345580326,2.1876570345580326
7.58295,-0.7456769047583245,0.05223004672986052,0.797906951488185,2.1872283855999215,2.1872283855999215
8.69194,-0.8804911374627914,-1.005082183680502,-0.12459104621771055,-2.18715188232865,2.18715188232865
8.99393,-0.8305468297578693,-1.0638848262037834,-0.23333799644591413,-2.186454984409366,2.186454984409366
8.90794,-0.917412479809379,-1.0774495018639678,-0.1600370220545888,-2.1850960629428964,2.1850960629428964
5.86096,0.09930826243789662,0.4685570957690031,0.3692488333311065,2.1840095784646167,2.1840095784646167
8.51594,-0.8161466461934341,-1.0379531861438869,-0.22180653995045274,-2.1827692276431714,2.1827692276431714
6.64795,0.09906945669272568,-0.20201359996748763,-0.3010830566602133,-2.1827527587700817,2.1827527587700817
5.95196,0.10439038992298909,0.7719008152348081,0.667510425311819,2.1788435294812563,2.1788435294812563
6.58395,0.2227240628005224,-0.1796409119149052,-0.4023649747154276,-2.1784503210245103,2.1784503210245103
7.63994,-0.7890813207442688,-0.18653767579769237,0.6025436449465764,2.1774088917336702,2.1774088917336702
7.25595,0.6308335555339413,0.12811379825935323,-0.5027197572745881,-2.176642410115457,2.176642410115457
7.09195,-0.3621334752369406,0.23466252678567892,0.5967960020226195,2.174762660760584,2.174762660760584
8.55594,-0.8447675810126198,-0.9963233902817511,-0.15155580926913126,-2.1742408459276596,2.1742408459276596
8.33894,-0.7882896019335563,-1.0057524530066844,-0.21746285107312802,-2.1693168024130935,2.1693168024130935
6.92295,-0.11873663784982412,-0.46686435931168313,-0.348127721461859,-2.168539400197478,2.168539400197478
5.96196,0.13825281714033855,0.7566451836705559,0.6183923665302173,2.168018958837157,2.168018958837157
7.14595,0.15920992697954242,0.7942442340626829,0.6350343070831405,2.166830476254826,2.166830476254826
8.92894,-0.8702658592364376,-1.0610841306484369,-0.19081827141199925,-2.1663165693985498,2.1663165693985498
6.23396,0.8766586967485968,2.4505857035340526,1.5739270067854558,2.163937072932055,2.163937072932055
8.69494,-0.8553683444487463,-1.0153854359055121,-0.1600170914567658,-2.1627226561086057,2.1627226561086057
5.89196,0.40597233851836567,1.0002402646396111,0.5942679261212455,2.1622441796227347,2.1622441796227347
6.22096,0.8538057832610133,2.3786481103788306,1.5248423271178173,2.159199105243464,2.159199105243464
6.83995,-0.03327601510989028,-0.3663446523314791,-0.33306863722158886,-2.1537131796734355,2.1537131796734355
5.93696,0.16657731971104908,0.8443969341074251,0.6778196143963761,2.152428770915818,2.152428770915818
6.66895,0.07797102319904943,-0.322672447236305,-0.4006434704353544,-2.152076820782274,2.152076820782274
8.98493,-0.8857476843865594,-1.074029360086092,-0.18828167569953258,-2.1513427515520878,2.1513427515520878
6.81195,-0.19202838270318492,-0.4257751283590997,-0.23374674565591477,-2.150147216386299,2.150147216386299
5.58696,2.2429510571871085,1.2306451023670388,-1.0123059548200697,-2.1496954091960223,2.1496954091960223
5.58996,2.0701398929052095,1.1006447079850668,-0.9694951849201427,-2.148069190372354,2.148069190372354
6.93795,-0.08357687028350141,-0.4055611481056964,-0.32198427782219496,-2.1474781821573763,2.1474781821573763
7.58395,-0.6849821444338358,0.05023859127817963,0.7352207357120154,2.141475287228781,2.141475287228781
8.98593,-0.9147314106278086,-1.0549086189302839,-0.14017720830247526,-2.1365430186001704,2.1365430186001704
8.78794,-0.7942451425422462,-1.0084988427303136,-0.21425370018806744,-2.1365142626385194,2.1365142626385194
6.68395,0.0519372938047511,-0.3027274560630513,-0.3546647498678024,-2.1350607818535114,2.1350607818535114
6.89495,-0.1220708007582373,-0.5088021546283666,-0.38673135387012936,-2.1340486355725377,2.1340486355725377
8.36494,-0.7726804594576343,-0.8597167939538207,-0.08703633449618642,-2.1333735282999826,2.1333735282999826
7.23095,1.1722002337550985,0.40063574301428007,-0.7715644907408185,-2.132595505328617,2.132595505328617
7.24495,0.8558003466293077,0.20357204505087903,-0.6522283015784287,-2.131159211091342,2.131159211091342
6.58195,0.23076837256270016,-0.15895216151865857,-0.38972053408135876,-2.129963405846418,2.129963405846418
8.77594,-0.8293970585662593,-1.0429792026262212,-0.2135821440599619,-2.1296541477775617,2.1296541477775617
5.84396,-0.00216147220371727,0.35642621064783214,0.3585876828515494,2.1278126291626362,2.1278126291626362
7.24595,0.7989673608079508,0.18057380857767388,-0.6183935522302769,-2.1271751112818973,2.1271751112818973
6.24096,0.9815601496208635,2.473238152187462,1.4916780025665985,2.1255676202054588,2.1255676202054588
5.83696,-0.07104179689843482,0.33786434285356365,0.40890613975199847,2.1250055378766946,2.1250055378766946
8.32694,-0.8404499443136897,-0.9375822457321222,-0.09713230141843254,-2.1242134348853785,2.1242134348853785
7.09095,-0.39064720519547913,0.2039232232270237,0.5945704284225029,2.1241702898600794,2.1241702898600794
5.59696,1.836055573958268,0.9083384946444653,-0.9277170793138028,-2.1228657138515943,2.1228657138515943
8.90894,-0.8955073836509292,-1.0228256026775042,-0.12731821902657503,-2.1221285443653217,2.1221285443653217
5.59796,1.795509827969211,0.8773638645101072,-0.9181459634591038,-2.120511422475518,2.120511422475518
6.71095,-0.04025451934116777,-0.2746379633307998,-0.23438344398963204,-2.117261288065899,2.117261288065899
6.23996,0.9772551684127291,2.466299054325817,1.489043885913088,2.1167077592063186,2.1167077592063186
6.23496,0.877172009002511,2.43575961655239,1.558587607549879,2.1164489922113425,2.1164489922113425
6.66495,0.030316269002270947,-0.2982143767054549,-0.3285306457077259,-2.1132542533229337,2.1132542533229337
7.21595,1.4147260793573726,0.579844098810473,-0.8348819805468995,-2.1104415104919467,2.1104415104919467
6.21996,0.8543641896210821,2.3454719764610195,1.4911077868399374,2.10547704081908,2.10547704081908
6.22996,0.8684413110617735,2.4970469573366825,1.628605646274909,2.104592710302709,2.104592710302709
8.78994,-0.8237240229763421,-1.0239115938823282,-0.20018757090598616,-2.102709081094124,2.102709081094124
8.97393,-0.8289881912185951,-1.0862389581153582,-0.2572507668967631,-2.1004070076979136,2.1004070076979136
6.23296,0.8715725044997458,2.4345223870863593,1.5629498825866135,2.09932877175554,2.09932877175554
8.54594,-0.8346564076649741,-1.0206450041623236,-0.18598859649734956,-2.0949561665373784,2.0949561665373784
7.19895,1.3830335564181475,0.7217970542223027,-0.6612365021958448,-2.093812545014388,2.093812545014388
6.23096,0.8593548615956998,2.4676491366299023,1.6082942750342024,2.092583018532281,2.092583018532281
6.82295,-0.16770361113958737,-0.41881011265078133,-0.25110650151119396,-2.0896074816236787,2.0896074816236787
6.68495,0.051210063301944206,-0.34342652655045647,-0.3946365898524007,-2.086522650181045,2.086522650181045
6.90795,-0.11556298119041376,-0.40943532368428387,-0.2938723424938701,-2.0859718961397746,2.0859718961397746
6.69995,0.008092695078223279,-0.2677878597295236,-0.2758805548077469,-2.0852882085006197,2.0852882085006197
6.23196,0.8915033477935762,2.4462365145465736,1.5547331667529973,2.084499399116391,2.084499399116391
8.46894,-0.8222573902091215,-0.9670692990115823,-0.14481190880246086,-2.0824234791306484,2.0824234791306484
7.25095,0.7365203332036552,0.19702586301511518,-0.53949447018854,-2.0795939927935394,2.0795939927935394
7.22295,1.3956926656581001,0.4678134309347861,-0.927879234723314,-2.0778894045937077,2.0778894045937077
7.51395,-0.6787296523302344,-0.38722017001006365,0.29150948232017077,2.0766664647705304,2.0766664647705304
6.24196,1.0160099947823413,2.467714758591167,1.4517047638088258,2.0757322764926913,2.0757322764926913
8.35694,-0.7775445367302563,-0.8628545123602033,-0.08530997562994702,-2.075595906281253,2.075595906281253
8.90594,-0.9281351724980489,-1.0598180735839795,-0.13168290108593061,-2.075325521811101,2.075325521811101
5.88896,0.22327676279175404,0.898831368444886,0.675554605653132,2.074428689310667,2.074428689310667
6.22696,0.8953105174312466,2.4639798121615484,1.5686692947303018,2.071549826205307,2.071549826205307
8.56294,-0.7904356825001231,-1.004720555948639,-0.21428487344851588,-2.0711768433685482,2.0711768433685482
6.70095,0.016713167913827015,-0.24982923173110233,-0.2665423996449293,-2.0702367425043406,2.0702367425043406
7.14995,0.2253248733373814,0.804343124110301,0.5790182507729196,2.0701150042817,2.0701150042817
7.25995,0.5709281531497461,0.10172658707888592,-0.46920156607086017,-2.0675254866358697,2.0675254866358697
8.66594,-0.8740136019886326,-1.0828992638246897,-0.20888566183605706,-2.0673675521477746,2.0673675521477746
6.22396,0.9155583370002744,2.4055242222616817,1.4899658852614073,2.0666728344984686,2.0666728344984686
7.59695,-0.7213401902060077,-0.18125996803219865,0.540080222173809,2.0656740700532374,2.0656740700532374
8.80094,-0.7911360134274942,-1.073789195932434,-0.28265318250493976,-2.0652134721339874,2.0652134721339874
5.89996,0.5877516744856877,1.1057427100301733,0.5179910355444857,2.0646904523124747,2.0646904523124747
5.60296,1.5600909442107458,0.7803101167132569,-0.7797808274974889,-2.0640410193071994,2.0640410193071994
8.88694,-0.8541426707210249,-1.055321011242223,-0.2011783405211982,-2.063775288889756,2.063775288889756
5.85996,0.12246887137243159,0.4295333463645964,0.3070644749921648,2.0625994281359192,2.0625994281359192
8.43194,-0.698169685260178,-0.9023516964774138,-0.20418201121723578,-2.05956965202406,2.05956965202406
6.90295,-0.12627106601874682,-0.4594325907438069,-0.33316152472506005,-2.059427917317207,2.059427917317207
5.85896,0.08772912686647656,0.4145380125753134,0.32680888570883687,2.0590972804781202,2.0590972804781202
5.89896,0.5254365014322034,1.0561177125814318,0.5306812111492284,2.0584038313348247,2.0584038313348247
7.09295,-0.3566305586353512,0.2259198907823308,0.582550449417682,2.0581048003406033,2.0581048003406033
6.32595,2.6317101444068998,1.281534455172546,-1.3501756892343537,-2.0571054648877185,2.0571054648877185
8.55694,-0.8569989927223428,-0.9663529447854476,-0.10935395206310483,-2.0565236396107096,2.0565236396107096
5.60196,1.6182412137571949,0.8050085147804905,-0.8132326989767044,-2.05625794210837,2.05625794210837
8.77994,-0.8591181710142706,-0.991050886019864,-0.13193271500559345,-2.0530010311248836,2.0530010311248836
8.68594,-0.8746235256874286,-1.0053857282215437,-0.13076220253411508,-2.0527549823930578,2.0527549823930578
8.67194,-0.8422454064079848,-1.0463080493592147,-0.2040626429512299,-2.0522928688254236,2.0522928688254236
6.93395,-0.13128913655805668,-0.43263743123372844,-0.30134829467567176,-2.048418336755074,2.048418336755074
8.55494,-0.8683664912839659,-1.0065503071046844,-0.13818381582071848,-2.047988642501276,2.047988642501276
6.82595,-0.08702159527766759,-0.41812701981064854,-0.331105424532981,-2.0466515730573582,2.0466515730573582
6.58295,0.18860187321762414,-0.19514900772330018,-0.38375088094092435,-2.043452018661158,2.043452018661158
8.36594,-0.7059967342458644,-0.9089457627818208,-0.20294902853595642,-2.041244009570787,2.041244009570787
6.22896,0.8929178665700115,2.4849544119761906,1.5920365454061791,2.0407795962035657,2.0407795962035657
5.94496,0.06351875436781321,0.7512545057053923,0.6877357513375791,2.0400775192974185,2.0400775192974185
5.93296,0.223901976523651,0.8383937066348178,0.6144917301111669,2.037649899378014,2.037649899378014
5.90296,0.689907775248879,1.1000154451056638,0.4101076698567848,2.0353083017853564,2.0353083017853564
8.80294,-0.8041502210523714,-1.055582001461695,-0.25143178040932357,-2.034285229421562,2.034285229421562
6.22796,0.9055092862492637,2.4726501051020513,1.5671408188527876,2.0338200460804576,2.0338200460804576
5.54496,3.334331308146262,2.419629962262703,-0.9147013458835591,-2.0330742150309353,2.0330742150309353
8.90394,-0.8920209472794622,-1.0842479500799946,-0.1922270028005324,-2.031588212144766,2.031588212144766
7.25695,0.588466264685364,0.1127128320611775,-0.4757534326241865,-2.0311066176838684,2.0311066176838684
6.23696,0.9232085751313577,2.4153849192081793,1.4921763440768216,2.0304890419600277,2.0304890419600277
5.59296,1.9261613581062416,1.0176453777359507,-0.9085159803702909,-2.0291771279827304,2.0291771279827304
7.24695,0.8129668290060232,0.21417249402264563,-0.5987943349833776,-2.027588662836796,2.027588662836796
6.51395,0.43955587596259615,0.03674040399438209,-0.40281547196821404,-2.0248973682530886,2.0248973682530886
6.68295,0.032111948207220777,-0.24897926618324412,-0.2810912143904649,-2.0227600939777632,2.0227600939777632
8.36294,-0.8265601939044901,-0.8740278004853769,-0.04746760658088678,-2.0219680008906527,2.0219680008906527
7.24095,0.9659926448056477,0.2707595385540903,-0.6952331062515574,-2.0187565491064143,2.0187565491064143
5.85296,0.1475394884809718,0.41986064346010993,0.2723211549791381,2.0179067650320914,2.0179067650320914
7.09995,-0.27281890537796594,0.32020332646974714,0.5930222318477131,2.0176857823328804,2.0176857823328804
8.78294,-0.8193337904946494,-1.0398301375451955,-0.2204963470505461,-2.014200998352421,2.014200998352421
8.93094,-0.9073028019565279,-1.0713450303611343,-0.16404222840460636,-2.0137033543879936,2.0137033543879936
6.15296,0.5945204322750158,1.2663579550785857,0.6718375228035699,2.0130174026003513,2.0130174026003513
7.22495,1.2963724423477383,0.446236947331725,-0.8501354950160134,-2.010225388397748,2.010225388397748
5.80796,-0.19423542356362472,0.31743561726304287,0.5116710408266676,2.0071783493343465,2.0071783493343465
7.24895,0.8079714472103157,0.22534021699852416,-0.5826312302117915,-2.005316240302455,2.005316240302455
8.80194,-0.7989226422871268,-1.0883037330877439,-0.289381090800617,-2.005286524909005,2.005286524909005
6.15396,0.6002716192218271,1.2499849940545131,0.649713374832686,2.004114873597369,2.004114873597369
5.93396,0.19604931047617966,0.8201584234050491,0.6241091129288694,2.0038744322845528,2.0038744322845528
6.92395,-0.14897866447097935,-0.4668744904314393,-0.31789582596045995,-2.0035252584019334,2.0035252584019334
6.79895,-0.17963136831797677,-0.3953952103233062,-0.21576384200532944,-2.0021883422036613,2.0021883422036613
6.70695,-0.04865990634245826,-0.25439110082641686,-0.2057311944839586,-2.002084693907293,2.002084693907293
6.51995,0.41604502631149365,0.05458417208747322,-0.3614608542240204,-2.0012600835553136,2.0012600835553136
6.15596,0.6781251620241757,1.257482388953477,0.5793572269293012,1.9983146460851977,1.9983146460851977
8.95094,-0.8060641711966394,-1.016856294942507,-0.21079212374586764,-1.9977397931302716,1.9977397931302716
7.22995,1.2126424563777272,0.4174872890992825,-0.7951551672784447,-1.9956379914081102,1.9956379914081102
6.51595,0.4312799004027565,0.053162201999991374,-0.3781176984027651,-1.9947491669760564,1.9947491669760564
6.69195,0.062226682725488064,-0.3041487308892822,-0.3663754136147702,-1.989248575515334,1.989248575515334
8.96693,-0.8457658036035376,-1.0702116285201853,-0.22444582491664766,-1.986250627605752,1.986250627605752
8.95594,-0.884454693670887,-1.0718277905356082,-0.18737309686472114,-1.9840658642838251,1.9840658642838251
7.15495,0.2997506764578406,0.8590446017300367,0.5592939252721961,1.982710060677175,1.982710060677175
5.93496,0.17996814762505572,0.7947633093159316,0.6147951616908759,1.980508332952386,1.980508332952386
7.30395,0.8154903928588759,0.26469728208557763,-0.5507931107732983,-1.9793162241094775,1.9793162241094775
5.86396,0.10027359277433182,0.5091227094058722,0.40884911663154044,1.977577083374535,1.977577083374535
6.88795,-0.1520210104990155,-0.5008428866259411,-0.3488218761269256,-1.9749286866161737,1.9749286866161737
5.96096,0.15581219479640068,0.7324652925144252,0.5766530977180244,1.9726372426012875,1.9726372426012875
8.56594,-0.7903079692595966,-1.1153379600601325,-0.32502999080053596,-1.9709513763636404,1.9709513763636404
8.88194,-0.81720355579402,-1.0976552716180206,-0.2804517158240005,-1.9706117663842124,1.9706117663842124
5.89496,0.44415034072967674,1.030719787693013,0.5865694469633362,1.9692385878070995,1.9692385878070995
6.89595,-0.11975849153126894,-0.48220030366918837,-0.36244181213791943,-1.9681906882041174,1.9681906882041174
8.32794,-0.8634915337571183,-0.9401904958747329,-0.07669896211761462,-1.9679274383276104,1.9679274383276104
8.45794,-0.7645248470865766,-0.9029669030176056,-0.13844205593102898,-1.9664408776002753,1.9664408776002753
6.71995,-0.13975288625288512,-0.3379617499456461,-0.19820886369276097,-1.9662047523867132,1.9662047523867132
8.47894,-0.7922017467943224,-1.0004312077174435,-0.2082294609231211,-1.9652321159856811,1.9652321159856811
6.15496,0.6664793784348657,1.2603974120318509,0.5939180335969851,1.9609534907643054,1.9609534907643054
8.56494,-0.7973730299695836,-1.0457195559841608,-0.24834652601457718,-1.95988554014396,1.95988554014396
6.51795,0.42627687761334554,0.027643041355146773,-0.39863383625819876,-1.9595085149195854,1.9595085149195854
5.88796,0.1588208800331515,0.8689091843489622,0.7100883043158107,1.9594107728323438,1.9594107728323438
8.66494,-0.8920551071790481,-1.0416682238041957,-0.14961311662514754,-1.9577636378012544,1.9577636378012544
8.91794,-0.887077749699232,-1.0444919243564317,-0.15741417465719965,-1.9571469403191923,1.9571469403191923
7.15195,0.22384751999585828,0.8175742655846315,0.5937267455887733,1.9559280373451822,1.9559280373451822
7.15095,0.20487015840759756,0.812281215954633,0.6074110575470354,1.954345770888113,1.954345770888113
6.92495,-0.12321461364661598,-0.44471034387409364,-0.3214957302274777,-1.9542834046647386,1.9542834046647386
6.89895,-0.13180416733137992,-0.45257936263377097,-0.32077519530239107,-1.9512858026102349,1.9512858026102349
6.23596,0.8991428677485074,2.402512786144045,1.5033699183955378,1.9489047215846285,1.9489047215846285
5.89796,0.5414028390234498,1.057731952623777,0.5163291136003272,1.947105760374041,1.947105760374041
6.23896,0.9690606942552891,2.4267923738278268,1.4577316795725377,1.9459699910801844,1.9459699910801844
6.69295,0.019895505489784873,-0.24377300564429413,-0.263668511134079,-1.93345794926305,1.93345794926305
8.99293,-0.9082358142419567,-1.047903754997481,-0.13966794075552436,-1.9334111566249448,1.9334111566249448
7.22895,1.2465028348516825,0.44377698149733563,-0.8027258533543469,-1.930966564528795,1.930966564528795
8.87994,-0.9154984849353518,-1.079357885242088,-0.16385940030673618,-1.9291642459612213,1.9291642459612213
7.09395,-0.32790673263323256,0.21538432628754126,0.5432910589207738,1.9240068959010346,1.9240068959010346
7.09695,-0.2521050558236048,0.2411530779112176,0.4932581337348224,1.923520940543907,1.923520940543907
7.16295,0.469261134184858,0.8759118244925957,0.40665069030773776,1.922434620601157,1.922434620601157
7.64094,-0.73530423615045,-0.19734393915061463,0.5379602969998354,1.919699324459152,1.919699324459152
8.55894,-0.8246831952384004,-1.0079861949619513,-0.1833029997235509,-1.9190895608800553,1.9190895608800553
8.57294,-0.8402671936264678,-1.0180969200720902,-0.17782972644562234,-1.9158196831175365,1.9158196831175365
8.49894,-0.8745490678945449,-0.9231275321872676,-0.04857846429272272,-1.9155076237552007,1.9155076237552007
7.22695,1.2332308694952518,0.4854608285288648,-0.747770040966387,-1.9153366393492746,1.9153366393492746
7.24995,0.7628161784495393,0.23836512580035202,-0.5244510526491872,-1.9103296626968587,1.9103296626968587
8.94894,-0.8414269911023757,-1.0207490063509619,-0.17932201524858615,-1.9046275894008284,1.9046275894008284
5.95396,0.08050394024995522,0.7336013730322052,0.65309743278225,1.904626731150927,1.904626731150927
8.96993,-0.882119177863755,-1.0088395287097236,-0.12672035084596855,-1.902737975077383,1.902737975077383
6.67595,0.07897624827186829,-0.3256479150887647,-0.40462416336063295,-1.9001649499721665,1.9001649499721665
6.69895,0.023366750556796635,-0.23315967351440708,-0.25652642407120374,-1.8993537237354488,1.8993537237354488
5.81696,-0.1353940266127905,0.318592413629212,0.4539864402420025,1.8977511352074174,1.8977511352074174
7.21395,1.3701039741948393,0.5436147962768197,-0.8264891779180196,-1.8976883230114163,1.8976883230114163
6.68095,0.018324630928035712,-0.30662177190725065,-0.32494640283528636,-1.8973655210049192,1.8973655210049192
7.25795,0.5886198282765476,0.14141170595079205,-0.4472081223257555,-1.8962906405028717,1.8962906405028717
5.83396,-0.1065929969230308,0.2941366097998355,0.40072960672286634,1.8957721179709144,1.8957721179709144
6.32495,2.5722781719475765,1.3476931701706367,-1.2245850017769397,-1.8947467318992168,1.8947467318992168
5.50996,0.9824771531481165,2.228530740388956,1.2460535872408396,1.8947089195940474,1.8947089195940474
5.80696,-0.19937894202330414,0.3106977426626307,0.5100766846859348,1.8919558803851655,1.8919558803851655
7.58195,-0.7173886565523275,0.039790114114964865,0.7571787706672924,1.891578847107588,1.891578847107588
8.34594,-0.802125907620093,-0.9535345225905036,-0.1514086149704107,-1.8915126349847924,1.8915126349847924
7.63394,-0.7412065426260219,-0.18946588368052963,0.5517406589454923,1.889763728479972,1.889763728479972
7.62195,-0.6778905757279383,-0.16039126420116068,0.5174993115267776,1.887927177097732,1.887927177097732
5.51496,1.2816017701802016,2.5000333245233812,1.2184315543431796,1.886986268921695,1.886986268921695
8.54694,-0.8612454597025598,-1.0192377555800325,-0.15799229587747265,-1.8855288151340017,1.8855288151340017
8.46694,-0.8290207904421178,-0.9790750087752882,-0.15005421833317034,-1.8840830050662627,1.8840830050662627
5.94596,0.0616853175354186,0.7546159405201236,0.692930622984705,1.8827474217780271,1.8827474217780271
5.60096,1.6328096754500818,0.8536708789561668,-0.779138796493915,-1.8816220506523387,1.8816220506523387
8.87494,-0.8759231094338703,-1.0206862230864862,-0.14476311365261585,-1.881259375483301,1.881259375483301
5.82696,-0.03239985084830174,0.31720257012441727,0.349602420972719,1.879998257230488,1.879998257230488
5.51096,1.0191155104942322,2.264867267808806,1.2457517573145738,1.8783872051070778,1.8783872051070778
8.44194,-0.8092836090198239,-0.9358454772637381,-0.12656186824391424,-1.8758459180351295,1.8758459180351295
7.62694,-0.7346895098733612,-0.24372992457129558,0.4909595853020656,1.8754602364246542,1.8754602364246542
8.94494,-0.9318328990369215,-1.0535801085677723,-0.12174720953085083,-1.8743973071760354,1.8743973071760354
7.59495,-0.6963628565678184,-0.13832056540231064,0.5580422911655077,1.8743882202319129,1.8743882202319129
5.86196,0.11585323619252169,0.4824306027565163,0.3665773665639946,1.8733282089932097,1.8733282089932097
8.57594,-0.8605496051999064,-0.9821726284674608,-0.12162302326755436,-1.8688301911293645,1.8688301911293645
5.51296,1.163198287947081,2.391521992607633,1.228323704660552,1.867004613066143,1.867004613066143
7.58495,-0.6522729282005617,0.012910364274868469,0.6651832924754302,1.8660821361730457,1.8660821361730457
5.51196,1.079261253578204,2.3304970603705724,1.2512358067923683,1.8659508564773502,1.8659508564773502
7.23995,0.969181385179714,0.2778253742720659,-0.6913560109076481,-1.8659140748311398,1.8659140748311398
5.95496,0.08596412187931246,0.7413678760895717,0.6554037542102592,1.8653470996855912,1.8653470996855912
7.22595,1.2625225523266828,0.490588813463444,-0.7719337388632388,-1.863123096233055,1.863123096233055
5.86496,0.11711873919200871,0.5016233533296214,0.38450461413761267,1.8623133385146056,1.8623133385146056
8.90094,-0.8618894267367934,-1.0935838912361764,-0.23169446449938302,-1.8604587447889556,1.8604587447889556
5.92496,0.5066815009682705,0.9544091547858606,0.44772765381759017,1.8596282712917824,1.8596282712917824
8.54794,-0.8771971555518644,-1.0419111259846257,-0.16471397043276126,-1.8588489744590475,1.8588489744590475
8.49594,-0.8797081848519263,-0.967527300899558,-0.0878191160476317,-1.8587874549867607,1.8587874549867607
6.15196,0.5749933723608301,1.2180816180170235,0.6430882456561934,1.858184876838468,1.858184876838468
5.95296,0.13720886443073393,0.749412484039765,0.612203619609031,1.8581565176058081,1.8581565176058081
7.15995,0.40325438285293114,0.8801455800996275,0.4768911972466964,1.8547949335570277,1.8547949335570277
7.19295,1.3345581702383287,0.7485775315954829,-0.5859806386428458,-1.8518996742878813,1.8518996742878813
8.36694,-0.7239242061248864,-0.926746950530454,-0.20282274440556758,-1.8511869938015826,1.8511869938015826
5.59996,1.6829508601598944,0.8894422119942382,-0.7935086481656561,-1.8510527781549952,1.8510527781549952
8.91494,-0.826048808131558,-1.073818617785998,-0.24776980965444007,-1.849524652831327,1.849524652831327
7.22095,1.367784862334696,0.5120874427581089,-0.8556974195765871,-1.8458903912411462,1.8458903912411462
7.60095,-0.7339291087724741,-0.15074318474539486,0.5831859240270792,1.845838588252634,1.845838588252634
6.81595,-0.19699684119740085,-0.396286284934776,-0.19928944373737517,-1.845474514098191,1.845474514098191
7.08395,-0.36549077206934605,0.12916501706937558,0.49465578913872166,1.8440421122165769,1.8440421122165769
7.58695,-0.6666133543136645,0.028361148442700816,0.6949745027563653,1.8426325162617312,1.8426325162617312
8.47994,-0.8696483598890115,-0.9889862627006022,-0.11933790281159073,-1.842049909126759,1.842049909126759
7.58795,-0.7094724984706821,0.009331785234560566,0.7188042837052426,1.8397068685674562,1.8397068685674562
8.53294,-0.871148015069876,-0.9943052501388568,-0.1231572350689808,-1.839048731473254,1.839048731473254
5.59896,1.7260322527353829,0.8797012087031945,-0.8463310440321884,-1.836610592748189,1.836610592748189
6.67395,0.017592189072634934,-0.27014902790983614,-0.28774121698247107,-1.8357553629086543,1.8357553629086543
8.78194,-0.8426272908467849,-1.026904692626196,-0.1842774017794111,-1.8348497972468747,1.8348497972468747
7.62295,-0.7017466072268905,-0.13210744923959208,0.5696391579872985,1.8342171257634325,1.8342171257634325
7.59595,-0.6714056672263242,-0.19001850206380827,0.48138716516251595,1.8338147875256163,1.8338147875256163
5.84096,0.004904648572340936,0.3561141029646236,0.3512094543922827,1.8336879103716388,1.8336879103716388
7.62594,-0.7562505118343675,-0.2728745307251771,0.48337598110919044,1.831034077219237,1.831034077219237
6.32295,2.630765571008718,1.380973799991507,-1.2497917710172108,-1.8298077428926949,1.8298077428926949
8.65594,-0.8376027370409731,-1.02510121473747,-0.18749847769649697,-1.8281690870771057,1.8281690870771057
6.52095,0.371448458351877,0.048643511545314926,-0.3228049468065621,-1.8269058359006172,1.8269058359006172
7.19995,1.3649597114816867,0.7311128081089586,-0.6338469033727281,-1.8260641038190473,1.8260641038190473
6.23796,0.9633453374474474,2.3901952960172523,1.426849958569805,1.8231634898008386,1.8231634898008386
7.51495,-0.671049158449568,-0.3892345779605267,0.28181458048904134,1.822431229367245,1.822431229367245
6.68995,0.029561514892023882,-0.2922172429521027,-0.3217787578441266,-1.8208783427916302,1.8208783427916302
8.53594,-0.864157206449597,-0.9764870019041315,-0.11232979545453448,-1.8201083705840897,1.8201083705840897
5.50396,0.6654815962798681,1.9082833356198403,1.2428017393399722,1.8191188958146185,1.8191188958146185
8.67294,-0.8634944942701224,-0.989157112280382,-0.12566261801025957,-1.8182317180418208,1.8182317180418208
8.65694,-0.8658881811819303,-1.002051723254917,-0.13616354207298675,-1.8172468644407678,1.8172468644407678
5.92396,0.5770688219497451,0.9863836989525684,0.4093148770028233,1.8159909952568096,1.8159909952568096
8.88594,-0.8553590401343031,-1.09823451128829,-0.242875471153987,-1.8153763850720046,1.8153763850720046
7.59195,-0.697198738517011,-0.08636484115551045,0.6108338973615005,1.8149311879061487,1.8149311879061487
6.71295,-0.037090882582560936,-0.35681523491645084,-0.3197243523338899,-1.8122017861887834,1.8122017861887834
6.67495,0.0460395620191126,-0.27949733051122816,-0.32553689253034074,-1.8119384654480248,1.8119384654480248
8.42894,-0.7421388247715222,-0.9449213545438939,-0.20278252977237177,-1.8106655788274952,1.8106655788274952
5.92996,0.31111114482859104,0.8511527917879516,0.5400416469593605,1.8096830386493539,1.8096830386493539
7.25295,0.6800692790758167,0.19068379367886237,-0.48938548539695437,-1.8094606068232022,1.8094606068232022
6.52395,0.4667858111838529,0.043065303069315275,-0.4237205081145376,-1.8076237890498055,1.8076237890498055
6.57695,0.2715464408890013,-0.09963231547303517,-0.37117875636203645,-1.8067730758173761,1.8067730758173761
6.26596,1.1834169987788532,2.4497830789907966,1.2663660802119434,1.805980007836807,1.805980007836807
8.32594,-0.8223578310655709,-0.9681419380383635,-0.14578410697279254,-1.8055656454244324,1.8055656454244324
5.91096,0.6609062338625078,1.0175988954745754,0.3566926616120676,1.8054411915478823,1.8054411915478823
6.24296,1.0822440585999296,2.413545159932919,1.3313011013329894,1.8029340962295721,1.8029340962295721
6.87595,-0.05192099525644509,-0.35265265009309393,-0.3007316548366488,-1.802561881110231,1.802561881110231
6.57595,0.2640379920246675,-0.15796145241505902,-0.4219994444397265,-1.8023850355680995,1.8023850355680995
6.82495,-0.10450986363479589,-0.41159166365607824,-0.3070818000212824,-1.802049738037839,1.802049738037839
6.32195,2.6207211397282775,1.3622716117094522,-1.2584495280188253,-1.8006334780997149,1.8006334780997149
5.82796,-0.06998584000557957,0.30839454337798994,0.3783803833835695,1.7993167241789823,1.7993167241789823
7.19595,1.3597941843293613,0.7592118384975548,-0.6005823458318065,-1.798530629276578,1.798530629276578
5.79096,-0.27795388899018614,0.2767709025058123,0.5547247914959985,1.7977015350204506,1.7977015350204506
7.16095,0.4381830075892048,0.8707426919143632,0.43255968432515834,1.79763356232763,1.79763356232763
6.26696,1.1774233365068216,2.472187475497255,1.2947641389904332,1.7947509526813676,1.7947509526813676
6.57795,0.26780372447123124,-0.09198200189270349,-0.35978572636393474,-1.7945609947889127,1.7945609947889127
6.71195,-0.04067063628029448,-0.3105066984866989,-0.2698360622064044,-1.7939173199053253,1.7939173199053253
5.60596,1.4383974018217458,0.7516821817908038,-0.686715220030942,-1.7927233420570645,1.7927233420570645
8.45194,-0.7765210966632565,-0.8881833410856259,-0.11166224442236938,-1.7914140520479942,1.7914140520479942
5.51396,1.2409211133336553,2.4381010176082527,1.1971799042745974,1.7911537104994812,1.7911537104994812
7.22395,1.3119541133758916,0.4512928287720169,-0.8606612846038748,-1.7911303691884986,1.7911303691884986
6.51895,0.4001337084530365,0.027923103681796773,-0.3722106047712397,-1.787925072889493,1.787925072889493
6.89095,-0.14705220732898922,-0.45739565919488584,-0.3103434518658966,-1.7876391011002866,1.7876391011002866
8.97893,-0.9021554454720192,-1.0714801429340854,-0.16932469746206624,-1.7870868730337133,1.7870868730337133
7.77694,-0.6815703390587253,0.4481310820569216,1.1297014211156469,1.786991445380093,1.786991445380093
8.94594,-0.920083538877146,-1.0168267733153233,-0.09674323443817734,-1.7865917638924114,1.7865917638924114
6.57895,0.21053408723982336,-0.14696256898939422,-0.35749665622921756,-1.783712657402022,1.783712657402022
8.73994,-0.8345853865525181,-0.9743532002400748,-0.13976781368755664,-1.7831491727017017,1.7831491727017017
7.76994,-0.7477017795212691,0.33612275627387195,1.083824535795141,1.7823982812666155,1.7823982812666155
7.20495,1.4303918126833408,0.6708859597448624,-0.7595058529384784,-1.7809801396137523,1.7809801396137523
8.57194,-0.8345889907094136,-1.0140194291997642,-0.17943043849035056,-1.7805663873302762,1.7805663873302762
7.21295,1.3848145694680984,0.5806666063037264,-0.8041479631643721,-1.7793819347623594,1.7793819347623594
8.40094,0.3524206387652789,-0.5859702529445159,-0.9383908917097947,-1.7793775754245642,1.7793775754245642
5.86596,0.10987909808646193,0.5208128596143043,0.41093376152784244,1.7757283545713642,1.7757283545713642
7.62494,-0.689862345473417,-0.23946904146830666,0.4503933040051103,1.7752810493874438,1.7752810493874438
5.50796,0.9577690193745005,2.146667571459832,1.1888985520853312,1.774254243493261,1.774254243493261
8.50394,-0.8959502869272807,-0.9813325381119007,-0.08538225118461995,-1.774227349175122,1.774227349175122
8.38794,0.06768454197110235,-0.2810850181427812,-0.34876956011388355,-1.7741081417585705,1.7741081417585705
7.60195,-0.7327335388906386,-0.1712142218639424,0.5615193170266962,1.7719530395080385,1.7719530395080385
5.49996,0.5599850730012421,1.7217816022421537,1.1617965292409116,1.769982637027458,1.769982637027458
5.96296,0.1502140818157813,0.7395328051409215,0.5893187233251401,1.7671184712492052,1.7671184712492052
7.77194,-0.7769549327139782,0.2803518002835263,1.0573067329975046,1.7669135907966982,1.7669135907966982
5.85196,0.16275849314049312,0.4170818121913333,0.25432331905084016,1.7668748792726205,1.7668748792726205
7.77394,-0.7000060596428443,0.35417346005838085,1.0541795197012251,1.7657848906847031,1.7657848906847031
7.64594,-0.7739174293461956,-0.23822641923100626,0.5356910101151893,1.7640643692853755,1.7640643692853755
6.69695,0.019151145316639112,-0.26738010151273695,-0.28653124682937603,-1.7621092347876353,1.7621092347876353
6.72295,-0.08599061501807885,-0.3146507510551885,-0.22866013603710966,-1.761982956519881,1.761982956519881
5.89696,0.5569100824239699,1.0540596797910127,0.4971495973670428,1.761655993442893,1.761655993442893
7.59795,-0.7203200203250402,-0.11373037472725438,0.6065896455977858,1.7600181161549133,1.7600181161549133
6.70995,-0.02577655123911242,-0.30390930649295395,-0.2781327552538415,-1.759767095078375,1.759767095078375
6.94695,-0.15941209811405427,-0.4256625813427824,-0.26625048322872813,-1.7594928339660005,1.7594928339660005
7.19495,1.363566735437157,0.7417544927402318,-0.6218122426969253,-1.7566576181128974,1.7566576181128974
8.95694,-0.8499182858277864,-1.081052641464155,-0.23113435563636864,-1.7564584417976794,1.7564584417976794
8.68094,-0.8183665639164981,-1.031695179416876,-0.21332861550037796,-1.7563440544872413,1.7563440544872413
7.15595,0.33277480870634657,0.8504843754571019,0.5177095667507553,1.7550258042613307,1.7550258042613307
6.68195,0.007708033559712377,-0.2541246742694879,-0.2618327078292003,-1.753156883478842,1.753156883478842
6.32395,2.5685603644319257,1.3726532863097174,-1.1959070781222083,-1.7525935976240203,1.7525935976240203
8.87394,-0.8690929483673976,-1.0006223193841655,-0.13152937101676787,-1.7525592936518355,1.7525592936518355
5.79196,-0.2737075229240231,0.24006401172620065,0.5137715346502237,1.7517724991086554,1.7517724991086554
7.20595,1.4604627178488194,0.6441257061503155,-0.8163370116985039,-1.7508460706997873,1.7508460706997873
5.95596,0.13899965169097073,0.7353523662958581,0.5963527146048874,1.7486182110366448,1.7486182110366448
8.66394,-0.8938291485619639,-0.9961713807755059,-0.102342232213542,-1.7461799784898329,1.7461799784898329
5.60396,1.4728850703433736,0.7682711970429027,-0.7046138733004709,-1.7457862274508353,1.7457862274508353
7.76894,-0.7332766908539845,0.33672739649855726,1.0700040873525418,1.7453671158960886,1.7453671158960886
7.58895,-0.6958458083042212,-0.023189631037380126,0.672656177266841,1.7447135443773618,1.7447135443773618
5.50096,0.5850772434006438,1.764220281791501,1.179143038390857,1.7436593819395425,1.7436593819395425
5.83496,-0.05212388131435113,0.31534697804754985,0.367470859361901,1.7429795485090778,1.7429795485090778
8.66094,-0.9009658719695531,-1.0079259603566666,-0.10696008838711346,-1.742785922248653,1.742785922248653
8.69094,-0.8273726980926628,-0.9813673118239462,-0.15399461373128343,-1.7427298630124446,1.7427298630124446
7.77494,-0.6717340644148863,0.3529166451600932,1.0246507095749795,1.742480919382848,1.742480919382848
5.50596,0.7985294001983928,1.97699484380789,1.1784654436094972,1.740829997574498,1.740829997574498
7.21995,1.3426373959400202,0.5449176809993558,-0.7977197149406644,-1.7404570398778638,1.7404570398778638
5.93596,0.16528207441653991,0.7845049607333175,0.6192228863167777,1.7403579594663594,1.7403579594663594
8.34694,-0.8304420709906751,-0.910988797618666,-0.0805467266279909,-1.7392800886354873,1.7392800886354873
8.48694,-0.850452577117195,-0.9633797001771095,-0.11292712305991448,-1.7392723979405444,1.7392723979405444
5.50696,0.8704331611955214,2.054064606126805,1.1836314449312837,1.736419659804317,1.736419659804317
7.25895,0.5939929662602661,0.16347963049193365,-0.43051333576833245,-1.736390709424078,1.736390709424078
8.97593,-0.8709293247360519,-1.0815830198456895,-0.2106536951096376,-1.7360449117704193,1.7360449117704193
6.66395,-0.0001572933907764973,-0.2872674889128653,-0.28711019552208883,-1.7356821683372083,1.7356821683372083
7.09895,-0.2646249182849427,0.2821280182999493,0.546752936584892,1.735208590881649,1.735208590881649
7.77094,-0.7919178678076297,0.26304141444497336,1.054959282252603,1.7326798019610374,1.7326798019610374
5.81596,-0.08817366717425677,0.3151872812853963,0.4033609484596531,1.7312831985669264,1.7312831985669264
8.92094,-0.8971916900722703,-1.0622761999210621,-0.16508450984879186,-1.7304872968997702,1.7304872968997702
7.58095,-0.6427063537451163,0.06661060482878482,0.7093169585739011,1.7301805435833615,1.7301805435833615
8.48394,-0.8230027420290532,-0.9450470423712797,-0.12204430034222646,-1.727934216706465,1.727934216706465
7.51295,-0.6744454437854757,-0.4048252067124973,0.2696202370729784,1.7276866521113576,1.7276866521113576
8.53694,-0.873232201408117,-0.9749958342962566,-0.10176363288813961,-1.7272286552160034,1.7272286552160034
8.31194,-0.7864796172037156,-0.9683451976790185,-0.18186558047530288,-1.7252269941374498,1.7252269941374498
7.76394,-0.7394979503194423,0.4277984676353283,1.1672964179547707,1.7236196415801208,1.7236196415801208
5.95996,0.1408977157784732,0.7306381442441531,0.5897404284656799,1.7230227859239438,1.7230227859239438
7.18995,1.2477147921437464,0.7309349953464828,-0.5167797967972636,-1.7222759785592843,1.7222759785592843
7.21195,1.3691126016388322,0.5853759801272757,-0.7837366215115565,-1.7222040983350517,1.7222040983350517
7.84894,-0.6344195950636371,-0.38155432117131133,0.25286527389232577,1.7213849674359425,1.7213849674359425
7.58595,-0.6317547677220607,0.036061618391919584,0.6678163861139803,1.720359778595374,1.720359778595374
8.64694,-0.8098428674040145,-0.9419984570338155,-0.132155589629801,-1.7201426946027332,1.7201426946027332
7.18395,1.123859032934016,0.7637032033648775,-0.3601558295691384,-1.7192035481093313,1.7192035481093313
5.60496,1.4479284618569381,0.7591358757764534,-0.6887925860804848,-1.7185977447745184,1.7185977447745184
8.79394,-0.8369680645212039,-1.0352142154180772,-0.19824615089687336,-1.7183067768117122,1.7183067768117122
7.21095,1.3423318888826319,0.5808271295814057,-0.7615047593012262,-1.7164823361011403,1.7164823361011403
7.51595,-0.6672497546964977,-0.40546488175851964,0.2617848729379781,1.7164459836619037,1.7164459836619037
8.30794,-0.8594613122582762,-0.9762808164388163,-0.1168195041805401,-1.7156833194982841,1.7156833194982841
7.62394,-0.6841999166281053,-0.1580438600408809,0.5261560565872244,1.715534722308044,1.715534722308044
7.64494,-0.7747790005286649,-0.27889285647320144,0.49588614405546344,1.714012799867222,1.714012799867222
6.69795,0.034491776051096205,-0.20380162755641487,-0.23829340360751108,-1.713200506157683,1.713200506157683
8.67794,-0.8342000874803585,-0.986360105995722,-0.15216001851536354,-1.7125120625402086,1.7125120625402086
5.50296,0.6513237250530086,1.8249767063825908,1.1736529813295822,1.709788806007794,1.709788806007794
7.76794,-0.7182461900151202,0.37256396087298754,1.0908101508881078,1.7091000644213126,1.7091000644213126
7.77794,-0.667802380909061,0.4099184604956449,1.077720841404706,1.7071500112595948,1.7071500112595948
7.76494,-0.7155168552723041,0.4245553802952645,1.1400722355675685,1.706989703927515,1.706989703927515
8.31994,-0.8258137182658097,-0.9173507367402101,-0.09153701847440032,-1.7068198964810792,1.7068198964810792
6.24696,1.2668516784583805,2.43870468601559,1.1718530075572096,1.7066348834958611,1.7066348834958611
5.81496,-0.08650569257149428,0.29483883436539304,0.3813445269368873,1.7064748054069732,1.7064748054069732
7.22795,1.2003895614615812,0.47735221116106147,-0.7230373503005196,-1.7057918599915685,1.7057918599915685
7.26395,0.5495257500688444,0.10457299745732604,-0.44495275261151834,-1.7031360422524506,1.7031360422524506
7.19095,1.2742064961664716,0.7358797450374978,-0.5383267511289739,-1.7002320604811605,1.7002320604811605
8.75694,-0.8496693261927113,-1.0396303609159212,-0.1899610347232099,-1.6999136190890949,1.6999136190890949
8.97493,-0.8381857630752805,-1.1015368795055451,-0.26335111643026465,-1.6974970354684067,1.6974970354684067
8.68694,-0.8933009693482101,-0.9948713836003501,-0.10157041425213997,-1.6969915331639858,1.6969915331639858
7.21495,1.3739261384391632,0.6018941101491079,-0.7720320282900553,-1.695702842911836,1.695702842911836
5.89296,0.44203641637641444,0.9934177043960332,0.5513812880196187,1.6939038101533146,1.6939038101533146
8.75494,-0.8816087904371153,-0.9920829286760255,-0.11047413823891028,-1.6933342880431734,1.6933342880431734
6.72195,-0.0834609871190422,-0.32259523372822413,-0.23913424660918192,-1.693157736694159,1.693157736694159
7.20195,1.423419372664079,0.727799840714723,-0.6956195319493559,-1.6920111150240253,1.6920111150240253
5.83896,-0.04287650710080444,0.3280225225089932,0.37089902960979765,1.6904068022096619,1.6904068022096619
5.79596,-0.28989850937843575,0.22824541789811473,0.5181439272765505,1.690228318642521,1.690228318642521
5.80496,-0.2003346542787207,0.24371262759289977,0.44404728187162046,1.690153854871788,1.690153854871788
7.15295,0.3249194667678198,0.8227691619374677,0.49784969516964794,1.6860968124872382,1.6860968124872382
5.51696,1.3743240208116592,2.538471357389738,1.164147336578079,1.6857433003824625,1.6857433003824625
8.88394,-0.8988554565078002,-1.0689628667229356,-0.17010741021513542,-1.6849179225489892,1.6849179225489892
7.31795,0.5438193168237216,0.2841907674857606,-0.25962854933796103,-1.6828834603617242,1.6828834603617242
7.59995,-0.700215542634059,-0.11056944283072963,0.5896460998033294,1.6823489043764326,1.6823489043764326
6.57495,0.22031979047186895,-0.13065554534717738,-0.35097533581904633,-1.6796424781877295,1.6796424781877295
5.96796,0.21804027692281314,0.689612704634721,0.4715724277119079,1.679525276520795,1.679525276520795
8.91894,-0.8989998914000453,-1.012000300485404,-0.11300040908535858,-1.679270514363187,1.679270514363187
6.58095,0.23123812045465134,-0.10965536436565622,-0.34089348482030757,-1.6786689594327862,1.6786689594327862
8.49394,-0.8741408204949839,-0.9740609097696996,-0.09992008927471574,-1.6781972360437185,1.6781972360437185
8.75794,-0.8581886656157924,-1.0543258440586671,-0.1961371784428747,-1.6768407156933138,1.6768407156933138
7.76694,-0.7026066585686609,0.4084111414245276,1.1110177999931885,1.6764026176697684,1.6764026176697684
7.59395,-0.7100007741038188,-0.0856693329425343,0.6243314411612845,1.6750960685890013,1.6750960685890013
6.90195,-0.15141429507782506,-0.45303746214926344,-0.3016231670714384,-1.6750854354792237,1.6750854354792237
6.57995,0.20197160716799797,-0.15121315075597777,-0.35318475792397575,-1.6744056251533526,1.6744056251533526
8.91694,-0.8983386576014785,-1.0695327117439215,-0.17119405414244304,-1.6737279145107808,1.6737279145107808
7.18495,1.1341163558424112,0.7524109096940668,-0.38170544614834445,-1.6732725212595894,1.6732725212595894
6.26796,1.2053415638987452,2.4314794868906118,1.2261379229918665,1.6731125718083486,1.6731125718083486
5.60696,1.3782996096951052,0.7310424808845476,-0.6472571288105576,-1.6730995188046103,1.6730995188046103
7.77294,-0.7334437077564431,0.2810718337594131,1.0145155415158562,1.6728598159006596,1.6728598159006596
8.80394,-0.822674375964653,-1.035078305266525,-0.2124039293018719,-1.671605839717882,1.671605839717882
8.75394,-0.880492163947652,-1.0349411247978342,-0.15444896085018223,-1.6702900135216032,1.6702900135216032
7.27295,0.46011486666251455,0.06478635476304824,-0.39532851189946633,-1.6702318902734912,1.6702318902734912
5.81996,-0.0627385941579893,0.2687310888556089,0.33146968301359825,1.6695288017522465,1.6695288017522465
6.26496,1.2277957864980762,2.4268634748806432,1.199067688382567,1.669475013695809,1.669475013695809
8.67694,-0.8506520585322156,-0.9596617191443878,-0.10900966061217221,-1.6689567924627122,1.6689567924627122
7.59895,-0.6983057916170599,-0.09262584060927752,0.6056799510077824,1.6672263929010052,1.6672263929010052
6.15096,0.5612929272676564,1.1704245802279907,0.6091316529603342,1.6666419767407976,1.6666419767407976
5.82196,-0.05041026183855934,0.2717569165589801,0.32216717839753944,1.6625025427851623,1.6625025427851623
5.60796,1.34335986573562,0.7189712143034432,-0.6243886514321768,-1.6622263675633795,1.6622263675633795
8.98393,-0.8488003244529623,-1.0710205216467072,-0.22222019719374497,-1.6617360181808123,1.6617360181808123
7.77594,-0.6587352392827268,0.3594428872774653,1.0181781265601921,1.6609411696484317,1.6609411696484317
6.94395,-0.13889428412790328,-0.4022018667724128,-0.26330758264450954,-1.6585853987212416,1.6585853987212416
7.08995,-0.3581925680956448,0.23028560771412843,0.5884781758097732,1.6584386105121371,1.6584386105121371
7.76294,-0.7513508287143262,0.403653987511791,1.1550048162261173,1.6575669136756261,1.6575669136756261
6.57395,0.2296767395380661,-0.129438487484779,-0.35911522702284515,-1.657202445925658,1.657202445925658
5.81796,-0.11361090690158006,0.26962146801856784,0.3832323749201479,1.657168657951574,1.657168657951574
6.90695,-0.1550531665762514,-0.4190217070656579,-0.2639685404894065,-1.6567294674214645,1.6567294674214645
5.85496,0.2194882972879343,0.42244834556237176,0.20296004827443748,1.656651001182282,1.656651001182282
8.87594,-0.8922756333335271,-1.055711145622372,-0.1634355122888449,-1.6565904250443524,1.6565904250443524
6.81095,-0.1879436281925979,-0.45264359185877723,-0.2646999636661793,-1.6560647307107383,1.6560647307107383
5.81196,-0.09501672062651625,0.31176718550032895,0.40678390612684523,1.6560017095850927,1.6560017095850927
8.93694,-0.8830542505587313,-1.080902236774079,-0.19784798621534772,-1.6550590630079856,1.6550590630079856
7.21795,1.3600545295629156,0.561340989560472,-0.7987135400024437,-1.6511693981975202,1.6511693981975202
7.18895,1.2060300126524397,0.738754809495005,-0.46727520315743465,-1.6506416257961274,1.6506416257961274
6.80995,-0.1695897977368216,-0.4640728051559896,-0.294483007419168,-1.6497591478373361,1.6497591478373361
7.63894,-0.7171689128864296,-0.19778677882279422,0.5193821340636353,1.648878091804128,1.648878091804128
5.51596,1.3563503724592478,2.498440841734097,1.1420904692748493,1.6461965667595182,1.6461965667595182
7.59295,-0.6816997222481678,-0.10173187467077606,0.5799678475773917,1.6447740429007436,1.6447740429007436
5.76496,-0.35133887201541214,0.24850344549822984,0.599842317513642,1.644095029016959,1.644095029016959
6.72395,-0.11740984648150235,-0.31187335856344217,-0.19446351208193982,-1.6430184012550142,1.6430184012550142
6.24796,1.2925661415214926,2.431394090623705,1.1388279491022124,1.6411735975520823,1.6411735975520823
5.54396,3.2559887435680994,2.4202832305406856,-0.8357055130274138,-1.6386065692248017,1.6386065692248017
8.94194,-0.9236368118898688,-1.0354715499963325,-0.11183473810646372,-1.635366810719726,1.635366810719726
7.52095,-0.6152125393503087,-0.30792445579654176,0.30728808355376697,1.633977146391761,1.633977146391761
8.79994,-0.8269798997416682,-1.0346195066459696,-0.2076396069043014,-1.6315557645100591,1.6315557645100591
8.69694,-0.8617148562569357,-1.0097086441105947,-0.14799378785365902,-1.6313232725088487,1.6313232725088487
7.60795,-0.693706745268104,-0.08675823455634547,0.6069485107117586,1.6290602392133977,1.6290602392133977
7.60495,-0.6324575976469381,-0.1192668355788773,0.5131907620680608,1.628206557894241,1.628206557894241
6.81495,-0.2006497906740375,-0.3975638827789555,-0.196914092104918,-1.6261558649226324,1.6261558649226324
7.62095,-0.6738767999746815,-0.18371392135378226,0.49016287862089924,1.6250341582699006,1.6250341582699006
5.50896,0.9854596439751957,2.1501079129450096,1.1646482689698139,1.6227205110828442,1.6227205110828442
7.52695,-0.6396809352200042,-0.2434444379567188,0.39623649726328547,1.6223341974097234,1.6223341974097234
8.96293,-0.8802438367435624,-1.0883233608809062,-0.20807952413734376,-1.6207576052921318,1.6207576052921318
8.80494,-0.8434427201598304,-1.039287393399542,-0.19584467323971155,-1.6194103201853276,1.6194103201853276
6.27396,1.1970709026454593,2.400425729766939,1.2033548271214798,1.6178173758968628,1.6178173758968628
5.92596,0.4816157566407247,0.8945236010430199,0.41290784440229517,1.6177750724058604,1.6177750724058604
6.26396,1.2115786840474743,2.423926838344474,1.2123481542969998,1.6167375620442048,1.6167375620442048
7.19195,1.2752897472912093,0.7302575181108854,-0.5450322291803239,-1.6150277090185237,1.6150277090185237
5.92796,0.4052515890582411,0.8547222399292606,0.44947065087101945,1.613980861510175,1.613980861510175
7.76594,-0.6898150079392698,0.4002179198901573,1.090032927829427,1.6130073440933188,1.6130073440933188
6.32095,2.522390010370174,1.3614627828433385,-1.1609272275268356,-1.612093291302931,1.612093291302931
8.33794,-0.8062707127139324,-0.9872428652224295,-0.18097215250849719,-1.6119190588181929,1.6119190588181929
7.59095,-0.663061353020777,-0.049896790898156004,0.6131645621226209,1.6105474646528912,1.6105474646528912
7.21895,1.3357982036910185,0.5698125339392653,-0.7659856697517532,-1.610389927059992,1.610389927059992
8.57694,-0.8312119415902304,-0.9918558678469471,-0.16064392625671675,-1.6098003389182125,1.6098003389182125
5.51796,1.4402574521559648,2.5574727786085374,1.1172153264525726,1.6093612312609864,1.6093612312609864
6.82395,-0.1689683420710774,-0.425123777873485,-0.2561554358024076,-1.6093025978737363,1.6093025978737363
5.95896,0.17132898457684353,0.71526942599231,0.5439404414154665,1.6088057727642373,1.6088057727642373
6.26896,1.2073254429343374,2.406265224936796,1.1989397820024588,1.6077107370146537,1.6077107370146537
5.84696,0.04042686811465873,0.3496344606673145,0.3092075925526558,1.60656705662028,1.60656705662028
7.58995,-0.686526306067698,-0.05253540751407291,0.6339908985536251,1.6062618664142927,1.6062618664142927
8.86794,-0.8512756580876958,-1.0205902847175077,-0.1693146266298119,-1.6061774776956887,1.6061774776956887
7.62794,-0.673319502560216,-0.26646290517763027,0.4068565973825857,1.603589562910788,1.603589562910788
7.63494,-0.7374368895728154,-0.20473872337643914,0.5326981661963762,1.603017553530152,1.603017553530152
8.58094,-0.8220895078841404,-0.9874257431489555,-0.1653362352648151,-1.602140717940354,1.602140717940354
8.70094,-0.8376240909910433,-1.0405339768476778,-0.2029098858566345,-1.6018708074436931,1.6018708074436931
8.35594,-0.8433825787308347,-0.928717414332324,-0.08533483560148936,-1.5994884358129065,1.5994884358129065
8.80594,-0.859756891765104,-1.0324939223987382,-0.17273703063363421,-1.5993697932384785,1.5993697932384785
6.26296,1.2171959062400006,2.423001554815933,1.2058056485759323,1.5985424441448755,1.5985424441448755
6.94295,-0.16834092361760133,-0.40811476853675643,-0.2397738449191551,-1.5969761010696455,1.5969761010696455
7.77894,-0.630905150308478,0.40761933757338953,1.0385244878818676,1.5966379712083165,1.5966379712083165
8.87094,-0.8557996746997147,-1.101997880396833,-0.24619820569711837,-1.595062169655796,1.595062169655796
6.24396,1.1213307982836695,2.37068751830044,1.2493567200167706,1.5949539540545887,1.5949539540545887
5.83796,-0.03269526753053269,0.30211046059678903,0.33480572812732173,1.594906261586074,1.594906261586074
8.30994,-0.7618415908614735,-0.9216256766662952,-0.15978408580482173,-1.5939724358380023,1.5939724358380023
8.28894,-0.712654141529097,-0.8614950470918652,-0.1488409055627682,-1.5932660612621383,1.5932660612621383
6.69495,0.020102999943727662,-0.24885427550050618,-0.26895727544423387,-1.5929598145614945,1.5929598145614945
8.97093,-0.8462298282505727,-1.03870445727136,-0.19247462902078727,-1.5926643793873603,1.5926643793873603
8.32194,-0.8198519767947112,-0.9113970429617313,-0.09154506616702007,-1.5924858753274262,1.5924858753274262
7.60395,-0.6376881435287546,-0.127453238836685,0.5102349046920696,1.5909665915942308,1.5909665915942308
8.90194,-0.9057379155717674,-1.0851906697646492,-0.17945275419288176,-1.5903806494947406,1.5903806494947406
5.50496,0.7495385456580901,1.9038598204404853,1.1543212747823952,1.5901983540635314,1.5901983540635314
7.60695,-0.6326571180183883,-0.12266789316926863,0.5099892248491197,1.5850601566069527,1.5850601566069527
7.77994,-0.6252205373747775,0.4453683780016439,1.0705889153764214,1.5837617990132213,1.5837617990132213
8.35994,-0.8224823858596367,-0.9804929754119961,-0.15801058955235936,-1.5826831906292527,1.5826831906292527
5.50196,0.5996891997991384,1.7406208935350789,1.1409316937359404,1.5817203124107233,1.5817203124107233
6.93895,-0.11516589323185121,-0.3989111961163904,-0.2837453028845392,-1.5809368641776036,1.5809368641776036
6.51495,0.40762275996622105,0.06702391976277132,-0.3405988402034497,-1.580753791263011,1.580753791263011
7.20095,1.373745689450177,0.7312474223405082,-0.6424982671096687,-1.5800712391958536,1.5800712391958536
6.27296,1.2004931667856402,2.407638024449461,1.2071448576638208,1.5792343264809037,1.5792343264809037
7.78594,-0.773868289267118,0.5713711078715227,1.3452393971386407,1.5790770003340373,1.5790770003340373
8.31594,-0.8633329812608287,-0.981315997214821,-0.1179830159539923,-1.578507413713184,1.578507413713184
7.18295,1.0889571036993944,0.7588328107335867,-0.3301242929658077,-1.5769734602391765,1.5769734602391765
8.49494,-0.8941152547861161,-0.9584681569148302,-0.06435290212871414,-1.5761316209104093,1.5761316209104093
7.57995,-0.6273083317490471,0.07099730931133143,0.6983056410603785,1.5740114778505359,1.5740114778505359
7.65994,-0.791582109938517,-0.061875301004210126,0.7297068089343068,1.573325713490921,1.573325713490921
7.51695,-0.6622516031366792,-0.40414606967552624,0.25810553346115295,1.572505263014363,1.572505263014363
8.54894,-0.9072162799006779,-1.0617560758208004,-0.15453979592012257,-1.5719524401891762,1.5719524401891762
5.81396,-0.08607347073509408,0.29758414553481194,0.383657616269906,1.570447283740479,1.570447283740479
8.69794,-0.8838122967848173,-1.0503521751234988,-0.16653987833868145,-1.5695360633292306,1.5695360633292306
7.16395,0.5442816980152544,0.8816565665477153,0.3373748685324609,1.5686874118727496,1.5686874118727496
7.78094,-0.6452962085661815,0.44396275383264083,1.0892589623988225,1.5677984826247822,1.5677984826247822
7.78294,-0.6774203626725583,0.5246280616166025,1.2020484242891607,1.5654659428282156,1.5654659428282156
6.24596,1.2572011490756958,2.416271991601444,1.1590708425257483,1.5651556971469496,1.5651556971469496
8.97193,-0.8850944700719703,-1.0184177465913833,-0.133323276519413,-1.5634221919410705,1.5634221919410705
6.72095,-0.11835485110369197,-0.34634678010009307,-0.22799192899640108,-1.5623412002097845,1.5623412002097845
8.98293,-0.8383861049815825,-1.0434219276218974,-0.20503582264031495,-1.5614466558784457,1.5614466558784457
7.60295,-0.6711627133965803,-0.14227749118846386,0.5288852222081164,1.560613222315497,1.560613222315497
8.34294,-0.804165857795865,-0.9147968880664857,-0.11063103027062071,-1.559192471498835,1.559192471498835
7.86494,-0.5859630200537989,-0.47034499629096754,0.11561802376283131,1.5589198117833354,1.5589198117833354
5.51996,1.5875135872820967,2.6229354046606943,1.0354218173785976,1.556851540564514,1.556851540564514
5.89396,0.41605331637800674,0.9691747178342085,0.5531214014562018,1.5563992249392895,1.5563992249392895
8.45494,-0.7872042522580189,-0.8879197397310225,-0.10071548747300352,-1.5562426663268658,1.5562426663268658
7.09795,-0.23507660245958134,0.25665062116229237,0.4917272236218737,1.5552627484511201,1.5552627484511201
7.60595,-0.6459408855398643,-0.09507605365368418,0.5508648318861801,1.5542760107343374,1.5542760107343374
5.82296,-0.061686874442595324,0.282259973422029,0.34394684786462437,1.5540057501642852,1.5540057501642852
5.78596,-0.2920868359693046,0.21275010815474252,0.5048369441240471,1.553110873064944,1.553110873064944
6.94195,-0.1689735612704578,-0.4081747795287666,-0.23920121825830878,-1.5530535486889627,1.5530535486889627
5.96396,0.15006208029705603,0.6998526108210996,0.5497905305240436,1.5520183463497232,1.5520183463497232
7.75994,-0.7145112663632527,0.4306262818128777,1.1451375481761303,1.5515359780700433,1.5515359780700433
7.51995,-0.6385687941898748,-0.36623831103531984,0.27233048315455494,1.5500224364465853,1.5500224364465853
7.51095,-0.6281887848784895,-0.3713282521186449,0.2568605327598446,1.5497957789042394,1.5497957789042394
8.65994,-0.8663669259118885,-1.0175204256749815,-0.151153499763093,-1.5484814059802383,1.5484814059802383
6.27096,1.2208447824078825,2.4276463476567485,1.206801565248866,1.5483022576376257,1.5483022576376257
6.24496,1.1837479419320451,2.3840024783811784,1.2002545364491333,1.547317694022044,1.547317694022044
5.81896,-0.06163759090917842,0.24418166102874084,0.30581925193791926,1.5458414724915255,1.5458414724915255
5.83296,-0.11285916719564416,0.2747031793671518,0.3875623465627959,1.5458227068690464,1.5458227068690464
6.57295,0.2203563063282765,-0.1048364781718653,-0.3251927845001418,-1.5432812189852707,1.5432812189852707
8.67994,-0.8493208782902874,-1.0408365517783074,-0.19151567348802,-1.5432453020045587,1.5432453020045587
5.78996,-0.24541694359190566,0.24084222074868486,0.4862591643405905,1.5426371240315353,1.5426371240315353
6.69095,0.0204762614465121,-0.32839212847995325,-0.34886838992646535,-1.5422340686170388,1.5422340686170388
6.52595,0.46375002718756136,0.04955323473451427,-0.4141967924530471,-1.5405699751480089,1.5405699751480089
8.65894,-0.871941356729678,-1.0124046317981532,-0.14046327506847522,-1.5390985292302888,1.5390985292302888
7.51195,-0.6306891503060025,-0.38548106333152937,0.2452080869744731,1.538427199088305,1.538427199088305
7.76194,-0.7078775858807926,0.3941704781682817,1.1020480640490744,1.5363735945058712,1.5363735945058712
5.97096,0.21971578079369955,0.6352836406578535,0.4155678598641539,1.5362381152737397,1.5362381152737397
7.61595,-0.6514062867998656,-0.14824150756753632,0.5031647792323293,1.5343237396735225,1.5343237396735225
7.51895,-0.6404439149253015,-0.391812351034999,0.2486315638903025,1.534037892687207,1.534037892687207
5.92896,0.3513822173630201,0.8293413353564666,0.4779591179934465,1.5337641880100517,1.5337641880100517
7.08495,-0.3549587447996141,0.15504416646629318,0.5100029112659072,1.5319443722090156,1.5319443722090156
7.64694,-0.7177646456087281,-0.23356594889313922,0.4841986967155889,1.5317974210604335,1.5317974210604335
7.08595,-0.3678741237721337,0.16707929358396142,0.5349534173560951,1.5316365068980042,1.5316365068980042
7.62994,-0.6746817275865946,-0.16505923174772752,0.5096224958388671,1.5305728503027851,1.5305728503027851
6.26996,1.2081229610542352,2.4083463562570606,1.2002233952028254,1.5305570030951514,1.5305570030951514
8.75894,-0.8288586645651433,-1.0432346000242185,-0.21437593545907518,-1.5303024167463672,1.5303024167463672
7.76094,-0.7012513419629145,0.3981809982273844,1.0994323401902988,1.5292101767295136,1.5292101767295136
6.94095,-0.10594606406108423,-0.4011892165357637,-0.29524315247467947,-1.5290445982968164,1.5290445982968164
7.78494,-0.7458551710628855,0.5077497918811535,1.253604962944039,1.527605962798894,1.527605962798894
5.51896,1.5627847833753163,2.594867332996215,1.0320825496208985,1.5254962644591017,1.5254962644591017
5.91296,0.6704878750430766,0.9607144926509087,0.2902266176078321,1.5247491830493245,1.5247491830493245
5.95796,0.1680193752892275,0.6938648869116637,0.5258455116224362,1.5241019283477497,1.5241019283477497
5.80196,-0.20247863024469556,0.22553826199616012,0.4280168922408557,1.522478453227668,1.522478453227668
7.20395,1.3994150668910823,0.717572590119703,-0.6818424767713793,-1.521375680777717,1.521375680777717
5.80596,-0.1503427544424509,0.2859195563779023,0.43626231082035316,1.5212137807981074,1.5212137807981074
5.84296,0.015026787845144763,0.29081691655050596,0.2757901287053612,1.5208488948249888,1.5208488948249888
7.08695,-0.37984931993487403,0.1750302583426506,0.5548795782775247,1.518826213081661,1.518826213081661
8.55094,-0.8388532343887836,-0.9848180547154737,-0.14596482032669011,-1.5187915276003716,1.5187915276003716
7.30195,0.7253665135014866,0.3169657009131536,-0.408400812588333,-1.5180169074580403,1.5180169074580403
8.95294,-0.9137338125506278,-0.989270728532701,-0.07553691598207324,-1.5161570693854944,1.5161570693854944
7.52895,-0.6859110592118787,-0.25158133113429515,0.4343297280775835,1.5157926591588864,1.5157926591588864
8.74894,-0.9052038666797704,-1.0583025717202013,-0.15309870504043088,-1.5137128439965486,1.5137128439965486
7.18595,1.1532588367865795,0.8059346919984589,-0.34732414478812057,-1.5129248560089361,1.5129248560089361
5.80896,-0.13080716062013237,0.27448049871886315,0.4052876593389955,1.512041518893666,1.512041518893666
8.67894,-0.8300758706477644,-1.0083907934062455,-0.17831492275848104,-1.5104995869936084,1.5104995869936084
6.52495,0.47700922760865105,0.0609271059897013,-0.41608212161894975,-1.5096152231068771,1.5096152231068771
7.15395,0.33256066370274984,0.7967100710119066,0.46414940730915677,1.5090273024284864,1.5090273024284864
7.60895,-0.6879364555658818,-0.032211933510934244,0.6557245220549476,1.5083672269840644,1.5083672269840644
6.54095,0.4094181204765054,0.03240518807845564,-0.3770129323980497,-1.508064711689613,1.508064711689613
8.35894,-0.792818539348165,-0.9771987997382524,-0.18438026039008737,-1.5045923147210276,1.5045923147210276
8.48294,-0.8590449925812257,-0.9925334351165376,-0.1334884425353119,-1.504301603750372,1.504301603750372
8.63394,-0.8470123402568901,-0.9721716064125483,-0.1251592661556582,-1.502497933414725,1.502497933414725
6.71895,-0.14074222212463197,-0.30866730222502553,-0.16792508010039356,-1.5022738445914396,1.5022738445914396
5.79296,-0.282911350379382,0.15622348105766437,0.43913483143704635,1.5021699387846434,1.5021699387846434
7.61495,-0.685430509030247,-0.10517010156059517,0.5802604074696519,1.5018790348771933,1.5018790348771933
7.62894,-0.6540989912197832,-0.18493690693734655,0.46916208428243666,1.501034773143865,1.501034773143865
5.95696,0.1264098420014894,0.6995938609229475,0.5731840189214581,1.5007611962349532,1.5007611962349532
8.93594,-0.9445665382683732,-1.0629953976520121,-0.1184288593836389,-1.5004010572584197,1.5004010572584197
7.78694,-0.7651600364336199,0.5942679550141449,1.3594279914477647,1.5002814943548912,1.5002814943548912
6.94895,-0.16686705944378688,-0.41194226935980766,-0.24507520991602078,-1.5002491214983635,1.5002491214983635
5.54296,3.1996475706568024,2.489141263186692,-0.7105063074701103,-1.4986089788541475,1.4986089788541475
8.86694,-0.8443837902294593,-1.0304757585321596,-0.18609196830270025,-1.4964962093062248,1.4964962093062248
7.08895,-0.29307904726585376,0.21811226901900405,0.5111913162848578,1.4963251136525906,1.4963251136525906
6.70795,-0.052246633829803914,-0.2818309074495774,-0.2295842736197735,-1.4948048007456958,1.4948048007456958
5.84796,0.08557512330373786,0.3691708357256627,0.2835957124219249,1.492907978849169,1.492907978849169
5.60896,1.2829056228537068,0.7291126475332723,-0.5537929753204345,-1.490450751042024,1.490450751042024
6.81395,-0.21456755827186946,-0.37940819275976084,-0.16484063448789138,-1.4887253554073698,1.4887253554073698
8.46294,-0.8421358144997,-0.9588047476498824,-0.11666893315018245,-1.4882156921981775,1.4882156921981775
8.76094,-0.8793623899425795,-1.0330627584255843,-0.15370036848300472,-1.4881895019201383,1.4881895019201383
5.84196,0.002937096961629977,0.3196235529182826,0.3166864559566526,1.4872056191407474,1.4872056191407474
7.50995,-0.6464267398049751,-0.40836862589429046,0.23805811391068465,1.4856990402195203,1.4856990402195203
7.61695,-0.6277497884203067,-0.12982049018255787,0.49792929823774884,1.4855501030123275,1.4855501030123275
7.63294,-0.6836037982369324,-0.1741671077436384,0.509436690493294,1.4851191146714438,1.4851191146714438
7.75794,-0.7138376713165862,0.38005666501241214,1.0938943363289984,1.4842459828404697,1.4842459828404697
5.81296,-0.07270996518389511,0.322408054067527,0.3951180192514221,1.4832208911096978,1.4832208911096978
8.56794,-0.8587174539956226,-0.9923885377723102,-0.13367108377668757,-1.4830815705935965,1.4830815705935965
6.31995,2.48481129748828,1.3710693339076976,-1.1137419635805823,-1.4826902371956685,1.4826902371956685
8.65294,-0.8608633923925876,-1.0195966409452286,-0.15873324855264104,-1.4818826593623422,1.4818826593623422
8.87894,-0.8988019578836595,-1.0340317410354245,-0.13522978315176504,-1.4750783082643877,1.4750783082643877
7.61395,-0.6842271205033637,-0.08921708432293839,0.5950100361804253,1.4745497694762046,1.4745497694762046
8.47594,-0.8184984414636183,-0.9685948201922595,-0.15009637872864123,-1.4728733080919736,1.4728733080919736
6.27496,1.2355056657717074,2.3856793522870174,1.15017368651531,1.4688626845958777,1.4688626845958777
5.78096,-0.30090799299127646,0.1989501126383844,0.4998581056296609,1.4687469387815446,1.4687469387815446
6.93995,-0.1171522822609668,-0.3884767709819349,-0.2713244887209681,-1.4671249996325468,1.4671249996325468
8.55994,-0.8541697884135947,-1.0344295703148032,-0.1802597819012085,-1.46382924575653,1.46382924575653
7.65494,-0.8030238572943481,-0.22115356443101172,0.5818702928633364,1.463500125914773,1.463500125914773
7.52995,-0.6590203653862492,-0.2399238136383876,0.4190965517478616,1.4621154598198078,1.4621154598198078
8.80694,-0.8805093218562636,-1.0126985922332852,-0.13218927037702155,-1.4605223893209636,1.4605223893209636
7.75894,-0.7292111769409941,0.3793957371368068,1.108606914077801,1.4603093844458197,1.4603093844458197
7.78794,-0.7798568592339428,0.5962934419111969,1.3761503011451397,1.4598072363153651,1.4598072363153651
6.25096,1.318436657021131,2.403241010210111,1.08480435318898,1.4595696386660175,1.4595696386660175
7.64194,-0.6670363271477432,-0.19862762982093507,0.4684086973268081,1.459298630435674,1.459298630435674
8.92394,-0.9285208766050184,-1.0870329859556682,-0.15851210935064985,-1.4592062974862707,1.4592062974862707
5.81096,-0.12862981365209233,0.24422370638410534,0.37285352003619765,1.458604641476008,1.458604641476008
7.75694,-0.7043238439426278,0.3784853182971782,1.082809162239806,1.4568570305086155,1.4568570305086155
5.77996,-0.2781268826700415,0.20720952592551373,0.4853364085955552,1.456703612118794,1.456703612118794
5.78696,-0.29222939427471056,0.18790770628355274,0.4801371005582633,1.456604935738561,1.456604935738561
7.61795,-0.6170587299954153,-0.12542437528036135,0.491634354715054,1.4561780598035705,1.4561780598035705
8.67394,-0.8871493603300054,-0.991268244561013,-0.10411888423100768,-1.454995189920543,1.454995189920543
8.29094,-0.7235209909597178,-0.8532168997287,-0.12969590876898218,-1.4545397908469397,1.4545397908469397
5.76696,-0.24784684583718783,0.2797502552402143,0.5275971010774021,1.45403788710058,1.45403788710058
8.74694,-0.8830728225162625,-0.9759885109242697,-0.09291568840800724,-1.449398025691587,1.449398025691587
6.94995,-0.20122879240528463,-0.43864806714428817,-0.23741927473900354,-1.4492434422535438,1.4492434422535438
6.26196,1.3103928959368396,2.440313758930153,1.1299208629933135,1.4490462501083814,1.4490462501083814
8.96194,-0.9288333714956142,-1.067133638944029,-0.13830026744841473,-1.4489637396914306,1.4489637396914306
8.94794,-0.8750017395974392,-0.983473568833583,-0.10847182923614374,-1.4484834062596181,1.4484834062596181
7.78194,-0.6497372666492924,0.4497850067089905,1.099522273358283,1.4469417565922928,1.4469417565922928
7.75594,-0.6963435669555239,0.3815294589936556,1.0778730259491796,1.44547030032892,1.44547030032892
7.20995,1.3071197040486138,0.6144912804939644,-0.6926284235546494,-1.4453208274322693,1.4453208274322693
8.86594,-0.8188658149897521,-1.073195254931106,-0.2543294399413538,-1.4450242960662465,1.4450242960662465
8.91294,-0.8022107285763171,-1.0650087486941346,-0.2627980201178175,-1.443296977348696,1.443296977348696
8.63994,-0.8578264686322612,-1.008927055063409,-0.15110058643114788,-1.4429067230742825,1.4429067230742825
8.52694,-0.8441233532484782,-1.0431776924306593,-0.19905433918218107,-1.437849765768094,1.437849765768094
7.08295,-0.3579016226327966,0.09904400996768635,0.456945632600483,1.437279934913982,1.437279934913982
8.91394,-0.8665381034427422,-1.0708855928782992,-0.20434748943555703,-1.4360780751234727,1.4360780751234727
7.66094,-0.771801011171786,-0.06050190302235022,0.7112991081494358,1.4341200155629283,1.4341200155629283
5.76796,-0.2619471942457077,0.26457769360774364,0.5265248878534514,1.4334623704108078,1.4334623704108078
7.08795,-0.29625260301604506,0.18417975311996798,0.48043235613601304,1.4332206113348194,1.4332206113348194
7.78894,-0.7613848949262253,0.5969408515226259,1.3583257464488512,1.4327264260225259,1.4327264260225259
7.43895,-0.6510312035805446,-0.45268881511608294,0.19834238846446162,1.4325628062009792,1.4325628062009792
7.57595,-0.6164369974252792,0.07063845966747416,0.6870754570927534,1.4325574677137953,1.4325574677137953
6.27196,1.2136781167954966,2.3864404199927303,1.1727623031972336,1.4318750618871132,1.4318750618871132
7.86394,-0.5952247028813296,-0.4434167605755505,0.15180794230577904,1.4312407785319818,1.4312407785319818
6.24896,1.3321692844275295,2.3678447331802457,1.0356754487527162,1.4312317832959427,1.4312317832959427
7.78994,-0.6928275138722986,0.6261473306207349,1.3189748444930336,1.4308745887945782,1.4308745887945782
6.52295,0.40988462236198375,0.0779406994022154,-0.3319439229597684,-1.4294144122276475,1.4294144122276475
7.31695,0.6233507648845314,0.331652577431881,-0.29169818745265047,-1.4282040075579783,1.4282040075579783
8.74994,-0.9099980301406413,-1.05030198561726,-0.14030395547661867,-1.4269229847917073,1.4269229847917073
5.84996,0.13996279431950867,0.38633969044354793,0.24637689612403926,1.4265804899147871,1.4265804899147871
7.80894,-0.40760097870877693,0.030902306325062117,0.43850328503383906,1.4262583494122332,1.4262583494122332
8.44894,-0.7704337757232047,-0.8536497237678942,-0.08321594804468946,-1.4253858658658125,1.4253858658658125
7.15895,0.4292082424370539,0.8504927170377484,0.4212844746006945,1.4235787593100406,1.4235787593100406
7.81094,-0.45046422545317333,0.007221372775441104,0.45768559822861443,1.423550823110778,1.423550823110778
7.64794,-0.6972461729624562,-0.21694327054914006,0.4803029024133161,1.423460078157498,1.423460078157498
5.77296,-0.28918697071223926,0.2153682961936271,0.5045552669058664,1.423190597125565,1.423190597125565
7.60995,-0.670951287880917,-0.05874717800179169,0.6122041098791253,1.4223203205604453,1.4223203205604453
7.18095,1.0510053497820642,0.7860825421647206,-0.26492280761734355,-1.4217391872663165,1.4217391872663165
8.32294,-0.8047135731868993,-0.9590533313810925,-0.1543397581941932,-1.4203391630440736,1.4203391630440736
6.70195,-0.015388541850379356,-0.21106116212436926,-0.1956726202739899,-1.419685752381567,1.419685752381567
8.78894,-0.8705827679608124,-0.9731019488416833,-0.10251918088087097,-1.419663807156609,1.419663807156609
7.78394,-0.6536881918397751,0.5000891521249042,1.1537773439646792,1.4194123608862772,1.4194123608862772
6.71395,-0.07814415128527649,-0.3996738714263833,-0.3215297201411068,-1.4187657272351486,1.4187657272351486
6.25196,1.3369572442433721,2.3939123420221837,1.0569550977788116,1.4185602617673356,1.4185602617673356
6.79795,-0.20459654746426442,-0.3677985482650596,-0.16320200080079517,-1.4178803462297054,1.4178803462297054
8.51694,-0.8760145142151583,-0.9940255412677955,-0.11801102705263722,-1.4160404333768433,1.4160404333768433
6.25296,1.3834754803242144,2.4208688753351875,1.037393395010973,1.414045789588915,1.414045789588915
7.57695,-0.597684918834321,0.06745201679961095,0.665136935633932,1.4128175489112549,1.4128175489112549
6.54795,0.34332298625676694,-0.017353773540604706,-0.3606767597973716,-1.4125530574502672,1.4125530574502672
7.50395,-0.6760219350790144,-0.3843917116933683,0.29163022338564615,1.4121163015507885,1.4121163015507885
7.17995,1.06198400416981,0.7935880815070042,-0.2683959226628059,-1.411975724513237,1.411975724513237
7.57795,-0.6042474215177841,0.06427120158735009,0.6685186231051342,1.410849782423112,1.410849782423112
5.80396,-0.18721266576958942,0.2106473105805829,0.39785997635017234,1.4093476735882158,1.4093476735882158
5.96596,0.17817990299005587,0.6642071396744065,0.4860272366843506,1.4087070384794735,1.4087070384794735
7.65894,-0.724158435369125,-0.09494906107458734,0.6292093742945377,1.4083788565808495,1.4083788565808495
6.26096,1.358693676054084,2.4102661737959292,1.0515724977418452,1.40611488132361,1.40611488132361
8.68894,-0.8639610154866897,-1.0597254136636622,-0.19576439817697255,-1.4052878607302375,1.4052878607302375
6.95095,-0.2220170159589797,-0.4326015133523846,-0.2105844973934049,-1.4052364240334743,1.4052364240334743
7.57895,-0.6090517645435125,0.04685859264208371,0.6559103571855962,1.4050986629804614,1.4050986629804614
6.31895,2.427944769038886,1.4387203131434503,-0.9892244558954357,-1.4042270540949435,1.4042270540949435
6.25696,1.3547384273494072,2.396440478762003,1.0417020514125959,1.4036481092616198,1.4036481092616198
5.60996,1.2211512971941305,0.7168318121113899,-0.5043194850827406,-1.403539628141103,1.403539628141103
7.46995,-0.710954680047132,-0.31725349297173316,0.39370118707539886,1.4029206810655497,1.4029206810655497
6.80495,-0.23110224861952433,-0.3906319709051192,-0.15952972228559487,-1.402047371549506,1.402047371549506
6.80695,-0.21288331852307316,-0.45788076264784205,-0.2449974441247689,-1.400310345473059,1.400310345473059
7.66294,-0.7525583685539222,-0.08125659828190517,0.6713017702720171,1.4000181024790268,1.4000181024790268
7.64294,-0.6794303597951745,-0.2629238508556341,0.41650650893954044,1.4000131535810338,1.4000131535810338
6.80895,-0.19801778622454444,-0.4516016892774233,-0.2535839030528788,-1.3999782537950167,1.3999782537950167
7.20295,1.3936601239523574,0.7636319777371793,-0.6300281462151781,-1.3988311046382929,1.3988311046382929
7.26695,0.5140867065762563,0.1336485777514384,-0.3804381288248179,-1.3988083461626017,1.3988083461626017
7.52295,-0.5883512841626836,-0.3198643389164902,0.2684869452461934,1.3985010005068912,1.3985010005068912
7.27195,0.4868085667385244,0.10453484934180247,-0.38227371739672195,-1.3982204698908227,1.3982204698908227
7.75494,-0.6880229170022879,0.3529519603536171,1.040974877355905,1.3971104036470674,1.3971104036470674
5.79396,-0.2788009824797692,0.14396166192732177,0.422762644407091,1.3969042646196637,1.3969042646196637
7.61095,-0.64586563588213,-0.0646773859953212,0.5811882498868087,1.3967137470878472,1.3967137470878472
5.79896,-0.21692941665895973,0.1979968536902033,0.4149262703491631,1.396700821362949,1.396700821362949
7.64394,-0.7191492491461116,-0.3299068399901014,0.38924240915601016,1.3963216479923384,1.3963216479923384
5.76396,-0.31174762662714717,0.2009874580040966,0.5127350846312437,1.3947630096081585,1.3947630096081585
5.80096,-0.19934904526630542,0.2122683419262835,0.4116173871925889,1.391119170191964,1.391119170191964
7.66194,-0.7258874106328597,-0.08124920524623883,0.6446382053866209,1.3905097581736043,1.3905097581736043
6.54395,0.3012219288953953,-0.040469450324940974,-0.34169137922033627,-1.3890730834257343,1.3890730834257343
7.18795,1.1852045754059994,0.7961981048759005,-0.38900647053009896,-1.3890603061620155,1.3890603061620155
7.52195,-0.574600862532207,-0.2826516199728891,0.29194924255931787,1.3873097050445233,1.3873097050445233
7.07495,-0.4153215973526546,0.0580285973270971,0.4733501946797517,1.3862748214076674,1.3862748214076674
7.52395,-0.5809022255893445,-0.308365865718245,0.2725363598710995,1.383162679402681,1.383162679402681
5.52496,1.9259602845870727,2.770571042008158,0.8446107574210855,1.3830457081077934,1.3830457081077934
5.85096,0.19081100224058625,0.416553864059508,0.22574286181892175,1.3819642609794618,1.3819642609794618
8.33494,-0.8106949142701612,-0.9972779938748728,-0.18658307960471165,-1.380731585673128,1.380731585673128
8.63594,-0.8252162982548421,-0.946369005129667,-0.12115270687482493,-1.3799739701639715,1.3799739701639715
6.14996,0.5703277801322407,1.1019374240610262,0.5316096439287855,1.3798949982728281,1.3798949982728281
7.20695,1.3773289639319524,0.6813564110740362,-0.6959725528579161,-1.3794740840428916,1.3794740840428916
8.36994,-0.7143106278228464,-0.8525070715338404,-0.13819644371099404,-1.379276108943642,1.379276108943642
6.95195,-0.23614990520403045,-0.3989037056705382,-0.16275380046650773,-1.378748683047813,1.378748683047813
7.26595,0.5331741620008515,0.1298186495587522,-0.40335551244209933,-1.3780973924375672,1.3780973924375672
6.69595,0.0074335337160307685,-0.25353810531335463,-0.2609716390293854,-1.3774154823743139,1.3774154823743139
8.57794,-0.8475042237244766,-1.0154883148256948,-0.16798409110121815,-1.375637089307718,1.375637089307718
8.52594,-0.8343391004525883,-0.9791082614807444,-0.14476916102815607,-1.375336761750493,1.375336761750493
8.20794,-0.8481794827071525,-0.6516507385157597,0.19652874419139277,1.3750876189887629,1.3750876189887629
7.61195,-0.6852343018971014,-0.0913609013905617,0.5938734005065397,1.3729293803490232,1.3729293803490232
8.49794,-0.8490507139513568,-0.9708443837504076,-0.12179366979905082,-1.3695011542719273,1.3695011542719273
7.63094,-0.6361831947151979,-0.14210443357296532,0.4940787611422326,1.3682947175755777,1.3682947175755777
7.52595,-0.5842177160029418,-0.24997602416763046,0.3342416918353114,1.3668503883959653,1.3668503883959653
8.40194,0.21963675261502186,-0.5459902987656625,-0.7656270513806844,-1.3659804775109834,1.3659804775109834
7.27395,0.4443991012020017,0.1252173778477182,-0.3191817233542835,-1.3654384302893807,1.3654384302893807
8.63494,-0.8291025599944112,-0.9546436626069575,-0.12554110261254636,-1.3645764554294177,1.3645764554294177
7.79094,-0.6429904468429504,0.6205771279892938,1.2635675748322441,1.3633936508482214,1.3633936508482214
5.54196,3.1979820617814907,2.5347450436252497,-0.663237018156241,-1.3624947024427219,1.3624947024427219
7.79294,-0.6369502407303456,0.5992164853153729,1.2361667260457185,1.3619136414658162,1.3619136414658162
8.42994,-0.7572501588899662,-0.9170866456314967,-0.1598364867415305,-1.3618294252836987,1.3618294252836987
5.80296,-0.1738685601903935,0.21696244340547508,0.3908310035958686,1.3616350109819133,1.3616350109819133
6.24996,1.3190539530883534,2.3508895861197012,1.0318356330313478,1.3605224746235147,1.3605224746235147
7.43795,-0.6067673837269387,-0.3867099163341073,0.22005746739283144,1.357839518779277,1.357839518779277
7.65394,-0.7786953664396907,-0.20672631936601887,0.5719690470736718,1.3562224078717946,1.3562224078717946
6.54295,0.32646275082244747,-0.008404647548268886,-0.33486739837071633,-1.3545781478001808,1.3545781478001808
7.83094,-0.5351677915642533,-0.25736974682650465,0.27779804473774866,1.3544069199313176,1.3544069199313176
6.25796,1.3880032948763001,2.4042270707124382,1.016223775836138,1.3540781749014237,1.3540781749014237
7.15695,0.41299668844073617,0.8285795003983544,0.4155828119576182,1.3529928486616467,1.3529928486616467
5.61696,1.030219813921807,0.5903049460522393,-0.4399148678695678,-1.3513034716376413,1.3513034716376413
8.91094,-0.9203226987971991,-1.0468398186452248,-0.12651711984802572,-1.3503753888350447,1.3503753888350447
5.84896,0.1309347031698197,0.3665898909887087,0.235655187818889,1.3499497847396893,1.3499497847396893
7.63594,-0.682193209605124,-0.21256822098926273,0.4696249886158612,1.3479588399459668,1.3479588399459668
7.52495,-0.577289465487051,-0.2721349938211341,0.30515447166591686,1.3479002846373482,1.3479002846373482
6.25396,1.402862556553296,2.393873436522292,0.9910108799689958,1.347771806644408,1.347771806644408
5.96996,0.2528781239887395,0.6426724058306093,0.38979428184186976,1.3476138301142266,1.3476138301142266
5.76596,-0.2639132193089377,0.23740974241623417,0.5013229617251719,1.3461821556853868,1.3461821556853868
5.77396,-0.2452541881746697,0.22818483255260857,0.4734390207272783,1.3446789373961132,1.3446789373961132
8.92194,-0.8895237677003692,-1.0780404975974573,-0.18851672989708812,-1.3438284642216844,1.3438284642216844
8.75194,-0.8619398819130738,-1.010486711891155,-0.1485468299780811,-1.3413655401416351,1.3413655401416351
7.65594,-0.7308831492573669,-0.16598408034913273,0.5648990689082342,1.33881850427427,1.33881850427427
6.55195,0.3382256393502743,0.015618464550754172,-0.3226071747995201,-1.3385169934660652,1.3385169934660652
8.63794,-0.8541584718419406,-0.9678258937600671,-0.11366742191812651,-1.3383299177073422,1.3383299177073422
7.27595,0.4474614791240663,0.12538510344793782,-0.32207637567612846,-1.3374149378876425,1.3374149378876425
7.50895,-0.623342438175557,-0.42077276970199706,0.20256966847355995,1.3371827248588342,1.3371827248588342
8.63294,-0.8514180773377953,-1.0179708861920727,-0.16655280885427737,-1.3366680879966613,1.3366680879966613
8.86094,-0.8124672801172985,-1.0420146257382494,-0.22954734562095092,-1.3364928155062903,1.3364928155062903
8.27294,-0.6100004397123957,-0.8376776578479025,-0.2276772181355068,-1.336018378845532,1.336018378845532
7.20895,1.2670222026992664,0.6367343378524162,-0.6302878648468502,-1.335182056185995,1.335182056185995
7.79894,-0.5362938792487735,0.33536558200637323,0.8716594612551467,1.3339388767701534,1.3339388767701534
8.43594,-0.8341524949916461,-0.9285199577597641,-0.09436746276811803,-1.3336800067779113,1.3336800067779113
6.52195,0.37543722323365447,0.07658227448989131,-0.29885494874376317,-1.3335442360941447,1.3335442360941447
5.52096,1.6582881602941077,2.6512850501297143,0.9929968898356065,1.3334150080857865,1.3334150080857865
7.80094,-0.5248780247013962,0.2157159018586552,0.7405939265600514,1.3332298260918458,1.3332298260918458
7.74994,-0.6956108352353496,0.37045386999860824,1.0660647052339578,1.3332211031574877,1.3332211031574877
6.71595,-0.10294276334963177,-0.34818581587760394,-0.24524305252797218,-1.3330491191682046,1.3330491191682046
7.49795,-0.7030628689846867,-0.33817081617353895,0.3648920528111478,1.3327627183685138,1.3327627183685138
7.85294,-0.6570130843780271,-0.3719124646932814,0.2851006196847457,1.3327019383949863,1.3327019383949863
5.77596,-0.2573301312526578,0.23144897861698088,0.4887791098696387,1.3326723361947834,1.3326723361947834
7.08195,-0.3488228012537954,0.09793420643834909,0.4467570076921445,1.3315650610092942,1.3315650610092942
5.82896,-0.021270657514443604,0.286176561107486,0.30744721862192964,1.329960124606611,1.329960124606611
8.49994,-0.8396371915574988,-0.9185155145162358,-0.07887832295873698,-1.3287112730313855,1.3287112730313855
5.76896,-0.2918419089304738,0.20004066605734658,0.4918825749878204,1.3286594854496936,1.3286594854496936
6.52695,0.4381069419901637,0.08335279258411367,-0.35475414940605005,-1.3282592554067867,1.3282592554067867
8.74794,-0.8992711622801783,-1.0020895066159594,-0.10281834433578108,-1.3269029257874856,1.3269029257874856
7.75094,-0.7044877567136314,0.3328324999906535,1.037320256704285,1.326576674926981,1.326576674926981
7.08095,-0.31979722503395547,0.11844699974905916,0.4382442247830146,1.3265700467059336,1.3265700467059336
8.69594,-0.8798801828071002,-1.054128172544219,-0.17424798973711886,-1.3263754648665196,1.3263754648665196
5.78196,-0.2621104709042684,0.19565885350213996,0.4577693244064084,1.3250888305353137,1.3250888305353137
8.27194,-0.5875719353618925,-0.8252423613384998,-0.23767042597660737,-1.3238292811744576,1.3238292811744576
7.80794,-0.414531262082751,0.07502682262159786,0.48955808470434886,1.322191747420996,1.322191747420996
8.91994,-0.9149667912266941,-1.0087397624421244,-0.09377297121543027,-1.3207578646088913,1.3207578646088913
6.80095,-0.24017979255040306,-0.444274060111184,-0.20409426756078092,-1.3206010509863788,1.3206010509863788
8.28694,-0.705109915176662,-0.8999684386317526,-0.19485852345509058,-1.3196964461052925,1.3196964461052925
5.52396,1.8358266899959816,2.6946481133730096,0.8588214233770279,1.3193185344399725,1.3193185344399725
7.84994,-0.6121249215391614,-0.38020763524103346,0.23191728629812797,1.3172462864381111,1.3172462864381111
5.52296,1.7349058020331198,2.659361480916556,0.9244556788834362,1.3168304259810735,1.3168304259810735
7.61995,-0.6526105354553178,-0.1734664025519983,0.4791441329033195,1.316504496745368,1.316504496745368
7.50295,-0.6518719901669237,-0.3622269692157711,0.2896450209511526,1.3162596681608014,1.3162596681608014
7.65094,-0.7085015874933647,-0.22916367019674075,0.4793379172966239,1.3157460156122232,1.3157460156122232
7.75394,-0.6742512500734639,0.3172057432703464,0.9914569933438102,1.3152563853508819,1.3152563853508819
5.79496,-0.2131539742506695,0.1776550876232305,0.3908090618739,1.3146940556194486,1.3146940556194486
6.27596,1.267687166130383,2.3194378934324975,1.0517507273021145,1.3146322874707306,1.3146322874707306
8.29794,-0.7988049735711646,-0.9086653443693871,-0.10986037079822242,-1.3145554204395495,1.3145554204395495
5.77496,-0.2318395228064052,0.24752548044994357,0.4793650032563488,1.3143857309952216,1.3143857309952216
6.31795,2.3882436398282314,1.5247469604158124,-0.863496679412419,-1.3129642059490494,1.3129642059490494
7.18695,1.1535481606252973,0.8209080929831877,-0.3326400676421096,-1.3104325102131846,1.3104325102131846
7.80994,-0.38950153210601607,-0.011385711912667906,0.37811582019334816,1.308545507326793,1.308545507326793
7.63794,-0.6671465969126872,-0.19105682669822674,0.4760897702144604,1.30831670084993,1.30831670084993
7.63194,-0.619746180950909,-0.15713512930668586,0.4626110516442232,1.307605254029581,1.307605254029581
8.92494,-0.9410179804387495,-1.0771736146705349,-0.13615563423178534,-1.3073517941584702,1.3073517941584702
5.52196,1.6571923498097725,2.6497568040179087,0.9925644542081362,1.307246422316957,1.307246422316957
5.61796,1.0268104345477629,0.5915437505088922,-0.4352666840388707,-1.3067727498725326,1.3067727498725326
5.82396,-0.056323390049866896,0.2547303468895656,0.3110537369394325,1.306552176598149,1.306552176598149
6.25996,1.3730391723022413,2.3941005866072276,1.0210614143049863,1.3046454730627002,1.3046454730627002
8.33394,-0.8128346067987267,-0.9943954216595261,-0.18156081486079945,-1.304577496368528,1.304577496368528
7.79794,-0.5492365678053637,0.3684878365919858,0.9177244043973495,1.3029469554419735,1.3029469554419735
5.92296,0.6332175205548609,0.9483072721873832,0.3150897516325223,1.3020996206835016,1.3020996206835016
7.18195,1.07525366547193,0.8009676381780925,-0.27428602729383755,-1.3019717500667316,1.3019717500667316
5.96496,0.1939594233345851,0.6654490261641891,0.471489602829604,1.2996680653063433,1.2996680653063433
7.79394,-0.5752830563810265,0.5621288283805475,1.137411884761574,1.2980593907914963,1.2980593907914963
8.75994,-0.8652945717205747,-1.0101523525633138,-0.14485778084273915,-1.2974043090842406,1.2974043090842406
8.94394,-0.9607576978944647,-1.0417214249325182,-0.08096372703805343,-1.294476112681661,1.294476112681661
7.79994,-0.5179662936340006,0.2615943585687724,0.7795606522027729,1.294407707644281,1.294407707644281
7.79194,-0.6380665510089716,0.5653017639115783,1.2033683149205499,1.2939716418762301,1.2939716418762301
8.98193,-0.8818090494133961,-1.0538720039288438,-0.17206295451544773,-1.293399157981508,1.293399157981508
7.50795,-0.5928574289043526,-0.4026201193919441,0.19023730951240847,1.2908400660719759,1.2908400660719759
7.79694,-0.5388019049307963,0.4115524472244094,0.9503543521552057,1.290773293321196,1.290773293321196
7.26795,0.4860977014729716,0.14952067769955144,-0.33657702377342014,-1.2899922562209152,1.2899922562209152
7.84794,-0.6660541473571147,-0.40667041192971504,0.2593837354273996,1.2896765099765781,1.2896765099765781
8.32894,-0.8738126417826912,-0.9290340282739857,-0.05522138649129449,-1.2889572675124252,1.2889572675124252
5.79696,-0.24485718252271482,0.17533322854522398,0.4201904110679388,1.287062751881792,1.287062751881792
7.43395,-0.6464459258991501,-0.4535174605173339,0.19292846538181618,1.2869983746544953,1.2869983746544953
7.81794,-0.4297334416879134,-0.14663670772041962,0.2830967339674938,1.2866467184872266,1.2866467184872266
6.79495,-0.22444709826865156,-0.4162225114687076,-0.19177541320005603,-1.285686400754351,1.285686400754351
8.51794,-0.8580241124504745,-0.9737924918634263,-0.11576837941295182,-1.2849923524901188,1.2849923524901188
8.44294,-0.8005951295302498,-0.9058750103030134,-0.10527988077276362,-1.284228064056444,1.284228064056444
6.25896,1.3692336559058038,2.41335977728642,1.0441261213806161,1.2809036906823956,1.2809036906823956
6.70295,-0.03956406429280415,-0.23071484901943795,-0.1911507847266338,-1.2806955619394125,1.2806955619394125
7.07995,-0.3192714578900991,0.11214753182258708,0.43141898971268616,1.2794779141402266,1.2794779141402266
5.76296,-0.3111904250442545,0.15846877106073293,0.4696591961049874,1.27827342467803,1.27827342467803
8.30894,-0.812972637559287,-0.944810465836707,-0.13183782827742008,-1.2769431874482624,1.2769431874482624
8.75594,-0.8899903170794115,-0.9909069606895453,-0.10091664361013386,-1.2760262946974308,1.2760262946974308
7.50695,-0.608139006885438,-0.3827161596705079,0.22542284721493006,1.273776094341529,1.273776094341529
6.55095,0.342237200536211,0.028497810254096072,-0.3137393902821149,-1.2733996147775406,1.2733996147775406
5.82096,-0.005343285751152088,0.2515678120647052,0.2569110978158573,1.2725133243161262,1.2725133243161262
8.62494,-0.8082651200440312,-0.9344039490648859,-0.12613882902085471,-1.272393709302657,1.272393709302657
7.57495,-0.6162479867294111,0.06893854423235644,0.6851865309617675,1.2718265550151806,1.2718265550151806
8.96094,-0.9306539574813758,-1.0733750871637493,-0.1427211296823735,-1.2717728862304887,1.2717728862304887
7.16195,0.46809459449708024,0.8177872760997708,0.3496926816026905,1.2717101222847644,1.2717101222847644
8.64194,-0.874809702832889,-0.9755199649771997,-0.10071026214431078,-1.271405417271558,1.271405417271558
6.25596,1.3824665006685999,2.3542455864200593,0.9717790857514594,1.2708883625325023,1.2708883625325023
7.80194,-0.4606938351879737,0.19045290155149402,0.6511467367394677,1.2700991416666882,1.2700991416666882
6.14796,0.6066172161275405,1.1187866603462884,0.5121694442187479,1.2693869176082475,1.2693869176082475
7.65694,-0.7169111847859911,-0.11789246259532722,0.5990187221906639,1.2683529457850158,1.2683529457850158
7.66394,-0.6989606852293111,-0.05478977709793122,0.6441709081313799,1.268261055757316,1.268261055757316
6.54695,0.2977897017094313,-0.02553750113829559,-0.3233272028477269,-1.2681653817387841,1.2681653817387841
8.46394,-0.8752481970852767,-0.9600269340658147,-0.08477873698053806,-1.2676445593270376,1.2676445593270376
7.74894,-0.6935435748927372,0.35981502914884916,1.0533586040415863,1.2667217460496523,1.2667217460496523
8.27394,-0.6603309596901874,-0.8493549093744512,-0.18902394968426384,-1.2658060177393125,1.2658060177393125
8.90294,-0.9499859197945592,-1.093430602671368,-0.1434446828768089,-1.2657056538573612,1.2657056538573612
7.61295,-0.670945514214327,-0.09233332917440439,0.5786121850399226,1.2654090595557714,1.2654090595557714
8.54994,-0.8919073298210218,-1.0416046881674719,-0.14969735834645004,-1.2654082649980034,1.2654082649980034
8.93794,-0.9177053039351002,-1.0913352406007302,-0.17362993666562998,-1.264528888316049,1.264528888316049
7.82594,-0.459408728354074,-0.21197276335046467,0.24743596500360932,1.263649363749789,1.263649363749789
7.52795,-0.6321016075679766,-0.2673774542722987,0.3647241532956779,1.2633754287499586,1.2633754287499586
6.70895,-0.06405297078192336,-0.3050517939579181,-0.24099882317599475,-1.2626347673942964,1.2626347673942964
5.92696,0.46530345402044193,0.8572064677813984,0.3919030137609565,1.2611600854213538,1.2611600854213538
7.27495,0.4536269197850946,0.14632386824417581,-0.3073030515409188,-1.2611352810069412,1.2611352810069412
7.31895,0.46567262792873443,0.26603914424630765,-0.19963348368242678,-1.2594156333591882,1.2594156333591882
5.96896,0.2655745914911175,0.6506298037372373,0.3850552122461198,1.2586652035991388,1.2586652035991388
8.62994,-0.8013196267880389,-0.9414383420086608,-0.14011871522062191,-1.2568386298605985,1.2568386298605985
7.61895,-0.6134887127917854,-0.12432702192229275,0.4891616908694927,1.2562532196125862,1.2562532196125862
6.31595,2.3091477219791763,1.45498013714818,-0.8541675848309962,-1.252306088205777,1.252306088205777
7.75194,-0.691561576474969,0.27289296980125727,0.9644545462762262,1.2520441093343464,1.2520441093343464
6.53495,0.3558182113373346,0.028990273160046837,-0.3268279381772878,-1.251842602239971,1.251842602239971
7.75294,-0.6793488742044043,0.2665917314207074,0.9459406056251116,1.2515721679646907,1.2515721679646907
8.22194,-0.8239967905602099,-0.5885596537204405,0.2354371368397694,1.2513341792600838,1.2513341792600838
7.63694,-0.6477644231359735,-0.21002242048498698,0.4377420026509865,1.250709230037061,1.250709230037061
7.57395,-0.6210296115398538,0.08940983479629486,0.7104394463361486,1.2502838189330008,1.2502838189330008
6.31695,2.343346377980013,1.5197296659285686,-0.8236167120514444,-1.2498283848678813,1.2498283848678813
6.53995,0.36456452133915074,0.06350321318227567,-0.30106130815687504,-1.248071912315918,1.248071912315918
8.64894,-0.8860992679281166,-1.0249491964167583,-0.13884992848864175,-1.2480673211411286,1.2480673211411286
7.82394,-0.4564153756895799,-0.18234728415047743,0.2740680915391025,1.2470924382989164,1.2470924382989164
5.73696,-0.23319379728763587,0.2197740988208685,0.4529678961085044,1.2444085536584666,1.2444085536584666
5.74896,-0.24769809500604817,0.21208839756059278,0.45978649256664095,1.241590076090466,1.241590076090466
5.79796,-0.20112783078151308,0.1714970928153452,0.3726249235968583,1.2402115542765804,1.2402115542765804
5.91996,0.7520047646659533,1.0403542389122689,0.2883494742463155,1.2398025526601006,1.2398025526601006
6.80795,-0.20236356315792758,-0.46531446169456236,-0.2629508985366348,-1.238954692105777,1.238954692105777
5.92196,0.7226194631586793,0.9962983439275457,0.2736788807688664,1.236917581132239,1.236917581132239
7.20795,1.2853838009488197,0.6741935706157464,-0.6111902303330733,-1.2355032755279844,1.2355032755279844
5.74096,-0.23545087896420602,0.23274542283480337,0.4681963017990094,1.2352964777547848,1.2352964777547848
7.81194,-0.4198630902598861,-0.014831119128825922,0.4050319711310602,1.2346383808643706,1.2346383808643706
7.82694,-0.44816020715470845,-0.20534109229863576,0.2428191148560727,1.2343283634156526,1.2343283634156526
7.49895,-0.6975935400073525,-0.3845814000074104,0.3130121399999421,1.233922455626674,1.233922455626674
6.14896,0.6057061330313795,1.0969528495709633,0.49124671653958374,1.2337033901599443,1.2337033901599443
6.80195,-0.2874874077850898,-0.42609539758145487,-0.13860798979636507,-1.233555397027325,1.233555397027325
6.54495,0.2652900685804462,-0.04272007896691251,-0.30801014754735867,-1.2320515225686632,1.2320515225686632
7.26495,0.5543917808530511,0.1612858327813317,-0.3931059480717194,-1.2319298725483616,1.2319298725483616
8.57994,-0.8548109447011948,-1.002988757354975,-0.14817781265378016,-1.2318602056044232,1.2318602056044232
7.15795,0.4333818951684097,0.8353038546657193,0.40192195949730963,1.230914602037743,1.230914602037743
6.54995,0.3447107293765174,0.01168107480333296,-0.33302965457318445,-1.2302787571763,1.2302787571763
8.69894,-0.8807784959246076,-1.0592218649146417,-0.1784433689900341,-1.2288626511426353,1.2288626511426353
6.31495,2.305027972387884,1.4317850380361639,-0.8732429343517201,-1.2286924783660031,1.2286924783660031
8.86494,-0.8523860878551093,-1.0418663486060875,-0.18948026075097824,-1.2285998593387673,1.2285998593387673
7.79594,-0.5372199019582138,0.44690849019268514,0.984128392150899,1.2285073812792022,1.2285073812792022
8.40294,0.0805544136358548,-0.5816730960842047,-0.6622275097200595,-1.2272078239620865,1.2272078239620865
6.06896,1.332794164073353,0.598802048053666,-0.733992116019687,-1.227134709313904,1.227134709313904
7.80294,-0.3987354891316303,0.1737494277270447,0.572484916858675,1.2256273230215073,1.2256273230215073
8.94094,-0.9027111929509843,-1.035700783876648,-0.13298959092566376,-1.2246330451436798,1.2246330451436798
6.06796,1.3200611617932472,0.5611355406883086,-0.7589256211049386,-1.223306854535696,1.223306854535696
7.82994,-0.5104909962501222,-0.221966529143099,0.2885244671070232,1.2232442361161924,1.2232442361161924
6.52795,0.4187793439874604,0.0648577858293511,-0.35392155815810933,-1.2222544155354864,1.2222544155354864
8.44494,-0.8088331439257938,-0.8963763318691685,-0.08754318794337479,-1.2222414875995915,1.2222414875995915
7.07595,-0.3845377826477241,0.05904441600083759,0.4435821986485617,1.2202305939033893,1.2202305939033893
8.53194,-0.8521111136942239,-0.9718838644501797,-0.11977275075595584,-1.220103708923254,1.220103708923254
6.14596,0.6029117709399711,1.1080027739542164,0.5050910030142454,1.219739493417967,1.219739493417967
5.52596,1.9600445148904329,2.745748781422848,0.7857042665324152,1.2196392006840444,1.2196392006840444
6.77395,-0.249218312358921,-0.4243576955851945,-0.17513938322627348,-1.2194887223676276,1.2194887223676276
5.78496,-0.23407796588393626,0.17489362167612899,0.40897158756006524,1.219378549150244,1.219378549150244
7.80694,-0.36685500992648334,0.10792524815676373,0.4747802580832471,1.2181722325570943,1.2181722325570943
8.28094,-0.7348248767245232,-0.8666095278073619,-0.13178465108283866,-1.2172760663434277,1.2172760663434277
5.75996,-0.25045541398606064,0.2160109041429678,0.46646631812902845,1.2164847750056946,1.2164847750056946
7.74794,-0.7165960698486628,0.36819292236827167,1.0847889922169345,1.2158416474501923,1.2158416474501923
7.53895,-0.6433338573521646,-0.17671842765047302,0.4666154297016916,1.2154239620852674,1.2154239620852674
6.25496,1.4086090505866342,2.342515425174196,0.9339063745875618,1.215161307000697,1.215161307000697
6.54895,0.33125723631154036,0.018425580357771427,-0.31283165595376894,-1.215118041714755,1.215118041714755
7.65194,-0.6749627952807011,-0.21293390976097332,0.4620288855197278,1.2126806323012629,1.2126806323012629
7.50495,-0.628652703320873,-0.3977409604496748,0.2309117428711982,1.211863122098236,1.211863122098236
6.71495,-0.1051185874059121,-0.3727061367471433,-0.2675875493412312,-1.2117397411518247,1.2117397411518247
8.27094,-0.6110390267994121,-0.812343456799825,-0.20130443000041287,-1.209890908637769,1.209890908637769
8.81294,-0.8683345587787241,-1.0406675001872583,-0.17233294140853417,-1.2094200877831631,1.2094200877831631
5.61896,0.9708602370261767,0.5459438209819082,-0.42491641604426855,-1.2092419379090964,1.2092419379090964
7.56995,-0.5988466723672798,0.1390278434300278,0.7378745157973077,1.2087705620557132,1.2087705620557132
7.44495,-0.64487289417659,-0.33553152850787743,0.30934136566871256,1.207605716853894,1.207605716853894
8.27894,-0.6817244903208671,-0.8808527610837948,-0.19912827076292772,-1.206612443782039,1.206612443782039
5.78796,-0.272249952770651,0.16041637623523133,0.4326663290058823,1.2064080515349223,1.2064080515349223
8.58394,-0.8421241859935675,-1.0248699523770433,-0.18274576638347573,-1.2051000350804366,1.2051000350804366
6.27696,1.3336673607280356,2.287075229213388,0.9534078684853524,1.2044876170373084,1.2044876170373084
8.31294,-0.8102663877406036,-0.9732278085294499,-0.16296142078884635,-1.2031892924687457,1.2031892924687457
5.77896,-0.21884662696800522,0.21046605205698324,0.4293126790249885,1.2031668436020067,1.2031668436020067
8.29694,-0.8257728029781093,-0.9563350565293192,-0.13056225355120987,-1.201334583570182,1.201334583570182
6.72595,-0.09770447052070848,-0.3233417903140929,-0.22563731979338442,-1.2007899447147872,1.2007899447147872
6.07096,1.322201435184502,0.608057124848015,-0.714144310336487,-1.200378925106934,1.200378925106934
8.64594,-0.8722453863233608,-0.9615017605450128,-0.089256374221652,-1.1998211294461019,1.1998211294461019
8.56094,-0.8847696209732587,-0.9923573810556362,-0.10758776008237747,-1.1995389668361192,1.1995389668361192
5.82996,-0.0069060213318423245,0.27725592771880375,0.28416194905064607,1.1990144342976017,1.1990144342976017
8.93394,-0.9249059990128032,-1.0479274506041887,-0.12302145159138544,-1.1961632712740415,1.1961632712740415
7.79494,-0.5148540847537171,0.498927362589587,1.013781447343304,1.1951927663443354,1.1951927663443354
8.83394,-0.8810940991444502,-1.011385257312821,-0.13029115816837078,-1.19362085212449,1.19362085212449
6.81995,-0.18130006829867834,-0.32886446863467483,-0.1475644003359965,-1.193496945374672,1.193496945374672
5.61596,1.0066208505100118,0.6026775403235177,-0.4039433101864941,-1.19344904573131,1.19344904573131
7.07295,-0.38665899271683046,0.02647646584238759,0.41313545855921807,1.1933647171229371,1.1933647171229371
5.83196,-0.06290574388130313,0.2479472608842632,0.3108530047655663,1.192450955494566,1.192450955494566
7.54095,-0.6550253090684732,-0.1430668142861325,0.5119584947823408,1.1922689662141963,1.1922689662141963
7.43695,-0.6259968145823942,-0.44936359334259535,0.17663322123979885,1.1921409140074348,1.1921409140074348
6.14696,0.5948560109881393,1.0930878165900315,0.4982318056018922,1.1921380684891385,1.1921380684891385
7.51795,-0.6507856802413942,-0.4236284220018396,0.22715725823955457,1.1914982852816232,1.1914982852816232
7.65294,-0.6982094154464336,-0.2104054498484764,0.48780396559795713,1.1907461955467968,1.1907461955467968
7.84494,-0.5925027429977705,-0.42040509509025814,0.17209764790751236,1.1897559274253167,1.1897559274253167
6.54195,0.3361408014488666,0.019171266519258268,-0.31696953492960833,-1.1878986833457537,1.1878986833457537
6.27896,1.338739030361182,2.258609034101831,0.9198700037406491,1.1871294565315675,1.1871294565315675
8.75094,-0.8961505962593522,-1.0740527245264868,-0.17790212826713458,-1.18512746911499,1.18512746911499
5.61396,1.0762307905832829,0.6746209172976397,-0.4016098732856431,-1.184658377768244,1.184658377768244
8.63894,-0.8714622405227266,-0.9529616662663295,-0.08149942574360292,-1.184367817727115,1.184367817727115
5.61496,1.0218584604404437,0.6258473834617442,-0.3960110769786995,-1.1832060406284304,1.1832060406284304
5.61096,1.1798855275631808,0.7107896108022725,-0.4690959167609082,-1.1830450276733748,1.1830450276733748
8.88494,-0.9483895241640158,-1.1040760185978622,-0.1556864944338464,-1.18172744092771,1.18172744092771
7.43195,-0.5754773493672218,-0.422742448537658,0.1527349008295638,1.1780949581032365,1.1780949581032365
7.85094,-0.5969035246112517,-0.35618112996914447,0.24072239464210726,1.1769399578372992,1.1769399578372992
6.57195,0.21826875969029036,-0.09043464695116617,-0.3087034066414565,-1.1758798633681442,1.1758798633681442
6.27796,1.3390082777673884,2.2496008538469106,0.9105925760795222,1.1741241268041427,1.1741241268041427
6.06996,1.3110696236912083,0.6010533396522586,-0.7100162840389497,-1.172104593367559,1.172104593367559
5.91196,0.6805914406312918,0.9588847900115471,0.2782933493802553,1.1717145312696728,1.1717145312696728
5.77696,-0.27857344136126366,0.1622104238538225,0.44078386521508617,1.1716789435304387,1.1716789435304387
7.74694,-0.732638671460244,0.33748954825086247,1.0701282197111064,1.170545326727166,1.170545326727166
7.81894,-0.44253620307485675,-0.14062131006042086,0.30191489301443586,1.1702515696952471,1.1702515696952471
8.21494,-0.8214054259646151,-0.6040624764523093,0.21734294951230582,1.1696324412076708,1.1696324412076708
8.37094,-0.7311360961460053,-0.8910987632987801,-0.15996266715277485,-1.1694863033422318,1.1694863033422318
7.07395,-0.38276972958234984,0.023968942583902534,0.40673867216625237,1.1693861690049876,1.1693861690049876
7.80394,-0.3478431277964727,0.18612866136096276,0.5339717891574355,1.1693351613001153,1.1693351613001153
7.64994,-0.6595103938773372,-0.1985924549612543,0.4609179389160829,1.1691860432392005,1.1691860432392005
7.66494,-0.6551900457390725,-0.04939228217221684,0.6057977635668557,1.1687524152557374,1.1687524152557374
7.07095,-0.3444794339653112,0.02742430746987538,0.3719037414351866,1.1683456431537729,1.1683456431537729
7.74394,-0.7211771941532639,0.48998156616197025,1.211158760315234,1.1674567833505876,1.1674567833505876
8.65794,-0.8872484883141836,-1.0080725539123006,-0.12082406559811698,-1.1673477352901975,1.1673477352901975
5.72496,-0.22426800718447232,0.1955689920212806,0.4198369992057529,1.1664393235190273,1.1664393235190273
7.86194,-0.5859708725077066,-0.4722566625959268,0.11371420991177983,1.1663347941339308,1.1663347941339308
5.77796,-0.25450044262956156,0.18110790073607003,0.4356083433656316,1.165426976438638,1.165426976438638
7.66794,-0.7216400083543579,0.0033265469680319815,0.72496655532239,1.1652859918670158,1.1652859918670158
5.79996,-0.164292934592338,0.1817352904556843,0.34602822504802233,1.1634788209286495,1.1634788209286495
5.54096,3.1594416469670135,2.545724395485259,-0.6137172514817544,-1.163196952244761,1.163196952244761
6.06696,1.2321368645027841,0.5284524052379983,-0.7036844592647858,-1.1628930945554525,1.1628930945554525
8.49694,-0.8980754061445313,-0.979585007815828,-0.08150960167129673,-1.1622328358368879,1.1622328358368879
8.20894,-0.814061401422824,-0.6657875168562081,0.14827388456661594,1.1620013353285292,1.1620013353285292
5.83096,-0.046252997265737866,0.23739673369460013,0.28364973096033796,1.1614755954631588,1.1614755954631588
6.05996,1.2033872735289468,0.5735139574035665,-0.6298733161253803,-1.1612599303425795,1.1612599303425795
5.77096,-0.2771410596439778,0.17296511893396355,0.45010617857794133,1.1598894406512061,1.1598894406512061
6.07296,1.294536225774341,0.5601979162435599,-0.734338309530781,-1.1597924074367585,1.1597924074367585
5.80996,-0.08165693558752694,0.23936724466969972,0.3210241802572267,1.1597779109971014,1.1597779109971014
8.59494,-0.7730250901079865,-1.0236491431870873,-0.25062405307910085,-1.1584115747043102,1.1584115747043102
7.72794,-0.7548753940091308,0.5622140348507506,1.3170894288598816,1.1582041558436944,1.1582041558436944
8.74394,-0.9087402985101168,-1.036871670860965,-0.12813137235084826,-1.1575568809921872,1.1575568809921872
6.79395,-0.22907164712702477,-0.42950837039623935,-0.20043672326921458,-1.1569642516240548,1.1569642516240548
7.57095,-0.5913068558995928,0.11141660005542035,0.7027234559550131,1.156945184927505,1.156945184927505
5.73996,-0.24191259799878598,0.20034435429986316,0.44225695229864914,1.156700792449337,1.156700792449337
7.82494,-0.46951057213254466,-0.24187336373248172,0.22763720840006293,1.1564618949773082,1.1564618949773082
7.56895,-0.5893543818284036,0.1461093602832875,0.7354637421116911,1.155400684540193,1.155400684540193
6.14196,0.5370775496588023,1.0703630036034155,0.5332854539446132,1.1552154169443436,1.1552154169443436
8.31094,-0.795079467854248,-0.9435907932971705,-0.14851132544292256,-1.154989664884878,1.154989664884878
8.47794,-0.8498779573457329,-1.0029622761922108,-0.15308431884647788,-1.1544588535086766,1.1544588535086766
8.42794,-0.7171266565565095,-0.9093007099966176,-0.19217405344010807,-1.1540672117237498,1.1540672117237498
6.76095,-0.1838823010141427,-0.45864463776131625,-0.27476233674717354,-1.1540204086431012,1.1540204086431012
6.05496,1.1147277496875314,0.5205761645393128,-0.5941515851482186,-1.1540150978355102,1.1540150978355102
7.53995,-0.6681294611479691,-0.16844381628624025,0.49968564486172884,1.153910179643288,1.153910179643288
7.80494,-0.33182828008813214,0.16784359055858694,0.4996718706467191,1.1527184958065029,1.1527184958065029
5.74796,-0.24682138597598646,0.16469150784858375,0.41151289382457024,1.152450023068984,1.152450023068984
8.78094,-0.8831466168585385,-1.0145835011254658,-0.13143688426692735,-1.152135535322501,1.152135535322501
5.61196,1.1240726991124375,0.6696181759009697,-0.45445452321146773,-1.1515106896955243,1.1515106896955243
8.64294,-0.8910210547531082,-0.9816917232002768,-0.09067066844716853,-1.1503681439185662,1.1503681439185662
6.06596,1.2165845449028185,0.5209750777060626,-0.695609467196756,-1.1499855178702396,1.1499855178702396
7.65794,-0.6736190373353916,-0.1080833049138596,0.565535732421532,1.14993087941984,1.14993087941984
8.36894,-0.7738847566784943,-0.8506530728687357,-0.07676831619024138,-1.1493053575418737,1.1493053575418737
5.72396,-0.2173343386285455,0.20523908190998524,0.42257342053853075,1.148834730507168,1.148834730507168
5.78896,-0.2387126640332595,0.16339085675443318,0.4021035207876927,1.1473853987139568,1.1473853987139568
8.01794,-0.5836489380093847,-0.7248644779468852,-0.14121553993750058,-1.147337141386849,1.147337141386849
6.06196,1.2356469356913027,0.5905797403501991,-0.6450671953411036,-1.1470448616020672,1.1470448616020672
8.47694,-0.8480573557559198,-0.9823023986940529,-0.1342450429381331,-1.1465761774695225,1.1465761774695225
8.66194,-0.9013503859338041,-0.9820742309305395,-0.08072384499673535,-1.1438365825518308,1.1438365825518308
6.07196,1.293452038727136,0.5914111751659938,-0.7020408635611421,-1.1428006879011956,1.1428006879011956
7.73094,-0.8084970864566994,0.6083517716724351,1.4168488581291345,1.1416071788565774,1.1416071788565774
7.74594,-0.7371182193161588,0.3739711782158238,1.1110893975319827,1.1413528773500803,1.1413528773500803
8.56194,-0.8928170078420873,-0.9962132140725807,-0.10339620623049339,-1.139976789036249,1.139976789036249
7.42495,-0.5660138720570594,-0.4287904337570533,0.13722343830000616,1.1399442680733571,1.1399442680733571
7.72694,-0.733047641916772,0.5008321225025951,1.233879764419367,1.1380561744490094,1.1380561744490094
5.74196,-0.2299166570594008,0.20600721385181373,0.43592387091121454,1.1376065226481298,1.1376065226481298
8.69394,-0.8992428611760912,-0.9736253925601154,-0.07438253138402418,-1.1373543748498611,1.1373543748498611
7.53495,-0.6122538733514749,-0.1690969692334314,0.4431569041180434,1.1370767284897612,1.1370767284897612
7.86094,-0.5826052963296632,-0.45026994384509206,0.13233535248457112,1.1364864941660464,1.1364864941660464
7.72894,-0.7936934402665308,0.5085532585296779,1.3022466987962087,1.136073936169535,1.136073936169535
6.06096,1.2107642126703875,0.5794102786982351,-0.6313539339721523,-1.1352574818406198,1.1352574818406198
6.14496,0.5718817188889809,1.070753833883305,0.49887211499432405,1.1349277639805682,1.1349277639805682
8.22294,-0.8402031385305961,-0.5574322105400756,0.2827709279905205,1.1348942894496372,1.1348942894496372
7.53095,-0.6110097757525661,-0.22615695103683167,0.38485282471573445,1.134663036025836,1.134663036025836
7.07195,-0.34842339959128094,-0.006008811157819589,0.34241458843346134,1.1331202370188158,1.1331202370188158
7.74294,-0.7158622456741155,0.5322328009593955,1.248095046633511,1.1327380905513595,1.1327380905513595
7.50595,-0.6099521698297998,-0.3895111012661279,0.2204410685636719,1.1312011549969498,1.1312011549969498
6.74695,-0.2517808130300125,-0.45954794937708654,-0.20776713634707406,-1.1306535232568233,1.1306535232568233
5.97296,0.2879345275130736,0.6409393797435514,0.35300485223047784,1.1304905084726684,1.1304905084726684
7.64894,-0.6640432830392824,-0.20719163268065038,0.456851650358632,1.129277550566697,1.129277550566697
7.74494,-0.7116756579296939,0.4234825029697367,1.1351581608994306,1.1283374751705297,1.1283374751705297
7.55795,-0.6208584334588583,0.040204067464460334,0.6610625009233186,1.1275464009422436,1.1275464009422436
5.92096,0.7588512127540921,1.0246153105362317,0.2657640977821396,1.1267370273101605,1.1267370273101605
5.97196,0.3037989778453967,0.6254916543611749,0.3216926765157782,1.1262966403320915,1.1262966403320915
7.26995,0.42631049535157595,0.11831224374998092,-0.307998251601595,-1.1262712262812486,1.1262712262812486
5.72996,-0.22806297463701253,0.2098517899031549,0.4379147645401674,1.1256057745909915,1.1256057745909915
6.70395,-0.038970569199761385,-0.220928542916718,-0.18195797371695663,-1.12539879061777,1.12539879061777
6.55295,0.24325110181978343,-0.11939871953423999,-0.3626498213540234,-1.1248604205764923,1.1248604205764923
7.07895,-0.30349165776869147,0.10918683058863705,0.4126784883573285,1.1245511963766575,1.1245511963766575
5.77196,-0.2362893866441584,0.18875558701688883,0.4250449736610472,1.1238113974112736,1.1238113974112736
7.85794,-0.6402754750830921,-0.4321952683123938,0.20808020677069833,1.123310926132517,1.123310926132517
6.31395,2.2373017079187187,1.4331626032095701,-0.8041391047091486,-1.1231184640082341,1.1231184640082341
7.42695,-0.6144684360358392,-0.462827764284954,0.15164067175088525,1.1230830772045142,1.1230830772045142
5.69896,-0.23929502667775088,0.155721292322085,0.3950163189998359,1.121226484154177,1.121226484154177
8.28494,-0.7635602617063908,-0.8747909208575508,-0.11123065915116004,-1.1208904145721998,1.1208904145721998
6.14296,0.5117618438075109,1.0293172374706263,0.5175553936631154,1.120007955216921,1.120007955216921
7.06695,-0.411089468716497,-0.02104978141507053,0.39003968730142646,1.119634834959519,1.119634834959519
7.72994,-0.7872751192411873,0.5739318592822908,1.3612069785234782,1.1191381707414392,1.1191381707414392
7.42595,-0.6112852175353285,-0.4689719727561881,0.14231324477914037,1.118212758811194,1.118212758811194
5.76996,-0.3068155739605488,0.1417174639327356,0.4485330378932844,1.1180906229150955,1.1180906229150955
6.71795,-0.1340028864339448,-0.29545748996146665,-0.16145460352752183,-1.1143550633720685,1.1143550633720685
8.73594,-0.8734716522161989,-0.9823310924535974,-0.10885944023739846,-1.1141228968068935,1.1141228968068935
6.07396,1.2972600561183412,0.6034617234724381,-0.6937983326459031,-1.11323812377568,1.11323812377568
7.74094,-0.8077659953717654,0.5975733473673686,1.405339342739134,1.1126542710457379,1.1126542710457379
7.44895,-0.7129214895579257,-0.36516839415393204,0.34775309540399363,1.1117871168350242,1.1117871168350242
5.74296,-0.2405429516489077,0.1696912436743173,0.410234195323225,1.1114681040155467,1.1114681040155467
7.56795,-0.5944609032544644,0.15241271271391504,0.7468736159683795,1.111244311485547,1.111244311485547
8.28794,-0.739827329991571,-0.8795284554274536,-0.13970112543588264,-1.1109086516462876,1.1109086516462876
6.06396,1.1760647740217784,0.5384317274205659,-0.6376330466012126,-1.110706613919647,1.110706613919647
7.71394,-0.8199435545655587,0.6512284115037007,1.4711719660692593,1.1094001975329784,1.1094001975329784
7.80594,-0.3528722050310622,0.08785310543193457,0.4407253104629968,1.1090448704508475,1.1090448704508475
8.58894,-0.8462171319778302,-1.0263123567887045,-0.18009522481087425,-1.1086082783825097,1.1086082783825097
7.55695,-0.6323288877126747,0.003532511462087757,0.6358613991747625,1.1081721970932856,1.1081721970932856
5.72696,-0.23585803674009548,0.17499943155854178,0.41085746829863723,1.1073216210440635,1.1073216210440635
7.68594,-0.7731610849224216,0.29258746828039095,1.0657485532028126,1.1068349127499326,1.1068349127499326
6.72495,-0.14347368273754763,-0.32020680602455875,-0.17673312328701113,-1.106598209909417,1.106598209909417
7.83494,-0.5122263689773384,-0.2853320241438154,0.226894344833523,1.1064550871349679,1.1064550871349679
7.66594,-0.670234669832432,-0.04000404408584587,0.6302306257465861,1.1062599050002264,1.1062599050002264
7.67094,-0.7399523483575075,0.20803689991855365,0.9479892482760611,1.1053473304810324,1.1053473304810324
7.73194,-0.7984816374643983,0.6399090931922862,1.4383907306566845,1.1037296575951523,1.1037296575951523
7.53795,-0.6321017734677001,-0.21963737519429433,0.4124643982734058,1.10370985138451,1.10370985138451
8.34994,-0.8591527532421206,-0.9401510461819929,-0.08099829293987226,-1.102995473813469,1.102995473813469
8.81194,-0.8483901989785945,-1.035146771854887,-0.18675657287629255,-1.1020056347080205,1.1020056347080205
6.95695,-0.1941808525833333,-0.3813914013507869,-0.1872105487674536,-1.1019875583370489,1.1019875583370489
7.85394,-0.630269057822572,-0.3996584130795719,0.23061064474300014,1.101907773215102,1.101907773215102
7.74194,-0.7520009287902814,0.551772561481011,1.3037734902712923,1.1015152497939669,1.1015152497939669
7.53295,-0.6658968546036855,-0.23811381965273334,0.42778303495095216,1.1005870927925614,1.1005870927925614
6.79595,-0.24593370785281007,-0.4066304757924156,-0.16069676793960555,-1.0994577023523922,1.0994577023523922
7.06995,-0.3732039020604458,0.021703029221274126,0.39490693128171994,1.0992899895411867,1.0992899895411867
8.87694,-0.9342342788528315,-1.046637871909039,-0.11240359305620751,-1.0987208372063249,1.0987208372063249
7.57195,-0.5592547808080606,0.08287476892157157,0.6421295497296321,1.096638387374921,1.096638387374921
5.74996,-0.2570386553075865,0.15651722699338005,0.41355588230096657,1.0957473951818477,1.0957473951818477
7.54195,-0.6554020956726867,-0.1369326521380337,0.518469443534653,1.09558620439844,1.09558620439844
7.66694,-0.6662252352872813,-0.0047038595390279025,0.6615213757482534,1.0950421312492047,1.0950421312492047
7.68494,-0.7709619388183551,0.31103581004301156,1.0819977488613666,1.0937545988968274,1.0937545988968274
5.75596,-0.19113033029065385,0.24735150843197756,0.4384818387226314,1.093438893591996,1.093438893591996
7.72594,-0.7257247019283184,0.47340166201123546,1.1991263639395537,1.0934242294010537,1.0934242294010537
8.95994,-0.9044444387744954,-1.059194802316315,-0.15475036354181948,-1.0933477092115824,1.0933477092115824
7.07695,-0.34250946176624186,0.03172458501238475,0.3742340467786266,1.0920613837760316,1.0920613837760316
5.73796,-0.23980217352275834,0.19287078057605309,0.43267295409881146,1.0915478213302479,1.0915478213302479
6.07596,1.3340251664345728,0.6635904307401698,-0.670434735694403,-1.08965123692011,1.08965123692011
6.04896,1.0520334304085492,0.5245960751654687,-0.5274373552430806,-1.0894431931584043,1.0894431931584043
8.48594,-0.8809198705862684,-0.9494538693808884,-0.06853399879461997,-1.0886995216678121,1.0886995216678121
8.59194,-0.8858258609305061,-1.085080606047088,-0.1992547451165818,-1.0884575298259238,1.0884575298259238
8.47494,-0.8863743506019044,-0.9479015914937919,-0.06152724089188755,-1.0875301688824557,1.0875301688824557
7.73694,-0.8105425402842511,0.6938712221951828,1.5044137624794338,1.0874429151488787,1.0874429151488787
8.70194,-0.8559078242015188,-1.0165135937204453,-0.16060576951892647,-1.0870572029068544,1.0870572029068544
7.68394,-0.7769510695300748,0.26946446736289187,1.0464155368929666,1.0870261859132209,1.0870261859132209
6.06296,1.1924191089574316,0.5892750161483112,-0.6031440928091204,-1.0865036915319792,1.0865036915319792
7.66894,-0.7048195145580334,0.0670538437517261,0.7718733583097594,1.0857520759463355,1.0857520759463355
5.72796,-0.204943715209705,0.20573483508117693,0.41067855029088196,1.0853085319493272,1.0853085319493272
5.76196,-0.2698116199654458,0.15325447704354403,0.4230660970089898,1.0847996984683028,1.0847996984683028
7.67194,-0.7371069254763375,0.2033734663982957,0.9404803918746332,1.0846257794538876,1.0846257794538876
8.80994,-0.8654338038194583,-0.9932533961083317,-0.1278195922888734,-1.0846174010243854,1.0846174010243854
7.73294,-0.7928403445731522,0.6549143423986191,1.4477546869717712,1.084507550542785,1.084507550542785
8.64094,-0.8517417370057219,-1.0030383659708977,-0.15129662896517582,-1.084503260846673,1.084503260846673
7.71294,-0.8085378511999681,0.6375069407980247,1.4460447919979929,1.0833822638616284,1.0833822638616284
8.21694,-0.7848115266668481,-0.5772046778203811,0.20760684884646696,1.082974344250377,1.082974344250377
7.06595,-0.41917938203955846,-0.027296633731055737,0.3918827483085027,1.082637993962482,1.082637993962482
8.21394,-0.8111526615174184,-0.6390831641881308,0.17206949732928756,1.0818062667411885,1.0818062667411885
7.73794,-0.7906514681844898,0.6974107766240815,1.4880622448085714,1.0814293391181542,1.0814293391181542
5.73896,-0.24862631192307771,0.1922973932393999,0.4409237051624776,1.0811840252490184,1.0811840252490184
7.27695,0.4617070417187409,0.15479282872875694,-0.30691421298998395,-1.080846095361559,1.080846095361559
7.81494,-0.3928226598926751,-0.12328962051822139,0.2695330393744537,1.0799135031743694,1.0799135031743694
7.85194,-0.6062912152459824,-0.3640955548138837,0.24219566043209867,1.078667722543006,1.078667722543006
8.21194,-0.7954277826097331,-0.6356508553546453,0.15977692725508785,1.0783435877231333,1.0783435877231333
8.40394,-0.06996188792837349,-0.5914682574538755,-0.521506369525502,-1.0779518376749673,1.0779518376749673
7.71994,-0.6927436565021194,0.46584748165779594,1.1585911381599154,1.077282523617002,1.077282523617002
6.06496,1.1980207714751738,0.5673975711998931,-0.6306232002752807,-1.0772540894698708,1.0772540894698708
7.72094,-0.7006963420451866,0.4733690469794759,1.1740653890246624,1.0763419905368725,1.0763419905368725
8.57894,-0.8696419370710302,-1.0548581135966615,-0.18521617652563127,-1.0755993984746175,1.0755993984746175
8.32494,-0.8652190228793832,-0.9441425642682659,-0.07892354138888269,-1.0750058574251868,1.0750058574251868
8.93494,-0.9635603433099887,-1.0305669048827844,-0.06700656157279561,-1.0747306364743647,1.0747306364743647
7.57295,-0.5573498740871392,0.07304516387432838,0.6303950379614676,1.0732977733702007,1.0732977733702007
6.73395,-0.21502094522843512,-0.3539318944789723,-0.13891094925053715,-1.0732684422475895,1.0732684422475895
7.69094,-0.8049671705438964,0.3387031600940107,1.143670330637907,1.073165745441171,1.073165745441171
7.89094,-0.48157905547076785,-0.03457304090288119,0.44700601456788663,1.072541093237639,1.072541093237639
5.72596,-0.22067307249884144,0.17416114775134103,0.39483422025018244,1.0718398933441469,1.0718398933441469
8.31894,-0.8330305803934712,-0.8986574816908924,-0.06562690129742121,-1.0705949191711537,1.0705949191711537
5.73096,-0.1978097218839996,0.2241210460443954,0.421930767928395,1.070092016648143,1.070092016648143
7.16895,0.6299258931155964,0.8416607473669282,0.21173485425133176,1.0697673937722891,1.0697673937722891
7.53595,-0.5884125836810806,-0.17557379137768775,0.4128387923033929,1.0695585351367702,1.0695585351367702
6.53395,0.3557928764987016,0.07737342900164602,-0.2784194474970556,-1.0678842573105882,1.0678842573105882
7.56395,-0.6184915485518891,0.11015564484826405,0.7286471934001532,1.0677724927613839,1.0677724927613839
7.72494,-0.6949092860272041,0.446019910980202,1.1409291970074062,1.0676541085353266,1.0676541085353266
7.73994,-0.7419682512586365,0.6438162219452402,1.3857844732038767,1.0674608195629764,1.0674608195629764
6.07496,1.3051473851264257,0.6480661127698818,-0.6570812723565439,-1.0668093294286873,1.0668093294286873
8.38194,-0.5039445001317053,-0.22459244677105897,0.2793520533606464,1.0664804707601563,1.0664804707601563
7.54595,-0.6584465080095574,-0.12551300565596837,0.532933502353589,1.0650357201408334,1.0650357201408334
7.68994,-0.745224735345924,0.3755923892770094,1.1208171246229335,1.0647465145311257,1.0647465145311257
8.21294,-0.8257538680743325,-0.661418382851089,0.16433548522324348,1.0641914517533413,1.0641914517533413
6.75995,-0.208293196025778,-0.4531032894036161,-0.2448100933778381,-1.0641314044881398,1.0641314044881398
6.04796,1.041342933213427,0.5379743555736595,-0.5033685776397675,-1.0625040758960846,1.0625040758960846
7.68294,-0.7407586342552546,0.2766095727126194,1.017368206967874,1.0623112389755338,1.0623112389755338
8.86994,-0.9067514013358626,-1.1024483416676156,-0.195696940331753,-1.0613953656705546,1.0613953656705546
5.75096,-0.21768627291325038,0.17794108311740814,0.3956273560306585,1.0607271358681059,1.0607271358681059
8.20694,-0.8292818141654145,-0.6862735283202577,0.1430082858451568,1.0604945444079736,1.0604945444079736
5.74396,-0.2178623446390829,0.18879417441194285,0.40665651905102573,1.0602967616284513,1.0602967616284513
7.68694,-0.7493880361682073,0.24567282760207768,0.9950608637702849,1.0600729756298797,1.0600729756298797
8.35494,-0.8445321397108618,-0.9254748092848306,-0.08094266957396878,-1.059848163989416,1.059848163989416
8.43094,-0.7379958644976066,-0.8915159694882382,-0.15352010499063162,-1.0588336487566934,1.0588336487566934
8.34894,-0.8542468180772245,-0.9218929256578531,-0.06764610758062861,-1.0559432458047262,1.0559432458047262
7.69194,-0.775148994480263,0.4229976966578817,1.1981466911381446,1.0548584114423303,1.0548584114423303
7.89694,-0.4541052357659213,0.17793185250862412,0.6320370882745454,1.0548335350688949,1.0548335350688949
7.71494,-0.7587958355371611,0.670447921120389,1.42924375665755,1.0545598513354424,1.0545598513354424
6.05596,1.0818567496698686,0.5182475941779112,-0.5636091554919573,-1.054485346620973,1.054485346620973
6.79695,-0.23574983023218837,-0.37293856117497226,-0.1371887309427839,-1.0530816303341013,1.0530816303341013
6.05396,1.0933675793470958,0.5596481611474393,-0.5337194181996565,-1.0524395431668425,1.0524395431668425
7.49695,-0.6544724893848302,-0.3460523283601029,0.30842016102472725,1.0513211289594422,1.0513211289594422
7.53395,-0.6322346946491835,-0.20125481497616463,0.4309798796730189,1.0507465273548944,1.0507465273548944
8.20394,-0.8191973294869892,-0.6843080092593474,0.13488932022764177,1.0500444896289827,1.0500444896289827
7.88994,-0.448756504682129,-0.043718368173903684,0.40503813650822534,1.047993633632407,1.047993633632407
6.56995,0.2350682652341288,-0.03467254485678974,-0.26974081009091855,-1.0471597526733056,1.0471597526733056
7.55895,-0.6023684445568627,0.03574442552465652,0.6381128700815192,1.0465507642270944,1.0465507642270944
8.50794,-0.8509685088330843,-0.9271915462482134,-0.07622303741512915,-1.0464337521802125,1.0464337521802125
8.69994,-0.8598141658472982,-1.0163338131676403,-0.15651964732034207,-1.0461273295813163,1.0461273295813163
5.70396,-0.26674403250916046,0.10177443670994903,0.36851846921910947,1.0459603412725103,1.0459603412725103
5.75896,-0.2375655394209645,0.18745683767173138,0.42502237709269586,1.0458676721694986,1.0458676721694986
8.63694,-0.8339984962370308,-0.9284036181259288,-0.09440512188889794,-1.045705315236944,1.045705315236944
6.53095,0.3902147389691907,0.10973666058518973,-0.28047807838400096,-1.0454463160984127,1.0454463160984127
7.56495,-0.6137121726217512,0.06750141989956547,0.6812135925213166,1.0452569628373498,1.0452569628373498
5.73296,-0.2551149016004447,0.16161074847316245,0.4167256500736072,1.0452238300027672,1.0452238300027672
7.06495,-0.425239241155819,-0.052605301860674226,0.37263393929514477,1.044561410495316,1.044561410495316
7.66994,-0.6795694492791101,0.15875932100555845,0.8383287702846686,1.0443671742490581,1.0443671742490581
7.73594,-0.7550244370105037,0.7126178111528106,1.4676422481633145,1.0442754585224119,1.0442754585224119
6.05696,1.1092467758831288,0.5381089996904632,-0.5711377761926656,-1.0432723336635448,1.0432723336635448
7.53195,-0.6179815223856194,-0.2541066734575616,0.3638748489280578,1.0427585459609445,1.0427585459609445
8.27994,-0.7325995153434148,-0.8662915058955557,-0.13369199055214087,-1.0414152537364647,1.0414152537364647
6.72695,-0.13298772259944197,-0.32281868894341714,-0.18983096634397517,-1.0409693240240456,1.0409693240240456
7.68894,-0.7475967006556277,0.3509628689968483,1.098559569652476,1.0409343917779887,1.0409343917779887
7.43495,-0.6477896668276346,-0.48536162824183304,0.16242803858580157,1.0407439102863436,1.0407439102863436
8.56894,-0.891638054591134,-0.9553462102828599,-0.06370815569172594,-1.0401078000896944,1.0401078000896944
5.91896,0.7607610754956573,1.002239801385575,0.2414787258899176,1.0400669785150014,1.0400669785150014
7.67594,-0.7477186783182673,0.29721428182179926,1.0449329601400665,1.0400355049136496,1.0400355049136496
7.56695,-0.5677886564444031,0.14902621192437224,0.7168148683687754,1.0394504784117187,1.0394504784117187
6.53895,0.30658116874739094,0.04560730452656008,-0.26097386422083085,-1.0388689498925872,1.0388689498925872
8.73494,-0.883636073661195,-0.9856005562252494,-0.10196448256405444,-1.0385885680879394,1.0385885680879394
8.86194,-0.8529947774055704,-1.0120823573377256,-0.15908757993215517,-1.0373299586378002,1.0373299586378002
7.72194,-0.7003000502594996,0.4292417942344316,1.1295418444939311,1.037080888918317,1.037080888918317
7.72294,-0.7454788633672635,0.3873876033995915,1.132866466766855,1.0368283757675052,1.0368283757675052
6.07696,1.3118132134025995,0.677399119961649,-0.6344140934409505,-1.0364437438673164,1.0364437438673164
6.79295,-0.22332808010153415,-0.4157822987003052,-0.19245421859877104,-1.0359887583512972,1.0359887583512972
6.81695,-0.21400405628500271,-0.34275959900230807,-0.12875554271730535,-1.035752219677325,1.035752219677325
5.69996,-0.24493629370210768,0.10700263911049969,0.35193893281260735,1.0343884010856015,1.0343884010856015
7.73894,-0.7291823719055783,0.66008805083353,1.3892704227391084,1.0342612450741542,1.0342612450741542
6.05796,1.09642435573191,0.5130445322671224,-0.5833798234647876,-1.0339378520193399,1.0339378520193399
7.71794,-0.6890419699400276,0.5361244446823031,1.225166414622331,1.032925534912181,1.032925534912181
5.91396,0.7175172286709031,0.957043726785473,0.23952649811456994,1.0326823476987135,1.0326823476987135
7.70694,-0.8219482887990277,0.857320513037115,1.6792688018361428,1.0318858019637898,1.0318858019637898
6.70495,-0.08486306389792975,-0.2163984587567047,-0.13153539485877494,-1.0318275395857595,1.0318275395857595
6.05896,1.1296676023565828,0.5618533174223446,-0.5678142849342382,-1.03038214603556,1.03038214603556
7.07795,-0.2930024860742001,0.06952571998190318,0.36252820605610325,1.0301822805928944,1.0301822805928944
7.82794,-0.4288555345404271,-0.21515012024476396,0.21370541429566312,1.029217347042524,1.029217347042524
5.73596,-0.18206310059560404,0.210346744613674,0.392409845209278,1.0288463693909755,1.0288463693909755
7.31995,0.4625048771857478,0.2686153868785842,-0.19388949030716357,-1.02855266813113,1.02855266813113
8.27794,-0.6650092032486158,-0.8716840565891012,-0.2066748533404854,-1.028057828381351,1.028057828381351
7.70794,-0.813636934765564,0.8263248199248044,1.6399617546903684,1.027677518562199,1.027677518562199
5.82596,-0.012409878881884856,0.23416505185306286,0.2465749307349477,1.026725964088555,1.026725964088555
8.48094,-0.8742611019586071,-0.9794821616118671,-0.10522105965326001,-1.0257410820500343,1.0257410820500343
7.55195,-0.7000307846909621,-0.10232231724213614,0.597708467448826,1.0239241064829712,1.0239241064829712
8.32394,-0.8751035247504126,-0.9550691671187641,-0.07996564236835146,-1.0238212817763488,1.0238212817763488
7.71894,-0.6572687045061744,0.5175084912796588,1.174777195785833,1.0237835434096556,1.0237835434096556
7.85694,-0.6064577350476872,-0.4257230588075838,0.18073467624010336,1.0221852686845683,1.0221852686845683
7.27095,0.47467259187880295,0.15934658705299548,-0.31532600482580747,-1.0215127192082651,1.0215127192082651
6.70595,-0.09178655757601173,-0.21969072103137616,-0.12790416345536443,-1.0202601481921327,1.0202601481921327
7.83994,-0.5535072633865348,-0.34376890904201224,0.20973835434452254,1.0196582889185943,1.0196582889185943
7.71194,-0.7679525477555877,0.6584826908471261,1.4264352386027137,1.019575983890773,1.019575983890773
5.72896,-0.19840059268261545,0.19591759738223852,0.39431819006485397,1.019222322844847,1.019222322844847
5.75496,-0.24425624963300024,0.15821076202359444,0.4024670116565947,1.0190141247378308,1.0190141247378308
7.68794,-0.7468993623375682,0.26499807935391057,1.0118974416914788,1.0189637773392561,1.0189637773392561
8.74094,-0.8970325229738677,-0.9803514873235747,-0.08331896434970698,-1.01882436957996,1.01882436957996
6.05196,1.081422849884388,0.5719103948451404,-0.5095124550392477,-1.0182069799779527,1.0182069799779527
6.71695,-0.12683181059374646,-0.32516483824608505,-0.1983330276523386,-1.0178781633424276,1.0178781633424276
6.07796,1.2699474442440843,0.6409005115756734,-0.6290469326684109,-1.0174290282977436,1.0174290282977436
7.72394,-0.6775773470092886,0.44142186213388124,1.11899920914317,1.0171609741533567,1.0171609741533567
7.70994,-0.759058856511103,0.7845047016865806,1.5435635581976836,1.0170384625146247,1.0170384625146247
7.70894,-0.7780648595776491,0.7564724161342161,1.5345372757118652,1.0152935052556986,1.0152935052556986
6.53595,0.30096494801342527,0.03192724768230794,-0.26903770033111735,-1.0134089081297315,1.0134089081297315
8.64394,-0.9079267775383594,-0.9926954650405859,-0.08476868750222655,-1.0132359517434033,1.0132359517434033
6.79195,-0.22540406994415396,-0.4028858476808518,-0.17748177773669782,-1.0117041121717862,1.0117041121717862
7.89794,-0.4399385552414637,0.18567889893228523,0.6256174541737489,1.0115912249022583,1.0115912249022583
7.89894,-0.4761548820691581,0.17866499242681258,0.6548198744959707,1.0109453556125327,1.0109453556125327
5.71596,-0.23065488719753457,0.15047360850733246,0.38112849570486707,1.009996733164486,1.009996733164486
7.54395,-0.631231433079847,-0.15756051733104873,0.47367091574879827,1.00989724433777,1.00989724433777
7.06795,-0.39710254577696974,-0.06836939623845913,0.3287331495385106,1.009807721549306,1.009807721549306
7.71094,-0.7405780483622806,0.7321950485188864,1.472773096881167,1.0090993911787376,1.0090993911787376
6.57095,0.20205442096840973,-0.039323689868003005,-0.24137811083641272,-1.0086158945420107,1.0086158945420107
5.75396,-0.22418394291771393,0.16936867726711746,0.3935526201848314,1.0073516302025496,1.0073516302025496
6.03896,0.871338444934159,0.4411819723078167,-0.4301564726263423,-1.0060611393171301,1.0060611393171301
5.78396,-0.21206245019442807,0.15365586663579242,0.3657183168302205,1.0059643455618568,1.0059643455618568
8.21094,-0.7890876433219742,-0.6396745845762829,0.14941305874569133,1.0058306293125052,1.0058306293125052
5.78296,-0.21257127336829296,0.1515819337132324,0.3641532070815253,1.0053129716255704,1.0053129716255704
6.27996,1.4014987007580282,2.217808121632986,0.816309420874958,1.0051164043404122,1.0051164043404122
7.73494,-0.7047460461602544,0.6953853612425336,1.400131407402788,1.0042209846348553,1.0042209846348553
8.68994,-0.878043858022761,-0.9800892041154172,-0.10204534609265625,-1.0036419088769482,1.0036419088769482
7.71694,-0.7037385970131563,0.535050329346382,1.2387889263595384,1.003613644278056,1.003613644278056
7.82094,-0.39845924318492204,-0.17142211724777434,0.2270371259371477,1.0032952710556073,1.0032952710556073
5.82496,-0.04828564333481423,0.20771475882863602,0.25600040216345027,1.0025568946342402,1.0025568946342402
5.68796,-0.16484474128938303,0.14561197908273477,0.3104567203721178,0.9996359830867306,0.9996359830867306
5.68596,-0.2628562887112538,0.10148643592709496,0.36434272463834877,0.9995662066573163,0.9995662066573163
7.56595,-0.624711751449869,0.058596121155374555,0.6833078726052436,0.9994720523737299,0.9994720523737299
7.89394,-0.47261118038698857,0.05883884849620242,0.531450028883191,0.9989128053703216,0.9989128053703216
7.86994,-0.5842475645122478,-0.4181513230422949,0.1660962414699529,0.9982581580261286,0.9982581580261286
7.69294,-0.731151668458755,0.4891029488717164,1.2202546173304714,0.9978892479984481,0.9978892479984481
7.67794,-0.7176345837237736,0.3218398509850326,1.0394744347088063,0.9978240732904567,0.9978240732904567
5.76096,-0.24274997567829776,0.1538985113653031,0.3966484870436009,0.9970336983951167,0.9970336983951167
6.04996,1.0205001780667626,0.5427771330275841,-0.4777230450391785,-0.9968860291076972,0.9968860291076972
8.35394,-0.854991606841827,-0.9189525623956908,-0.06396095555386383,-0.996524735586483,0.996524735586483
7.67294,-0.718930970958018,0.17625896833637714,0.895189939294395,0.9964297464248055,0.9964297464248055
8.02594,-0.6665870145668837,-0.753746855431686,-0.08715984086480222,-0.9952372162181508,0.9952372162181508
5.70196,-0.2414998465174269,0.12223915539835427,0.3637390019157812,0.9949055174888894,0.9949055174888894
6.55495,0.22357680383574813,-0.07828519976016235,-0.3018620035959105,-0.994512944249424,0.994512944249424
7.67494,-0.7389895643130553,0.28035062099081515,1.0193401853038704,0.9943328370211982,0.9943328370211982
7.54495,-0.6132873058985174,-0.12974154973895557,0.48354575615956186,0.9940435037062298,0.9940435037062298
6.04596,0.9906710149709985,0.5395364499960944,-0.4511345649749041,-0.9933021773462614,0.9933021773462614
6.04696,1.0296250916471674,0.5765554607877247,-0.45306963085944274,-0.9924700888874817,0.9924700888874817
7.89494,-0.46613729788883795,0.11646268147307401,0.582599979361912,0.9912270383089572,0.9912270383089572
6.14396,0.5657235562151313,1.0184157632256674,0.45269220701053614,0.9900443771600494,0.9900443771600494
6.53295,0.3350229275221407,0.05965727285382264,-0.275365654668318,-0.9900440694973289,0.9900440694973289
8.28594,-0.7671394027351472,-0.9110237469422545,-0.14388434420710727,-0.9900089537895974,0.9900089537895974
7.55495,-0.636965548442211,-0.03715776988369934,0.5998077785585116,0.9896897817439072,0.9896897817439072
8.23294,-0.863871626717378,-0.5705113599591703,0.2933602667582077,0.9879401519612233,0.9879401519612233
7.70494,-0.7048104895799316,0.9147248563568952,1.6195353459368267,0.9879318105164361,0.9879318105164361
7.73394,-0.696893387210659,0.6426299449355729,1.3395233321462319,0.9873636369683809,0.9873636369683809
6.73495,-0.23994716186454942,-0.36469793885639085,-0.12475077699184142,-0.9872048465998476,0.9872048465998476
8.59394,-0.8163589176285923,-1.0403148796475563,-0.22395596201896406,-0.9871922482909862,0.9871922482909862
7.43095,-0.5929237454403505,-0.466948743112674,0.12597500232767656,0.9867917225712495,0.9867917225712495
5.68496,-0.2414700526398723,0.12477365813769178,0.3662437107775641,0.9867436322380018,0.9867436322380018
8.48194,-0.9014284461168446,-1.001034053230981,-0.09960560711413635,-0.9866832282449376,0.9866832282449376
8.45294,-0.7795614775573545,-0.8608608924440858,-0.08129941488673131,-0.9866549928960032,0.9866549928960032
7.89594,-0.44857231434761446,0.15204800413886396,0.6006203184864785,0.985822946531248,0.985822946531248
6.05096,1.0423793356425477,0.5643476944713567,-0.478031641171191,-0.985725639085912,0.985725639085912
8.80894,-0.9064603593717292,-1.0171045354886925,-0.11064417611696331,-0.9839520473384823,0.9839520473384823
7.67394,-0.7489995462536543,0.20472573739610508,0.9537252836497594,0.9837962184351712,0.9837962184351712
8.62594,-0.8134248415469114,-0.9116850397521892,-0.09826019820527776,-0.9837491759890147,0.9837491759890147
7.70094,-0.7320048323424009,0.7836407546267449,1.5156455869691459,0.9835155749379914,0.9835155749379914
7.50195,-0.6317001207740749,-0.3832891988493605,0.24841092192471437,0.9829148366200499,0.9829148366200499
7.69394,-0.7137383988494651,0.5233028375894893,1.2370412364389543,0.9825849731575825,0.9825849731575825
8.47294,-0.8512608702082426,-0.9396016017346908,-0.08834073152644817,-0.9822091824626805,0.9822091824626805
7.70594,-0.7238373389394539,0.8707657741655502,1.5946031131050042,0.9821859446214686,0.9821859446214686
7.54295,-0.6502670057726939,-0.1952715755731868,0.4549954301995071,0.9817977654808739,0.9817977654808739
7.81394,-0.3863308140848623,-0.13945240170004505,0.24687841238481725,0.9809469633236065,0.9809469633236065
8.64994,-0.9201123697306686,-1.039489038697464,-0.11937666896679544,-0.9809408536119752,0.9809408536119752
8.51894,-0.886746306145884,-0.9565684005210944,-0.06982209437521036,-0.9808828099408492,0.9808828099408492
7.70194,-0.7038753965166187,0.8360867196397492,1.539962116156368,0.9805988988576348,0.9805988988576348
7.84694,-0.5977890390520704,-0.38954974981347135,0.20823928923859902,0.9804666415456892,0.9804666415456892
8.22494,-0.8596204134571155,-0.606633364519494,0.2529870489376215,0.9802607669838155,0.9802607669838155
7.56095,-0.5530451500226594,0.07584337131488554,0.6288885213375449,0.9802173481198335,0.9802173481198335
8.31394,-0.8279011346114649,-0.9526626028746341,-0.12476146826316925,-0.9787978652695748,0.9787978652695748
8.58794,-0.8608174726883153,-0.9973448552149607,-0.13652738252664542,-0.9786061277004059,0.9786061277004059
6.52895,0.3788065121878682,0.07311179292966918,-0.305694719258199,-0.9780122811943968,0.9780122811943968
7.83594,-0.524128159007232,-0.29806395621320686,0.22606420279402512,0.9780101380560456,0.9780101380560456
7.81594,-0.3709327660632471,-0.1301751940904451,0.240757571972802,0.9778040587692551,0.9778040587692551
6.55595,0.26588730090991375,-0.01792934634705964,-0.28381664725697336,-0.977483305320469,0.977483305320469
8.45394,-0.7868330334537765,-0.8724686743363985,-0.08563564088262199,-0.9763822109762311,0.9763822109762311
8.33694,-0.8505161867343467,-0.9895129359128046,-0.13899674917845795,-0.9757281894502413,0.9757281894502413
7.84394,-0.5446177829817663,-0.39316185306899964,0.15145592991276668,0.975685521760753,0.975685521760753
7.70394,-0.705756595770473,0.9024518860116683,1.6082084817821412,0.9755743129540237,0.9755743129540237
5.61296,1.0800281087644168,0.7146716999532814,-0.3653564088111354,-0.9754608121395085,0.9754608121395085
8.73294,-0.8595749294992501,-1.0066267476399449,-0.1470518181406948,-0.9749135923023244,0.9749135923023244
7.35195,0.08807773009668905,0.7761158840296122,0.6880381539329231,0.9738899488011659,0.9738899488011659
7.67894,-0.7046455867389816,0.3175796984939532,1.0222252852329348,0.9735166326805557,0.9735166326805557
7.70294,-0.7181459266502238,0.8862788738171762,1.6044248004674,0.9725523103995443,0.9725523103995443
7.28195,0.4198893228060404,0.24527304744585063,-0.17461627536018978,-0.9720742231479205,0.9720742231479205
7.30095,0.6403185523024176,0.36300749875678856,-0.27731105354562907,-0.9712981415520019,0.9712981415520019
7.67994,-0.6676652918797986,0.33830569514813363,1.0059709870279323,0.9700219058463128,0.9700219058463128
5.73196,-0.1826282176175933,0.2056272935433085,0.3882555111609018,0.969573092836953,0.969573092836953
6.78495,-0.2542196485637088,-0.3833467834616786,-0.1291271348979698,-0.9689600764557227,0.9689600764557227
7.67694,-0.70587863343311,0.2925523420573751,0.9984309754904851,0.9689370775968698,0.9689370775968698
7.71594,-0.6903728707838092,0.5810409694761703,1.2714138402599795,0.968817383475108,0.968817383475108
6.07896,1.253924759176415,0.6395282216492718,-0.6143965375271433,-0.9686417519665872,0.9686417519665872
8.23194,-0.8337957208397284,-0.5671670722476967,0.2666286485920317,0.9683829421790041,0.9683829421790041
8.92294,-0.9073664970759723,-1.0970071976252995,-0.18964070054932725,-0.9682863309000856,0.9682863309000856
6.13996,0.5362598599989635,1.0271042655172498,0.49084440551828623,0.9676648424241556,0.9676648424241556
7.84094,-0.5499722570581171,-0.33761087570024334,0.2123613813578738,0.9670344073172652,0.9670344073172652
6.13896,0.4998312838910404,0.9863900235195958,0.4865587396285554,0.9666845906073093,0.9666845906073093
6.14096,0.585341911905327,1.0603101005154403,0.47496818861011325,0.966376822002346,0.966376822002346
5.70096,-0.23253006506988227,0.11047338622080291,0.3430034512906852,0.9663407069852817,0.9663407069852817
5.69796,-0.20699343921447977,0.1348122455444329,0.3418056847589127,0.9659829167934343,0.9659829167934343
7.17895,1.0312522045195656,0.8618187945268356,-0.16943340999272993,-0.9656099901531737,0.9656099901531737
8.86894,-0.9231334259750357,-1.0451488039455088,-0.12201537797047313,-0.9653865066293872,0.9653865066293872
7.16495,0.5945981641432481,0.8732926655983592,0.2786945014551111,0.9652558562416893,0.9652558562416893
7.36395,-0.08232555673719719,0.7711079525926798,0.853433509329877,0.9651379527593343,0.9651379527593343
6.28196,1.3977454540755385,2.1761039804678917,0.7783585263923531,0.9645924935108824,0.9645924935108824
5.62596,0.8235804792029184,0.5143255216869635,-0.3092549575159549,-0.9639287874830277,0.9639287874830277
6.28096,1.4224489564112792,2.194370532764543,0.7719215763532636,0.962308565010457,0.962308565010457
6.78595,-0.2638720115094202,-0.39334545490479716,-0.12947344339537697,-0.9622286390534583,0.9622286390534583
7.54695,-0.654807569413414,-0.1240572513668005,0.5307503180466135,0.9609282695088396,0.9609282695088396
7.46895,-0.6395256435482526,-0.3450812238036936,0.294444419744559,0.9605037777837248,0.9605037777837248
8.81394,-0.8824096489889934,-0.9925320338211703,-0.11012238483217685,-0.9601168446685958,0.9601168446685958
8.27694,-0.6503925495879679,-0.8031059688530443,-0.15271341926507642,-0.9597027008758319,0.9597027008758319
7.81994,-0.40842791666223577,-0.13272186153587592,0.2757060551263598,0.9583489350929593,0.9583489350929593
7.55095,-0.7092302348900803,-0.15267328285427767,0.5565569520358027,0.9578123572884167,0.9578123572884167
8.34194,-0.8620069647255784,-0.9131520472703756,-0.051145082544797216,-0.9572293645404685,0.9572293645404685
8.27494,-0.689086267160707,-0.8279144609879221,-0.13882819382721512,-0.9572272031744231,0.9572272031744231
6.54595,0.2308805253226535,-0.008445216897149554,-0.23932574221980304,-0.9565349873011337,0.9565349873011337
5.75696,-0.1509461957807509,0.24162747676013588,0.3925736725408868,0.9559265967548903,0.9559265967548903
7.87094,-0.5571006974551955,-0.4143028276047836,0.14279786985041193,0.9555539982011428,0.9555539982011428
7.86594,-0.5977236490937565,-0.49287015916760296,0.10485348992615356,0.9554808111256382,0.9554808111256382
7.89994,-0.4550161185548517,0.1585842014819093,0.613600320036761,0.9547301201879501,0.9547301201879501
8.33594,-0.8328220697407014,-1.0183475838996643,-0.1855255141589629,-0.9537327668865465,0.9537327668865465
8.65094,-0.9250838245251051,-1.0384386883644035,-0.11335486383929838,-0.9535730733875489,0.9535730733875489
8.58494,-0.8777584078798526,-1.0157466746100554,-0.1379882667302028,-0.9529333101938243,0.9529333101938243
6.28396,1.4304001352439524,2.170917886434469,0.7405177511905168,0.9518455095616958,0.9518455095616958
7.83694,-0.5077357063083519,-0.2834951947179992,0.22424051159035263,0.9510379262725096,0.9510379262725096
6.05296,1.04375733889629,0.5720743053381406,-0.47168303355814933,-0.9505585398249492,0.9505585398249492
7.06295,-0.4940071637574194,-0.15882074530599308,0.33518641845142627,0.9496602864478414,0.9496602864478414
6.13796,0.5257577406533634,1.0059237614172856,0.4801660207639221,0.948271840604188,0.948271840604188
7.47295,-0.6604004273494405,-0.3558652926728793,0.3045351346765612,0.9479063948143889,0.9479063948143889
7.69494,-0.6908628024246475,0.5468265012900829,1.2376893037147303,0.9473995345625086,0.9473995345625086
7.68194,-0.670211305696543,0.2894038047647549,0.9596151104612979,0.946912440811728,0.946912440811728
7.44595,-0.6290611215228662,-0.3812359865312075,0.2478251349916587,0.9468672380431823,0.9468672380431823
5.74696,-0.22748059752517735,0.12362906801904017,0.3511096655442175,0.9467963523336179,0.9467963523336179
7.36595,-0.06217909218780062,0.75757399705311,0.8197530892409106,0.9464915813651664,0.9464915813651664
7.49295,-0.6675731978810047,-0.28986150013832196,0.3777116977426827,0.9452602230364026,0.9452602230364026
7.69994,-0.6879729372438552,0.753242022075199,1.4412149593190542,0.9451969211024849,0.9451969211024849
5.74496,-0.20597850464921302,0.16025011295576747,0.3662286176049805,0.9448872333244848,0.9448872333244848
7.55995,-0.5724061911253393,0.03492888986520261,0.6073350809905419,0.9448438335082787,0.9448438335082787
6.77495,-0.2493936193182104,-0.45915816276927185,-0.20976454345106144,-0.9434625083441436,0.9434625083441436
8.60694,-0.7846658040768195,-0.9650696269972798,-0.1804038229204603,-0.9425430489477657,0.9425430489477657
8.22094,-0.8037786022163449,-0.6306616820636269,0.17311692015271796,0.942171053756089,0.942171053756089
6.53195,0.3516271221780113,0.08572900087743653,-0.2658981213005748,-0.9408997471469515,0.9408997471469515
7.55295,-0.6471559806326788,-0.0806667566011189,0.5664892240315599,0.9408429720357525,0.9408429720357525
5.91496,0.7637605196709853,0.955394912505665,0.19163439283467965,0.9408053711755687,0.9408053711755687
8.43294,-0.7389403528660836,-0.8552224258460149,-0.11628207297993132,-0.940614866111923,0.940614866111923
6.72995,-0.17971993963202926,-0.32204077817699794,-0.1423208385449687,-0.9385692893569269,0.9385692893569269
7.35495,0.051902329628959194,0.7793221307768102,0.727419801147851,0.9381961096131277,0.9381961096131277
7.35395,0.05300129760185794,0.7827641177863603,0.7297628201845024,0.936091188631988,0.936091188631988
7.69594,-0.7035900035906741,0.5530595672415237,1.2566495708321979,0.9359933145433238,0.9359933145433238
8.59094,-0.8839943477387344,-1.0563337220437885,-0.17233937430505408,-0.9354213766250885,0.9354213766250885
7.49495,-0.6417982174571704,-0.3242250270747539,0.31757319038241644,0.9345775210369598,0.9345775210369598
8.20494,-0.814998588439509,-0.6920909251777952,0.12290766326171376,0.9330849356079579,0.9330849356079579
7.26895,0.4249436108214988,0.12866438001235433,-0.2962792308091444,-0.9325833508216291,0.9325833508216291
6.03796,0.7933675670455232,0.38371362418596755,-0.4096539428595557,-0.9318285811326629,0.9318285811326629
7.54995,-0.6659028124364845,-0.14145786222673098,0.5244449502097536,0.9313185099853022,0.9313185099853022
5.91596,0.8112913528435953,1.0034162450675674,0.1921248922239721,0.929643307429344,0.929643307429344
8.63094,-0.8540255846582985,-0.9757669328246176,-0.1217413481663191,-0.9292946608028376,0.9292946608028376
7.43295,-0.5945482736059753,-0.4653774296168172,0.12917084398915807,0.9287104601314351,0.9287104601314351
7.48895,-0.6390720807403758,-0.23243913731400667,0.40663294342636913,0.9280937498829163,0.9280937498829163
5.52696,2.0418933521261855,2.6693245342433545,0.627431182117169,0.9272850472044303,0.9272850472044303
5.61996,0.8777956379528,0.5363523619246517,-0.3414432760281483,-0.9269774803095693,0.9269774803095693
5.75796,-0.20133558131935408,0.17893577290649576,0.38027135422584984,0.9258552878218724,0.9258552878218724
6.07996,1.2212447434117668,0.638482558346826,-0.5827621850649408,-0.9257560796394316,0.9257560796394316
7.36695,-0.055071878215293184,0.7498603676382946,0.8049322458535877,0.9241569859703564,0.9241569859703564
6.08496,1.2189571272088529,0.6337389215261335,-0.5852182056827193,-0.9235809607180412,0.9235809607180412
8.21594,-0.7981444127428752,-0.6309609686738772,0.167183444068998,0.9234058128811704,0.9234058128811704
6.52995,0.3658998905174395,0.1123476380527353,-0.2535522524647042,-0.9230637212884052,0.9230637212884052
7.69694,-0.6963917221720666,0.6118108420500793,1.308202564222146,0.921895909048045,0.921895909048045
6.04196,0.9129764760187067,0.49800837588932817,-0.4149681001293785,-0.9209559097321943,0.9209559097321943
6.08596,1.2122762785727865,0.6253650862521842,-0.5869111923206023,-0.9208691096229767,0.9208691096229767
8.62894,-0.793544695570126,-0.9391182875619695,-0.1455735919918435,-0.9202713930732721,0.9202713930732721
6.55395,0.20759988951686076,-0.11180650875092601,-0.3194063982677868,-0.9188803471694723,0.9188803471694723
6.76695,-0.23554072230306683,-0.3451911576581662,-0.10965043535509938,-0.9187079709526282,0.9187079709526282
7.06895,-0.381865341741183,-0.07397682753319246,0.3078885142079905,0.9184478874072611,0.9184478874072611
5.70296,-0.23907894545933275,0.09817624662454676,0.3372551920838795,0.9177684401731101,0.9177684401731101
7.56195,-0.5452154516501063,0.05888225753444228,0.6040977091845486,0.9175191165814868,0.9175191165814868
7.49595,-0.5995797210300398,-0.3117685939888064,0.28781112704123335,0.9174931905711645,0.9174931905711645
8.35094,-0.8871095996119767,-0.9352951018301656,-0.04818550221818896,-0.9173928314856451,0.9173928314856451
5.62396,0.8315242436742395,0.5072702731182,-0.32425397055603944,-0.9161819856375625,0.9161819856375625
7.36495,-0.04422770020378345,0.7560379759921976,0.800265676195981,0.9158160278245167,0.9158160278245167
8.73394,-0.874460177510392,-0.9716062116148648,-0.09714603410447287,-0.9155582642584345,0.9155582642584345
5.53996,3.1031420164131505,2.5620047156058505,-0.5411373008072999,-0.9154436677175254,0.9154436677175254
5.72096,-0.15458265861310658,0.19879434833483806,0.3533770069479446,0.9152795837619411,0.9152795837619411
8.93294,-0.9400091773936664,-1.0573282447272798,-0.11731906733361341,-0.9134489838576809,0.9134489838576809
7.87694,-0.49432968482850476,-0.3401229183765314,0.15420676645197334,0.9130741040462206,0.9130741040462206
8.74294,-0.8954248727463138,-1.0237845957496405,-0.12835972300332676,-0.9129750852502073,0.9129750852502073
5.75196,-0.17236631130919336,0.18298139421583387,0.35534770552502726,0.9128479631059341,0.9128479631059341
7.53695,-0.6136702661213418,-0.23842301249784045,0.3752472536235013,0.9123331712422664,0.9123331712422664
6.74595,-0.25681518861902497,-0.4287619190906999,-0.1719467304716749,-0.9115524873455207,0.9115524873455207
6.04296,0.8942853291063997,0.4851308824018921,-0.40915444670450757,-0.9114629942189121,0.9114629942189121
5.71896,-0.19852278281055785,0.1387951147437711,0.33731789755432895,0.9107193928719489,0.9107193928719489
6.74795,-0.2659133882912656,-0.4478809354086409,-0.18196754711737528,-0.9104142233748533,0.9104142233748533
7.69894,-0.7018401670502472,0.7074936565377241,1.4093338235879713,0.9090040946680449,0.9090040946680449
7.69794,-0.6805917399180313,0.6961373811058312,1.3767291210238626,0.9089879574744653,0.9089879574744653
7.06395,-0.4457239409412517,-0.12227681218868751,0.32344712875256415,0.9088001459142169,0.9088001459142169
6.72895,-0.18884506911948445,-0.34891353174138207,-0.1600684626218976,-0.9085380293861299,0.9085380293861299
7.89294,-0.4357573272730936,-0.0025404686358352197,0.43321685863725834,0.9073228017149214,0.9073228017149214
7.85994,-0.6169557756846371,-0.4188114523058436,0.1981443233787935,0.9061907611082438,0.9061907611082438
7.36795,-0.06700457327124675,0.6858798988230463,0.7528844720942931,0.905795615427151,0.905795615427151
5.70496,-0.21741706348653012,0.11145718479553114,0.32887424828206124,0.9056340334558378,0.9056340334558378
5.62296,0.8499465998706834,0.5341406303516071,-0.31580596951907636,-0.9019914535950977,0.9019914535950977
8.24794,-0.8712645778455113,-0.6172098053019895,0.2540547725435217,0.9018053632611954,0.9018053632611954
7.55395,-0.5837366184095005,-0.04293473483222627,0.5408018835772742,0.9017633212300826,0.9017633212300826
7.83194,-0.47395203640865613,-0.2621820023776709,0.2117700340309852,0.9016677423453142,0.9016677423453142
6.28296,1.431227296415406,2.158403325693521,0.7271760292781149,0.9010980205289982,0.9010980205289982
6.31295,2.1447316433238397,1.5171297503478058,-0.6276018929760339,-0.9001414303278708,0.9001414303278708
8.65194,-0.8800582620533303,-1.0476904778622202,-0.16763221580888998,-0.9000117914205301,0.9000117914205301
8.38294,-0.4169339628181999,-0.14739770699733087,0.26953625582086904,0.8995215610487161,0.8995215610487161
7.06195,-0.457001319493171,-0.13289864501622858,0.3241026744769424,0.8990341743760718,0.8990341743760718
7.35295,0.09401489412632161,0.7675983332609092,0.6735834391345876,0.8990135654559298,0.8990135654559298
8.59294,-0.8762102445493107,-1.057171458784579,-0.18096121423526834,-0.8983135390939353,0.8983135390939353
7.82894,-0.4473976800524544,-0.22955886451970325,0.21783881553275114,0.8979059934825173,0.8979059934825173
7.48795,-0.6180618966753271,-0.2605991520189178,0.35746274465640926,0.8978667219702458,0.8978667219702458
6.13496,0.5729090620789061,1.0360213643585376,0.4631123022796315,0.897146623945823,0.897146623945823
6.13596,0.6419231911272969,1.076448653929725,0.4345254628024282,0.8965187398134222,0.8965187398134222
6.72795,-0.1950708154610247,-0.3736060089522048,-0.1785351934911801,-0.8961004062200014,0.8961004062200014
7.44795,-0.6600526449232935,-0.3967356812631982,0.2633169636600953,0.8954751550604548,0.8954751550604548
7.81294,-0.3711132017548149,-0.0900029317141121,0.28111027004070277,0.8954057938750878,0.8954057938750878
7.55595,-0.6049526878541154,-0.06319851358312133,0.541754174270994,0.895089851912373,0.895089851912373
5.75296,-0.17487650243897807,0.16847027366895792,0.34334677610793596,0.894820458359757,0.894820458359757
7.35595,0.05477453172398787,0.7557003168848501,0.7009257851608622,0.8947375260823333,0.8947375260823333
8.31694,-0.8788466055080275,-0.9261326305552353,-0.0472860250472078,-0.8946665693319024,0.8946665693319024
7.48995,-0.6413581459841233,-0.23605065945138376,0.40530748653273957,0.8942047177094306,0.8942047177094306
7.56295,-0.5868013654582058,0.029192472000577525,0.6159938374587833,0.8931762742148583,0.8931762742148583
5.73496,-0.1829687522202863,0.16051659399302945,0.3434853462133157,0.8927074151146881,0.8927074151146881
8.14094,-0.82672963162379,-0.541821702168946,0.284907929454844,0.8926698145310912,0.8926698145310912
8.73894,-0.8630570654443014,-0.9393194521304495,-0.07626238668614815,-0.8925343201197093,0.8925343201197093
6.95795,-0.19075660066054767,-0.3554795126929467,-0.16472291203239903,-0.8918608322477081,0.8918608322477081
8.40494,-0.18583170958123274,-0.5927955300407035,-0.40696382045947077,-0.8911556551724797,0.8911556551724797
8.81094,-0.879014653447501,-0.9970838317105863,-0.11806917826308538,-0.8906207126963589,0.8906207126963589
8.73194,-0.8443985172180721,-0.9981017315666655,-0.15370321434859335,-0.8903187443657906,0.8903187443657906
8.32994,-0.8791826441684844,-0.9341410577690493,-0.05495841360056497,-0.8902973193397797,0.8902973193397797
7.86294,-0.5677327518843169,-0.4659200903497673,0.10181266153454965,0.8892236461729139,0.8892236461729139
7.36295,-0.028862298184153735,0.7567436390247858,0.7856059372089396,0.8890411808144945,0.8890411808144945
7.85494,-0.5996375168320716,-0.4308097759525714,0.16882774087950014,0.8887345248027385,0.8887345248027385
6.02996,0.7973681180074218,0.4569617011828377,-0.3404064168245841,-0.8886623755255653,0.8886623755255653
7.81694,-0.360902190514797,-0.15912602409118365,0.20177616642361335,0.8886136762485524,0.8886136762485524
8.42594,-0.6647665593125275,-0.8232108278907985,-0.15844426857827099,-0.8876113796137516,0.8876113796137516
5.69096,-0.18803745089796445,0.12429610801008727,0.3123335589080517,0.8870094456555067,0.8870094456555067
6.28495,1.4094773619006171,2.106934441030636,0.6974570791300188,0.8865804322710433,0.8865804322710433
8.38094,-0.5117519435079171,-0.2977374277112737,0.21401451579664338,0.8862127284519342,0.8862127284519342
8.22794,-0.8501005030922091,-0.5596431284369203,0.29045737465528876,0.8857858210301643,0.8857858210301643
7.35095,0.09541506600404343,0.7083277843326707,0.6129127183286274,0.8855376804361824,0.8855376804361824
7.47695,-0.6495411575053484,-0.38510046684887494,0.2644406906564734,0.885528205569899,0.885528205569899
7.44995,-0.6851645161030082,-0.39097462237728925,0.29418989372571897,0.8842868871117737,0.8842868871117737
8.21794,-0.7931606584832053,-0.6449604943405564,0.14820016414264892,0.8837063885533466,0.8837063885533466
8.20294,-0.8124528304322396,-0.6744864619944481,0.13796636843779153,0.8833187162771177,0.8833187162771177
7.68094,-0.627828257866434,0.2915365266331728,0.9193647844996069,0.8833039537171434,0.8833039537171434
7.35995,-0.013179124536836069,0.7391926377111966,0.7523717622480327,0.882459888679871,0.882459888679871
6.08196,1.1731726029024312,0.6102706823889991,-0.5629019205134321,-0.8822621815641464,0.8822621815641464
7.47195,-0.6160111407799227,-0.35729035338965914,0.25872078739026355,0.8818693957985625,0.8818693957985625
8.07294,-0.8180056577018111,-0.3276861899990803,0.4903194677027308,0.8816523048148703,0.8816523048148703
8.66294,-0.8862349883556673,-0.9497810082936541,-0.06354601993798681,-0.8809166274370708,0.8809166274370708
8.87794,-0.9296657976484732,-1.0192886771572793,-0.0896228795088061,-0.8800011569982206,0.8800011569982206
6.31195,2.1303590180468523,1.5645870285211372,-0.5657719895257152,-0.8796963919034301,0.8796963919034301
8.23594,-0.835783005913844,-0.5863153056658778,0.24946770024796627,0.8796497761379344,0.8796497761379344
6.74995,-0.2653417417479178,-0.43641529170023835,-0.17107354995232055,-0.8789939875553012,0.8789939875553012
7.88894,-0.39735469438658505,-0.06267472594944579,0.33467996843713926,0.8782824316441206,0.8782824316441206
8.63194,-0.8849597799239715,-1.0275238667930118,-0.14256408686904032,-0.8781100044392769,0.8781100044392769
7.34995,0.11423538937706608,0.7283718516721723,0.6141364622951062,0.8773604695344066,0.8773604695344066
8.33294,-0.861814677650947,-0.9625293016834441,-0.10071462403249709,-0.8772056875524264,0.8772056875524264
7.35795,0.032627341563063614,0.7362523200071509,0.7036249784440873,0.8752030123066233,0.8752030123066233
7.46395,-0.6498221214630229,-0.3419303237964001,0.3078917976666228,0.874924444065463,0.874924444065463
8.12094,-0.7923348676495889,-0.36809694475516813,0.4242379228944208,0.8741682220834288,0.8741682220834288
7.35895,0.053725724670168756,0.7782067508988059,0.7244810262286371,0.873101363912769,0.873101363912769
7.85594,-0.6078280564681808,-0.4450984747650611,0.16272958170311974,0.8729343725658855,0.8729343725658855
8.80794,-0.9413085237946539,-1.0098202459723526,-0.06851172217769874,-0.8728026355671347,0.8728026355671347
6.08096,1.215278920215375,0.6674392908279281,-0.547839629387447,-0.8703361402579496,0.8703361402579496
8.25194,-0.8317353453224332,-0.547963057490585,0.28377228783184816,0.8685854400085052,0.8685854400085052
6.56895,0.21412174519631058,-0.015917186459820622,-0.2300389316561312,-0.8669148153680608,0.8669148153680608
8.07394,-0.8085461341539966,-0.34088171538608414,0.4676644187679124,0.8660147196289445,0.8660147196289445
7.47395,-0.6043301452969031,-0.3496669681841202,0.2546631771127829,0.864951372572,0.864951372572
6.96795,-0.30649505233056407,-0.4532353918889188,-0.14674033955835475,-0.8647855966580726,0.8647855966580726
7.36895,-0.08108323350041577,0.6112874405508197,0.6923706740512355,0.862660209141378,0.862660209141378
5.69696,-0.23202560769141276,0.07939233792451428,0.31141794561592706,0.8624146587533356,0.8624146587533356
7.90094,-0.4091138334067226,0.1346400799070079,0.5437539133137305,0.8616148161833845,0.8616148161833845
8.46594,-0.8723208271428605,-0.9363830245376826,-0.0640621973948221,-0.8609875553127411,0.8609875553127411
6.75895,-0.24883452092410607,-0.4341777685221504,-0.18534324759804433,-0.860211138289039,0.860211138289039
7.88094,-0.48654472061259924,-0.3361168060559697,0.15042791455662952,0.860205654824039,0.860205654824039
6.08396,1.1915996555880466,0.6401875902283949,-0.5514120653596517,-0.8601736705300489,0.8601736705300489
7.37495,-0.11170296618092776,0.38421858509766277,0.4959215512785905,0.8598315259133843,0.8598315259133843
7.85894,-0.6042594724521411,-0.39067175842202523,0.21358771403011584,0.8598009262059706,0.8598009262059706
6.04396,0.9126869479675768,0.5013103861345435,-0.4113765618330333,-0.8597013768791572,0.8597013768791572
7.47595,-0.6225171105663607,-0.3658470869840179,0.2566700235823428,0.8596424153070293,0.8596424153070293
6.13696,0.6185415764737145,1.0433946295358718,0.42485305306215726,0.8586369736179634,0.8586369736179634
8.37194,-0.7428263440857175,-0.8801194439508706,-0.13729309986515315,-0.8582759864282103,0.8582759864282103
8.35294,-0.8471890672606646,-0.9058105784472644,-0.05862151118659986,-0.8561219306691048,0.8561219306691048
7.89194,-0.43254297864000046,-0.026633888417962073,0.4059090902220384,0.8559305348857202,0.8559305348857202
8.19994,-0.8240396342708768,-0.7213147408075512,0.10272489346332558,0.8554790049167357,0.8554790049167357
7.36195,-0.021359946647577017,0.7281850521209778,0.7495449987685548,0.854424003247922,0.854424003247922
7.27795,0.478795609654877,0.21131282240757782,-0.2674827872472992,-0.85391068313222,0.85391068313222
7.54795,-0.6585850595741887,-0.170997849488915,0.48758721008527367,0.8536271639833908,0.8536271639833908
5.68996,-0.17459056485825689,0.11640819236061406,0.2909987572188709,0.8535241709568746,0.8535241709568746
7.17695,0.942649418672688,0.7910945924319603,-0.1515548262407277,-0.8524914617530411,0.8524914617530411
7.48395,-0.6285758991865267,-0.32413968300805285,0.30443621617847383,0.8512050574735897,0.8512050574735897
7.88794,-0.4051031581354134,-0.10069637571240733,0.3044067824230061,0.8506525877055563,0.8506525877055563
6.02896,0.7841366509197888,0.4566332088738013,-0.32750344204598747,-0.8500047492002057,0.8500047492002057
8.84594,-0.8378392037972058,-0.9792226538292138,-0.14138345003200803,-0.8487744875800814,0.8487744875800814
6.76195,-0.22751872290233352,-0.40976310026317925,-0.18224437736084573,-0.8477574057277861,0.8477574057277861
7.49195,-0.6539973545298717,-0.3004329955551898,0.3535643589746819,0.8473950609593265,0.8473950609593265
5.67696,-0.16559038722697264,0.13240810809040318,0.2979984953173758,0.8472703153704865,0.8472703153704865
6.76895,-0.24846146898124996,-0.3914485981079876,-0.14298712912673764,-0.8464607543763482,0.8464607543763482
5.73396,-0.21307580235731155,0.12538461876637202,0.3384604211236836,0.8454541918140409,0.8454541918140409
7.87794,-0.4785346122620352,-0.30698126465825054,0.17155334760378466,0.8446340710558276,0.8446340710558276
6.13096,0.5454753456431919,1.003172567914395,0.45769722227120313,0.8444483703443826,0.8444483703443826
6.04496,0.935153351497536,0.5235561873418606,-0.4115971641556754,-0.8438400330210253,0.8438400330210253
7.35695,0.05493102517049635,0.7237080358017963,0.6687770106313,0.8436935283194681,0.8436935283194681
6.96895,-0.27297779875919637,-0.4404919929941747,-0.16751419423497832,-0.8429040839866628,0.8429040839866628
8.58994,-0.8645946459719774,-1.0285960405401868,-0.1640013945682094,-0.8422219925181376,0.8422219925181376
8.06194,-0.8055169102338348,-0.4425696480118643,0.36294726222197043,0.8385322294746296,0.8385322294746296
5.62496,0.7987590916799067,0.5020750146086627,-0.296684077071244,-0.8381883556472028,0.8381883556472028
5.67496,-0.13268058525108684,0.14648456847077215,0.279165153721859,0.8362662996019391,0.8362662996019391
7.46495,-0.6304931627537067,-0.34741878165765955,0.28307438109604716,0.8355971523234103,0.8355971523234103
7.34695,0.13679571246214092,0.7495262423687178,0.6127305299065768,0.8355303132401785,0.8355303132401785
7.05195,-0.4279338036203717,-0.09326031807758073,0.33467348554279097,0.8348808754312423,0.8348808754312423
8.60594,-0.7853052336746802,-0.9401769376860223,-0.1548717040113421,-0.8348063959720009,0.8348063959720009
6.02796,0.7696446306783069,0.43222718848807545,-0.33741744219023145,-0.834632323561931,0.834632323561931
7.16595,0.6001541701530889,0.8450708779648612,0.24491670781177233,0.8339558247674973,0.8339558247674973
6.76295,-0.228785404045941,-0.374255792378277,-0.145470388332336,-0.8335066622443531,0.8335066622443531
8.06394,-0.8289276138709998,-0.38725507871045933,0.44167253516054045,0.8321676014696261,0.8321676014696261
7.44395,-0.6137947138248983,-0.4136038549453763,0.20019085887952193,0.831794174634387,0.831794174634387
8.43994,-0.7975224262449178,-0.8800681674294691,-0.08254574118455138,-0.831465834709891,0.831465834709891
6.03996,0.8686134176455329,0.5105212613331409,-0.358092156312392,-0.8309077443799607,0.8309077443799607
7.90694,-0.42771059268084,0.06455340349968942,0.4922639961805294,0.8303767083028032,0.8303767083028032
8.07894,-0.8584441338939159,-0.28431300264455783,0.5741311312493581,0.8301010804734971,0.8301010804734971
5.74596,-0.1958356288291296,0.1216526354365857,0.3174882642657153,0.8298434504515265,0.8298434504515265
7.37195,-0.10835131624558872,0.4532440207624137,0.5615953370080025,0.8298345720261738,0.8298345720261738
8.08194,-0.8074646596261081,-0.24503660502036478,0.5624280546057434,0.829324827016791,0.829324827016791
8.23494,-0.8275463436218304,-0.5967015533384435,0.2308447902833869,0.8288497356392113,0.8288497356392113
5.71996,-0.17312716212581103,0.13949707987106566,0.31262424199687666,0.8278014480169474,0.8278014480169474
7.47095,-0.6579498532832588,-0.41618475231160745,0.24176510097165138,0.8271563577338359,0.8271563577338359
5.97396,0.3386582660518309,0.6061198747062078,0.26746160865437685,0.8267031280360091,0.8267031280360091
5.68696,-0.20272388344778508,0.08772744496042992,0.29045132840821497,0.8262343348860522,0.8262343348860522
5.72296,-0.18791415411512322,0.13007132210603972,0.3179854762211629,0.8262312413359233,0.8262312413359233
8.81894,-0.8399213356220574,-0.981349007736501,-0.14142767211444363,-0.8257956057728285,0.8257956057728285
6.03096,0.7603847437041608,0.43043926522107073,-0.32994547848309,-0.8256387038149408,0.8256387038149408
5.62696,0.7539238493807641,0.49304694540515553,-0.26087690397560853,-0.822702372956912,0.822702372956912
6.78395,-0.2582207668358599,-0.393038212422311,-0.1348174455864511,-0.8226800188469955,0.8226800188469955
7.16795,0.6375368767951981,0.8438833440150747,0.2063464672198766,0.8219523567658739,0.8219523567658739
8.06294,-0.7752610338650546,-0.3694141690668625,0.40584686479819215,0.8213822931918068,0.8213822931918068
7.05895,-0.40290020413624217,-0.09992069263977342,0.30297951149646873,0.8206990215684837,0.8206990215684837
6.08296,1.168138831315111,0.6454148630291499,-0.5227239682859612,-0.8206176856833053,0.8206176856833053
8.42494,-0.6630039347468771,-0.8304255663654817,-0.16742163161860457,-0.820570932364902,0.820570932364902
8.27594,-0.6698467457650961,-0.8036103689641393,-0.13376362319904322,-0.8197401647611029,0.8197401647611029
5.67396,-0.14639816943761721,0.14050406171537846,0.2869022311529957,0.819321479303843,0.819321479303843
7.34895,0.08661104592334024,0.6967128935930845,0.6101018476697443,0.8191945450454651,0.8191945450454651
7.90794,-0.42020481186553194,0.06349380341619122,0.48369861528172314,0.8184381535853789,0.8184381535853789
7.49395,-0.6409126171779074,-0.33231218968434945,0.3086004274935579,0.81824203163828,0.81824203163828
6.04096,0.8976077561549187,0.5344815461612932,-0.36312620999362555,-0.8177298135050676,0.8177298135050676
6.02696,0.7547795222568019,0.4242905361399423,-0.3304889861168596,-0.8170331102136957,0.8170331102136957
8.74494,-0.9392669258180079,-1.0093314476171587,-0.07006452179915079,-0.8160300560744363,0.8160300560744363
6.31095,2.0930812692560816,1.547167183512396,-0.5459140857436857,-0.8157981141628011,0.8157981141628011
6.76595,-0.2456995719034762,-0.33797945264825763,-0.09227988074478144,-0.8143942480129663,0.8143942480129663
6.00996,0.6544250855580239,0.3695569650453983,-0.2848681205126256,-0.8142622873195424,0.8142622873195424
8.20994,-0.7677416627793634,-0.6582146346566191,0.10952702812274429,0.8121112116876201,0.8121112116876201
8.73094,-0.8228428717579928,-0.9532521926147763,-0.13040932085678358,-0.8114058715571798,0.8114058715571798
8.11994,-0.7976911436931794,-0.40241154210301694,0.39527960159016245,0.8108620298371781,0.8108620298371781
7.46595,-0.6237461137369328,-0.34575002215172024,0.27799609158521255,0.8082976852955802,0.8082976852955802
7.37595,-0.08955576317339525,0.3402653121440117,0.42982107531740693,0.8071234264805649,0.8071234264805649
6.03696,0.7583184009838253,0.4029018307629334,-0.3554165702208919,-0.8067888112876224,0.8067888112876224
7.29995,0.5967840298080811,0.38275816554052,-0.2140258642675611,-0.8067264325240253,0.8067264325240253
5.62096,0.8325585780746636,0.5387889972837457,-0.29376958079091786,-0.805939806642647,0.805939806642647
7.34595,0.12508696513024,0.6974977894782095,0.5724108243479695,0.8059219665648788,0.8059219665648788
8.37794,-0.5754511509649001,-0.49083250305754184,0.08461864790735824,0.8052844715284396,0.8052844715284396
6.95295,-0.2624122432405333,-0.37946768718368984,-0.11705544394315653,-0.8048027307686492,0.8048027307686492
6.53695,0.29831938263996494,0.06501212774501255,-0.23330725489495238,-0.8036100396627747,0.8036100396627747
8.05294,-0.8100719119233668,-0.4591353155105442,0.3509365964128226,0.8034584509128085,0.8034584509128085
8.83994,-0.875935203437826,-0.9527163415141182,-0.07678113807629217,-0.8030570887078717,0.8030570887078717
7.84194,-0.5265634337059821,-0.3459010570300945,0.18066237667588764,0.8028054218237917,0.8028054218237917
7.16995,0.7004553343763057,0.8495787919682043,0.1491234575918986,0.8024924902644333,0.8024924902644333
7.54895,-0.6573451442442322,-0.1988986256085624,0.45844651863566976,0.8023579808315207,0.8023579808315207
6.02596,0.7303553052100655,0.4122671948122938,-0.31808811039777174,-0.8009958530868683,0.8009958530868683
7.90594,-0.41126627395742044,0.07364281569062438,0.4849090896480448,0.8005530777596869,0.8005530777596869
7.17795,0.9695385334694162,0.8330095796890724,-0.1365289537803438,-0.7989467457330488,0.7989467457330488
8.06794,-0.8261283158961465,-0.3482315711690644,0.47789674472708216,0.7987504994577507,0.7987504994577507
8.08594,-0.7683249554247313,-0.19572919934152555,0.5725957560832058,0.7982067663105255,0.7982067663105255
7.44695,-0.5968557110125655,-0.3785825468088924,0.2182731642036731,0.7981947985315115,0.7981947985315115
8.94294,-0.9602631476760952,-1.0039175318676097,-0.04365438419151446,-0.7978174079867225,0.7978174079867225
5.69296,-0.1720587264066094,0.11258288904142355,0.28464161544803296,0.7970929521073873,0.7970929521073873
8.09294,-0.8033854001121733,-0.18672185614101952,0.6166635439711537,0.7970600332129375,0.7970600332129375
5.68896,-0.11661461517458395,0.13373996926188667,0.25035458443647063,0.7962951458200529,0.7962951458200529
5.70896,-0.22543122268071353,0.07197505736430113,0.2974062800450147,0.796260894778377,0.796260894778377
8.11094,-0.8165188132983354,-0.36755983086888383,0.4489589824294516,0.7961907867509521,0.7961907867509521
7.36095,-0.019354223848955472,0.6847522326240012,0.7041064564729567,0.7947603079524485,0.7947603079524485
7.83894,-0.4927865017809278,-0.3203971622147353,0.1723893395661925,0.7935100788267961,0.7935100788267961
8.85594,-0.842577713648812,-0.9836089118339684,-0.14103119818515641,-0.7934512377666475,0.7934512377666475
8.06494,-0.8129734525791206,-0.38831623058123965,0.4246572219978809,0.7916681933449127,0.7916681933449127
6.78695,-0.2685424175734564,-0.39916416182828895,-0.13062174425483253,-0.7914227908819716,0.7914227908819716
8.91194,-0.9442449776701327,-1.0693552619560882,-0.1251102842859555,-0.790249393456924,0.790249393456924
8.08494,-0.7873559451432591,-0.2082549644245834,0.5791009807186758,0.7897095193824205,0.7897095193824205
7.49095,-0.6530831135964271,-0.3081749620867199,0.3449081515097072,0.7882061017518825,0.7882061017518825
7.90194,-0.37364742028438636,0.10743069083371203,0.4810781111180984,0.7874141266854308,0.7874141266854308
7.82194,-0.36548594598135964,-0.1808557584027237,0.18463018757863595,0.7872413067688755,0.7872413067688755
6.74895,-0.2796820481253761,-0.4294191062461258,-0.14973705812074967,-0.7865452700636147,0.7865452700636147
6.03196,0.7469375429532036,0.41149454395207813,-0.33544299900112545,-0.7865191798528198,0.7865191798528198
8.07494,-0.7727647865555113,-0.3552118118908459,0.4175529746646654,0.7843338464824285,0.7843338464824285
8.06694,-0.8108237727557761,-0.3400961291857367,0.47072764357003943,0.7838622132921623,0.7838622132921623
5.98596,0.4421413830744011,0.6280200543807795,0.18587867130637836,0.7837073004428177,0.7837073004428177
8.83694,-0.8711798888526288,-0.9813444014884876,-0.1101645126358588,-0.7837002420272257,0.7837002420272257
7.82294,-0.36141514340342296,-0.18021245468440555,0.1812026887190174,0.7820715977755562,0.7820715977755562
7.83394,-0.45902907453877684,-0.3051954452822626,0.15383362925651423,0.7811081950368982,0.7811081950368982
6.03496,0.811500857305008,0.4749339153439763,-0.3365669419610317,-0.7793140981132919,0.7793140981132919
7.37695,-0.10525961001322925,0.2869224576644602,0.3921820676776894,0.7789586070274708,0.7789586070274708
5.69196,-0.18870208828538054,0.09649985726371416,0.2852019455490947,0.7783067107100137,0.7783067107100137
8.11594,-0.8210164362181436,-0.4030206368325645,0.41799579938557907,0.7781563220427327,0.7781563220427327
5.98096,0.3638431936778973,0.6084537114673375,0.2446105177894402,0.7772382980224279,0.7772382980224279
7.84294,-0.5015908223528094,-0.3481026081216286,0.1534882142311808,0.7771676033198062,0.7771676033198062
7.45095,-0.6386112168867704,-0.3721282666375471,0.26648295024922325,0.7761314064319306,0.7761314064319306
6.28695,1.4279838839246928,2.045122107894921,0.6171382239702283,0.7751875243607691,0.7751875243607691
7.48295,-0.5716595288252716,-0.3067107427923005,0.2649487860329711,0.7749646413360951,0.7749646413360951
6.80395,-0.2801165306588162,-0.35476330167267645,-0.07464677101386025,-0.7734688034689727,0.7734688034689727
7.48595,-0.5950013798680109,-0.29257197640584753,0.3024294034621634,0.7732571259915548,0.7732571259915548
5.70996,-0.2268453051730404,0.07122803090463832,0.2980733360776787,0.7728590948149698,0.7728590948149698
6.75095,-0.25420589301694835,-0.3959959368569596,-0.14179004384001126,-0.7725610648539409,0.7725610648539409
8.07194,-0.7668575990357724,-0.3428774752991857,0.4239801237365867,0.7719395918578678,0.7719395918578678
8.11894,-0.8355909882977507,-0.45496627849362853,0.38062470980412216,0.7711567095527632,0.7711567095527632
8.09594,-0.801336372097134,-0.23431098609207274,0.5670253860050614,0.7710446967455825,0.7710446967455825
7.44295,-0.6319547400221348,-0.46355823413983976,0.16839650588229504,0.7703336010694949,0.7703336010694949
7.27895,0.43444003011849525,0.2057453420441362,-0.22869468807435905,-0.7703327987307336,0.7703327987307336
8.09194,-0.7618105602236313,-0.15363334311208426,0.6081772171115469,0.769310438997491,0.769310438997491
7.83794,-0.4482777326318957,-0.32531204249149764,0.12296569014039804,0.7685305682566315,0.7685305682566315
7.37295,-0.09433508073307335,0.41382065944040597,0.5081557401734793,0.7679957294311213,0.7679957294311213
8.08294,-0.7912097763556382,-0.2656863967560018,0.5255233795996364,0.7667748693087033,0.7667748693087033
8.08094,-0.8023056349716571,-0.26445261902854655,0.5378530159431105,0.7667310284986556,0.7667310284986556
7.05995,-0.37733724802809043,-0.09582257156317656,0.2815146764649139,0.7650240278719213,0.7650240278719213
6.56795,0.21143503877013675,0.015976730718672203,-0.19545830805146455,-0.7644242300030092,0.7644242300030092
8.14194,-0.7966756540451772,-0.547813999300694,0.24886165474448319,0.7634575488584718,0.7634575488584718
5.67996,-0.1451245619819303,0.12566991188192753,0.2707944738638578,0.7629817960724987,0.7629817960724987
5.97996,0.374615096713973,0.6070041283140155,0.23238903160004254,0.7628165236645855,0.7628165236645855
8.09694,-0.7867450798697629,-0.23734794405006296,0.5493971358197,0.7623356245966484,0.7623356245966484
8.82594,-0.8494619042807565,-0.9648148385107704,-0.11535293423001391,-0.7609467130295213,0.7609467130295213
8.06894,-0.8264420824445158,-0.356232958953945,0.47020912349057076,0.7607739517602635,0.7607739517602635
6.28595,1.456750599645614,2.0705113447422074,0.6137607450965934,0.7605848029201158,0.7605848029201158
8.40594,-0.2777140849949632,-0.6136580976219459,-0.3359440126269827,-0.7603501169437188,0.7603501169437188
8.76594,-0.9040248835245355,-0.9787713746267818,-0.07474649110224629,-0.7588761599448567,0.7588761599448567
7.48695,-0.5868953035745066,-0.29028704544541634,0.29660825812909025,0.7579890275908808,0.7579890275908808
7.44195,-0.5851585516983706,-0.435428735179151,0.14972981651921963,0.7578163908514851,0.7578163908514851
8.11194,-0.7837083331594918,-0.39340520761342807,0.3903031255460638,0.756563066515117,0.756563066515117
8.12494,-0.7570428298957106,-0.4340841245387865,0.3229587053569241,0.7554702264095485,0.7554702264095485
8.06594,-0.7775148537357117,-0.35539074213848376,0.42212411159722796,0.7552509783833415,0.7552509783833415
8.10194,-0.7955979693971561,-0.29265724800444143,0.5029407213927146,0.7551436013271802,0.7551436013271802
6.78795,-0.26263231570349693,-0.38673470728332215,-0.12410239157982522,-0.7539953402229643,0.7539953402229643
7.06095,-0.38844130935097804,-0.11305238068521874,0.2753889286657593,0.7533902474442796,0.7533902474442796
8.20194,-0.8110514628521521,-0.6908531294927319,0.1201983333594202,0.7524891335915632,0.7524891335915632
8.06094,-0.7925909625197204,-0.46895333207341494,0.32363763044630545,0.7524009713264985,0.7524009713264985
8.64494,-0.9275095048324823,-1.0080467715515569,-0.08053726671907457,-0.7523252223424253,0.7523252223424253
7.46195,-0.6183264104037359,-0.3304874501859828,0.2878389602177531,0.7520637941337014,0.7520637941337014
6.76995,-0.28323809019907475,-0.41940172303094675,-0.136163632831872,-0.7518182431526876,0.7518182431526876
8.10994,-0.7998224568335844,-0.3426155290019683,0.45720692783161615,0.7512703919056658,0.7512703919056658
8.07994,-0.8258717258929646,-0.26469240006078926,0.5611793258321753,0.7510711884328277,0.7510711884328277
7.05095,-0.42742484457277696,-0.12867728025427067,0.2987475643185063,0.7508168298651533,0.7508168298651533
6.76495,-0.26216468299932266,-0.3878817639418534,-0.12571708094253076,-0.7507298021418195,0.7507298021418195
7.90294,-0.34439055407474395,0.127552621565764,0.4719431756405079,0.7499931563038273,0.7499931563038273
7.87894,-0.4759891537879185,-0.30523538143731,0.1707537723506085,0.7488367193755874,0.7488367193755874
8.12594,-0.781424948899206,-0.4778169375418214,0.3036080113573846,0.748415439844185,0.748415439844185
6.03396,0.7699068367590847,0.47344591047173873,-0.29646092628734594,-0.7465270629150014,0.7465270629150014
8.61994,-0.8746220471490771,-1.0039170775574284,-0.12929503040835133,-0.7455018204027567,0.7455018204027567
8.43394,-0.7614260133975304,-0.8431771581037807,-0.08175114470625033,-0.7454762087507127,0.7454762087507127
8.09494,-0.7948963206967967,-0.21404310224356343,0.5808532184532333,0.7454427966865363,0.7454427966865363
6.76795,-0.24496463278008915,-0.36771688442282047,-0.12275225164273132,-0.7434288866488645,0.7434288866488645
5.68396,-0.20734855836326124,0.08634703150796298,0.29369558987122424,0.743424213141957,0.743424213141957
5.67296,-0.12287170821023304,0.1457400358176049,0.26861174402783794,0.7428611126958642,0.7428611126958642
7.32095,0.43496001381181404,0.2768621036134425,-0.15809791019837155,-0.742354315066562,0.742354315066562
6.78995,-0.29335300672270376,-0.44608543038351167,-0.15273242366080791,-0.7422546822491487,0.7422546822491487
5.66996,-0.08087536105523224,0.17751730653645056,0.2583926675916828,0.7421641838823192,0.7421641838823192
8.12894,-0.7924432990948523,-0.47327600209220055,0.3191672970026518,0.7416875551056155,0.7416875551056155
6.81795,-0.2181164697765725,-0.32934996956659784,-0.11123349979002534,-0.741502584772783,0.741502584772783
8.08794,-0.7696690933825139,-0.22169769689727878,0.5479713964852351,0.7414780533925993,0.7414780533925993
7.90494,-0.35355637986263133,0.12124033828949887,0.4747967181521302,0.741444629209132,0.741444629209132
7.48095,-0.59384694465542,-0.3659391298195249,0.22790781483589506,0.7408634283333152,0.7408634283333152
5.70696,-0.1652026196826416,0.11835801149613759,0.28356063117877917,0.7394436213880429,0.7394436213880429
7.37395,-0.07240950983723396,0.39549092952698456,0.46790043936421855,0.7391670567646943,0.7391670567646943
5.70796,-0.2023685313182486,0.08272473693631789,0.2850932682545665,0.7389323463897203,0.7389323463897203
5.70596,-0.1674197311636578,0.11746806692857412,0.2848877980922319,0.7385375332085137,0.7385375332085137
6.08696,1.1111719047959188,0.646448601053572,-0.4647233037423467,-0.7384027646837543,0.7384027646837543
8.82494,-0.8621359122884151,-0.9780411968234919,-0.11590528453507676,-0.7377519033417855,0.7377519033417855
7.05295,-0.4372013761825194,-0.1369418234497056,0.3002595527328138,0.7372590901948164,0.7372590901948164
8.83494,-0.8830562595503082,-1.0040946797761998,-0.12103842022589162,-0.7368750015159821,0.7368750015159821
7.91194,-0.4363406900061453,0.042102024192788245,0.4784427141989335,0.7368271589657656,0.7368271589657656
5.52796,2.153203624729727,2.6757737079263264,0.5225700831965994,0.7364176209517639,0.7364176209517639
8.09994,-0.8025980496225843,-0.28936211288563646,0.5132359367369479,0.7358711465429314,0.7358711465429314
8.38694,-0.025036728350487772,-0.18235745191218164,-0.15732072356169385,-0.7356990083683328,0.7356990083683328
8.08894,-0.7497349274156851,-0.1602631716232285,0.5894717557924567,0.7353629610466255,0.7353629610466255
5.62796,0.7021131254201504,0.48336739353937397,-0.2187457318807764,-0.7349931213851092,0.7349931213851092
8.12194,-0.7731811457966675,-0.41862311299559724,0.3545580328010703,0.73425842985668,0.73425842985668
7.36995,-0.06688444649037538,0.5318154438480608,0.5986998903384362,0.7341455320877673,0.7341455320877673
6.03296,0.7328674589287846,0.4453835980650659,-0.2874838608637187,-0.7337711687003974,0.7337711687003974
7.45695,-0.6065466786574623,-0.3022150283890171,0.30433165026844516,0.7337526826131805,0.7337526826131805
8.08394,-0.7768654237208441,-0.2408616061893222,0.5360038175315219,0.7337296259949042,0.7337296259949042
8.83894,-0.864337004863069,-0.9391952320982854,-0.0748582272352164,-0.7324705612192987,0.7324705612192987
7.05795,-0.3983408957635119,-0.12926406693234155,0.26907682883117034,0.731746041716319,0.731746041716319
7.48195,-0.5939021479309534,-0.3547008227104141,0.23920132522053933,0.7310407134890547,0.7310407134890547
8.37294,-0.7021086470495724,-0.8319509413180946,-0.12984229426852212,-0.7307255468366649,0.7307255468366649
7.87994,-0.4847853471947071,-0.32892476414782607,0.15586058304688105,0.7288314800296615,0.7288314800296615
8.13994,-0.8115929161063706,-0.5504961962429641,0.26109671986340655,0.7287290531552048,0.7287290531552048
8.12694,-0.7976905779767034,-0.5014350994054145,0.29625547857128887,0.7285048491427147,0.7285048491427147
8.83294,-0.896970525345197,-1.008514754801323,-0.11154422945612597,-0.7284509478595161,0.7284509478595161
5.71296,-0.18731142244464535,0.10301199187280059,0.29032341431744596,0.7279484528713428,0.7279484528713428
8.84094,-0.867338397671487,-0.9486175080675654,-0.08127911039607838,-0.727394073619106,0.727394073619106
7.29895,0.5692035786834319,0.3720385536955228,-0.19716502498790905,-0.7270805011905326,0.7270805011905326
8.12394,-0.7449437587670207,-0.40500477427878917,0.3399389844882315,0.7270034126570152,0.7270034126570152
5.67096,-0.08063676243125532,0.16141381596434692,0.24205057839560223,0.7266551830994528,0.7266551830994528
8.09394,-0.7903850074188711,-0.23132799942872456,0.5590570079901465,0.7265524072512712,0.7265524072512712
7.04895,-0.4960412421518784,-0.18274880545567168,0.3132924366962067,0.7256691735921845,0.7256691735921845
7.34795,0.14937769420004904,0.709966093070414,0.560588398870365,0.7255333017053799,0.7255333017053799
5.67596,-0.1311039451004922,0.11511426952351267,0.24621821462400487,0.7246808610248541,0.7246808610248541
8.62394,-0.829613442657825,-0.9111005812987768,-0.0814871386409518,-0.7243067894154556,0.7243067894154556
8.23394,-0.8551227922745355,-0.6253077807641941,0.22981501151034134,0.7239713751719389,0.7239713751719389
8.37394,-0.6655188376230892,-0.783161978815361,-0.11764314119227182,-0.7231677103581301,0.7231677103581301
8.09094,-0.7525639803095523,-0.17700509465360006,0.5755588856559523,0.7230698952374645,0.7230698952374645
8.09894,-0.7766225034122389,-0.23202271975236077,0.5445997836598782,0.7228381991314291,0.7228381991314291
8.10294,-0.7893988158482466,-0.30761048502257793,0.48178833082566863,0.7224921142522454,0.7224921142522454
8.11794,-0.81634123823804,-0.42982464431232403,0.3865165939257159,0.7219672440600748,0.7219672440600748
8.04394,-0.7808354772655355,-0.6167502029552623,0.1640852743102732,0.7217365663678638,0.7217365663678638
8.19494,-0.7957452164504999,-0.6370674716922234,0.15867774475827645,0.7204017232944894,0.7204017232944894
8.07794,-0.8091756271524317,-0.28204182348989026,0.5271338036625415,0.7196775568555248,0.7196775568555248
8.32094,-0.8580008535023306,-0.8831287854284813,-0.025127931926150704,-0.7191420369796855,0.7191420369796855
5.98696,0.41823939320901105,0.5834315846856722,0.1651921914766612,0.7190720795589818,0.7190720795589818
6.55795,0.2610513180571686,0.036966693696704224,-0.22408462436046436,-0.7186875546408765,0.7186875546408765
5.53896,3.024223418166457,2.6040576535719717,-0.4201657645944854,-0.7184051461350855,0.7184051461350855
8.21894,-0.8259484253099726,-0.665332996927612,0.16061542838236054,0.7171874084476016,0.7171874084476016
8.10094,-0.7713440145603842,-0.2939975830375679,0.47734643152281625,0.7150462532654025,0.7150462532654025
6.77895,-0.28651918975284435,-0.43237873759748185,-0.1458595478446375,-0.7144555188124387,0.7144555188124387
8.12294,-0.7682853517040654,-0.413941398110177,0.3543439535938884,0.7144099803401884,0.7144099803401884
6.53795,0.25492253959455885,0.045095770527641015,-0.20982676906691783,-0.7143929760299981,0.7143929760299981
8.11294,-0.8024701746104836,-0.4296421790090316,0.372827995601452,0.714341114065141,0.714341114065141
8.11494,-0.7774498285864027,-0.3889158023563745,0.38853402623002814,0.7140743433572292,0.7140743433572292
5.67796,-0.1612611076181543,0.10308743059099419,0.2643485382091485,0.7129123439940266,0.7129123439940266
8.22894,-0.8166317171233395,-0.581165293590021,0.23546642353331848,0.7124572530159722,0.7124572530159722
8.82394,-0.8329522972074397,-0.9751294274482494,-0.1421771302408097,-0.7124383602390796,0.7124383602390796
6.28795,1.4396281727039262,1.9979245362576423,0.5582963635537161,0.7123139339399905,0.7123139339399905
8.58594,-0.8927203242245357,-1.0047678877964787,-0.11204756357194301,-0.7119224045289954,0.7119224045289954
6.77795,-0.27026452384280525,-0.3993992589278616,-0.12913473508505635,-0.711576273090064,0.711576273090064
7.48495,-0.6123293976478289,-0.3410430381216051,0.2712863595262238,0.7115415713466666,0.7115415713466666
7.04995,-0.4588902273405184,-0.16548744160326492,0.2934027857372534,0.7110714128145542,0.7110714128145542
8.11694,-0.7843556451417436,-0.3991598135240387,0.38519583161770493,0.7108287490062117,0.7108287490062117
7.34295,0.24617825750487063,0.7393471342761038,0.4931688767712331,0.7106345111616028,0.7106345111616028
5.67896,-0.14237753028752062,0.10927479605748418,0.2516523263450048,0.7094058269706587,0.7094058269706587
5.71196,-0.18901904338136077,0.09721056838612706,0.28622961176748785,0.7076021521327379,0.7076021521327379
8.22594,-0.8264106569286945,-0.6175977576903836,0.20881289923831092,0.7072370052081584,0.7072370052081584
8.70794,-0.8592903080428091,-0.9819585359238568,-0.1226682278810477,-0.7050047323690647,0.7050047323690647
7.37095,-0.05464153045043089,0.47472160867603935,0.5293631391264703,0.7044518928587864,0.7044518928587864
8.61794,-0.8763262378796624,-0.987552261730989,-0.11122602385132663,-0.7039466924587263,0.7039466924587263
5.91696,0.8237535628848291,0.9898128671114067,0.16605930422657755,0.7036564378554945,0.7036564378554945
6.12996,0.5750366297377718,0.9803825169296518,0.40534588719188,0.7028502439002551,0.7028502439002551
6.09096,1.120493725392074,0.6641129993886957,-0.4563807260033782,-0.7016542669119448,0.7016542669119448
7.34195,0.2473921274840946,0.7357819666554519,0.48838983917135737,0.7012133739964698,0.7012133739964698
8.30094,-0.8356207772841007,-0.9240197855638523,-0.08839900827975167,-0.7007565238108724,0.7007565238108724
6.77295,-0.25380411276655557,-0.3652860747113159,-0.11148196194476034,-0.7002805765485068,0.7002805765485068
7.91094,-0.45140573100638015,0.0031784968688404586,0.4545842278752206,0.6993420613188731,0.6993420613188731
7.84594,-0.5187564560454192,-0.40310749570782717,0.11564896033759203,0.6989933300755901,0.6989933300755901
7.05395,-0.46479526205483457,-0.18355407524855155,0.281241186806283,0.6989033617807849,0.6989033617807849
8.08694,-0.7405420042215108,-0.24943903893479918,0.49110296528671166,0.6986512765174065,0.6986512765174065
8.25094,-0.8000452520367838,-0.5994433932576955,0.20060185877908832,0.6986356444723507,0.6986356444723507
7.34495,0.20748018533971588,0.6981718687562378,0.4906916834165219,0.6983347951703422,0.6983347951703422
8.58694,-0.8922314528804702,-0.9926083556343367,-0.10037690275386646,-0.6971831424435738,0.6971831424435738
8.05694,-0.7642964143702784,-0.4109314447246301,0.3533649696456483,0.6955889456728634,0.6955889456728634
8.22394,-0.8301751651906952,-0.6355690817875903,0.19460608340310492,0.6939329299223221,0.6939329299223221
7.90394,-0.30643006567310305,0.14189123491916253,0.4483213005922656,0.6932026529132137,0.6932026529132137
6.81895,-0.22383773939406149,-0.33431938614342965,-0.11048164674936817,-0.6927744657626338,0.6927744657626338
8.61894,-0.9025092452545362,-0.9987679748449149,-0.09625872959037862,-0.6918714816484484,0.6918714816484484
6.56095,0.2436272962993185,0.02959151702611205,-0.21403577927320647,-0.6911276505780154,0.6911276505780154
8.19294,-0.8372772040676164,-0.6563508114556471,0.1809263926119693,0.6910240931988862,0.6910240931988862
8.05094,-0.7266005066723433,-0.5419773456673292,0.18462316100501408,0.6908633278422982,0.6908633278422982
8.08994,-0.7678519132124616,-0.2317608091437158,0.5360911040687458,0.6907361659671722,0.6907361659671722
8.42394,-0.687392591599505,-0.834174668396497,-0.14678207679699196,-0.6904494550906569,0.6904494550906569
5.71496,-0.17755930044150964,0.0827429832925166,0.26030228373402625,0.6895641127379287,0.6895641127379287
8.30694,-0.8776339741947027,-0.9150186091914883,-0.03738463499678557,-0.6894954167560045,0.6894954167560045
8.38394,-0.3323151926080078,-0.1291813936331919,0.2031337989748159,0.688547242533712,0.688547242533712
6.77195,-0.2772801443930364,-0.38371506206555933,-0.10643491767252294,-0.6883784521030997,0.6883784521030997
6.29095,1.528515827894867,2.0302552831698546,0.5017394552749876,0.6882466647964306,0.6882466647964306
8.04994,-0.7169607539166466,-0.5601470467208302,0.15681370719581644,0.6880087015037937,0.6880087015037937
6.02496,0.6828659896407421,0.4191204445750844,-0.26374554506565767,-0.6878721466214281,0.6878721466214281
5.98796,0.3880515615936869,0.5579951857204247,0.1699436241267378,0.6876494936182408,0.6876494936182408
8.84194,-0.8452344740925429,-0.9318820590649167,-0.08664758497237379,-0.6872092096617046,0.6872092096617046
8.10394,-0.7490262014838459,-0.2958453730230036,0.4531808284608423,0.6848908860866647,0.6848908860866647
5.91796,0.7892590820646094,0.9702776848404923,0.1810186027758829,0.684237721039897,0.684237721039897
7.45295,-0.6322824453085182,-0.36470826621722896,0.2675741790912892,0.6840638734304685,0.6840638734304685
6.13396,0.6220000295488377,0.9914876840707717,0.369487654521934,0.6816511261627339,0.6816511261627339
7.37795,-0.11133782202571203,0.20769213706479103,0.3190299590905031,0.681530917315601,0.681530917315601
7.03895,-0.4781364462860216,-0.1719017663798434,0.3062346799061782,0.6809966297563432,0.6809966297563432
8.62794,-0.8168474583091492,-0.9035113223682728,-0.08666386405912363,-0.6804712671449653,0.6804712671449653
6.76395,-0.25623420393813773,-0.36961777285772507,-0.11338356891958734,-0.680264430033202,0.680264430033202
8.86394,-0.9143247419160596,-0.9850219410513257,-0.07069719913526606,-0.6776390835170824,0.6776390835170824
8.59994,-0.8895371532563217,-0.9933975308667048,-0.10386037761038314,-0.676337335146586,0.676337335146586
5.97896,0.43320967723780246,0.6246005078512935,0.19139083061349105,0.6756206340851313,0.6756206340851313
7.03095,-0.5074425011822616,-0.20875364156408455,0.2986888596181771,0.6747650536585601,0.6747650536585601
8.30394,-0.8465682210711012,-0.8731564585958073,-0.02658823752470607,-0.6745388914191124,0.6745388914191124
8.59894,-0.8667363886672912,-0.964962834206042,-0.09822644553875082,-0.6742513282016979,0.6742513282016979
8.25694,-0.8325818750176837,-0.6052953799806041,0.22728649503707954,0.6739717067725317,0.6739717067725317
6.02396,0.6866188777093789,0.41824457847008123,-0.2683742992392977,-0.6733932162627112,0.6733932162627112
8.83794,-0.8745777711712028,-0.9735609134313705,-0.09898314226016769,-0.6733139834053015,0.6733139834053015
7.02995,-0.48921170671456043,-0.18528217203509476,0.3039295346794657,0.6730503721310893,0.6730503721310893
8.42694,-0.680101190068523,-0.8486385607222688,-0.16853737065374585,-0.6730035439720214,0.6730035439720214
6.01696,0.6540658799667204,0.41121095414215914,-0.24285492582456125,-0.6720005316670999,0.6720005316670999
5.65796,0.052736846807849194,0.27154526599007295,0.21880841918222377,0.6716462694564607,0.6716462694564607
8.10494,-0.7457622340154995,-0.33135854813595994,0.4144036858795395,0.6706785156653516,0.6706785156653516
8.05194,-0.7353082543205139,-0.4836120305915159,0.251696223728998,0.6704323091541002,0.6704323091541002
5.64996,0.07701490680721026,0.29400720248656054,0.21699229567935027,0.6702509628091786,0.6702509628091786
8.07694,-0.7772831454047777,-0.2914825988867768,0.4858005465180009,0.6699180066586042,0.6699180066586042
8.83594,-0.8853824571682982,-0.9897681896102019,-0.10438573244190363,-0.669662284188569,0.669662284188569
8.70294,-0.8837668978795502,-0.9952650632833763,-0.11149816540382607,-0.6696541204354686,0.6696541204354686
8.09794,-0.7600062671390917,-0.2511622980601461,0.5088439690789456,0.6695953659796299,0.6695953659796299
6.01096,0.6166939625209628,0.38902631367012974,-0.22766764885083302,-0.6693676947856986,0.6693676947856986
8.73794,-0.8586496613441165,-0.9293504339263116,-0.07070077258219509,-0.6691608675629614,0.6691608675629614
7.86894,-0.5337473899550231,-0.40829844469609666,0.12544894525892647,0.6682007745564205,0.6682007745564205
7.28295,0.42134551349614385,0.28192815169391733,-0.13941736180222652,-0.6679738567857249,0.6679738567857249
8.82294,-0.8320988857619985,-0.9695489703432985,-0.13745008458129993,-0.6678054366708918,0.6678054366708918
5.62996,0.6454531139628221,0.4365143583691592,-0.20893875559366293,-0.6677419600840976,0.6677419600840976
8.14294,-0.7938157160834638,-0.5766497060927874,0.21716600999067637,0.6676580364409713,0.6676580364409713
8.16194,-0.7751386323238127,-0.6320637310181415,0.14307490130567124,0.6675085345169701,0.6675085345169701
8.06994,-0.7517028162762738,-0.32704463267110784,0.42465818360516594,0.6670495716353475,0.6670495716353475
7.87194,-0.5262676825498664,-0.44379853713510226,0.08246914541476419,0.6668483923927101,0.6668483923927101
5.71796,-0.16100459475820977,0.10365744257527769,0.2646620373334875,0.6649010200963056,0.6649010200963056
6.55995,0.24642747759312195,0.03120819495444921,-0.21521928263867274,-0.6641861020009086,0.6641861020009086
6.73895,-0.2689084728359443,-0.3681733210959016,-0.0992648482599573,-0.6635602530618023,0.6635602530618023
7.88694,-0.43315333680631385,-0.2226431495403136,0.21051018726600024,0.6620354116364426,0.6620354116364426
8.12994,-0.7677186055001014,-0.4561721561843544,0.311546449315747,0.6618220887819347,0.6618220887819347
8.25294,-0.8281529190840807,-0.620477002580987,0.2076759165030937,0.6614502504212046,0.6614502504212046
7.45395,-0.660618397870565,-0.3883883262907698,0.2722300715797952,0.6612052824156026,0.6612052824156026
7.46095,-0.6250772390582191,-0.36292180272738744,0.26215543633083166,0.6591986615875878,0.6591986615875878
7.37895,-0.11395445362170142,0.18418655375249765,0.2981410073741991,0.6588640759447344,0.6588640759447344
7.45195,-0.6287882746869964,-0.38996679133376466,0.23882148335323172,0.6587265984081462,0.6587265984081462
6.74395,-0.28680119800414156,-0.4216273132542662,-0.13482611525012467,-0.6585771301484776,0.6585771301484776
7.90894,-0.37887488563453775,0.029610420601399814,0.40848530623593754,0.6583780863738171,0.6583780863738171
8.02694,-0.6225207049297667,-0.7282259262479721,-0.10570522131820537,-0.6580687513822542,0.6580687513822542
7.91294,-0.4162322833431049,0.000203155466387788,0.4164354388094927,0.6572597770901752,0.6572597770901752
7.47495,-0.5850215780116963,-0.4019863634649502,0.1830352145467461,0.6564282387356154,0.6564282387356154
8.19394,-0.8389659863874142,-0.6586992302119408,0.18026675617547339,0.6563128056182046,0.6563128056182046
8.25594,-0.7988965860990991,-0.5724088690342223,0.2264877170648768,0.6562821814219854,0.6562821814219854
8.14494,-0.8060309085789785,-0.5732405546968454,0.2327903538821331,0.6548518840388978,0.6548518840388978
5.66896,-0.1017997938661074,0.13780780198701656,0.23960759585312397,0.6540025171090983,0.6540025171090983
6.13196,0.581100269475174,0.9446333396572324,0.3635330701820584,0.6532080423869124,0.6532080423869124
8.60494,-0.833262551966201,-0.9288208329740658,-0.09555828100786479,-0.6522063939905276,0.6522063939905276
7.34395,0.25294073737275063,0.7161428273651073,0.4632020899923566,0.6517647399339783,0.6517647399339783
8.10894,-0.7804951661478345,-0.37666718550276374,0.4038279806450708,0.6516071763303067,0.6516071763303067
7.05695,-0.38484902897358364,-0.1350565439417046,0.24979248503187904,0.6479662272015446,0.6479662272015446
8.05794,-0.7495399538671808,-0.4449100276648072,0.30462992620237356,0.6478741368989092,0.6478741368989092
7.90994,-0.3906632095922767,0.04006780857834259,0.43073101817061926,0.6466308407130352,0.6466308407130352
7.86694,-0.5777148830454286,-0.5013405506077525,0.0763743324376761,0.6466162640847551,0.6466162640847551
8.04494,-0.78345717004511,-0.6053080427522721,0.17814912729283783,0.6464884877359319,0.6464884877359319
8.16094,-0.7611215837113239,-0.6161378014991009,0.14498378221222297,0.646212743185454,0.646212743185454
8.07594,-0.7480435386037176,-0.3508462240996907,0.39719731450402695,0.6461452020211393,0.6461452020211393
6.75495,-0.2587383499743521,-0.42744133310814336,-0.16870298313379128,-0.6452271741157716,0.6452271741157716
5.62196,0.7898491914749992,0.5656827364532172,-0.224166455021782,-0.6451849021159619,0.6451849021159619
6.30995,2.053406631744436,1.6005748184598028,-0.4528318132846334,-0.6446762727495859,0.6446762727495859
5.62896,0.6534111082747662,0.4566508936720753,-0.19676021460269094,-0.6436291115792554,0.6436291115792554
7.46295,-0.6034434294200957,-0.3612148406691075,0.24222858875098818,0.6429726047384301,0.6429726047384301
8.29894,-0.8222389096479029,-0.8710615757066622,-0.04882266605875929,-0.6427303147276568,0.6427303147276568
6.08796,1.0670625641500222,0.6541884737343019,-0.4128740904157203,-0.6425973599708429,0.6425973599708429
6.78895,-0.2842228256287904,-0.40745379600149656,-0.12323097037270614,-0.6425181802787612,0.6425181802787612
8.12794,-0.7747066750969669,-0.49083916104542763,0.28386751405153926,0.642430338926575,0.642430338926575
6.56595,0.2488909298444617,0.08561606523359602,-0.16327486461086568,-0.6423009298655838,0.6423009298655838
8.44594,-0.85607245741733,-0.8892900649048794,-0.03321760748754943,-0.6422583947984256,0.6422583947984256
7.45595,-0.6208904777787259,-0.33837238686406884,0.282518090914657,0.6411828247742087,0.6411828247742087
8.74194,-0.934694582486328,-1.002925275506979,-0.0682306930206511,-0.6411554740314018,0.6411554740314018
5.66196,-0.04146592135030636,0.17728829831855433,0.2187542196688607,0.6410498631444695,0.6410498631444695
6.08896,1.1065904111928588,0.7055195699374445,-0.40107084125541437,-0.6400272631018042,0.6400272631018042
6.79095,-0.29641881583229196,-0.43691166350092503,-0.14049284766863307,-0.6390072106140019,0.6390072106140019
7.29195,0.3240978938917326,0.4360944251169751,0.1119965312252425,0.6387966526399846,0.6387966526399846
8.81494,-0.8821625044740604,-0.9530531629466553,-0.0708906584725949,-0.6380986463554794,0.6380986463554794
7.28895,0.318443284244689,0.41673115732746124,0.09828787308277226,0.6379670422873188,0.6379670422873188
8.84694,-0.8942994597949883,-0.991106666393527,-0.0968072065985387,-0.6379046247276525,0.6379046247276525
8.04694,-0.7367465763092169,-0.5730797092050599,0.163666867104157,0.6375250087677738,0.6375250087677738
8.14594,-0.8163155848616725,-0.5453128384756789,0.27100274638599364,0.6368229150601143,0.6368229150601143
8.21994,-0.8221697601903866,-0.6834293830894712,0.13874037710091536,0.6355241431290726,0.6355241431290726
8.07094,-0.7341173849657935,-0.3684387270511144,0.3656786579146791,0.6348087970599343,0.6348087970599343
8.11394,-0.7601846926979688,-0.42204386655355836,0.3381408261444105,0.6339681310491415,0.6339681310491415
5.98396,0.3711668324692302,0.5634483396612968,0.1922815071920666,0.6337874576546241,0.6337874576546241
5.71396,-0.16588638491484384,0.08276362195066413,0.24865000686550798,0.63296627816818,0.63296627816818
6.09196,1.1005941805123394,0.6865811840369549,-0.4140129964753845,-0.6328044016598668,0.6328044016598668
7.29795,0.5337209794636545,0.36101894992373723,-0.17270202953991726,-0.6323565721989944,0.6323565721989944
8.36394,-0.8368915832116601,-0.8755074043605066,-0.03861582114884643,-0.6302195666506617,0.6302195666506617
8.85494,-0.8601174336592742,-0.981539415452411,-0.12142198179313679,-0.6294893631703773,0.6294893631703773
8.24894,-0.86023798025693,-0.6428554638021302,0.21738251645479978,0.6294605762020334,0.6294605762020334
7.43995,-0.6225092665535131,-0.5178603996546879,0.10464886689882524,0.6290157485278933,0.6290157485278933
7.86794,-0.5201365803128394,-0.40149336685881254,0.11864321345402684,0.6289539845068106,0.6289539845068106
8.25794,-0.8308930534428189,-0.6178186149666056,0.21307443847621332,0.6288383514289149,0.6288383514289149
8.05394,-0.7370010391761324,-0.45762546888327765,0.2793755702928547,0.6288001049255173,0.6288001049255173
7.03795,-0.45617581363757387,-0.1798209201753971,0.2763548934621768,0.6276680065443817,0.6276680065443817
8.74594,-0.902308316558863,-0.9470921150578515,-0.0447837984989885,-0.6274034173887764,0.6274034173887764
7.03395,-0.5058672309959922,-0.22667396894500028,0.27919326205099193,0.626890261932053,0.626890261932053
6.96995,-0.2965870910110102,-0.42451558896380087,-0.12792849795279065,-0.6267619545544186,0.6267619545544186
8.34794,-0.8427542336843099,-0.8689310540369639,-0.026176820352654007,-0.6262684051475605,0.6262684051475605
8.05994,-0.7512467844504584,-0.4727213497736299,0.27852543467682855,0.6261070564754946,0.6261070564754946
6.77595,-0.2846090283436046,-0.40872292902627644,-0.12411390068267186,-0.6258377262357046,0.6258377262357046
5.71096,-0.18381097573082267,0.07314480997331962,0.2569557857041423,0.6256596606867387,0.6256596606867387
5.71696,-0.14643927493508566,0.1025669052699824,0.24900618020506804,0.6254041991841015,0.6254041991841015
8.37994,-0.48451706347701173,-0.36204097011872644,0.1224760933582853,0.6248236186754211,0.6248236186754211
8.13094,-0.7585545329627644,-0.48061114768769864,0.2779433852750658,0.6243368423095613,0.6243368423095613
7.04795,-0.47738668118865174,-0.20065385357730467,0.2767328276113471,0.6211502180038916,0.6211502180038916
5.72196,-0.11575748384747692,0.12831217768337227,0.2440696615308492,0.6198221316717258,0.6198221316717258
6.56195,0.2495592694736523,0.06546157070544416,-0.18409769876820814,-0.6191388744642452,0.6191388744642452
7.05495,-0.4443039011340123,-0.19180715166442613,0.25249674946958617,0.616632165961154,0.616632165961154
6.77695,-0.28982784206061624,-0.39712451341822563,-0.1072966713576094,-0.6161650611540046,0.6161650611540046
6.55895,0.2405261120708637,0.05079311740002717,-0.1897329946708365,-0.6159970554915624,0.6159970554915624
5.66796,-0.0638758361819551,0.15884197283430843,0.22271780901626353,0.6154583694964844,0.6154583694964844
7.34095,0.2634453380493399,0.7108569039813831,0.44741156593204323,0.6154370656211386,0.6154370656211386
8.22694,-0.813742536811462,-0.6072344222203692,0.20650811459109286,0.6147532595300474,0.6147532595300474
7.87294,-0.5346491060295099,-0.4407624720855244,0.0938866339439855,0.614691792729141,0.614691792729141
7.83294,-0.45235283337493915,-0.30125393159343133,0.1510989017815078,0.6145568258290913,0.6145568258290913
6.74295,-0.25747871095865404,-0.3681243822959545,-0.11064567133730047,-0.613456302542993,0.613456302542993
6.12796,0.5630414804388455,0.938344872793066,0.3753033923542205,0.6134301013247531,0.6134301013247531
7.03495,-0.48301222828959256,-0.21761766466217833,0.2653945636274142,0.6130604778070418,0.6130604778070418
6.03596,0.7876474310944639,0.5261021333683095,-0.2615452977261544,-0.6130347642681048,0.6130347642681048
6.08996,1.0941545565970188,0.7049652727560474,-0.3891892838409714,-0.6121010132360909,0.6121010132360909
8.69294,-0.9243841117358638,-0.9793479980660436,-0.05496388633017979,-0.6112503108605246,0.6112503108605246
6.73295,-0.23338379258151634,-0.3117442265442364,-0.07836043396272005,-0.6101190694312355,0.6101190694312355
8.10794,-0.746983499100528,-0.3754050336248036,0.3715784654757244,0.6085458285793602,0.6085458285793602
5.98496,0.4139024598046417,0.5794333300606562,0.16553087025601454,0.6070435744814744,0.6070435744814744
7.37995,-0.07874066388828115,0.18841148581051798,0.26715214969879914,0.6067075352945784,0.6067075352945784
6.12696,0.5403397566196488,0.9201105707616503,0.3797708141420014,0.6062471683960565,0.6062471683960565
6.56695,0.21826442029978851,0.06763861401112517,-0.15062580628866334,-0.6044678492199705,0.6044678492199705
6.96695,-0.3077205574115456,-0.3984281183193805,-0.09070756090783494,-0.6025604770093332,0.6025604770093332
8.73694,-0.8646057743061153,-0.9407652711968192,-0.07615949689070389,-0.6017648019735407,0.6017648019735407
8.19594,-0.7624841836703364,-0.6702258132858371,0.09225837038449936,0.6007867060851557,0.6007867060851557
8.37894,-0.5347102529219772,-0.44159819439547715,0.09311205852650001,0.6005660466668679,0.6005660466668679
8.10594,-0.7551343616667194,-0.3923608996561307,0.36277346201058874,0.6003161496095281,0.6003161496095281
8.10694,-0.7518063703857609,-0.39147093376018144,0.3603354366255795,0.5998747365619425,0.5998747365619425
5.97496,0.38283281765461447,0.5843653526408609,0.2015325349862464,0.599486297404342,0.599486297404342
8.47394,-0.8931000089008836,-0.9391573388916132,-0.046057329990729645,-0.5978257745002576,0.5978257745002576
6.55695,0.2509456663219295,0.06358598868188056,-0.18735967764004893,-0.5961642242972448,0.5961642242972448
8.28394,-0.7916642012854356,-0.8697038672009725,-0.0780396659155369,-0.5960100138359411,0.5960100138359411
7.45795,-0.6248948022066366,-0.36893721330542933,0.2559575889012073,0.5954848090015954,0.5954848090015954
8.50294,-0.9557315998872884,-0.9916790711287228,-0.03594747124143438,-0.5942240590833554,0.5942240590833554
6.73095,-0.21042164379722544,-0.30575645913695615,-0.0953348153397307,-0.5940003639927988,0.5940003639927988
7.95294,-0.6007775790474521,-0.27328815973813175,0.32748941930932035,0.5928748923223315,0.5928748923223315
6.75695,-0.2837803820727641,-0.4054273847556092,-0.12164700268284506,-0.5914618290443769,0.5914618290443769
6.77095,-0.30485546339554714,-0.39940850087729796,-0.09455303748175081,-0.5909561323227388,0.5909561323227388
8.05594,-0.7285527349645464,-0.4655668457677174,0.262985889196829,0.5900201926567934,0.5900201926567934
8.16794,-0.7283370408081014,-0.5347686349148237,0.19356840589327762,0.5894423580338153,0.5894423580338153
5.52896,2.209628721171461,2.6484742411825195,0.43884552001105837,0.5888704448015851,0.5888704448015851
6.56395,0.28717014641411115,0.11391255004879576,-0.1732575963653154,-0.588683324104271,0.588683324104271
7.45995,-0.6401012827087371,-0.3959686742353195,0.2441326084734176,0.5880901242437532,0.5880901242437532
8.84294,-0.874047779153444,-0.9421969857760237,-0.06814920662257973,-0.5868381737017377,0.5868381737017377
7.91494,-0.41540908611673766,-0.04391158311664932,0.3714975030000883,0.586720250566349,0.586720250566349
5.63096,0.6179164384721161,0.4296507711493784,-0.1882656673227377,-0.5852964192254325,0.5852964192254325
5.68296,-0.1707833559685719,0.06821212265059418,0.23899547861916606,0.582103580499051,0.582103580499051
8.14394,-0.7849612746605283,-0.5859381216617473,0.19902315299878104,0.5808817244456257,0.5808817244456257
8.60794,-0.8486145311554634,-0.9306581991085519,-0.08204366795308848,-0.580371791570147,0.580371791570147
8.81794,-0.8854418539373611,-0.9858276859486619,-0.1003858320113008,-0.5793746724813192,0.5793746724813192
5.69496,-0.15541941780883267,0.044146511459808205,0.19956592926864086,0.5776303778837112,0.5776303778837112
5.68096,-0.09005185599628815,0.1150314789537673,0.20508333495005543,0.5757552325578984,0.5757552325578984
6.28895,1.5002121702344735,1.9442592623010826,0.4440470920666091,0.5753967383999411,0.5753967383999411
7.88194,-0.4391173481337045,-0.3485771971349977,0.09054015099870683,0.5733314600022656,0.5733314600022656
6.28995,1.5199029509083597,1.9692321637857229,0.44932921287736316,0.5732811688121208,0.5732811688121208
8.25894,-0.7617268273167964,-0.5854791148285435,0.17624771248825288,0.5725596481998461,0.5725596481998461
8.62094,-0.874942684747769,-0.9791821054814688,-0.10423942073369974,-0.5723907205555331,0.5723907205555331
7.46695,-0.5697659525803269,-0.37305031895400037,0.19671563362632655,0.5713523473258006,0.5713523473258006
8.59594,-0.854529583401644,-0.9726004568314904,-0.11807087342984646,-0.5711882504460727,0.5711882504460727
7.87594,-0.5040577565350445,-0.4377725210109345,0.06628523552410998,0.571145168997265,0.571145168997265
7.91694,-0.43284311526570374,-0.05903462683306225,0.3738084884326415,0.5709017363733455,0.5709017363733455
6.73795,-0.2831889718381859,-0.37729516506965466,-0.09410619323146874,-0.5700230326224633,0.5700230326224633
7.93694,-0.53216193650766,-0.13404247108728798,0.398119465420372,0.5696446397111146,0.5696446397111146
8.70594,-0.8869980305156469,-0.96644331451915,-0.07944528400350315,-0.5694513691834755,0.5694513691834755
8.26994,-0.6335757928505787,-0.7468614541930033,-0.11328566134242457,-0.568522314056647,0.568522314056647
8.05494,-0.718643979727309,-0.473425676484106,0.24521830324320298,0.5681828833869488,0.5681828833869488
7.47995,-0.573435379351821,-0.3946856485952731,0.17874973075654788,0.5681697549387767,0.5681697549387767
7.47795,-0.6127890702078229,-0.43681419845888947,0.17597487174893345,0.5676240404712913,0.5676240404712913
6.75295,-0.27301297831248084,-0.40941500609634973,-0.1364020277838689,-0.5658487027721968,0.5658487027721968
6.75795,-0.28390921249382545,-0.4058208387807093,-0.12191162628688385,-0.5658099897365858,0.5658099897365858
6.02296,0.6741317663714392,0.447287080627826,-0.22684468574361322,-0.5655117432821318,0.5655117432821318
7.28095,0.382979258992611,0.2539399963936238,-0.12903926259898718,-0.564670606231551,0.564670606231551
7.93594,-0.5275918013348736,-0.13221490751503212,0.3953768938198415,0.5643244793662634,0.5643244793662634
8.25494,-0.8044867426033098,-0.604556280184486,0.19993046241882373,0.5640829900032814,0.5640829900032814
7.93394,-0.5473798500157838,-0.16331195467494464,0.3840678953408392,0.5618528043685156,0.5618528043685156
7.17595,0.8411495283879733,0.7307316403164636,-0.11041788807150965,-0.5610602901222779,0.5610602901222779
5.65696,0.038812158215955773,0.23035729522048626,0.1915451370045305,0.5607745927362296,0.5607745927362296
8.23994,-0.7566808637311886,-0.6156006684384172,0.14108019529277138,0.5603635477362628,0.5603635477362628
6.02196,0.639380672494246,0.4205935067425433,-0.2187871657517027,-0.5588624293732573,0.5588624293732573
8.04294,-0.7604086198619074,-0.6603566410856769,0.10005197877623051,0.5583743553119843,0.5583743553119843
6.95395,-0.25795412896880787,-0.36739204794671426,-0.10943791897790639,-0.5580412796797563,0.5580412796797563
7.91794,-0.4309498658193347,-0.06935726754663228,0.3615925982727024,0.5568108621444806,0.5568108621444806
8.83094,-0.864979053604965,-0.964227306104888,-0.09924825249992308,-0.5564865484862567,0.5564865484862567
7.93494,-0.5194405878145711,-0.13096520843191548,0.38847537938265564,0.5549916190847803,0.5549916190847803
6.13296,0.6226176175728864,0.9376234053377627,0.3150057877648763,0.5536102446472352,0.5536102446472352
7.46795,-0.572393763028,-0.3952425658616578,0.17715119716634226,0.5507335938013761,0.5507335938013761
8.14694,-0.7701924195337384,-0.5296544178359085,0.2405380016978299,0.5496517556122383,0.5496517556122383
7.41495,-0.42884573185229147,-0.3572674379942637,0.07157829385802777,0.5494606871732073,0.5494606871732073
5.98196,0.3864868096136443,0.5649459505508659,0.17845914093722165,0.5493316574444153,0.5493316574444153
8.13194,-0.7114765568037246,-0.4742265290840163,0.23725002771970827,0.5492988879342512,0.5492988879342512
8.86294,-0.894900012013611,-0.9552573507178763,-0.060357338704265295,-0.5491039523302487,0.5491039523302487
7.93994,-0.5335813644659076,-0.18106527811425327,0.3525160863516544,0.5481412377527537,0.5481412377527537
7.94394,-0.5653068951881578,-0.24812577238147263,0.3171811228066852,0.5470362904612118,0.5470362904612118
7.91594,-0.41481564044067204,-0.02525600012623865,0.3895596403144334,0.5462955965356239,0.5462955965356239
7.03295,-0.4810845423951613,-0.23125897788301936,0.24982556451214194,0.545773740297118,0.545773740297118
6.30895,2.044830106062682,1.6554138752176173,-0.3894162308450646,-0.5449723760976215,0.5449723760976215
6.96595,-0.27615342627910183,-0.3734827374217909,-0.09732931114268906,-0.5448530302601245,0.5448530302601245
5.66096,-0.04717623202335549,0.15676511592793219,0.20394134795128768,0.5429899202162038,0.5429899202162038
5.69396,-0.14438202005594425,0.05729502129057904,0.20167704134652328,0.5425981496875663,0.5425981496875663
7.92094,-0.4788289793431034,-0.08194583068413289,0.39688314865897056,0.5421825381897686,0.5421825381897686
7.33895,0.28811822617349586,0.6827357363354823,0.3946175101619865,0.5417702189237866,0.5417702189237866
7.33995,0.306743054352828,0.6959789196167306,0.38923586526390264,0.5409234891179285,0.5409234891179285
7.93894,-0.5398086453597231,-0.17185856219494536,0.36795008316477773,0.540663646535013,0.540663646535013
8.29194,-0.8095388776905945,-0.8682330330112149,-0.05869415532062039,-0.5404738664349734,0.5404738664349734
8.01694,-0.6175864523600607,-0.7030975627675528,-0.08551111040749204,-0.5382573748692574,0.5382573748692574
6.12896,0.6225308835483851,0.9407233135793666,0.3181924300309814,0.5369687469130703,0.5369687469130703
8.82694,-0.8599316100238183,-0.9532912305107258,-0.09335962048690749,-0.5345320463287478,0.5345320463287478
7.27995,0.3834768781371304,0.2265222504672925,-0.1569546276698379,-0.5340396062883487,0.5340396062883487
5.66696,-0.04490913034017294,0.15055301610511831,0.19546214644529125,0.5333763151785821,0.5333763151785821
8.23694,-0.7920721955948353,-0.6317049321381477,0.16036726345668761,0.5330888364439034,0.5330888364439034
6.56495,0.24674249405132123,0.0986783419312633,-0.1480641521200579,-0.5330361487296859,0.5330361487296859
6.56295,0.2657388116917954,0.10704764207140197,-0.15869116962039345,-0.5328635577676313,0.5328635577676313
8.29594,-0.8842817886882521,-0.9399711827005649,-0.055689394012312765,-0.5323694039137865,0.5323694039137865
8.20594,-0.8155844818798835,-0.7417480836308762,0.07383639824900734,0.5319950140310803,0.5319950140310803
6.29195,1.585955747523983,1.9841135132585426,0.39815776573455963,0.5304852121178627,0.5304852121178627
6.77995,-0.3135712491054957,-0.4078436529844494,-0.09427240387895369,-0.5296073233544955,0.5296073233544955
8.26194,-0.7866666148861796,-0.6301791854316457,0.15648742945453387,0.5290081698764588,0.5290081698764588
6.73995,-0.2502508101817273,-0.32785772492675946,-0.07760691474503217,-0.5288540785390101,0.5288540785390101
6.01196,0.5894118147892422,0.40751804248850754,-0.18189377230073467,-0.5281044032764811,0.5281044032764811
7.03195,-0.46430021277681044,-0.22661518518671692,0.23768502759009352,0.5273774246507091,0.5273774246507091
8.81994,-0.8734983454304559,-0.9713874781015633,-0.09788913267110744,-0.5273385786923211,0.5273385786923211
6.75395,-0.2817799339807306,-0.40762542946697305,-0.12584549548624246,-0.5269626546004068,0.5269626546004068
8.60094,-0.8921606875159147,-0.9717067080821699,-0.07954602056625515,-0.525662345193986,0.525662345193986
7.45895,-0.6494973061431596,-0.41685695259348066,0.23264035354967894,0.5248595436229992,0.5248595436229992
8.19194,-0.7879376937464888,-0.6764771192416578,0.11146057450483104,0.524585370146016,0.524585370146016
8.14994,-0.7795111961637559,-0.6197277472901656,0.1597834488735903,0.524572830962851,0.524572830962851
6.12596,0.5755379313992395,0.9021964304283293,0.32665849902908983,0.5236190236657877,0.5236190236657877
7.41795,-0.46557944283930874,-0.4194675127055532,0.04611193013375553,0.5232453154279845,0.5232453154279845
7.42395,-0.5393435702118929,-0.4745168536040159,0.06482671660787703,0.5229965720426156,0.5229965720426156
7.91394,-0.36800702054126533,-0.05113892064801806,0.31686809989324727,0.5227348662958009,0.5227348662958009
6.73595,-0.25289766506244366,-0.32863818764762126,-0.0757405225851776,-0.5205321300470822,0.5205321300470822
5.52996,2.2617663123119227,2.631191638640279,0.36942532632835645,0.520181398117074,0.520181398117074
7.47895,-0.5730985266968884,-0.4103210739024802,0.16277745279440825,0.5201218982644528,0.5201218982644528
8.25394,-0.8130914151469364,-0.645170223500228,0.16792119164670838,0.5190950600890967,0.5190950600890967
8.60194,-0.8780329687504514,-0.9401324059289394,-0.06209943717848798,-0.5183386989054758,0.5183386989054758
8.33194,-0.8703427535537401,-0.9023093023337011,-0.03196654877996097,-0.5175717311648276,0.5175717311648276
7.04195,-0.44712480911332314,-0.2267368086872217,0.22038800042610143,0.5172021756300003,0.5172021756300003
7.94694,-0.5772804005911207,-0.2522292933809053,0.32505110721021546,0.5170055739044596,0.5170055739044596
7.05595,-0.3714116312857747,-0.16979513298893512,0.20161649829683959,0.5159840684988405,0.5159840684988405
6.12496,0.5414984034719269,0.8674071878443315,0.32590878437240456,0.5155701207527452,0.5155701207527452
7.93294,-0.5023888445235911,-0.1474334975808134,0.35495534694277775,0.5150830446068189,0.5150830446068189
8.29994,-0.8739595714278777,-0.9339937240702038,-0.06003415264232603,-0.5145430578759291,0.5145430578759291
7.94794,-0.5524347735836019,-0.23409703263308868,0.31833774095051326,0.514504619055736,0.514504619055736
7.92594,-0.47471935011705213,-0.1557411667223104,0.3189781833947417,0.5144948452708208,0.5144948452708208
5.65896,0.05834817412744868,0.23101797660543677,0.17266980247798808,0.5140798382548583,0.5140798382548583
7.33795,0.3268397849655631,0.6893608305286675,0.3625210455631044,0.5131316085250165,0.5131316085250165
8.14894,-0.7916375733141536,-0.5888065191328148,0.20283105418133884,0.5129682086689739,0.5129682086689739
7.32195,0.3577916603355042,0.24610710391294402,-0.11168455642256017,-0.5126652101136137,0.5126652101136137
7.95194,-0.5552284629565453,-0.258119237957709,0.29710922499883624,0.5118900190605379,0.5118900190605379
7.16695,0.629365743225337,0.8009040312841834,0.1715382880588464,0.511155046110379,0.511155046110379
8.22994,-0.7766039150237565,-0.6140823073519616,0.1625216076717949,0.5100559229255178,0.5100559229255178
7.41995,-0.5213534737700052,-0.4628136308810925,0.058539842888912674,0.5098792927375776,0.5098792927375776
5.65996,0.013601413882504527,0.19364161864282164,0.18004020476031712,0.5096755126140986,0.5096755126140986
8.85394,-0.8905264727365424,-0.9839510359800755,-0.0934245632435331,-0.5073728045864191,0.5073728045864191
6.95595,-0.24333874351538398,-0.34969507846779496,-0.10635633495241098,-0.5070724288182669,0.5070724288182669
6.75195,-0.2910253178518673,-0.4209135905097881,-0.1298882726579208,-0.5052696977835313,0.5052696977835313
5.98296,0.3835453896981261,0.5512266928867556,0.1676813031886295,0.5051392983748084,0.5051392983748084
8.42294,-0.6916950267743304,-0.8160589060821879,-0.12436387930785753,-0.504795977671267,0.504795977671267
6.01596,0.6181474498827961,0.43445930586390297,-0.18368814401889316,-0.5039586698749975,0.5039586698749975
7.92294,-0.4504612146571373,-0.10661939738348955,0.3438418172736477,0.5013763481694287,0.5013763481694287
7.49995,-0.5786987050815036,-0.4495287173267702,0.12916998775473337,0.500429984945209,0.500429984945209
7.28595,0.44293687725006853,0.36698143896437146,-0.07595543828569706,-0.5002165666937644,0.5002165666937644
8.40694,-0.36924841345318904,-0.6113773224559458,-0.24212890900275674,-0.49935622970246296,0.49935622970246296
8.24694,-0.8125134577602029,-0.6725910736992402,0.1399223840609627,0.49929385094087325,0.49929385094087325
7.41195,-0.4403997411573292,-0.36988827477831726,0.07051146637901196,0.4991805120860841,0.4991805120860841
5.66296,-0.009117404506315357,0.15936564451864157,0.16848304902495692,0.4978482493567808,0.4978482493567808
7.91894,-0.3849972654653436,-0.038632755154888496,0.34636451031045506,0.4977279993702593,0.4977279993702593
5.98896,0.4169531898086083,0.5539685490467835,0.1370153592381752,0.4973458695247976,0.4973458695247976
7.40895,-0.4292061265381002,-0.3520624526343896,0.07714367390371057,0.49673975127685516,0.49673975127685516
6.01796,0.5855752151593325,0.41177320082460944,-0.1738020143347231,-0.4958559019150537,0.4958559019150537
6.09396,1.004347623367634,0.6714212693924854,-0.3329263539751487,-0.4958058861551162,0.4958058861551162
8.72994,-0.8423295709073881,-0.9338475695233895,-0.0915179986160014,-0.49500212980970937,0.49500212980970937
6.02096,0.5756451098030886,0.3896138015678844,-0.1860313082352042,-0.49468541149676154,0.49468541149676154
7.42095,-0.5306403348868975,-0.45140569806971026,0.07923463681718729,0.49402135970346367,0.49402135970346367
7.44095,-0.5741588545266809,-0.4834172976794915,0.09074155684718943,0.4922280165264981,0.4922280165264981
8.44694,-0.8438073674651554,-0.8666156720997454,-0.02280830463459005,-0.4917721268624076,0.4917721268624076
7.03595,-0.4541083332154505,-0.23467078516538495,0.21943754805006557,0.4913912128511634,0.4913912128511634
8.13794,-0.7580678836792624,-0.6037780262485777,0.15428985743068468,0.4902650500084341,0.4902650500084341
7.94094,-0.5662256681953247,-0.2163117133529411,0.34991395484238363,0.4902325460916939,0.4902325460916939
8.13494,-0.7433963079276276,-0.5501299563894312,0.19326635153819638,0.48688260104505277,0.48688260104505277
7.03695,-0.4356779689000564,-0.2209292969985531,0.2147486719015033,0.48615769392381775,0.48615769392381775
8.30294,-0.8720327965905711,-0.9014719703234851,-0.029439173732914048,-0.48555343599145057,0.48555343599145057
5.67196,-0.02220167497244912,0.14593954150709781,0.16814121647954694,0.48505326324661635,0.48505326324661635
7.04495,-0.38879788456070224,-0.1755742541606138,0.21322363040008843,0.4837870999516603,0.4837870999516603
8.13894,-0.7645605035614395,-0.6066912581789463,0.15786924538249314,0.4835616933062211,0.4835616933062211
6.09296,1.0341933206917902,0.7110527563312307,-0.3231405643605595,-0.48354225763294384,0.48354225763294384
8.15994,-0.758991270505652,-0.6313993801028551,0.12759189040279684,0.4835219608405933,0.4835219608405933
8.76494,-0.9285256380997003,-0.9766262534339402,-0.048100615334239816,-0.4830778951831694,0.4830778951831694
5.69596,-0.1527042985433223,0.021837345719506983,0.17454164426282928,0.48247872814034554,0.48247872814034554
8.24094,-0.7536899265926176,-0.6318898682876608,0.12180005830495677,0.482188949893803,0.482188949893803
6.74095,-0.26649016029040834,-0.355776863566719,-0.08928670327631066,-0.4816785974786054,0.4816785974786054
8.70494,-0.8680191207181864,-0.947230166897942,-0.0792110461797556,-0.4814068806935857,0.4814068806935857
7.04695,-0.4374261702902087,-0.22130975856462337,0.21611641172558532,0.480545660667941,0.480545660667941
6.80295,-0.3017052000310283,-0.34757384883970177,-0.04586864880867347,-0.48054039261086207,0.48054039261086207
7.91994,-0.43258306980203237,-0.12148693936580925,0.31109613043622314,0.4805096958817679,0.4805096958817679
7.02895,-0.4695735408948373,-0.2504305510860141,0.21914298980882324,0.4804817209663405,0.4804817209663405
7.40995,-0.44295880302281204,-0.3734350132903189,0.06952378973249312,0.48041141324421804,0.48041141324421804
7.94494,-0.5182372685794062,-0.23804461338116148,0.28019265519824477,0.47883540299975574,0.47883540299975574
5.64896,0.16240744152868827,0.31036027459131804,0.14795283306262977,0.4775749147130758,0.4775749147130758
7.45495,-0.6223238397560272,-0.41392660957041033,0.2083972301856169,0.47728587015118756,0.47728587015118756
6.00896,0.5819154081484376,0.428801502814721,-0.15311390533371655,-0.47594047138371404,0.47594047138371404
7.92194,-0.45899579434419713,-0.11928483584647846,0.33971095849771865,0.4752849725451364,0.4752849725451364
8.16294,-0.7579819538917985,-0.6203195624490616,0.13766239144273684,0.4750063287824311,0.4750063287824311
6.12396,0.5804317893520609,0.8780151886106994,0.2975833992586385,0.47402147089573804,0.47402147089573804
7.94194,-0.5800213609543083,-0.27925337483833756,0.3007679861159708,0.47399857706476095,0.47399857706476095
8.05894,-0.7013882817133223,-0.5132381167574617,0.18815016495586068,0.47392391525191047,0.47392391525191047
8.85294,-0.9081450050610851,-0.9872640624847222,-0.07911905742363712,-0.47267774076234526,0.47267774076234526
5.53796,2.9342892794576665,2.6648501217134646,-0.2694391577442019,-0.4694197554506216,0.4694197554506216
6.09596,1.0519089793714365,0.7390117907510662,-0.3128971886203703,-0.469380648866345,0.469380648866345
8.84494,-0.9054100502516531,-0.9941870705304249,-0.08877702027877177,-0.46832831998893326,0.46832831998893326
6.78195,-0.31055912117178036,-0.4058656251358458,-0.09530650396406543,-0.46794217151478157,0.46794217151478157
6.30795,2.004919563196432,1.6575316620993341,-0.3473879010970977,-0.46771874055587703,0.46771874055587703
8.61194,-0.8456349178727112,-0.9211262223010973,-0.07549130442838614,-0.4673356760433482,0.4673356760433482
5.53196,2.422525534460579,2.723155871999239,0.30063033753865964,0.46720750167120356,0.46720750167120356
8.70994,-0.8708282415251851,-0.9653846562125282,-0.0945564146873431,-0.4666468199591707,0.4666468199591707
7.93794,-0.508698865960396,-0.18660715450231383,0.32209171145808224,0.46601177286575185,0.46601177286575185
7.38995,-0.2249900233816551,-0.09597832166755053,0.1290117017141046,0.46567318145284886,0.46567318145284886
7.40395,-0.33547352190788293,-0.22940753068209457,0.10606599122578836,0.4627090755641588,0.4627090755641588
7.94294,-0.5472015390966092,-0.26048257933191493,0.28671895976469425,0.4608747395482207,0.4608747395482207
8.33094,-0.871064746317374,-0.9136010818570411,-0.04253633553966718,-0.4600355716272575,0.4600355716272575
8.04894,-0.7091303901225036,-0.5868647934032581,0.12226559671924542,0.4589730080592079,0.4589730080592079
8.16894,-0.7057564050975312,-0.5619396195745863,0.14381678552294497,0.45888042120070044,0.45888042120070044
7.17095,0.7509033457674316,0.838841274588398,0.0879379288209664,0.45666767602041436,0.45666767602041436
6.30695,2.0193197733435575,1.684984996271702,-0.33433477707185544,-0.4558889123691242,0.4558889123691242
7.38895,-0.1958677784666495,-0.059691978750097734,0.13617579971655175,0.45548126030271463,0.45548126030271463
8.14794,-0.7417140249659764,-0.5381954764768196,0.20351854848915674,0.4551865450656723,0.4551865450656723
8.31494,-0.9050620865023242,-0.9343761742210297,-0.029314087718705473,-0.45389253395365503,0.45389253395365503
8.01594,-0.6131576545395714,-0.6835596858991017,-0.07040203135953027,-0.4523336781250095,0.4523336781250095
8.60894,-0.858716465698057,-0.9160407081637469,-0.0573242424656899,-0.45087978992945593,0.45087978992945593
7.96794,-0.5398872880780796,-0.23292841342459533,0.30695887465348426,0.4507295746098409,0.4507295746098409
7.94594,-0.5155411858875613,-0.24273739728924884,0.27280378859831245,0.4502689201280057,0.4502689201280057
7.42895,-0.48142846197473,-0.5602089995940516,-0.07878053761932158,-0.44999160486241874,0.44999160486241874
7.95094,-0.5467324122828768,-0.3102873919623497,0.2364450203205271,0.4499003537867057,0.4499003537867057
7.03995,-0.4203140385087407,-0.2229868155448557,0.19732722296388502,0.44975697566546585,0.44975697566546585
7.97594,-0.5673376883223334,-0.15395987658402907,0.41337781173830435,0.4493540718591708,0.4493540718591708
8.04794,-0.7157793948404176,-0.6024079331958833,0.11337146164453438,0.4491628615796158,0.4491628615796158
8.23094,-0.7705910176951543,-0.6383005434983585,0.13229047419679574,0.4488587674979517,0.4488587674979517
6.78095,-0.31055999062806194,-0.3859928360280013,-0.07543284539993933,-0.4487469800984414,0.4487469800984414
5.63196,0.5517492522443312,0.39247881771287274,-0.1592704345314585,-0.44838050643819743,0.44838050643819743
7.92394,-0.43140793977908165,-0.13986747331272603,0.2915404664663556,0.44828748484966024,0.44828748484966024
6.30595,1.985784219077578,1.6702282014821503,-0.31555601759542773,-0.4475977558640013,0.4475977558640013
7.41395,-0.4235763264070919,-0.3624252276778891,0.061151098729202824,0.4472103824740383,0.4472103824740383
5.97596,0.4419310346775509,0.5903888331457194,0.14845779846816853,0.446030521943198,0.446030521943198
7.04295,-0.43418989617708337,-0.2334933117125632,0.20069658446452016,0.44320988802602385,0.44320988802602385
6.01396,0.6106692740983852,0.4581185626899686,-0.15255071140841664,-0.44275131347041147,0.44275131347041147
7.01895,-0.44903600059492155,-0.27465876358303853,0.174377237011883,0.44208386007247624,0.44208386007247624
7.40595,-0.38517811266301794,-0.31490232413965286,0.07027578852336508,0.44196195071303807,0.44196195071303807
7.02795,-0.4992171335120498,-0.29756879179016765,0.20164834172188217,0.4412447097553099,0.4412447097553099
7.02695,-0.5194758849523688,-0.3203585379544088,0.19911734699796008,0.43923211824037006,0.43923211824037006
6.01996,0.5740580878955974,0.4153334670903348,-0.15872462080526262,-0.4389887049641672,0.4389887049641672
8.24994,-0.7861626337359258,-0.652546407001978,0.1336162267339478,0.43891210298987704,0.43891210298987704
7.04595,-0.4044041669433355,-0.21675154452843276,0.18765262241490271,0.43802055160114683,0.43802055160114683
7.41095,-0.4402037425064387,-0.3736082677130694,0.0665954747933693,0.43749758836665825,0.43749758836665825
7.97694,-0.5659770543702538,-0.1641168944814805,0.4018601598887733,0.43521689465869057,0.43521689465869057
8.04194,-0.7184962806820352,-0.6176868956290001,0.10080938505303505,0.4347529727105205,0.4347529727105205
7.92694,-0.45131799395414035,-0.15438629031495196,0.2969317036391884,0.4342948879321758,0.4342948879321758
5.99196,0.4417029015709566,0.5707150705040391,0.12901216893308254,0.4341967486536647,0.4341967486536647
7.92494,-0.40257593610344977,-0.09766996150768138,0.3049059745957684,0.433987318867284,0.433987318867284
8.24494,-0.8291864123344828,-0.6768269880663865,0.15235942426809623,0.43279691513372687,0.43279691513372687
8.70894,-0.8932679497806284,-0.965137219212656,-0.07186926943202765,-0.4322872436759697,0.4322872436759697
8.60294,-0.8490478481029499,-0.9096872079964727,-0.06063935989352287,-0.43156092230386706,0.43156092230386706
7.88594,-0.393095603848319,-0.26576013506984736,0.12733546877847163,0.4310955160306212,0.4310955160306212
7.04395,-0.40061069696084295,-0.20415383991120933,0.19645685704963362,0.4306121257614673,0.4306121257614673
7.97794,-0.5423043499932333,-0.17793209051926587,0.36437225947396745,0.4297328475088511,0.4297328475088511
8.30194,-0.8804379582160073,-0.9297253336224746,-0.049287375406467215,-0.42881726390725333,0.42881726390725333
5.53096,2.353946557588711,2.655222911893157,0.3012763543044463,0.42874976594173425,0.42874976594173425
8.29494,-0.9014430988188546,-0.9371381311269656,-0.035695032308111,-0.4283276420692825,0.4283276420692825
7.28795,0.30641754824576806,0.35829815908655377,0.05188061084078571,0.42783514902707737,0.42783514902707737
5.66396,0.0024132110707198798,0.14970231160286887,0.147289100532149,0.42728472909912707,0.42728472909912707
6.01296,0.6097153417166482,0.4601967642775816,-0.1495185774390666,-0.4263356815853526,0.4263356815853526
8.59794,-0.877624506167214,-0.9500323296353852,-0.0724078234681712,-0.4253876445158953,0.4253876445158953
7.38095,-0.07859134356504593,0.09475442021190221,0.17334576377694816,0.4251977529015248,0.4251977529015248
7.50095,-0.56572409859385,-0.44949434014616624,0.11622975844768374,0.42331841428811046,0.42331841428811046
5.66496,-0.03913128637048571,0.11199699116728483,0.15112827753777053,0.4226054246649872,0.4226054246649872
7.97894,-0.5148236771144798,-0.13358803722789495,0.38123563988658493,0.42209831525290814,0.42209831525290814
8.82994,-0.8835611506523113,-0.9597774626870571,-0.07621631203474577,-0.4211827047903081,0.4211827047903081
8.01194,-0.6001201006188994,-0.6886718341233685,-0.0885517335044691,-0.4204700250173891,0.4204700250173891
8.70394,-0.91455042847521,-0.9785006428961213,-0.06395021442091131,-0.42028803932041564,0.42028803932041564
7.94994,-0.5237425565462958,-0.3060175515216607,0.21772500502463504,0.4194506939161199,0.4194506939161199
8.61294,-0.8612862842732192,-0.9520445161925392,-0.09075823191931998,-0.418028707645127,0.418028707645127
7.33695,0.339288055123533,0.6349044028850506,0.2956163477615176,0.41502467447303976,0.41502467447303976
6.73195,-0.22235344250117894,-0.28610207920660635,-0.06374863670542741,-0.41396040912674703,0.41396040912674703
7.43595,-0.6000267521001763,-0.5323659310071642,0.06766082109301208,0.41231711588915,0.41231711588915
8.20094,-0.809770060801005,-0.7665924957950201,0.04317756500598491,0.41224963395636344,0.41224963395636344
8.13694,-0.7289322933248608,-0.5865873935697239,0.14234489975513687,0.41182898298969145,0.41182898298969145
8.04094,-0.6982488394618571,-0.5845745705972849,0.11367426886457221,0.4116717190726264,0.4116717190726264
6.74495,-0.3223584069851783,-0.4001504649386277,-0.0777920579534494,-0.4097927107871342,0.4097927107871342
7.38295,-0.13462558670447988,0.0216367155832369,0.1562623022877168,0.40970213646790277,0.40970213646790277
7.96694,-0.5154086578755706,-0.25017100279676135,0.2652376550788092,0.4089555357824655,0.4089555357824655
8.04594,-0.7085760254164446,-0.5822264936383741,0.1263495317780705,0.40813759113721776,0.40813759113721776
8.85694,-0.9026436733347283,-0.974998088886326,-0.07235441555159772,-0.40614719565216395,0.40614719565216395
7.33595,0.308475187552537,0.5952261568875576,0.28675096933502064,0.4051086001467985,0.4051086001467985
5.65196,0.09813833506799877,0.2352208128946374,0.13708247782663863,0.4043105672406732,0.4043105672406732
7.33395,0.27853540998472515,0.5242116338295174,0.24567622384479226,0.40421496407065377,0.40421496407065377
6.73695,-0.2765748156226717,-0.31840705881900006,-0.041832243196328334,-0.40400521810052853,0.40400521810052853
7.04095,-0.41345288588955725,-0.24183473008451908,0.17161815580503817,0.40392607300635963,0.40392607300635963
8.83194,-0.8902666047470849,-0.9506823383704063,-0.06041573362332142,-0.4025199788281818,0.4025199788281818
6.75595,-0.2867812574907618,-0.37002343480684174,-0.08324217731607997,-0.4023660935138952,0.4023660935138952
8.60994,-0.8679847720968004,-0.9178602327438595,-0.04987546064705917,-0.4023529866117038,0.4023529866117038
8.71094,-0.8502207364391114,-0.925911652692994,-0.07569091625388258,-0.39976999539291336,0.39976999539291336
6.00696,0.5677024631057046,0.44804744909247834,-0.11965501401322626,-0.3995566518651484,0.3995566518651484
7.92794,-0.46272603449042393,-0.20158299490565781,0.26114303958476615,0.39864490838183725,0.39864490838183725
8.24294,-0.8075171230011431,-0.6907306105943682,0.11678651240677485,0.3977612399823079,0.3977612399823079
7.94894,-0.5108661215992029,-0.28447099989740027,0.2263951217018026,0.39733961729129946,0.39733961729129946
5.65096,0.10805275228388916,0.23911882610720184,0.13106607382331267,0.3972673979876306,0.3972673979876306
8.01894,-0.6306100980962688,-0.6960755998815548,-0.06546550178528598,-0.3970402804192698,0.3970402804192698
7.38195,-0.11474608501941856,0.047831894780948576,0.16257797980036715,0.39579670182843657,0.39579670182843657
8.13594,-0.7400632946947078,-0.5957107783531755,0.14435251634153223,0.39497408590697664,0.39497408590697664
8.02394,-0.6706416568634237,-0.7212573780343706,-0.050615721170946926,-0.3943272335714448,0.3943272335714448
7.33495,0.3142124843064972,0.5690639045357221,0.2548514202292249,0.39219246052388945,0.39219246052388945
7.97494,-0.5215032999708855,-0.15618585837557858,0.36531744159530694,0.39058449314206795,0.39058449314206795
7.92894,-0.4418063060751186,-0.2092274219653057,0.23257888410981292,0.39052797644686993,0.39052797644686993
8.16694,-0.719422788972721,-0.6017346520041746,0.11768813696854641,0.3904674737936988,0.3904674737936988
7.95394,-0.5259020205554719,-0.31464923390563426,0.2112527866498376,0.3898109129394657,0.3898109129394657
6.12296,0.5974036821953503,0.8490804099505505,0.2516767277552001,0.38957069236247155,0.38957069236247155
7.01595,-0.47824405256505975,-0.3262653871252355,0.15197866543982425,0.3888952251965115,0.3888952251965115
8.15594,-0.7737781638436885,-0.6475724634911194,0.12620570035256906,0.3886457900566548,0.3886457900566548
7.33295,0.28224261173172566,0.5102846313340045,0.22804201960227882,0.388231297812038,0.388231297812038
6.29295,1.6516186704357532,1.9443482392288551,0.29272956879310197,0.38556217027004336,0.38556217027004336
8.15094,-0.721139208729539,-0.6205300755760695,0.10060913315346942,0.3840795328786755,0.3840795328786755
8.71394,-0.8740272148883692,-0.9791330299111143,-0.10510581502274507,-0.38381548224821027,0.38381548224821027
7.93194,-0.42673253419784785,-0.17619627727090828,0.2505362569269396,0.3836959793917472,0.3836959793917472
7.41595,-0.458845013149242,-0.41332468106472076,0.04552033208452122,0.38252520612407376,0.38252520612407376
6.95495,-0.29245452647371656,-0.37583372255347136,-0.0833791960797548,-0.3819805351038501,0.3819805351038501
6.78295,-0.3259833698085721,-0.39721554623490973,-0.07123217642633761,-0.3811214867380754,0.3811214867380754
5.64196,0.23294272492730922,0.3620666743772998,0.12912394944999056,0.37980322728778687,0.37980322728778687
8.85794,-0.9080048355092891,-0.961377947713041,-0.05337311220375185,-0.378209919098137,0.378209919098137
5.68196,-0.09097156845570634,0.06494920570664313,0.15592077416234945,0.37781616362277676,0.37781616362277676
8.15194,-0.7429220803404372,-0.6446737765805761,0.09824830375986104,0.37772704437759863,0.37772704437759863
6.09496,0.9790589941588781,0.7318084633499576,-0.24725053080892045,-0.37766997510974887,0.37766997510974887
7.02295,-0.47398651411653686,-0.32008752186569633,0.15389899225084053,0.3766401988730409,0.3766401988730409
5.65596,0.04801839040719498,0.18082793143079873,0.13280954102360376,0.374629294090695,0.374629294090695
8.70694,-0.9142693072749917,-0.9759520512991707,-0.06168274402417906,-0.3724987807537515,0.3724987807537515
7.01995,-0.4465208132961167,-0.2937285241052541,0.15279228919086263,0.371953665465955,0.371953665465955
6.01896,0.5544212000604796,0.42675599218770294,-0.12766520787277663,-0.36973220935486545,0.36973220935486545
7.93094,-0.4396791111109205,-0.20823476897483614,0.23144434213608436,0.3676593015612092,0.3676593015612092
7.38395,-0.12023327878534729,0.008126658885807127,0.12835993767115442,0.36735744412829563,0.36735744412829563
6.01496,0.5832395231087039,0.45994784408535055,-0.1232916790233533,-0.3659535082164503,0.3659535082164503
7.01695,-0.46515248284185473,-0.3199434726240078,0.14520901021784693,0.3657148635052121,0.3657148635052121
7.96394,-0.49023988221236103,-0.2806697802279383,0.20957010198442272,0.36455027648726684,0.36455027648726684
5.53296,2.460410363552459,2.688803959581958,0.22839359602949916,0.36381061751746946,0.36381061751746946
8.85994,-0.9201235272970925,-0.9628612797569949,-0.04273775245990241,-0.3633357368564153,0.3633357368564153
6.97095,-0.3226664902138347,-0.3960782367689514,-0.07341174655511667,-0.36300319864869296,0.36300319864869296
8.71994,-0.8317142601354997,-0.9535042576240872,-0.12178999748858754,-0.3629875037793631,0.3629875037793631
7.88294,-0.38175853308676877,-0.31435537379491996,0.06740315929184881,0.36142023567040304,0.36142023567040304
5.64296,0.2330245865645537,0.35581187023098665,0.12278728366643296,0.3613343150044058,0.3613343150044058
8.13294,-0.6795882452913853,-0.5006774145035136,0.17891083078787173,0.3606688643056202,0.3606688643056202
8.37494,-0.6858001393198445,-0.7273516628495396,-0.041551523529695045,-0.3602215679275848,0.3602215679275848
7.95994,-0.49088924524048516,-0.3223803622372274,0.16850888300325778,0.36015469781826964,0.36015469781826964
7.96594,-0.4795722044935417,-0.2780530109041829,0.20151919358935882,0.35961536620126666,0.35961536620126666
8.62694,-0.8567011232164963,-0.894452888849891,-0.037751765633394774,-0.35871981393648567,0.35871981393648567
7.87394,-0.4931493990964758,-0.4468243826436931,0.0463250164527827,0.3559935224618459,0.3559935224618459
5.63496,0.47487535497076383,0.3520640183795944,-0.12281133659116944,-0.3556684613698273,0.3556684613698273
7.92994,-0.44990424260114126,-0.21118600592957396,0.2387182366715673,0.35485972414802663,0.35485972414802663
7.96894,-0.49556621692389224,-0.24214436895967986,0.2534218479642124,0.35205860342109796,0.35205860342109796
7.96494,-0.48492586236292157,-0.29041007633186783,0.19451578603105374,0.35177787754996503,0.35177787754996503
5.66596,-0.02080190253605694,0.11438176693443326,0.1351836694704902,0.3506590499538025,0.3506590499538025
6.30495,1.918176116876423,1.6768145287991225,-0.24136158807730057,-0.34948762872449485,0.34948762872449485
6.09696,1.0041804768102502,0.7813827075557233,-0.222797769254527,-0.349168808408726,0.349168808408726
7.96994,-0.4821560720375707,-0.20628671642507587,0.2758693556124948,0.34811124109649066,0.34811124109649066
5.63296,0.4614947142803818,0.33272437650541636,-0.12877033777496544,-0.348012436388843,0.348012436388843
7.40495,-0.31898746692283897,-0.2511050238726599,0.06788244305017904,0.34779645484018845,0.34779645484018845
8.46494,-0.9189240905073749,-0.9400414239833612,-0.021117333475986322,-0.3463540092229423,0.3463540092229423
7.97994,-0.5040174531987712,-0.1890885510158495,0.3149289021829217,0.3454191520893786,0.3454191520893786
8.38494,-0.2401070432653315,-0.14406233773464086,0.09604470553069064,0.3434402345078162,0.3434402345078162
8.37694,-0.5763101881664866,-0.5368252467623006,0.039484941404186014,0.3425854681917892,0.3425854681917892
8.72894,-0.8602875788045306,-0.9262471988766594,-0.06595962007212886,-0.34186494213823315,0.34186494213823315
8.15294,-0.7558429101180908,-0.656298713452289,0.09954419666580183,0.34048917140930873,0.34048917140930873
8.24394,-0.7986553336118987,-0.6902245934914344,0.10843074012046428,0.33993623266345785,0.33993623266345785
7.95894,-0.4812086138948122,-0.313009454701138,0.16819915919367417,0.339369377754357,0.339369377754357
7.02095,-0.4520528450332567,-0.31224500522041093,0.13980783981284578,0.3390537863097354,0.3390537863097354
7.32495,0.25094386619360964,0.348813504476261,0.09786963828265138,0.3390145904522883,0.3390145904522883
7.40795,-0.4088540281630566,-0.3592803929632777,0.04957363519977892,0.3385836492476035,0.3385836492476035
8.25994,-0.7222490538623308,-0.6154209320000656,0.1068281218622652,0.33826294782182226,0.33826294782182226
8.72094,-0.8514370429557208,-0.9644837731366606,-0.1130467301809398,-0.336857590379972,0.336857590379972
7.39795,-0.31574293382097246,-0.2439632868475108,0.07177964697346165,0.3345515916596715,0.3345515916596715
7.01795,-0.42256363195935964,-0.29351203673799414,0.1290515952213655,0.33339868684134993,0.33339868684134993
8.24594,-0.8052238523728426,-0.6906422962633546,0.11458155610948795,0.33104689035271595,0.33104689035271595
7.40095,-0.3725330182099071,-0.30298859061321914,0.06954442759668794,0.3298181940078003,0.3298181940078003
7.02595,-0.47751511117519063,-0.33080570840574974,0.1467094027694409,0.3291340997519893,0.3291340997519893
5.97696,0.4590410446629969,0.5677117414416502,0.10867069677865326,0.3290998275157541,0.3290998275157541
7.95494,-0.47770070200328946,-0.3030466145884136,0.17465408741487587,0.3289964897779524,0.3289964897779524
5.65296,0.08201501822309312,0.19982065658743067,0.11780563836433755,0.32745764966566243,0.32745764966566243
6.00596,0.5607880107453594,0.4658669096998261,-0.09492110104553336,-0.326755151404469,0.326755151404469
8.26294,-0.7566506631708733,-0.6617110805039016,0.09493958266697167,0.32285415798724093,0.32285415798724093
8.19794,-0.6911768303016395,-0.7305271838758751,-0.039350353574235664,-0.3211491261703547,0.3211491261703547
5.63396,0.44608826131590296,0.33006927545343107,-0.11601898586247189,-0.31956763845664227,0.31956763845664227
8.15494,-0.7699370026540011,-0.6752188184147846,0.09471818423921652,0.3193209043531217,0.3193209043531217
8.44394,-0.8348049620427374,-0.8732370164775366,-0.038432054434799245,-0.3186876621515263,0.3186876621515263
8.81694,-0.9268168483052925,-0.9753770031846328,-0.04856015487934029,-0.3172318342290421,0.3172318342290421
8.23894,-0.7132394772864801,-0.6277713175316781,0.08546815975480193,0.31538603887257827,0.31538603887257827
6.11896,0.6256338066414362,0.826603720591052,0.20096991394961583,0.31376728054947917,0.31376728054947917
8.61594,-0.8539004657458555,-0.8987322821320637,-0.044831816386208145,-0.3124015666868782,0.3124015666868782
7.99494,-0.5599233110208389,-0.3817642965598774,0.1781590144609615,0.3091695472684872,0.3091695472684872
8.26094,-0.7292155630538057,-0.6372635933000221,0.09195196975378361,0.30884537420163255,0.30884537420163255
6.12096,0.6508385352257733,0.8434144842149294,0.1925759489891561,0.3075371931288013,0.3075371931288013
5.99896,0.4314871494998965,0.5129299395537411,0.08144279005384458,0.3073637171565668,0.3073637171565668
8.82894,-0.9235501963630997,-0.9802148253385893,-0.05666462897548963,-0.3071635824431738,0.3071635824431738
7.98094,-0.5006176303485784,-0.23543760811436418,0.2651800222342142,0.3059245001356998,0.3059245001356998
8.59694,-0.902217919241924,-0.9673389737252232,-0.06512105448329919,-0.3044731626397577,0.3044731626397577
7.99294,-0.579534185214656,-0.3889408215988167,0.19059336361583934,0.30261861250773536,0.30261861250773536
8.28294,-0.8940896535760252,-0.8528009281821822,0.041288725393842984,0.3019193240758914,0.3019193240758914
6.29395,1.7326545951554175,1.956009553920557,0.22335495876513956,0.30163287864592875,0.30163287864592875
6.97295,-0.34503078636547335,-0.41050251947449506,-0.06547173310902171,-0.3015271220041839,0.3015271220041839
8.15894,-0.7336508468788563,-0.6546219093771958,0.07902893750166051,0.3007498680341772,0.3007498680341772
7.39895,-0.326508060910795,-0.2531759457110088,0.07333211519978616,0.29831205223095475,0.29831205223095475
7.40695,-0.4297764087279433,-0.3822846551495842,0.04749175357835911,0.29820907221731,0.29820907221731
8.13394,-0.6828537086210484,-0.5488500265779918,0.13400368204305668,0.29712714365610915,0.29712714365610915
7.38495,-0.1316026122127927,-0.033824243426966605,0.0977783687858261,0.29708931345359874,0.29708931345359874
7.02395,-0.48060573676996354,-0.35617644145331334,0.1244292953166502,0.29610648586609095,0.29610648586609095
8.03894,-0.7161070775253968,-0.6371509404767745,0.07895613704862237,0.29594330477312053,0.29594330477312053
8.28194,-0.7961454905097951,-0.8293812189386259,-0.033235728428830824,-0.2957673189246848,0.2957673189246848
8.01294,-0.6185715011582155,-0.678049628968765,-0.05947812781054951,-0.2936887927401826,0.2936887927401826
5.99296,0.4550344758014345,0.5444838129511866,0.08944933714975212,0.2928785599903135,0.2928785599903135
5.53396,2.5206777215762965,2.6878742534496958,0.16719653187339922,0.2927861243570435,0.2927861243570435
5.64396,0.22911826093156884,0.3239004306517459,0.09478216972017706,0.2913043162085488,0.2913043162085488
6.74195,-0.2653739929905589,-0.3178639225269596,-0.05248992953640069,-0.2895136827421028,0.2895136827421028
5.53696,2.838466440873475,2.6669272646463904,-0.1715391762270846,-0.2894376952682953,0.2894376952682953
6.98195,-0.3362969870489917,-0.4012525806943103,-0.06495559364531861,-0.2889832187564865,0.2889832187564865
7.97094,-0.4363882532001119,-0.195854282253534,0.24053397094657789,0.28843182970827713,0.28843182970827713
7.17395,0.7822224715724124,0.8297759578780383,0.047553486305625836,0.2883796411348238,0.2883796411348238
8.23794,-0.7294543783547625,-0.6488171243649629,0.0806372539897996,0.28742862955558324,0.28742862955558324
7.38795,-0.12653825681874184,-0.04069400497189745,0.08584425184684438,0.28733858894361497,0.28733858894361497
6.96095,-0.3217730922792214,-0.3775702452587442,-0.05579715297952281,-0.2869531276590919,0.2869531276590919
6.98595,-0.4512110409373541,-0.3909699916894914,0.060241049247862666,0.28585514355916,0.28585514355916
7.99394,-0.5637049276945593,-0.3884631167580954,0.17524181093646385,0.28556891979739357,0.28556891979739357
6.96395,-0.3423681693592463,-0.3853735373161447,-0.04300536795689841,-0.2841200997361876,0.2841200997361876
7.95794,-0.4970683256352656,-0.3785694740314834,0.11849885160378221,0.2839927854538552,0.2839927854538552
6.98095,-0.3406003218183139,-0.40007284276611327,-0.05947252094779937,-0.2829426256025087,0.2829426256025087
8.15694,-0.7535879420345074,-0.6632282608547807,0.0903596811797267,0.2828404913046574,0.2828404913046574
6.09796,0.9703601730310029,0.7928753524579858,-0.17748482057301707,-0.28174424083219113,0.28174424083219113
7.96194,-0.4881793057052075,-0.3374774867436953,0.1507018189615122,0.2814903807704778,0.2814903807704778
8.29394,-0.8789702602533237,-0.9056105844429194,-0.02664032418959572,-0.2811725031586178,0.2811725031586178
5.65496,0.07150198162457136,0.17364088766851163,0.10213890604394027,0.28030851204311363,0.28030851204311363
6.99095,-0.378273458484505,-0.4512007909691584,-0.07292733248465338,-0.27945198040380215,0.27945198040380215
5.65396,0.07659338440801755,0.17668015339634074,0.1000867689883232,0.2791880152474411,0.2791880152474411
5.64096,0.22921324392115844,0.32343712803829844,0.09422388411714,0.27826694180542694,0.27826694180542694
6.99295,-0.39331560994564735,-0.47271958377362894,-0.07940397382798159,-0.2772518691796821,0.2772518691796821
8.61694,-0.8824812477913347,-0.9262158382302961,-0.04373459043896133,-0.27716194854869747,0.27716194854869747
7.02195,-0.4593818054243886,-0.3423761052811785,0.1170057001432101,0.2769780268724745,0.2769780268724745
7.41695,-0.4499986441822474,-0.4170332895459162,0.03296535463633121,0.2764808515469936,0.2764808515469936
7.88394,-0.37046702587675273,-0.30975125089957817,0.060715774977174564,0.2756722099304525,0.2756722099304525
6.11996,0.650764633429775,0.8256795830440453,0.17491494961427034,0.2755891599645903,0.2755891599645903
7.99594,-0.5601782045985565,-0.42459077717088395,0.13558742742767255,0.27501437016814156,0.27501437016814156
8.72194,-0.8394776842611691,-0.9155131190643871,-0.07603543480321806,-0.27485286867965497,0.27485286867965497
5.99096,0.44337642081041917,0.5276063447376177,0.08422992392719852,0.27449886158332065,0.27449886158332065
7.00695,-0.43478066618047195,-0.350592245161856,0.08418842101861596,0.274473819957713,0.274473819957713
7.97394,-0.49926980536462007,-0.25359228499355213,0.24567752037106794,0.2728859586907403,0.2728859586907403
6.97195,-0.3263174848119902,-0.38470639289337133,-0.05838890808138114,-0.27108279254539336,0.27108279254539336
6.12196,0.6545800721811085,0.8278974111086265,0.173317338927518,0.270687327015029,0.270687327015029
7.38695,-0.12740025218600387,-0.03756039249963022,0.08983985968637365,0.26942696847521475,0.26942696847521475
8.51094,-0.8782623885071543,-0.9044673217513478,-0.026204933244193485,-0.26665229800893603,0.26665229800893603
5.64696,0.16990544373693708,0.2650473363140003,0.09514189257706321,0.2660693085148562,0.2660693085148562
6.95995,-0.2685785924800653,-0.3337359335298246,-0.06515734104975929,-0.2656050487594959,0.2656050487594959
7.38595,-0.14064610312170717,-0.050654824710908944,0.08999127841079822,0.2655570801744769,0.2655570801744769
7.39095,-0.20150147144123187,-0.1346324559605149,0.06686901548071697,0.26471516194309885,0.26471516194309885
8.16994,-0.6638096300697189,-0.5786046588715508,0.08520497119816817,0.26420565341929786,0.26420565341929786
5.64496,0.20637531570827036,0.29613759376848775,0.08976227806021739,0.2641539368948008,0.2641539368948008
5.63996,0.25754964996302576,0.3481039629569154,0.09055431299388966,0.26363154572767694,0.26363154572767694
7.17195,0.8117219258171983,0.8532428662966065,0.04152094047940824,0.2636128604105009,0.2636128604105009
5.99796,0.4889053453638924,0.555661773452346,0.06675642808845361,0.26142719684297366,0.26142719684297366
6.09896,0.9405476965643225,0.7715679842355712,-0.1689797123287513,-0.2606640857268043,0.2606640857268043
8.15394,-0.7563701808960354,-0.6652224907411427,0.09114769015489266,0.258559967237156,0.258559967237156
8.24194,-0.7753445025119174,-0.7051144360203061,0.07023006649161134,0.25821299236362827,0.25821299236362827
7.33195,0.3289004277694795,0.4656834058327664,0.13678297806328693,0.2581288813123803,0.2581288813123803
6.11796,0.6336052320934635,0.8005182978271483,0.1669130657336848,0.25752720909162724,0.25752720909162724
6.99195,-0.3854201902220238,-0.4579707167033745,-0.07255052648135074,-0.25708454228963107,0.25708454228963107
5.98996,0.4495264516835925,0.524193028267306,0.07466657658371345,0.25588801872798894,0.25588801872798894
6.00796,0.5518515543672853,0.4739010120990311,-0.07795054226825415,-0.25516872612367947,0.25516872612367947
7.39995,-0.3539417592456249,-0.2979799126397937,0.0559618466058312,0.2542778731669726,0.2542778731669726
7.96294,-0.45293800364601,-0.3132548467798415,0.1396831568661685,0.25381184704446386,0.25381184704446386
7.87494,-0.49261069238838684,-0.46122853234082456,0.03138216004756228,0.251874031571859,0.251874031571859
5.64796,0.19380271619211153,0.27855350422849307,0.08475078803638153,0.2510729227633681,0.2510729227633681
7.97194,-0.43039823797532795,-0.22921007259595863,0.20118816537936932,0.25064944190468563,0.25064944190468563
7.98994,-0.5302487757895082,-0.3571322966412539,0.17311647914825434,0.24694455023796438,0.24694455023796438
8.03694,-0.6964205850160755,-0.625529869140642,0.0708907158754335,0.24584850248373585,0.24584850248373585
6.30395,1.8981033755738181,1.7280452149659078,-0.17005816060791035,-0.2457996799354364,0.2457996799354364
7.29695,0.452720780686227,0.3864243501563916,-0.06629643052983542,-0.24561939215588444,0.24561939215588444
8.03994,-0.7047783983439085,-0.6414559081950157,0.0633224901488928,0.24551931951101202,0.24551931951101202
8.82794,-0.9039910681641826,-0.9477872979486673,-0.04379622978448472,-0.24398414303293228,0.24398414303293228
6.29495,1.7898694681318101,1.964280899267831,0.17441143113602076,0.24390792527030125,0.24390792527030125
7.00595,-0.43389563176066137,-0.3561125691096957,0.07778306265096568,0.2434351727059699,0.2434351727059699
8.03094,-0.7083175194744485,-0.6629452844572491,0.04537223501719945,0.24313924281371055,0.24313924281371055
8.42194,-0.6723367376925239,-0.7408040072259389,-0.06846726953341498,-0.24215229820298576,0.24215229820298576
6.98395,-0.3538818013895386,-0.40995584244932726,-0.05607404105978864,-0.24052965508069013,0.24052965508069013
8.71294,-0.925760479063964,-0.9894261801980154,-0.06366570113405146,-0.24025780327087837,0.24025780327087837
6.11696,0.6965105362513634,0.8512768339273104,0.15476629767594696,0.23818526591508662,0.23818526591508662
7.97294,-0.4620989433017467,-0.25557255181492183,0.2065263914868249,0.23731590632361266,0.23731590632361266
6.97995,-0.3232319352171741,-0.3757956792974782,-0.05256374408030412,-0.23688635878006697,0.23688635878006697
7.96094,-0.46917898004069586,-0.3527207185324981,0.11645826150819777,0.2365493626067805,0.2365493626067805
7.95594,-0.4395799415814067,-0.31963785806255773,0.11994208351884894,0.23523748738933586,0.23523748738933586
8.84794,-0.909787661337812,-0.9378484979967421,-0.02806083665893011,-0.2330531433497576,0.2330531433497576
8.40794,-0.4600597732315853,-0.5796327657258079,-0.1195729924942226,-0.2330346646688848,0.2330346646688848
6.10296,0.8323192717983627,0.679423040582569,-0.15289623121579377,-0.2324602162940508,0.2324602162940508
8.02994,-0.7228131041355015,-0.6664227087321039,0.05639039540339763,0.23172137839775458,0.23172137839775458
8.84394,-0.9100956021423354,-0.9445341219346186,-0.034438519792283184,-0.23160297797021268,0.23160297797021268
7.28495,0.36069132434947543,0.3104774503905286,-0.05021387395894683,-0.22985594174285312,0.22985594174285312
7.29095,0.3628694978475848,0.3997000675763892,0.036830569728804385,0.22973991733515264,0.22973991733515264
7.28995,0.383776932332205,0.4223187965511768,0.03854186421897182,0.2281035194328657,0.2281035194328657
8.16494,-0.6888854521834746,-0.6315600327538987,0.05732541942957592,0.2280393088779572,0.2280393088779572
7.32595,0.2826604692782808,0.35192303436478634,0.06926256508650552,0.22766882938842767,0.22766882938842767
7.40295,-0.3372819498476164,-0.2949125259091132,0.04236942393850318,0.22433242442480636,0.22433242442480636
8.85194,-0.9359248003421985,-0.9814412690248766,-0.04551646868267811,-0.22253295159262493,0.22253295159262493
8.31794,-0.8769811812270869,-0.8633874390144809,0.013593742212606008,0.22232509935292433,0.22232509935292433
7.41895,-0.4874554002171948,-0.4669167554438483,0.020538644773346493,0.22224398408985302,0.22224398408985302
7.99694,-0.5799946615922354,-0.46409240027013976,0.11590226132209569,0.221632430902103,0.221632430902103
8.15794,-0.7189582457033799,-0.6561414331829588,0.06281681252042104,0.22076962221844396,0.22076962221844396
7.42995,-0.5631619439259892,-0.5260386994466174,0.037123244479371764,0.220213932113012,0.220213932113012
5.99996,0.4572061346535032,0.5210499306005506,0.06384379594704742,0.21782662614432535,0.21782662614432535
8.02494,-0.7156349307843095,-0.7423700718845415,-0.026735141100232007,-0.21692417418434912,0.21692417418434912
8.84994,-0.9632853977596938,-0.9316319357786403,0.031653461981053455,0.21575196530714946,0.21575196530714946
8.17194,-0.6440178981501801,-0.5684125884464334,0.07560530970374668,0.21513158926259124,0.21513158926259124
7.98794,-0.45752606539759333,-0.287132677171071,0.17039338822652234,0.21507240877521386,0.21507240877521386
8.50894,-0.9342382959574508,-0.9514144107609237,-0.01717611480347292,-0.21320614133984886,0.21320614133984886
6.96495,-0.33149230329149526,-0.3693354644383587,-0.037843161146863424,-0.21228755129955257,0.21228755129955257
7.00295,-0.35769842807442975,-0.42095563189153273,-0.06325720381710298,-0.2116972787941692,0.2116972787941692
7.33095,0.290574752400941,0.4016854939557701,0.11111074155482908,0.2102512961873346,0.2102512961873346
7.28395,0.33341238435681275,0.2851538742320861,-0.04825851012472665,-0.210115770680789,0.210115770680789
8.43694,-0.8486717339435219,-0.8819817562503733,-0.03331002230685143,-0.20784927376977913,0.20784927376977913
6.97795,-0.4218446350454951,-0.3764666261008851,0.04537800894460997,0.20682810326962225,0.20682810326962225
7.41295,-0.39301867001229873,-0.36574974598211635,0.027268924030182384,0.20635403926603182,0.20635403926603182
6.30295,1.8867715910018767,1.7442504649667825,-0.14252112603509426,-0.20529279619305552,0.20529279619305552
6.09996,0.9060830872171408,0.7697982982412618,-0.13628478897587903,-0.20515970987455825,0.20515970987455825
5.64596,0.1931734095934911,0.2639141736761164,0.07074076408262531,0.20482358630754452,0.20482358630754452
7.98894,-0.4779271052230101,-0.3243916913279398,0.15353541389507025,0.2048083341507039,0.2048083341507039
8.82194,-0.899999091225191,-0.9359473690380488,-0.03594827781285781,-0.20423521102238576,0.20423521102238576
7.98194,-0.412332037745731,-0.23897884124706997,0.17335319649866104,0.20192748599462496,0.20192748599462496
8.00794,-0.7028952628866856,-0.7413117107379436,-0.03841644785125797,-0.1999140307287815,0.1999140307287815
6.99595,-0.4226464644747324,-0.3693435929519495,0.0533028715227829,0.19982180390677187,0.19982180390677187
6.10396,0.8552232663878776,0.7212939577741727,-0.1339293086137049,-0.19971603278862785,0.19971603278862785
7.32995,0.2864482314751242,0.37956225853329884,0.09311402705817462,0.19941706844398546,0.19941706844398546
5.97796,0.5236886308565138,0.5852616479765625,0.0615730171200487,0.19883441083725703,0.19883441083725703
7.00095,-0.4166563015294722,-0.3576169967026535,0.059039304826818684,0.19604237196485147,0.19604237196485147
6.95895,-0.25870428527198586,-0.3039020515602255,-0.04519776628823963,-0.19313743261605293,0.19313743261605293
8.72794,-0.8986812455678866,-0.9397360270957128,-0.041054781527826156,-0.1920220387655131,0.1920220387655131
6.29595,1.7776764405968253,1.9153595167784105,0.13768307618158526,0.19027112088075432,0.19027112088075432
8.03194,-0.7072285298873624,-0.6662222719133715,0.041006257973990934,0.19014228694687346,0.19014228694687346
7.98494,-0.48189323232310055,-0.32328017239121226,0.1586130599318883,0.19003136671683682,0.19003136671683682
8.19894,-0.730068870093028,-0.7086992030671363,0.021369667025891714,0.18884317157302666,0.18884317157302666
6.30195,1.86954019210356,1.7377041075497905,-0.13183608455376938,-0.18679529077714155,0.18679529077714155
8.82094,-0.9245370308460856,-0.957718409787308,-0.03318137894122242,-0.18672633389583485,0.18672633389583485
6.00196,0.5209335676345113,0.46038876961406083,-0.06054479802045043,-0.18208059636440238,0.18208059636440238
8.29294,-0.890210142305638,-0.8702523673475199,0.019957774958118124,0.18205201374600502,0.18205201374600502
8.26894,-0.6768353405526251,-0.721543098546702,-0.04470775799407689,-0.18101752930469364,0.18101752930469364
8.43794,-0.8516497350762835,-0.8840225060352029,-0.03237277095891944,-0.1799229721970776,0.1799229721970776
6.97695,-0.3795655862658136,-0.3428817423760605,0.0366838438897531,0.17877312520230212,0.17877312520230212
5.99696,0.5043693769263284,0.5557970781224653,0.05142770119613682,0.17850366652137584,0.17850366652137584
7.32795,0.2826909297848393,0.34834660272612616,0.06565567294128688,0.1784844363265135,0.1784844363265135
8.18694,-0.6490651492186447,-0.6169297541862857,0.03213539503235896,0.17789406054127074,0.17789406054127074
6.97495,-0.3499861484428409,-0.3858882540867018,-0.03590210564386087,-0.17753299981448295,0.17753299981448295
7.98394,-0.4500826826749893,-0.295894443453202,0.15418823922178732,0.17700726874281236,0.17700726874281236
7.99094,-0.5117997675093465,-0.390897506699432,0.12090226080991451,0.17667244778263663,0.17667244778263663
6.97595,-0.38187150047245944,-0.3465384305132698,0.03533306995918961,0.1755452720942666,0.1755452720942666
7.98694,-0.4613755256666511,-0.3231156340756816,0.13825989159096946,0.17527405100389912,0.17527405100389912
7.88494,-0.37085705226999516,-0.3267454641641007,0.04411158810589444,0.17426175204629354,0.17426175204629354
8.30594,-0.8906969181251918,-0.8984105331885763,-0.007713615063384527,-0.17369722179076705,0.17369722179076705
8.84894,-0.8959720561099307,-0.9213706811173318,-0.025398625007401088,-0.17364009563221383,0.17364009563221383
6.11296,0.7285197568395954,0.8407359710713699,0.11221621423177452,0.17358872303700706,0.17358872303700706
8.03794,-0.6817203393403307,-0.6384396548252947,0.04328068451503597,0.17264565028142206,0.17264565028142206
8.18394,-0.6272209912012676,-0.5882810781685447,0.03893991303272293,0.17092556327480232,0.17092556327480232
8.50994,-0.9269314915768544,-0.9453714367703885,-0.01843994519353409,-0.17025386683306973,0.17025386683306973
7.95694,-0.46692108432976365,-0.39319606435464793,0.07372501997511571,0.17018681732444552,0.17018681732444552
8.00494,-0.6273494496536003,-0.6744733296507903,-0.04712387999719003,-0.16961874221930548,0.16961874221930548
8.16394,-0.6990346563878879,-0.6613771827986674,0.03765747358922045,0.16958221551444222,0.16958221551444222
7.98294,-0.40861053970310546,-0.2618223052181995,0.14678823448490597,0.16870473286575693,0.16870473286575693
7.29295,0.3641975378643926,0.39308110548872943,0.02888356762433686,0.16733372954575146,0.16733372954575146
8.17094,-0.6238554148727189,-0.5681695596309155,0.05568585524180336,0.16681106472979929,0.16681106472979929
6.10096,0.8628722989095494,0.7531145731022171,-0.10975772580733234,-0.16619376427448962,0.16619376427448962
8.02894,-0.6589653141882093,-0.6964771644477492,-0.03751185025953996,-0.16604254576871988,0.16604254576871988
8.72394,-0.8557518854549484,-0.8979540884166971,-0.0422022029617487,-0.1650260151139467,0.1650260151139467
7.29395,0.3864630040941721,0.416267063107928,0.02980405901375588,0.16456159391847996,0.16456159391847996
8.60394,-0.8660595482607268,-0.8901050848484028,-0.024045536587675942,-0.16294688909750588,0.16294688909750588
7.32895,0.2987178986447432,0.36443039863629806,0.06571249999155487,0.16291272861105274,0.16291272861105274
7.99194,-0.5140948017721781,-0.40080679310281747,0.11328800866936067,0.1621951980348813,0.1621951980348813
6.10196,0.8238062644746955,0.717601064953004,-0.1062051995216915,-0.16214047867189857,0.16214047867189857
8.19094,-0.7353950431296905,-0.7008152350901493,0.03457980803954119,0.16189918185640323,0.16189918185640323
8.72594,-0.8691870541681932,-0.9092421959944742,-0.040055141826281004,-0.1588002449055657,0.1588002449055657
8.18794,-0.6713670462471419,-0.6370227483637186,0.0343442978834233,0.15877975771256667,0.15877975771256667
6.00096,0.482686817745531,0.5292819718665325,0.04659515412100146,0.1572001583896246,0.1572001583896246
7.39695,-0.288013838361496,-0.26125963663393914,0.02675420172755688,0.15365360861080204,0.15365360861080204
6.97395,-0.3773704621530436,-0.4103923866715073,-0.0330219245184637,-0.15183927516784498,0.15183927516784498
7.02495,-0.4226369810645571,-0.3535400097173933,0.0690969713471638,0.15105328181156338,0.15105328181156338
5.63796,0.38719997778179427,0.33707181536700753,-0.05012816241478674,-0.1501494229301858,0.1501494229301858
8.02794,-0.6853287467130862,-0.7184764293429055,-0.033147682629819264,-0.14849844881345772,0.14849844881345772
8.41594,-0.7418760722862736,-0.6889358915917588,0.05294018069451478,0.1470131351286024,0.1470131351286024
8.18994,-0.7305981571294629,-0.6988128975342279,0.03178525959523493,0.14643613665442368,0.14643613665442368
8.00294,-0.6457944413443357,-0.5964917512335809,0.04930269011075483,0.14460994264444488,0.14460994264444488
7.39295,-0.17766406792793182,-0.21339940788571377,-0.03573533995778194,-0.14431642894470767,0.14431642894470767
8.17294,-0.6379257925657599,-0.589021776751804,0.04890401581395587,0.14348800192792033,0.14348800192792033
8.00694,-0.6768252584034984,-0.7019353507240061,-0.02511009232050776,-0.1416356684500941,0.1416356684500941
6.99995,-0.41296947939729767,-0.37166174363528365,0.04130773576201402,0.14100221144838537,0.14100221144838537
8.26594,-0.7629278146270282,-0.724030881996774,0.03889693263025418,0.14049825164544125,0.14049825164544125
8.00194,-0.6154907278160469,-0.5652088345921044,0.0502818932239425,0.14021220450912686,0.14021220450912686
8.85094,-0.9683837787562044,-0.9411721220083714,0.02721165674783299,0.13926329331576418,0.13926329331576418
6.11596,0.7457270455671131,0.8372487642467373,0.09152171867962422,0.13770305388348264,0.13770305388348264
8.40894,-0.5385299737251744,-0.6067246561327976,-0.06819468240762316,-0.1375659071528405,0.1375659071528405
7.98594,-0.44933680085645583,-0.34241468740409503,0.1069221134523608,0.13750360852530036,0.13750360852530036
7.32695,0.3079475164776217,0.35249256726139244,0.044545050783770745,0.13731263101164629,0.13731263101164629
8.41794,-0.7154346962795946,-0.7531764711583605,-0.037741774878765955,-0.13715677475414154,0.13715677475414154
6.11396,0.7444593695547219,0.8343095770501188,0.08985020749539685,0.1357811763516115,0.1357811763516115
6.99795,-0.4181449257356392,-0.4555022511314205,-0.03735732539578129,-0.1352314322740309,0.1352314322740309
6.00296,0.48222909192904695,0.43578856369014674,-0.046440528238900214,-0.13520066250486418,0.13520066250486418
8.61394,-0.8687616262950916,-0.8915614646202437,-0.02279983832515209,-0.1338240383825117,0.1338240383825117
8.00394,-0.5910966464060692,-0.631110598919684,-0.04001395251361484,-0.13313707166376593,0.13313707166376593
8.30494,-0.8698285616338859,-0.8759369052798505,-0.006108343645964576,-0.13287897380352393,0.13287897380352393
7.00195,-0.37943860280228486,-0.4185514604481097,-0.03911285764582484,-0.13275583810789524,0.13275583810789524
8.26794,-0.677291769833322,-0.7100729446963908,-0.03278117486306886,-0.13193702238632937,0.13193702238632937
5.63896,0.29276817716468967,0.3369914650713877,0.04422328790669805,0.13149607647019346,0.13149607647019346
8.18594,-0.5951071413097981,-0.6202057105194333,-0.025098569209635158,-0.12966274981489595,0.12966274981489595
8.41094,-0.5593191899652975,-0.6226287812406932,-0.0633095912753957,-0.12724213911675503,0.12724213911675503
8.71594,-0.8641588895238924,-0.829940259892428,0.03421862963146438,0.12612493682332995,0.12612493682332995
6.10496,0.8118173902204977,0.7269409761495534,-0.08487641407094426,-0.12535337413583908,0.12535337413583908
6.98295,-0.34405753846940335,-0.3771200286129194,-0.03306249014351603,-0.12484835811866682,0.12484835811866682
8.01094,-0.6088219574806162,-0.6450399280270339,-0.03621797054641773,-0.12280024023811602,0.12280024023811602
7.01295,-0.4465955872455607,-0.39655459421286965,0.05004099303269105,0.1224895645268621,0.1224895645268621
8.18494,-0.5877757798789145,-0.6127665123975905,-0.024990732518676007,-0.12078376352490773,0.12078376352490773
5.53596,2.7277611232785817,2.657256047670909,-0.07050507560767283,-0.1200834956933365,0.1200834956933365
7.32395,0.24830466591143752,0.2826943967368403,0.03438973082540281,0.11974425356851383,0.11974425356851383
8.40994,-0.5548360739571822,-0.6103972861964374,-0.05556121223925525,-0.11957633761535595,0.11957633761535595
8.01994,-0.6886917763423581,-0.7096637592669687,-0.020971982924610555,-0.11911838365825023,0.11911838365825023
8.62194,-0.9421877266688546,-0.9232874023472647,0.018900324321589945,0.11726569417244162,0.11726569417244162
7.00895,-0.4070805347337692,-0.3646914358576839,0.04238909887608533,0.11703989505956786,0.11703989505956786
6.29695,1.7627870550291385,1.8479376371433787,0.0851505821142402,0.1142986735881189,0.1142986735881189
8.19694,-0.7171273911198907,-0.7015732107820343,0.015554180337856383,0.11327534766519777,0.11327534766519777
6.99395,-0.4166671128465479,-0.44779646216173735,-0.03112934931518946,-0.11044677460876105,0.11044677460876105
6.98495,-0.4428545985657818,-0.4171748289550788,0.025679769610703007,0.10976557359858981,0.10976557359858981
6.99895,-0.3857538721202166,-0.41641628050005114,-0.030662408379834527,-0.10884686332193878,0.10884686332193878
8.72294,-0.8519730769489331,-0.8789520739364195,-0.026978996987486403,-0.10841181574187146,0.10841181574187146
7.32295,0.2916856045454573,0.26512768629392125,-0.026557918251536028,-0.10814960501764438,0.10814960501764438
8.43894,-0.8410687688006844,-0.8596349363891734,-0.018566167588489058,-0.10802456284389553,0.10802456284389553
7.01095,-0.38637811628421903,-0.4278475224259534,-0.04146940614173439,-0.1079896959379691,0.1079896959379691
6.99495,-0.4582428332339576,-0.42929008888104275,0.02895274435291484,0.10510385969390162,0.10510385969390162
7.00795,-0.40474752890474464,-0.3706818992723061,0.03406562963243853,0.10484114787736695,0.10484114787736695
8.03594,-0.617690096812845,-0.5841249514806447,0.03356514533220034,0.10476346185187309,0.10476346185187309
5.99596,0.5204895123773035,0.5523128747735196,0.03182336239621619,0.10475976749780984,0.10475976749780984
7.99794,-0.537436719556719,-0.4822277102803156,0.05520900927640343,0.10425214725529447,0.10425214725529447
8.41294,-0.6297612883515862,-0.6736816435132447,-0.043920355161658486,-0.10416947991303936,0.10416947991303936
7.29595,0.45383044121888444,0.42400227893584674,-0.029828162283037696,-0.1039587435713776,0.1039587435713776
8.02094,-0.6827446583730342,-0.6992309276024911,-0.01648626922945684,-0.10374799838831807,0.10374799838831807
8.71794,-0.9030115413300022,-0.870285989925535,0.0327255514044672,0.1029517042019145,0.1029517042019145
6.10696,0.812396571667158,0.7452392539305712,-0.06715731773658673,-0.09991486230845663,0.09991486230845663
7.42195,-0.48860538996902836,-0.47475458637338164,0.013850803595646721,0.0994118601747177,0.0994118601747177
8.72694,-0.8630794549146175,-0.884997613676866,-0.021918158762248563,-0.09840875806608924,0.09840875806608924
8.03394,-0.6503862592584094,-0.6292466048188432,0.021139654439566224,0.09711566761979767,0.09711566761979767
6.10796,0.7953863842910245,0.7307139490579336,-0.06467243523309085,-0.09647229334790726,0.09647229334790726
8.72494,-0.908108462965115,-0.9328033067899419,-0.024694843824826895,-0.09556575485713412,0.09556575485713412
6.96195,-0.3705483377530121,-0.38756356144264975,-0.01701522368963765,-0.09381136445168951,0.09381136445168951
8.26494,-0.7112103544747701,-0.6843248744983292,0.026885479976440863,0.0925111483937229,0.0925111483937229
7.42295,-0.5188998874339784,-0.505184885684504,0.013715001749474376,0.08790067049514189,0.08790067049514189
8.61494,-0.8648270648466232,-0.8539407303835356,0.010886334463087621,0.0831281041504487,0.0831281041504487
8.26394,-0.7071699236106102,-0.6831813467594776,0.023988576851132537,0.0826183490785564,0.0826183490785564
6.11196,0.7314835398200232,0.785509961593519,0.054026421773495814,0.08239578146103368,0.08239578146103368
8.03494,-0.6094536891546609,-0.588830525600044,0.020623163554616908,0.08195873062698021,0.08195873062698021
7.39595,-0.22639277486346943,-0.21195275352855455,0.014440021334914871,0.08114237358137003,0.08114237358137003
6.11096,0.7250704192991193,0.7779633367728822,0.0528929174737629,0.08030302927461311,0.08030302927461311
6.30095,1.8197040970883478,1.7575702238455644,-0.06213387324278341,-0.08025941457790614,0.08025941457790614
8.17494,-0.587442954796626,-0.6084248312096958,-0.02098187641306981,-0.07959478661437697,0.07959478661437697
7.39195,-0.15931832465803836,-0.1402547185366918,0.019063606121346555,0.07729764217370097,0.07729764217370097
8.37594,-0.632056543803896,-0.6237407689830649,0.008315774820831123,0.07715304632598538,0.07715304632598538
8.16594,-0.6492951805005511,-0.6280532314340653,0.0212419490664858,0.07651100261851729,0.07651100261851729
6.98895,-0.42691818540100424,-0.41051406040444344,0.016404124996560798,0.0735545227375986,0.0735545227375986
8.18894,-0.7059123267208012,-0.6920494367340623,0.013862889986738902,0.07352687921481285,0.07352687921481285
7.99994,-0.5760247893659691,-0.5990718208347195,-0.023047031468750423,-0.0727317762355549,0.0727317762355549
8.61094,-0.9238825448800843,-0.9141390019806961,0.009743542899388169,0.0716541456490973,0.0716541456490973
5.63596,0.44294984988246017,0.42048924313794694,-0.022460606744513223,-0.0705383397345144,0.0705383397345144
8.00994,-0.6668520662514056,-0.6498537427600555,0.01699832349135011,0.06952137793284872,0.06952137793284872
8.41894,-0.6928985977722877,-0.7170055748348528,-0.02410697706256515,-0.06842967733254968,0.06842967733254968
8.17794,-0.5657193084457399,-0.5860428526211245,-0.020323544175384622,-0.06719063671267436,0.06719063671267436
5.53496,2.649608868053125,2.686707150471463,0.0370982824183379,0.066867543449401,0.066867543449401
6.11496,0.753342372030283,0.7982367658655084,0.04489439383522542,0.06656854680362677,0.06656854680362677
7.17295,0.8514419074889452,0.8624218978057622,0.010979990316816957,0.06466778534513315,0.06466778534513315
7.28695,0.3839547621924181,0.39323079572952796,0.009276033537109873,0.06430515772087357,0.06430515772087357
8.03294,-0.636098976923301,-0.6490630893673252,-0.012964112444024178,-0.0642612401362304,0.0642612401362304
8.18294,-0.6238266960666813,-0.6065793448592274,0.01724735120745391,0.06415724349989896,0.06415724349989896
8.81594,-0.9544470297611498,-0.9613667368441589,-0.006919707083009041,-0.06398661694027397,0.06398661694027397
8.71894,-0.8828307681445343,-0.903283565760473,-0.020452797615938656,-0.06369082540312436,0.06369082540312436
8.17894,-0.5930763856213399,-0.5708320520045441,0.022244333616795786,0.06355758205643262,0.06355758205643262
6.29895,1.7335255507768383,1.7804758050422838,0.04695025426544541,0.06154803032077421,0.06154803032077421
8.00094,-0.5354816039868368,-0.5558876038754259,-0.020405999888589155,-0.059236905528795576,0.059236905528795576
7.01195,-0.42312968415250884,-0.44673774726019566,-0.023608063107686816,-0.057707688049192116,0.057707688049192116
7.01495,-0.3744982094562349,-0.3534337620982991,0.021064447357935834,0.05496506201602668,0.05496506201602668
8.41194,-0.6070864884852791,-0.631005814522146,-0.02391932603686686,-0.05211861025801962,0.05211861025801962
5.99396,0.4993850823745422,0.515808170616882,0.01642308824233979,0.05206316836431315,0.05206316836431315
8.18094,-0.6198651052044089,-0.6317728181732328,-0.01190771296882398,-0.05145210399578233,0.05145210399578233
8.38594,-0.1220667049372017,-0.13525031061236625,-0.01318360567516455,-0.04977825141345359,0.04977825141345359
7.42795,-0.5293343509145805,-0.5210683914797019,0.008265959434878623,0.0486206214021977,0.0486206214021977
8.02294,-0.667323458659282,-0.6768533551825866,-0.009529896523304604,-0.04743462629264821,0.04743462629264821
8.01494,-0.6468774098744725,-0.6562545857305436,-0.009377175856071118,-0.04719279343943368,0.04719279343943368
6.96295,-0.36247984675802525,-0.3699679541150278,-0.00748810735700256,-0.04620786127260681,0.04620786127260681
8.71694,-0.861463725711693,-0.8748088312821439,-0.013345105570450877,-0.045495474032423155,0.045495474032423155
7.01395,-0.3730637889851952,-0.3919507479695449,-0.018886958984349667,-0.0453214359662193,0.0453214359662193
8.26694,-0.7207235608448568,-0.7096005296602891,0.0111230311845677,0.04495870036633958,0.04495870036633958
8.00894,-0.7056432965999941,-0.6954031539277062,0.0102401426722879,0.0447481456606982,0.0447481456606982
6.97895,-0.3816063839994188,-0.39201402583565786,-0.010407641836239045,-0.044303951689501526,0.044303951689501526
6.10596,0.7661977329891763,0.737495241649919,-0.028702491339257286,-0.042567734470251084,0.042567734470251084
7.39495,-0.19547438487255078,-0.18651101437000833,0.00896337050254245,0.042053615902184496,0.042053615902184496
8.62294,-0.905202249645437,-0.8978657747220248,0.007336474923412273,0.042050287228754195,0.042050287228754195
7.99894,-0.563158056590761,-0.5468618761407027,0.016296180450058317,0.04167376485473166,0.04167376485473166
8.00594,-0.6865017529108439,-0.6772657917116013,0.009235961199242637,0.04013414286587454,0.04013414286587454
5.99496,0.4849964290677997,0.4983632057973314,0.013366776729531682,0.039508816501760705,0.039508816501760705
8.02194,-0.6908360088688845,-0.6845510378676958,0.006284971001188744,0.03863668395062897,0.03863668395062897
6.10896,0.768390878399539,0.7426983344060669,-0.025692543993472094,-0.03847971052421284,0.03847971052421284
7.17495,0.7712657519493566,0.7645156300486066,-0.0067501219007500834,-0.03732521486524955,0.03732521486524955
6.98795,-0.38592193037034817,-0.3934392140513171,-0.007517283680968934,-0.03513754904682572,0.03513754904682572
6.98695,-0.39271227524358376,-0.4000537088145215,-0.00734143357093775,-0.033755704165251865,0.033755704165251865
7.00395,-0.38862763770297726,-0.39863933062676565,-0.010011692923788396,-0.032353822619715346,0.032353822619715346
6.10996,0.7437815805924828,0.7639889156362257,0.020207335043742947,0.03005419243886429,0.03005419243886429
8.17594,-0.6122553372993471,-0.6057984979258588,0.006456839373488288,0.027415386891388296,0.027415386891388296
8.41994,-0.7305058834698688,-0.7227253688339506,0.007780514635918223,0.026103224346481955,0.026103224346481955
6.98995,-0.40273482827512475,-0.39694630327146463,0.005788525003660117,0.024580724491210966,0.024580724491210966
7.00495,-0.39528629993006725,-0.387441377433599,0.007844922496468232,0.024025413076391194,0.024025413076391194
7.00995,-0.40416155344506194,-0.3955466255302138,0.008614927914848136,0.0231244183309865,0.0231244183309865
8.17694,-0.5811542613550127,-0.5865527997197593,-0.0053985383647465746,-0.02302576429241531,0.02302576429241531
8.41394,-0.6752790903340551,-0.6838921361421698,-0.008613045808114728,-0.021837640922302146,0.021837640922302146
6.29995,1.7701483849580035,1.7859705593538335,0.015822174395830002,0.021413525794508045,0.021413525794508045
8.18194,-0.6423864814634037,-0.6385116004876747,0.003874880975728967,0.017689046337884626,0.017689046337884626
6.00496,0.4969648172834505,0.4921127552369388,-0.004852062046511674,-0.01762851388731367,0.01762851388731367
6.99695,-0.424347176657742,-0.41971733217076157,0.00462984448698045,0.016839777051419303,0.016839777051419303
8.17394,-0.6001915508128678,-0.595547689080788,0.004643861732079757,0.015365794042916454,0.015365794042916454
8.17994,-0.6151120426091891,-0.6114676380072163,0.003644404601972795,0.013651663661025383,0.013651663661025383
7.29495,0.4164143498348182,0.4130960054663452,-0.003318344368473003,-0.013498959373043443,0.013498959373043443
6.29795,1.7548754244541833,1.7640744436841531,0.009199019229969796,0.011547427655995911,0.011547427655995911
8.01394,-0.6825716095942136,-0.6800905126059409,0.002481096988272702,0.011302749303507078,0.011302749303507078
8.71194,-0.9473499862733028,-0.945214424376079,0.002135561897223748,0.009566172822669566,0.009566172822669566
5.63696,0.39234726386748997,0.3891727975449751,-0.0031744663225148906,-0.009501622637950131,0.009501622637950131
6.00396,0.457958104037931,0.45524920589786816,-0.0027088981400628653,-0.009037745770645228,0.009037745770645228
8.41694,-0.7045657595716035,-0.7071972390545431,-0.002631479482939625,-0.008392856566632922,0.008392856566632922
8.35194,-0.9067194836215087,-0.9061801525158185,0.0005393311056901551,0.007642099082214018,0.007642099082214018
7.40195,-0.329514660536364,-0.33085913864132627,-0.0013444781049622434,-0.006417026548118858,0.006417026548118858
7.39395,-0.19366636091251413,-0.19506443092977369,-0.0013980700172595562,-0.006368299153691161,0.006368299153691161
8.71494,-0.9094886481254659,-0.911094070701869,-0.0016054225764030594,-0.0061196774606909424,0.0061196774606909424
8.42094,-0.723478288359281,-0.7247536008821509,-0.0012753125228699425,-0.005097538490463263,0.005097538490463263
8.41494,-0.6956147955604896,-0.6946990952263091,0.0009157003341804248,0.002502723551402894,0.002502723551402894
8.85894,-0.9346055006415023,-0.9344047480243257,0.00020075261717655835,0.0017153102046152866,0.0017153102046152866
