ppm,PC1_loading
5.49996,-0.006110502143321311
5.50096,-0.005866423998171221
5.50196,-0.006017839356696417
5.50296,-0.0057556174833877155
5.50396,-0.005709497691222159
5.50496,-0.0058369169045902934
5.50596,-0.005721745268055846
5.50696,-0.0054623028656373245
5.50796,-0.005390452070539903
5.50896,-0.005349616977118451
5.50996,-0.005472577301562013
5.51096,-0.0054554105475508735
5.51196,-0.00570041515798926
5.51296,-0.00570314184986592
5.51396,-0.0054497547206992444
5.51496,-0.005024240520761497
5.51596,-0.004901934288979209
5.51696,-0.004548116984725042
5.51796,-0.004292323044230886
5.51896,-0.004490496303011457
5.51996,-0.004405444528736916
5.52096,-0.003983119941655956
5.52196,-0.0038557810466103267
5.52296,-0.0031745993774532134
5.52396,-0.002975216300434901
5.52496,-0.0030203494747366344
5.52596,-0.0030660168578485543
5.52696,-0.0031960741055501265
5.52796,-0.0030070526211269104
5.52896,-0.002732003958639903
5.52996,-0.0025284213012524174
5.53096,-0.0022568096921509215
5.53196,-0.0025352777442376093
5.53296,-0.0025490598258566836
5.53396,-0.002433191881885903
5.53496,-0.002304967600779353
5.53596,-0.0020976345537494128
5.53696,-0.0019940384334915526
5.53796,-0.0021851550956867925
5.53896,-0.002012733489695876
5.53996,-0.0017907433739738391
5.54096,-0.001984145917180696
5.54196,-0.0020038509019930876
5.54296,-0.00181553886730058
5.54396,-0.002221487645100847
5.54496,-0.002364174686463761
5.54596,-0.0019650813864075098
5.54696,-0.001849916957908109
5.54796,-0.0019232699774674646
5.54896,-0.0017506318678277173
5.54996,-0.0014045303366814598
5.55096,-0.0014759740328235877
5.55196,-0.0016342015991957825
5.55296,-0.001731457170147297
5.55396,-0.0015096350388434745
5.55496,-0.001626535831658908
5.55596,-0.002201019344444304
5.55696,-0.0023834484928108926
5.55796,-0.0024922535498813096
5.55896,-0.002290160848062575
5.55996,-0.0024255334144506267
5.56096,-0.002741312402943464
5.56196,-0.0029652914515209813
5.56296,-0.002639137370459173
5.56396,-0.0023826460895358015
5.56496,-0.0024153304917498815
5.56596,-0.002481497322280805
5.56696,-0.0025938979317104214
5.56796,-0.0026762952773630258
5.56896,-0.002685610009292394
5.56996,-0.0029273113416850515
5.57096,-0.0029756698802713114
5.57196,-0.0030178637847045053
5.57296,-0.0028984360726542753
5.57396,-0.002611919543461522
5.57496,-0.0032869467732073725
5.57596,-0.002904370401171797
5.57696,-0.002895377676627654
5.57796,-0.0031860840098645064
5.57896,-0.0033154613438416735
5.57996,-0.0031473853840198224
5.58096,-0.003311004661762508
5.58196,-0.0034718649879976926
5.58296,-0.0035665660612520813
5.58396,-0.003330457716436878
5.58496,-0.0034410157707132883
5.58596,-0.003917731211216321
5.58696,-0.004171676302932405
5.58796,-0.00447283550412689
5.58896,-0.004121153831460046
5.58996,-0.004054694825200288
5.59096,-0.003924106322419229
5.59196,-0.004213489552460816
5.59296,-0.0043732044072837956
5.59396,-0.004189973473682029
5.59496,-0.004814851951235338
5.59596,-0.005192471373749537
5.59696,-0.0058647795252565645
5.59796,-0.006175579985232026
5.59896,-0.006222697400173221
5.59996,-0.006573755969006455
5.60096,-0.007123239210985868
5.60196,-0.007686029410575576
5.60296,-0.008188312514719943
5.60396,-0.008137065545044538
5.60496,-0.00771819578531821
5.60596,-0.008080749681378792
5.60696,-0.007590060672266748
5.60796,-0.006932605384731142
5.60896,-0.006395432884751181
5.60996,-0.0059511095367376305
5.61096,-0.0060272034577573495
5.61196,-0.0059807288231097065
5.61296,-0.005870849862786885
5.61396,-0.005412370982627605
5.61496,-0.005396344381074623
5.61596,-0.00486405782251995
5.61696,-0.0050967220012528265
5.61796,-0.0049009110383899735
5.61896,-0.004571527257064167
5.61996,-0.005506332218067635
5.62096,-0.005776500354471308
5.62196,-0.005270680287811543
5.62296,-0.0052184393715632525
5.62396,-0.004701360910138876
5.62496,-0.0044940210149030865
5.62596,-0.00348871373803396
5.62696,-0.003681626113100052
5.62796,-0.003401387416246949
5.62896,-0.00417524475955072
5.62996,-0.00449117093124673
5.63096,-0.003724353980481445
5.63196,-0.004114359879700112
5.63296,-0.004721761793141731
5.63396,-0.004622236893267687
5.63496,-0.004800410878866354
5.63596,-0.004721415229033331
5.63696,-0.003759894495714409
5.63796,-0.0037490255635213147
5.63896,-0.0027252430984435454
5.63996,-0.0027060872849474977
5.64096,-0.0038529159799972966
5.64196,-0.00468001925424867
5.64296,-0.004207581667185307
5.64396,-0.002525012419600828
5.64496,-0.002909380219677212
5.64596,-0.002718561703086724
5.64696,-0.0016919496894479183
5.64796,-0.0011216975019706628
5.64896,-0.0002665335571933602
5.64996,4.0628970506415e-06
5.65096,-0.000981218589773291
5.65196,-0.0013111780188112317
5.65296,-0.0020694118753177286
5.65396,-0.001753133785000156
5.65496,-0.00177223572990582
5.65596,-0.0010479561660298633
5.65696,-0.0020408203511475577
5.65796,-0.003386843238762484
5.65896,-0.004692599973058686
5.65996,-0.004254194746746757
5.66096,-0.004691091619763224
5.66196,-0.004354337232644829
5.66296,-0.0038101693452226733
5.66396,-0.004247049014922024
5.66496,-0.004197201840103353
5.66596,-0.0034367760513416517
5.66696,-0.0037903987666360306
5.66796,-0.0043503858366137765
5.66896,-0.004405553392686167
5.66996,-0.004364548397224104
5.67096,-0.004071721814965456
5.67196,-0.004445811641253465
5.67296,-0.004350482587436261
5.67396,-0.00382815646768972
5.67496,-0.00403115146291771
5.67596,-0.004251121135680436
5.67696,-0.003850838316772687
5.67796,-0.004729940403218883
5.67896,-0.004111009048041409
5.67996,-0.0051961416094109805
5.68096,-0.005083171850035971
5.68196,-0.0041309117324417055
5.68296,-0.003968893117969241
5.68396,-0.005202281272558576
5.68496,-0.004738927762973479
5.68596,-0.004065941832395694
5.68696,-0.004554110095391421
5.68796,-0.005066601129307385
5.68896,-0.006369436473662106
5.68996,-0.007786021732489205
5.69096,-0.007779088422757203
5.69196,-0.007094305548983259
5.69296,-0.006745167890030406
5.69396,-0.006699806358076913
5.69496,-0.0063751536009131245
5.69596,-0.00804651253408897
5.69696,-0.008395804425476041
5.69796,-0.00819023608343835
5.69896,-0.008508446703663481
5.69996,-0.007843541293562349
5.70096,-0.008047623442645454
5.70196,-0.00736826370799851
5.70296,-0.0067389026471782855
5.70396,-0.00586658701532232
5.70496,-0.007298408076932133
5.70596,-0.0075070522197100645
5.70696,-0.007180806672561903
5.70796,-0.006410042811936192
5.70896,-0.007419103247509427
5.70996,-0.008050434526859655
5.71096,-0.008192629268333487
5.71196,-0.008385780471388597
5.71296,-0.008130797864854218
5.71396,-0.007073938576755343
5.71496,-0.00652926909789022
5.71596,-0.005865402313611793
5.71696,-0.0056948546008517556
5.71796,-0.004797897256317234
5.71896,-0.003444784611848555
5.71996,-0.003264330807793741
5.72096,-0.004433792486863707
5.72196,-0.004938011714163208
5.72296,-0.0038584686765024993
5.72396,-0.0035467310737007924
5.72496,-0.0036269805789832773
5.72596,-0.0035685415067527922
5.72696,-0.005078584929785796
5.72796,-0.0049586171110167394
5.72896,-0.004362472359788299
5.72996,-0.004658854352105011
5.73096,-0.005225263536517575
5.73196,-0.005734501699620287
5.73296,-0.006432996294130971
5.73396,-0.0066925905020332075
5.73496,-0.006615468246053318
5.73596,-0.00720722308116492
5.73696,-0.007828965806252157
5.73796,-0.00773387227430472
5.73896,-0.007750103790942778
5.73996,-0.0060999468911156615
5.74096,-0.006066745257624811
5.74196,-0.007607180220102359
5.74296,-0.00791663286515918
5.74396,-0.008291864786913626
5.74496,-0.007358492486151077
5.74596,-0.006816749103451241
5.74696,-0.006672506286654185
5.74796,-0.007021488599347826
5.74896,-0.006984300873558061
5.74996,-0.0067114796508894155
5.75096,-0.006520272170765983
5.75196,-0.006838696994829062
5.75296,-0.007173593714398986
5.75396,-0.007294299236601861
5.75496,-0.007784364458546693
5.75596,-0.008142755517230099
5.75696,-0.007783974369868006
5.75796,-0.007813239315720545
5.75896,-0.00807296626051473
5.75996,-0.008286853728878909
5.76096,-0.00788974452376962
5.76196,-0.008238936440356072
5.76296,-0.008697774111919026
5.76396,-0.009457795951749079
5.76496,-0.009876070119440125
5.76596,-0.010397465674845263
5.76696,-0.010072229012365022
5.76796,-0.010087074566430966
5.76896,-0.01089978460718993
5.76996,-0.010906725749325186
5.77096,-0.010988180952717573
5.77196,-0.009981794385271464
5.77296,-0.009013993622136071
5.77396,-0.009861846046290416
5.77496,-0.01049283615957293
5.77596,-0.010274493439813029
5.77696,-0.010387482295069517
5.77796,-0.010977774700685573
5.77896,-0.010850151622523665
5.77996,-0.011189077840042187
5.78096,-0.010965243862888954
5.78196,-0.011193049271987828
5.78296,-0.012097773025895401
5.78396,-0.01171980055740312
5.78496,-0.011605765059876592
5.78596,-0.011991371193293906
5.78696,-0.012353386724816917
5.78796,-0.01354046365889416
5.78896,-0.013860613886925215
5.78996,-0.013700672158846634
5.79096,-0.013222154136458813
5.79196,-0.013534148590424155
5.79296,-0.013748025903978401
5.79396,-0.01371994865860363
5.79496,-0.014359287810422516
5.79596,-0.01417530102252184
5.79696,-0.013804908638933897
5.79796,-0.01359606497786789
5.79896,-0.014118048531411789
5.79996,-0.013819375860085489
5.80096,-0.014094581920543026
5.80196,-0.014171803690237048
5.80296,-0.013875307135339474
5.80396,-0.013857530369667512
5.80496,-0.013516616085452857
5.80596,-0.013283603653219317
5.80696,-0.014080863402635925
5.80796,-0.014212640336294245
5.80896,-0.014472906721334097
5.80996,-0.015161724258366168
5.81096,-0.01527037650694223
5.81196,-0.014798578161183282
5.81296,-0.014840290842010707
5.81396,-0.014983812295059322
5.81496,-0.01502466216266611
5.81596,-0.015452403686126695
5.81696,-0.016219065668339947
5.81796,-0.017208782771020784
5.81896,-0.017505549973131588
5.81996,-0.01807506544000201
5.82096,-0.01886827324029294
5.82196,-0.01852171164052387
5.82296,-0.01868201016186738
5.82396,-0.0189791589658802
5.82496,-0.020263799497126554
5.82596,-0.020919247904458555
5.82696,-0.020998457294133244
5.82796,-0.020824119933578314
5.82896,-0.02119233649368133
5.82996,-0.021208456361095897
5.83096,-0.021304414144937764
5.83196,-0.021221673190121082
5.83296,-0.02124286422400459
5.83396,-0.021345557194670524
5.83496,-0.02133308272458638
5.83596,-0.021688714878786
5.83696,-0.021885005995245
5.83796,-0.021599310215214586
5.83896,-0.021821637871781274
5.83996,-0.022292907332629983
5.84096,-0.02276622790894394
5.84196,-0.023172740449048032
5.84296,-0.023624125664018666
5.84396,-0.02333863058435162
5.84496,-0.023017252761294158
5.84596,-0.023110578445590984
5.84696,-0.02288737113560473
5.84796,-0.022691404342435387
5.84896,-0.0226241145951652
5.84996,-0.022529033261237473
5.85096,-0.022435195237758828
5.85196,-0.022163295636425853
5.85296,-0.021989854585640713
5.85396,-0.02151985191447328
5.85496,-0.02127229530646837
5.85596,-0.020504871892290204
5.85696,-0.019695396195037976
5.85796,-0.01889344493159139
5.85896,-0.01835170323219449
5.85996,-0.01773792272249026
5.86096,-0.016520334032851747
5.86196,-0.015540531368635363
5.86296,-0.015052562374109428
5.86396,-0.014440984854129323
5.86496,-0.013689683098666394
5.86596,-0.01315497002345703
5.86696,-0.012549229798930497
5.86796,-0.012136480817727157
5.86896,-0.011854166861398317
5.86996,-0.011363799211030054
5.87096,-0.010992002349982348
5.87196,-0.010768671591974347
5.87296,-0.010606488419441923
5.87396,-0.01045432142587035
5.87496,-0.010245380064311353
5.87596,-0.010140557701130494
5.87696,-0.01003232772655618
5.87796,-0.009902206945064145
5.87896,-0.009829010913335379
5.87996,-0.009791878617490988
5.88096,-0.009775276104246285
5.88196,-0.009764597862736181
5.88296,-0.009833872253331304
5.88396,-0.009984181986400473
5.88496,-0.010188717521499465
5.88596,-0.010536762946346558
5.88696,-0.010994848154108504
5.88796,-0.011419526124401351
5.88896,-0.011953514777484214
5.88996,-0.012478551214923967
5.89096,-0.012878795684861732
5.89196,-0.013109809832133806
5.89296,-0.013438830352326894
5.89396,-0.01357621537066299
5.89496,-0.013542089058010909
5.89596,-0.013605558727325114
5.89696,-0.013541922263804053
5.89796,-0.0133995955395857
5.89896,-0.013142949220662335
5.89996,-0.012947687360593305
5.90096,-0.01266620931376557
5.90196,-0.012399661798444503
5.90296,-0.01211353804224075
5.90396,-0.011917092770589516
5.90496,-0.011711952125296222
5.90596,-0.011483981944683757
5.90696,-0.011349974194344678
5.90796,-0.011217859214089427
5.90896,-0.011079638034553736
5.90996,-0.0109895633300975
5.91096,-0.010939236950710616
5.91196,-0.010929838049100632
5.91296,-0.010929779140025816
5.91396,-0.011003280563214285
5.91496,-0.01121233542216648
5.91596,-0.011473764167849908
5.91696,-0.011913759152111932
5.91796,-0.012584372476980141
5.91896,-0.013490357467986507
5.91996,-0.014440639258763144
5.92096,-0.015566461090570425
5.92196,-0.016728737657305363
5.92296,-0.01791970951545478
5.92396,-0.019197642258700652
5.92496,-0.02046241220550546
5.92596,-0.021870598273773
5.92696,-0.023023630947618046
5.92796,-0.023987234900433488
5.92896,-0.024935787075927147
5.92996,-0.0255857837140016
5.93096,-0.02600655717256248
5.93196,-0.026269079905035034
5.93296,-0.02646189108470157
5.93396,-0.026529474611036698
5.93496,-0.026512199887558076
5.93596,-0.026487175565933222
5.93696,-0.026447680641952194
5.93796,-0.0263050363764618
5.93896,-0.026172095329874336
5.93996,-0.026125421622371428
5.94096,-0.02600649373500556
5.94196,-0.025858173667421894
5.94296,-0.02569045641286093
5.94396,-0.025533978155018972
5.94496,-0.02540716883587729
5.94596,-0.025241552766432536
5.94696,-0.02502878667470134
5.94796,-0.024780469898331096
5.94896,-0.024304460978390324
5.94996,-0.02372024060377201
5.95096,-0.02294886680689736
5.95196,-0.02179802237720248
5.95296,-0.020228568167379647
5.95396,-0.01843766227150962
5.95496,-0.016503468089052536
5.95596,-0.014742875695796643
5.95696,-0.013528559876462282
5.95796,-0.012981086188870216
5.95896,-0.013266177373007443
5.95996,-0.014238530560051536
5.96096,-0.015840928600373234
5.96196,-0.017627209026214827
5.96296,-0.01930559115290155
5.96396,-0.020700281752481065
5.96496,-0.02166525386325149
5.96596,-0.02237434635752736
5.96696,-0.02284516656926289
5.96796,-0.023165367143164955
5.96896,-0.023418339289428675
5.96996,-0.023676747124717103
5.97096,-0.023904355178641565
5.97196,-0.02408238200450614
5.97296,-0.02425064979921028
5.97396,-0.024351813818685047
5.97496,-0.02442166615419496
5.97596,-0.024469104408815168
5.97696,-0.02450341234413903
5.97796,-0.024507463661306315
5.97896,-0.02449728621693599
5.97996,-0.024470757423680285
5.98096,-0.02440549347156602
5.98196,-0.02435287121803637
5.98296,-0.02422187632092288
5.98396,-0.024004660936626437
5.98496,-0.023701907552326533
5.98596,-0.0232499992319382
5.98696,-0.02264769673387803
5.98796,-0.021966192484065335
5.98896,-0.021436526209546964
5.98996,-0.021192276491204955
5.99096,-0.021345889847445707
5.99196,-0.02182536406538255
5.99296,-0.02245882154483195
5.99396,-0.02301937493702508
5.99496,-0.023441673372914924
5.99596,-0.023785917639652154
5.99696,-0.02400954667857211
5.99796,-0.024144777343356138
5.99896,-0.024242318005856016
5.99996,-0.024304359772444495
6.00096,-0.024376354202435183
6.00196,-0.024447060461060717
6.00296,-0.024495479359054717
6.00396,-0.02454187175061792
6.00496,-0.024568698982310747
6.00596,-0.024607651067426694
6.00696,-0.02462744617031462
6.00796,-0.02463887805030618
6.00896,-0.024655229745434118
6.00996,-0.024672008650845144
6.01096,-0.024679160279688642
6.01196,-0.02469531440576225
6.01296,-0.024691557666609062
6.01396,-0.024687933455367
6.01496,-0.02470378541005647
6.01596,-0.024711309221770342
6.01696,-0.024715684419119154
6.01796,-0.024715958478437744
6.01896,-0.024710994362863867
6.01996,-0.024720401219581977
6.02096,-0.02470923316958502
6.02196,-0.024725667870224895
6.02296,-0.024733390912248104
6.02396,-0.024734194362344034
6.02496,-0.024737690040571737
6.02596,-0.0247431543973932
6.02696,-0.024760194153821403
6.02796,-0.02477378071515419
6.02896,-0.02477846814940047
6.02996,-0.024791179645015794
6.03096,-0.02478866413688328
6.03196,-0.02479017181072479
6.03296,-0.024782083724422505
6.03396,-0.024784276795439143
6.03496,-0.024799607614695667
6.03596,-0.024794909622333654
6.03696,-0.024787542251864306
6.03796,-0.024804550761228446
6.03896,-0.024825883305622368
6.03996,-0.024810128025193966
6.04096,-0.024805702174268317
6.04196,-0.02481750960719074
6.04296,-0.024808501110773755
6.04396,-0.024812578634516587
6.04496,-0.02483290524682023
6.04596,-0.0248497189166957
6.04696,-0.024861675013913603
6.04796,-0.02485541665380044
6.04896,-0.024864637815482704
6.04996,-0.02484666805965695
6.05096,-0.024857403259089816
6.05196,-0.02487813784028819
6.05296,-0.024872615847874455
6.05396,-0.024858653500983596
6.05496,-0.024834320660830873
6.05596,-0.024869865892401866
6.05696,-0.024909917216374623
6.05796,-0.024895919897533144
6.05896,-0.024848560686642502
6.05996,-0.024835348215528033
6.06096,-0.024877379430536476
6.06196,-0.024896748113110354
6.06296,-0.02489780467817545
6.06396,-0.024890516968398224
6.06496,-0.024910141094821765
6.06596,-0.024879297651904483
6.06696,-0.024895962730189812
6.06796,-0.02495355627058561
6.06896,-0.02493977218479737
6.06996,-0.024902137957184326
6.07096,-0.02488727022736514
6.07196,-0.02489046161598371
6.07296,-0.024901660446130704
6.07396,-0.024895687404332453
6.07496,-0.024895607157722748
6.07596,-0.0248913287850236
6.07696,-0.02487460575425856
6.07796,-0.024894784724346614
6.07896,-0.024885875895378568
6.07996,-0.02488521530480436
6.08096,-0.024888016528349967
6.08196,-0.024857960114924586
6.08296,-0.024879739310244283
6.08396,-0.024886944799522887
6.08496,-0.024881056806937953
6.08596,-0.024845841703447946
6.08696,-0.024835114555696782
6.08796,-0.02485923521203582
6.08896,-0.02487536474504362
6.08996,-0.02487548991006117
6.09096,-0.024867849310117773
6.09196,-0.024851939177595525
6.09296,-0.024861210819598058
6.09396,-0.02487568734707963
6.09496,-0.02485500535407864
6.09596,-0.024881925270759955
6.09696,-0.024852143207250696
6.09796,-0.024816809424202987
6.09896,-0.02480832862068758
6.09996,-0.024829003260623372
6.10096,-0.02480474689720433
6.10196,-0.024822845220711633
6.10296,-0.024801396820893308
6.10396,-0.02479447321437617
6.10496,-0.024812912244418214
6.10596,-0.024819908989739813
6.10696,-0.024792090913301375
6.10796,-0.024795308065363994
6.10896,-0.02479835618555861
6.10996,-0.02479093270092471
6.11096,-0.02480477840353987
6.11196,-0.024723412997728504
6.11296,-0.024651961005075187
6.11396,-0.024647903896005616
6.11496,-0.024662948834315527
6.11596,-0.024649085896239823
6.11696,-0.024617906166437605
6.11796,-0.02455340581419974
6.11896,-0.024510549099668065
6.11996,-0.024448215241147084
6.12096,-0.024405801590837814
6.12196,-0.024306662304370227
6.12296,-0.024159219068646952
6.12396,-0.024056625931456715
6.12496,-0.023860508742459957
6.12596,-0.02360684399386142
6.12696,-0.023303019782741432
6.12796,-0.02291216636101284
6.12896,-0.02254943192604916
6.12996,-0.02203522077361897
6.13096,-0.02141203836919442
6.13196,-0.020717173682769117
6.13296,-0.019900686279653516
6.13396,-0.019104588444263257
6.13496,-0.01822805971913723
6.13596,-0.01741655534727548
6.13696,-0.016884093561695884
6.13796,-0.016521818004990276
6.13896,-0.01633098392429088
6.13996,-0.016507976526242245
6.14096,-0.01680520552598348
6.14196,-0.017198818057412125
6.14296,-0.017764408432759553
6.14396,-0.018376135327325186
6.14496,-0.01899320465715041
6.14596,-0.019628175788699496
6.14696,-0.020343054946903263
6.14796,-0.02090920353749048
6.14896,-0.021375872111858773
6.14996,-0.02172467224630258
6.15096,-0.02207581662506428
6.15196,-0.022347151960246708
6.15296,-0.02251827329862364
6.15396,-0.022629541473333903
6.15496,-0.022752894943943
6.15596,-0.02273477188293486
6.15696,-0.022615847335686865
6.15796,-0.022425602487970677
6.15896,-0.022188369409977503
6.15996,-0.021906199319730098
6.16096,-0.021578122261873854
6.16196,-0.021161203742867146
6.16296,-0.02067426944276033
6.16396,-0.02011979225224796
6.16496,-0.01950650123286289
6.16596,-0.01895167272003773
6.16696,-0.018420593640765863
6.16796,-0.018035658217177068
6.16896,-0.0178239751367959
6.16996,-0.017720514607651075
6.17096,-0.017836494646976217
6.17196,-0.01816046645604552
6.17296,-0.01858889026554147
6.17396,-0.019090507398740228
6.17496,-0.01967372172088482
6.17596,-0.020329419643332153
6.17696,-0.02090039345567231
6.17796,-0.021468590450940253
6.17896,-0.021935296574739103
6.17996,-0.022374442289352172
6.18096,-0.02280929643939087
6.18196,-0.023120558424416567
6.18296,-0.023378010427119324
6.18396,-0.023615626959879413
6.18496,-0.02376691418968851
6.18596,-0.02391192073624838
6.18696,-0.024043602449992502
6.18796,-0.024123960291630515
6.18896,-0.024189150208759082
6.18996,-0.024249001741161645
6.19096,-0.02429754265435181
6.19196,-0.024301484845899012
6.19296,-0.024310089376671597
6.19396,-0.024346896694700956
6.19496,-0.024369413764660307
6.19596,-0.02438054533396363
6.19696,-0.02438244128382922
6.19796,-0.024389429702800794
6.19896,-0.02438762231797816
6.19996,-0.024384105813240495
6.20096,-0.02438817181711934
6.20196,-0.024374974942958882
6.20296,-0.02437743984285234
6.20396,-0.02441613307661521
6.20496,-0.024422559396150408
6.20596,-0.02437299929233791
6.20696,-0.024364829241501382
6.20796,-0.024354338013780945
6.20896,-0.024337530687649885
6.20996,-0.02433759733812453
6.21096,-0.024282501740603646
6.21196,-0.024272346751941815
6.21296,-0.024262335719651855
6.21396,-0.024255632940048157
6.21496,-0.024228439731147706
6.21596,-0.024197687427138598
6.21696,-0.0241668804641522
6.21796,-0.024163482715221198
6.21896,-0.02411537519838233
6.21996,-0.024080195318817516
6.22096,-0.02400525743170914
6.22196,-0.02394024974510129
6.22296,-0.023929139488456062
6.22396,-0.023930018026623645
6.22496,-0.023856743563988148
6.22596,-0.02379185078431004
6.22696,-0.023753004241609175
6.22796,-0.023717752395523355
6.22896,-0.02368381938491608
6.22996,-0.023676950259564816
6.23096,-0.02361500488219188
6.23196,-0.023602213667701176
6.23296,-0.023530456563027147
6.23396,-0.023509107824272475
6.23496,-0.023467485757669562
6.23596,-0.023365506594200086
6.23696,-0.023328983540840082
6.23796,-0.023266003571076756
6.23896,-0.02319502977817402
6.23996,-0.023155850071413343
6.24096,-0.023069319866959998
6.24196,-0.022982381293629898
6.24296,-0.022850371460235903
6.24396,-0.022850358383763245
6.24496,-0.022830451110848873
6.24596,-0.022741322962445167
6.24696,-0.022676534110419314
6.24796,-0.02247663990739975
6.24896,-0.02240460977013513
6.24996,-0.0222894484738262
6.25096,-0.02232737893305844
6.25196,-0.02227192648310712
6.25296,-0.022157923317799796
6.25396,-0.02207318894545345
6.25496,-0.02195944011620465
6.25596,-0.02191266732650296
6.25696,-0.021805270890231748
6.25796,-0.02173019498348679
6.25896,-0.02145148827714472
6.25996,-0.021418277461523364
6.26096,-0.02140730368132733
6.26196,-0.02124155760146584
6.26296,-0.021181130491046994
6.26396,-0.02094263844034036
6.26496,-0.020896909165850443
6.26596,-0.02075281172628345
6.26696,-0.02053472718462159
6.26796,-0.020282249498223243
6.26896,-0.02019130302949753
6.26996,-0.020026301772077582
6.27096,-0.0199719855841361
6.27196,-0.019851410620422907
6.27296,-0.01981345055549085
6.27396,-0.019825572290155927
6.27496,-0.01963648400681147
6.27596,-0.01937989825398617
6.27696,-0.019155507437647077
6.27796,-0.0189328113069675
6.27896,-0.018698438610047073
6.27996,-0.018414981965484616
6.28096,-0.018076148467753274
6.28196,-0.017640693455484302
6.28296,-0.017311756001493664
6.28396,-0.016795091209190746
6.28495,-0.016183561228092155
6.28595,-0.015354748768645935
6.28695,-0.01437807394317789
6.28795,-0.013752518140087292
6.28895,-0.01299316482006877
6.28995,-0.01191455282880884
6.29095,-0.010956136651429086
6.29195,-0.010078349909948076
6.29295,-0.00929296211553207
6.29395,-0.008572612866909279
6.29495,-0.007844987406443803
6.29595,-0.007078561484949435
6.29695,-0.006456181514330755
6.29795,-0.005890431272710318
6.29895,-0.005377219341244728
6.29995,-0.004956779636997946
6.30095,-0.004576783250278323
6.30195,-0.00431227508891382
6.30295,-0.00413150373041783
6.30395,-0.004021391367181503
6.30495,-0.0038814189164320715
6.30595,-0.0038504146680374707
6.30695,-0.003903099152493778
6.30795,-0.0038923163754426165
6.30895,-0.0038598440000239226
6.30995,-0.0038333923624340083
6.31095,-0.0037345263374994396
6.31195,-0.0037010292938639442
6.31295,-0.0034287689774706778
6.31395,-0.003254603524047212
6.31495,-0.0031018293632338254
6.31595,-0.0028487073529042716
6.31695,-0.002637238603886921
6.31795,-0.002385143625844787
6.31895,-0.0021904079666033075
6.31995,-0.0019129643571526576
6.32095,-0.0016376930303718426
6.32195,-0.0014021624880711315
6.32295,-0.0012867817435993868
6.32395,-0.0011889093871359031
6.32495,-0.0010541431735787328
6.32595,-0.0009297929852684332
6.32695,-0.0009652976726946903
6.32795,-0.0009464288528804998
6.32895,-0.0009785283095982151
6.32995,-0.0011161439977396294
6.33095,-0.0012026662424301368
6.33195,-0.0012917503066950334
6.33295,-0.0014311741439384906
6.33395,-0.001519850238029339
6.33495,-0.0016636200680551086
6.33595,-0.001954363398558337
6.33695,-0.0021108320009287905
6.33795,-0.0022571680600687073
6.33895,-0.0024033990125755258
6.33995,-0.0026218731357316345
6.34095,-0.002692031625833038
6.34195,-0.002644260475952655
6.34295,-0.0026175318266895577
6.34395,-0.00266554466929488
6.34495,-0.0026194550532804553
6.34595,-0.002621062948848751
6.34695,-0.0026843410546566766
6.34795,-0.002564814790978382
6.34895,-0.002502828138327494
6.34995,-0.0025017739614930775
6.35095,-0.0024170855369519332
6.35195,-0.0024401722830343447
6.35295,-0.002527751263905401
6.35395,-0.0027205140405165773
6.35495,-0.002889531412786839
6.35595,-0.003012281164203629
6.35695,-0.00333433538903881
6.35795,-0.003735554168029017
6.35895,-0.004208115023040691
6.35995,-0.004678092852757289
6.36095,-0.0052940637198738245
6.36195,-0.006007096597802307
6.36295,-0.006438609631162677
6.36395,-0.0067931941056108254
6.36495,-0.007646685393835186
6.36595,-0.008351543592250711
6.36695,-0.008972547548723092
6.36795,-0.009571628240953041
6.36895,-0.010247712023287166
6.36995,-0.010713224733598403
6.37095,-0.01131696129439774
6.37195,-0.011767604057647072
6.37295,-0.012186825746496415
6.37395,-0.012631149874012577
6.37495,-0.013047259147261197
6.37595,-0.013239725087415615
6.37695,-0.013589410951929238
6.37795,-0.014226210158117161
6.37895,-0.014526270014982521
6.37995,-0.014764117461371015
6.38095,-0.014972657473938115
6.38195,-0.015096001407888405
6.38295,-0.015407323946847391
6.38395,-0.015753059954751535
6.38495,-0.01609779434047704
6.38595,-0.01645855365891622
6.38695,-0.016568295745745115
6.38795,-0.016900910046387375
6.38895,-0.01697643236744343
6.38995,-0.01715336877415655
6.39095,-0.0175740118386116
6.39195,-0.017569459240771253
6.39295,-0.017611599442507404
6.39395,-0.01799399081258653
6.39495,-0.018535828405708346
6.39595,-0.018862385494676615
6.39695,-0.019140662089192514
6.39795,-0.019164934710653666
6.39895,-0.019299573897977422
6.39995,-0.01945773702052507
6.40095,-0.01980250836393398
6.40195,-0.020073809875260237
6.40295,-0.020224234584473758
6.40395,-0.02043640244730052
6.40495,-0.02064531437939405
6.40595,-0.020815743365081806
6.40695,-0.020986344918226707
6.40795,-0.021284744122448396
6.40895,-0.021406395755218147
6.40995,-0.02157365610308638
6.41095,-0.02159759441333402
6.41195,-0.021871515487147015
6.41295,-0.02193300342702538
6.41395,-0.022068542278291806
6.41495,-0.022281912794300623
6.41595,-0.022414754424692186
6.41695,-0.022601376154556867
6.41795,-0.02276018741800678
6.41895,-0.02275265585573034
6.41995,-0.02294347151125388
6.42095,-0.023111750666606014
6.42195,-0.02310617210592348
6.42295,-0.02321133062319341
6.42395,-0.023415275080000145
6.42495,-0.02352084224838818
6.42595,-0.023668607657231184
6.42695,-0.023707254596553297
6.42795,-0.02370416661926747
6.42895,-0.023855017338088036
6.42995,-0.023925885579584586
6.43095,-0.023989927619124825
6.43195,-0.024060886043160562
6.43295,-0.024162018332063863
6.43395,-0.024238119670649854
6.43495,-0.024217278508888065
6.43595,-0.02420616830536892
6.43695,-0.024245168911196355
6.43795,-0.024323602102546197
6.43895,-0.02438210353027159
6.43995,-0.024416820861014276
6.44095,-0.02445585751235673
6.44195,-0.024504783706817003
6.44295,-0.024494642865375123
6.44395,-0.02450268259249216
6.44495,-0.024501600896615742
6.44595,-0.02451670518801859
6.44695,-0.02451374769060782
6.44795,-0.024531593437308055
6.44895,-0.024527323764623635
6.44995,-0.02453871255764243
6.45095,-0.024560376832142
6.45195,-0.0245859668813706
6.45295,-0.024632166680325796
6.45395,-0.024610602604057206
6.45495,-0.024580099966438198
6.45595,-0.024602025057871013
6.45695,-0.024627945365635583
6.45795,-0.024612155105932332
6.45895,-0.024598315968122928
6.45995,-0.024602885125586192
6.46095,-0.02462778047545699
6.46195,-0.024657197502101862
6.46295,-0.024639329641353524
6.46395,-0.02461677855069065
6.46495,-0.024614674431700942
6.46595,-0.024637990629666272
6.46695,-0.024630175737177105
6.46795,-0.024614892094299422
6.46895,-0.024610585149989813
6.46995,-0.02462835851530231
6.47095,-0.024618019325567144
6.47195,-0.024590390181167588
6.47295,-0.02460440351498732
6.47395,-0.024629071506600715
6.47495,-0.024634780863134486
6.47595,-0.02461858859152675
6.47695,-0.024644101904046818
6.47795,-0.02465310962456541
6.47895,-0.024652534794909392
6.47995,-0.02463520374012511
6.48095,-0.024631729552498923
6.48195,-0.02462288933876835
6.48295,-0.02461544851330214
6.48395,-0.02462202662220274
6.48495,-0.02461159689412949
6.48595,-0.024645802017235797
6.48695,-0.024648246936712907
6.48795,-0.024639850819583396
6.48895,-0.024634552107942936
6.48995,-0.024639403038982047
6.49095,-0.024631396217693516
6.49195,-0.024607014894453876
6.49295,-0.024600154455997322
6.49395,-0.024607320360788238
6.49495,-0.024603655319083834
6.49595,-0.024589075691371476
6.49695,-0.024589116335665687
6.49795,-0.024590065727601418
6.49895,-0.024569210577066798
6.49995,-0.024564324939406624
6.50095,-0.02458601920694244
6.50195,-0.024573462068044918
6.50295,-0.024568167893404696
6.50395,-0.024551209677983306
6.50495,-0.02455243459146939
6.50595,-0.024543719713492777
6.50695,-0.024549935105955902
6.50795,-0.02454936101183476
6.50895,-0.024539379916320343
6.50995,-0.024539739307942673
6.51095,-0.024553807434847114
6.51195,-0.024554771585088488
6.51295,-0.02456050551608526
6.51395,-0.024556902749231734
6.51495,-0.024558015972369226
6.51595,-0.024559856436368082
6.51695,-0.024556161065182065
6.51795,-0.02455768893708681
6.51895,-0.024537904280956067
6.51995,-0.024509621589186344
6.52095,-0.024486844204424027
6.52195,-0.0245065317638988
6.52295,-0.024506442992559302
6.52395,-0.024510501937382443
6.52495,-0.024538611602194973
6.52595,-0.02453039892040105
6.52695,-0.024513567622062866
6.52795,-0.024504525660569185
6.52895,-0.024522366175801304
6.52995,-0.024568212223078315
6.53095,-0.02455241380863542
6.53195,-0.02453096748585323
6.53295,-0.024528003601010002
6.53395,-0.024526158676609434
6.53495,-0.02452074912156473
6.53595,-0.024504848960821786
6.53695,-0.02450313178308713
6.53795,-0.024522610928542483
6.53895,-0.02450807934905263
6.53995,-0.024534129637459566
6.54095,-0.024562294716561923
6.54195,-0.02453344062958825
6.54295,-0.02447913179939784
6.54395,-0.024453774528194333
6.54495,-0.0244690643811348
6.54595,-0.024427631687494164
6.54695,-0.024473692097821558
6.54795,-0.024475464959144457
6.54895,-0.024460379270218605
6.54995,-0.024445221512203
6.55095,-0.024474953139116372
6.55195,-0.024456486760215085
6.55295,-0.02448884552518088
6.55395,-0.024483066218306607
6.55495,-0.024465264574642844
6.55595,-0.024437745135561555
6.55695,-0.024398337648022704
6.55795,-0.024416568277882515
6.55895,-0.024452714243079203
6.55995,-0.02444834791160702
6.56095,-0.024399196011534192
6.56195,-0.02442432140682968
6.56295,-0.024451571360612497
6.56395,-0.024461164868288292
6.56495,-0.02445575063866066
6.56595,-0.024506505705286744
6.56695,-0.024425066567213587
6.56795,-0.024341180551830655
6.56895,-0.024277565263409483
6.56995,-0.024318348472936978
6.57095,-0.024281822846541488
6.57195,-0.02421814166804167
6.57295,-0.024135427725066834
6.57395,-0.023972906484638984
6.57495,-0.023798258090954573
6.57595,-0.02356500918459211
6.57695,-0.023189711755636742
6.57795,-0.02258788921118987
6.57895,-0.021902881360197368
6.57995,-0.02096446709408395
6.58095,-0.01979075108859229
6.58195,-0.018397713811366474
6.58295,-0.01684559402231638
6.58395,-0.015262753110593044
6.58495,-0.013455099431413705
6.58595,-0.01188494496032689
6.58695,-0.010766189449873977
6.58795,-0.009825374971830053
6.58895,-0.009024682102231996
6.58995,-0.008474009034145663
6.59095,-0.00816474963403557
6.59195,-0.007775078468647393
6.59295,-0.007472820175569053
6.59395,-0.00740556515200439
6.59495,-0.007365697470229902
6.59595,-0.0074200234915138535
6.59695,-0.007527916909249925
6.59795,-0.007801842941754575
6.59895,-0.008302683887609871
6.59995,-0.008689797028094179
6.60095,-0.009145797581319942
6.60195,-0.009553863747643972
6.60295,-0.009896071423673231
6.60395,-0.010125320196518248
6.60495,-0.010113768251423585
6.60595,-0.00991263019835312
6.60695,-0.009678697958510389
6.60795,-0.00926863037661443
6.60895,-0.008570111908923905
6.60995,-0.007872065732366169
6.61095,-0.00717916960468955
6.61195,-0.006542472991195927
6.61295,-0.005994842670556297
6.61395,-0.005547923102553107
6.61495,-0.005185428922758212
6.61595,-0.004956474881190375
6.61695,-0.004814220533735299
6.61795,-0.004663119531070435
6.61895,-0.0044839450980421565
6.61995,-0.004474819421356242
6.62095,-0.004483841045717717
6.62195,-0.004556961012817824
6.62295,-0.0046607228257719855
6.62395,-0.004772322755391124
6.62495,-0.00504755773592464
6.62595,-0.005554369683398999
6.62695,-0.006121024106550529
6.62795,-0.0067564202106561696
6.62895,-0.007390164662580302
6.62995,-0.008046792631437703
6.63095,-0.008725878833081114
6.63195,-0.00960895656375921
6.63295,-0.010488171803461052
6.63395,-0.011212039319988633
6.63495,-0.011867597406106193
6.63595,-0.01297615932283965
6.63695,-0.013507475079387326
6.63795,-0.01443853603933798
6.63895,-0.015274433255220373
6.63995,-0.016020498302072264
6.64095,-0.01680005747477077
6.64195,-0.017599919308040567
6.64295,-0.018400656185315303
6.64395,-0.019297644195177877
6.64495,-0.020022881693503296
6.64595,-0.020142634128319875
6.64695,-0.020791082310307227
6.64795,-0.021377750749014716
6.64895,-0.022018370101596702
6.64995,-0.02185965136800668
6.65095,-0.022195700752681843
6.65195,-0.022594823263415605
6.65295,-0.022686303470656206
6.65395,-0.022971870845468097
6.65495,-0.023350949052359755
6.65595,-0.023637093225595034
6.65695,-0.023883472442810066
6.65795,-0.023969421632957514
6.65895,-0.024061513515902175
6.65995,-0.024326113573671735
6.66095,-0.024604851382104
6.66195,-0.02472790778806048
6.66295,-0.024806433366073848
6.66395,-0.024770676124755357
6.66495,-0.024853950705511475
6.66595,-0.024949162036103763
6.66695,-0.02510561101884708
6.66795,-0.025068764084592753
6.66895,-0.025201843804974613
6.66995,-0.025360576857843042
6.67095,-0.02546924770939063
6.67195,-0.02553987371349561
6.67295,-0.025733097617793795
6.67395,-0.025855782533689153
6.67495,-0.025965055370642944
6.67595,-0.026020582104258037
6.67695,-0.026176351256544435
6.67795,-0.026278604190603662
6.67895,-0.026298558793272964
6.67995,-0.026353250454651284
6.68095,-0.026328641857761143
6.68195,-0.026328897875539107
6.68295,-0.026413506801606895
6.68395,-0.026516073732184505
6.68495,-0.02673216656894873
6.68595,-0.026643691884785624
6.68695,-0.026507664287344603
6.68795,-0.026467555901761756
6.68895,-0.026500173415442148
6.68995,-0.026519415718227333
6.69095,-0.02648774110282348
6.69195,-0.026348499700484106
6.69295,-0.02635221097134625
6.69395,-0.026235275699582727
6.69495,-0.025993520608857408
6.69595,-0.025679921953164635
6.69695,-0.02567936398476052
6.69795,-0.02551856256851224
6.69895,-0.025234892513757837
6.69995,-0.02503405229162765
6.70095,-0.02462967211104511
6.70195,-0.024145584525945524
6.70295,-0.023684832836369418
6.70395,-0.023152927206637714
6.70495,-0.022927155766896492
6.70595,-0.02229834112757169
6.70695,-0.021903008506309714
6.70795,-0.0215709121779462
6.70895,-0.020942733665195997
6.70995,-0.020363795327779096
6.71095,-0.019735633025164356
6.71195,-0.019183308345344822
6.71295,-0.018644572952789505
6.71395,-0.01803288565742009
6.71495,-0.017373305163562707
6.71595,-0.016759801366475202
6.71695,-0.01612703861971308
6.71795,-0.015535751463289966
6.71895,-0.014918353500324116
6.71995,-0.014408119188373491
6.72095,-0.013962386585649822
6.72195,-0.013442493736481468
6.72295,-0.013034859988668568
6.72395,-0.012482808690591712
6.72495,-0.0120603495173133
6.72595,-0.011725422131287723
6.72695,-0.011410122768308441
6.72795,-0.011138323990773805
6.72895,-0.010878635992304507
6.72995,-0.010604227533527527
6.73095,-0.010420330011571501
6.73195,-0.010227371133380798
6.73295,-0.010082414674239027
6.73395,-0.009949877016356166
6.73495,-0.009836885006422427
6.73595,-0.0097463703989418
6.73695,-0.00967306708041368
6.73795,-0.009607962710026337
6.73895,-0.009555680634625857
6.73995,-0.009502139693460596
6.74095,-0.009484391273892058
6.74195,-0.009491706059714068
6.74295,-0.009499515709302919
6.74395,-0.009557917463515276
6.74495,-0.009653169582840257
6.74595,-0.009807720666432446
6.74695,-0.009969244920826317
6.74795,-0.0101405704856369
6.74895,-0.01032583388177758
6.74995,-0.010478144903135807
6.75095,-0.010647566282469665
6.75195,-0.01082643616421477
6.75295,-0.010995775856133781
6.75395,-0.011091707124523672
6.75495,-0.01118662465157829
6.75595,-0.011211576263259915
6.75695,-0.011210160397978463
6.75795,-0.011168066283959282
6.75895,-0.011104983315433031
6.75995,-0.011035934854009957
6.76095,-0.010960218728844038
6.76195,-0.010870934693330699
6.76295,-0.010811381811115945
6.76395,-0.010784610011148504
6.76495,-0.010759385295503169
6.76595,-0.01072815757000065
6.76695,-0.010706355288264621
6.76795,-0.0107255027741418
6.76895,-0.01078504676221534
6.76995,-0.010872955244402353
6.77095,-0.010990159753899241
6.77195,-0.011156359226428483
6.77295,-0.011443437817209058
6.77395,-0.011814565128703582
6.77495,-0.012288210193626845
6.77595,-0.012906121384854476
6.77695,-0.013601714095944819
6.77795,-0.014424742513392113
6.77895,-0.015346559859848294
6.77995,-0.01637277817487498
6.78095,-0.017514181857196113
6.78195,-0.01862106638602107
6.78295,-0.019845259166736927
6.78395,-0.02100975470774909
6.78495,-0.02206093415022725
6.78595,-0.02303586992846919
6.78695,-0.023815705762233377
6.78795,-0.024471862237028363
6.78895,-0.024970349466555696
6.78995,-0.025328068801178553
6.79095,-0.02558603636769188
6.79195,-0.02575592758679601
6.79295,-0.025848101137141248
6.79395,-0.025930371626845288
6.79495,-0.025961958350190727
6.79595,-0.025954096920963732
6.79695,-0.025947771470106264
6.79795,-0.02595871838283936
6.79895,-0.025961828904032723
6.79995,-0.02593489069057939
6.80095,-0.025881952188681667
6.80195,-0.025835409309264153
6.80295,-0.025780768724638622
6.80395,-0.025736883406120136
6.80495,-0.025703108502287398
6.80595,-0.025648432410876932
6.80695,-0.025590710890100853
6.80795,-0.02555746955551809
6.80895,-0.025531428160738123
6.80995,-0.025495520378780157
6.81095,-0.025444881524423448
6.81195,-0.025407561326813193
6.81295,-0.02536202054869188
6.81395,-0.025334996360089835
6.81495,-0.02532147670387057
6.81595,-0.02530730931805189
6.81695,-0.025293689266405617
6.81795,-0.025280616443315616
6.81895,-0.02526481326979801
6.81995,-0.02524983274193943
6.82095,-0.025229713083095597
6.82195,-0.025210607266573502
6.82295,-0.025204304412008043
6.82395,-0.02521140228405237
6.82495,-0.025200015616617378
6.82595,-0.02517420951163687
6.82695,-0.025179263291124396
6.82795,-0.025145461541756058
6.82895,-0.025129420657379775
6.82995,-0.02511572171521519
6.83095,-0.02508538683455232
6.83195,-0.025055185262727146
6.83295,-0.024997678452451242
6.83395,-0.024933889721584744
6.83495,-0.024864697683671742
6.83595,-0.02478068286560344
6.83695,-0.024716048358067472
6.83795,-0.02468942394983745
6.83895,-0.02467074942745471
6.83995,-0.0247050189441178
6.84095,-0.024769715127269144
6.84195,-0.024866120947667443
6.84295,-0.024945681904567907
6.84395,-0.025018554561521363
6.84495,-0.02504505809076754
6.84595,-0.025013828712211233
6.84695,-0.0249122544605108
6.84795,-0.02473449600336802
6.84895,-0.02456159855632234
6.84995,-0.024465355237973368
6.85095,-0.02447535691774237
6.85195,-0.024570181018058107
6.85295,-0.024730498648000712
6.85395,-0.024863832400792377
6.85495,-0.02493685771107109
6.85595,-0.02493945339335028
6.85695,-0.02488259107762381
6.85795,-0.02477053435059085
6.85895,-0.024628739689318464
6.85995,-0.024483534429789684
6.86095,-0.024347613286804286
6.86195,-0.024276588804296985
6.86295,-0.02429051915828954
6.86395,-0.024384081417160253
6.86495,-0.024518361750998096
6.86595,-0.024679731546147884
6.86695,-0.0248313682570709
6.86795,-0.024980385865804446
6.86895,-0.025132438333573048
6.86995,-0.025249589778220363
6.87095,-0.025358518456923163
6.87195,-0.02543133049186184
6.87295,-0.025472203815897692
6.87395,-0.025458109827059015
6.87495,-0.025380293372457872
6.87595,-0.025208006108327838
6.87695,-0.02491434401748217
6.87795,-0.02446019357047468
6.87895,-0.0238571235587676
6.87995,-0.023116583192657865
6.88095,-0.022420340899266724
6.88195,-0.021866441163880413
6.88295,-0.021521046638804643
6.88395,-0.02142142203897632
6.88495,-0.021457848335214972
6.88595,-0.021513534590169008
6.88695,-0.021456649862545748
6.88795,-0.0213029308370229
6.88895,-0.02104937232239007
6.88995,-0.020698434868093276
6.89095,-0.02032632014163544
6.89195,-0.019997707496666527
6.89295,-0.019766530515530713
6.89395,-0.019705873882078874
6.89495,-0.01979457993915594
6.89595,-0.020082427045247122
6.89695,-0.020647399212117848
6.89795,-0.021291181590945413
6.89895,-0.0219496537503486
6.89995,-0.022486128231338384
6.90095,-0.0228653653440951
6.90195,-0.023046067790759784
6.90295,-0.022957232026483927
6.90395,-0.022685363739834246
6.90495,-0.022077053086270965
6.90595,-0.021288293933407015
6.90695,-0.0202671089216824
6.90795,-0.019098510256621355
6.90895,-0.017849694341941193
6.90995,-0.01643967402013838
6.91095,-0.015058116834052193
6.91195,-0.013686594724337834
6.91295,-0.01236821726713068
6.91395,-0.011191826943862171
6.91495,-0.01009529425729316
6.91595,-0.00913474662148262
6.91695,-0.008390456389428664
6.91795,-0.0077396059881854225
6.91895,-0.007220764389294441
6.91995,-0.006936169585858155
6.92095,-0.006892038626573427
6.92195,-0.0070743208775183065
6.92295,-0.007364091971528932
6.92395,-0.007818731693183296
6.92495,-0.008336551057661816
6.92595,-0.008811501577153165
6.92695,-0.009247286677267654
6.92795,-0.009485508627946443
6.92895,-0.009680065103780772
6.92995,-0.009698370869579314
6.93095,-0.00951469312041283
6.93195,-0.009183845902741948
6.93295,-0.008916407667342348
6.93395,-0.008509838256906748
6.93495,-0.007994378753015324
6.93595,-0.007395912877775599
6.93695,-0.006695370758715979
6.93795,-0.006064641763858873
6.93895,-0.005487083805236582
6.93995,-0.004911387537219334
6.94095,-0.004341984422933477
6.94195,-0.003795839622971108
6.94295,-0.0033525688142264265
6.94395,-0.0029908180217110814
6.94495,-0.0026883740057172616
6.94595,-0.002432430108124061
6.94695,-0.002269558481813518
6.94795,-0.002225162581955569
6.94895,-0.0023455962134838206
6.94995,-0.0025167478332272014
6.95095,-0.0027537491687799178
6.95195,-0.002999684255836716
6.95295,-0.003240750317441377
6.95395,-0.00351564153382906
6.95495,-0.0035980705490724837
6.95595,-0.0036739586904443516
6.95695,-0.003735233029374419
6.95795,-0.003745213651637069
6.95895,-0.003624004327640951
6.95995,-0.003498745844511757
6.96095,-0.0034278647470362164
6.96195,-0.0033108317358111106
6.96295,-0.003181227702764989
6.96395,-0.0030861006574051703
6.96495,-0.0030700971883690117
6.96595,-0.0030995104089720058
6.96695,-0.0031397345396122415
6.96795,-0.0031317511629024445
6.96895,-0.0031300635767104366
6.96995,-0.003148947031644165
6.97095,-0.003087618421572633
6.97195,-0.0030595801519345857
6.97295,-0.002938786019025378
6.97395,-0.0029159090999583306
6.97495,-0.0028906381494687335
6.97595,-0.002847011021176831
6.97695,-0.002856687594675147
6.97795,-0.0027002536576912406
6.97895,-0.00256983263203044
6.97995,-0.0025001265886147677
6.98095,-0.0022872238199792864
6.98195,-0.0020160244219120022
6.98295,-0.0017704876793367276
6.98395,-0.0015691001471821427
6.98495,-0.0014100489308237702
6.98595,-0.0012300495528074753
6.98695,-0.0010617965410727275
6.98795,-0.0009451589817261564
6.98895,-0.0009089253570277745
6.98995,-0.0008622573255841647
6.99095,-0.0008690669002277409
6.99195,-0.000911338809696957
6.99295,-0.0009219635639644072
6.99395,-0.0009935567730020704
6.99495,-0.001042953386228529
6.99595,-0.0010872721738382912
6.99695,-0.001179616216641017
6.99795,-0.001173638879398826
6.99895,-0.001274280590976601
6.99995,-0.0013432621842150337
7.00095,-0.0013810114214444827
7.00195,-0.0015079751863568765
7.00295,-0.001665290678557805
7.00395,-0.001853076991189983
7.00495,-0.0019508666237244567
7.00595,-0.0020799939541767992
7.00695,-0.0020807765941610453
7.00795,-0.002051580918032472
7.00895,-0.0020535382978753374
7.00995,-0.0018823459790802356
7.01095,-0.0018164925437112284
7.01195,-0.0018087645885577035
7.01295,-0.0018240984142848175
7.01395,-0.0016625975241292478
7.01495,-0.001629345234661392
7.01595,-0.0016355844370828764
7.01695,-0.0016481110193535679
7.01795,-0.0017135075366316004
7.01895,-0.001770961352406173
7.01995,-0.0019103786753575437
7.02095,-0.002092692049837573
7.02195,-0.0022327894994052474
7.02295,-0.002282054379219138
7.02395,-0.002249702616494678
7.02495,-0.002248896035502073
7.02595,-0.0022164105564159062
7.02695,-0.0022241616686451415
7.02795,-0.0022053500610808717
7.02895,-0.002214466963435112
7.02995,-0.0021437958322326643
7.03095,-0.0021588846630180656
7.03195,-0.0020960466328058965
7.03295,-0.0018807877033961292
7.03395,-0.0016348408317132588
7.03495,-0.0013511869429173693
7.03595,-0.0010517752977906593
7.03695,-0.0007323608824970461
7.03795,-0.0004550887658683105
7.03895,-0.00014688670843909313
7.03995,0.000159519850790087
7.04095,0.0003796505133673347
7.04195,0.0005263117014597692
7.04295,0.0006550286222247717
7.04395,0.0007670181084564851
7.04495,0.0008790074142923943
7.04595,0.0009514618924313739
7.04695,0.0010275598442960425
7.04795,0.001092123677828264
7.04895,0.0011879535171001056
7.04995,0.0012689994884431352
7.05095,0.0013447347477085576
7.05195,0.0013760638279570593
7.05295,0.001421125961276743
7.05395,0.001415135756027801
7.05495,0.0014336172621194445
7.05595,0.0014416084932018802
7.05695,0.0014309461881981643
7.05795,0.001389372317752084
7.05895,0.0013696843798307783
7.05995,0.001369929177959487
7.06095,0.0013799064982755389
7.06195,0.0013990571736718002
7.06295,0.0013886421929827765
7.06395,0.0013772493382830854
7.06495,0.0014499211888805103
7.06595,0.0015260321313097802
7.06695,0.0015264536334626529
7.06795,0.0015069099790226104
7.06895,0.0015327387061044178
7.06995,0.0014987428297427647
7.07095,0.0014839689269719463
7.07195,0.001454233766409066
7.07295,0.0014849039605825674
7.07395,0.0014241227454588206
7.07495,0.001374842052761138
7.07595,0.001449971711165636
7.07695,0.0014750005317207071
7.07795,0.00155309184796762
7.07895,0.001598720240804368
7.07995,0.0015991503540528395
7.08095,0.0016021592992676629
7.08195,0.0016693040629292874
7.08295,0.0017869720958540425
7.08395,0.0018591580080154532
7.08495,0.0018598739967365116
7.08595,0.0018874789202154047
7.08695,0.0018826347134177136
7.08795,0.0018975219458579591
7.08895,0.0018748434656433873
7.08995,0.0018592848829137802
7.09095,0.001867939287872235
7.09195,0.001837896986005344
7.09295,0.0018154619676235095
7.09395,0.0018108513453039623
7.09495,0.0018105950894598743
7.09595,0.0017998884944943996
7.09695,0.0018158198971049032
7.09795,0.001823380548543169
7.09895,0.0018235055821925654
7.09995,0.0018697887583766983
7.10095,0.0018900233375416943
7.10195,0.0018925407158251158
7.10295,0.0018937842797502264
7.10395,0.0019446585524063884
7.10495,0.0019622385689380684
7.10595,0.001998999011524201
7.10695,0.0020605834881161234
7.10795,0.0021216412055275287
7.10895,0.0022045976655241796
7.10995,0.002243606705320132
7.11095,0.0022743137477816305
7.11195,0.002315919409137135
7.11295,0.0023506818728006858
7.11395,0.002401782292504872
7.11495,0.0024504042469941515
7.11595,0.002448560000399976
7.11695,0.0024365919181649756
7.11795,0.002429417495623147
7.11895,0.002430587844158196
7.11995,0.0024200472624562527
7.12095,0.0023972661584538164
7.12195,0.002366071711437359
7.12295,0.0023639563579554534
7.12395,0.0023696307945465724
7.12495,0.002335267356057047
7.12595,0.0022996845783819202
7.12695,0.0022645138837459307
7.12795,0.0022899409950335164
7.12895,0.002317600016089886
7.12995,0.0023710191110262483
7.13095,0.002418765973316131
7.13195,0.002460197881670717
7.13295,0.0025035305631885374
7.13395,0.002564648504115414
7.13495,0.0026417218165006935
7.13595,0.002716479695440189
7.13695,0.002773029655267213
7.13795,0.0028354090952177244
7.13895,0.002901395643289194
7.13995,0.002972297558458556
7.14095,0.003040925863007388
7.14195,0.0030915280298115695
7.14295,0.0031226419955890867
7.14395,0.0031240565998513236
7.14495,0.0031683249713892895
7.14595,0.0031961946272737883
7.14695,0.003198251606793196
7.14795,0.0031427842676500827
7.14895,0.003112123468508765
7.14995,0.00303474845599649
7.15095,0.0029822822585929784
7.15195,0.0029364582714284594
7.15295,0.002892788247223894
7.15395,0.002855003920647741
7.15495,0.0028419493054282307
7.15595,0.002891070220298106
7.15695,0.0029186421831292027
7.15795,0.002971397084759883
7.15895,0.0030798987213978384
7.15995,0.003165078936037332
7.16095,0.0032996655070469047
7.16195,0.003457198854215565
7.16295,0.0036220645791781086
7.16395,0.0037815067264492528
7.16495,0.003933637577268288
7.16595,0.004089339424623904
7.16695,0.004205928928485329
7.16795,0.004327924012203476
7.16895,0.0044077271160205544
7.16995,0.004462570599653299
7.17095,0.004504064708775105
7.17195,0.004464039108953338
7.17295,0.004357592752419236
7.17395,0.004268070124191628
7.17495,0.004140604882401022
7.17595,0.004008522567855611
7.17695,0.0038566703886899678
7.17795,0.0037031250739733056
7.17895,0.0035916245488083853
7.17995,0.0035071432787241487
7.18095,0.0034092517683011604
7.18195,0.0033761885600277937
7.18295,0.0033597211685547023
7.18395,0.003351897432674531
7.18495,0.0033210337795776543
7.18595,0.003291723092549349
7.18695,0.0033488903981729865
7.18795,0.0034242492836334543
7.18895,0.0035449128183546704
7.18995,0.0037229348658781945
7.19095,0.0038529029906729955
7.19195,0.0040853007617688486
7.19295,0.0043845153082638704
7.19395,0.0046480310767919595
7.19495,0.004927588666789802
7.19595,0.005258985618548603
7.19695,0.00562094509230999
7.19795,0.005865448359927444
7.19895,0.00606710661445046
7.19995,0.006177083097679124
7.20095,0.00630971113393362
7.20195,0.0062647613406709365
7.20295,0.006244261521108766
7.20395,0.006104520779080294
7.20495,0.005729568915351883
7.20595,0.005172162053838889
7.20695,0.004540899841466262
7.20795,0.003761249439900075
7.20895,0.003163844921126882
7.20995,0.002745146039044569
7.21095,0.0024014875669405196
7.21195,0.002107777181811796
7.21295,0.0018977703835292817
7.21395,0.001793947228380053
7.21495,0.0016902326237038796
7.21595,0.0015840664831233147
7.21695,0.0015147063097615346
7.21795,0.0014763493688203504
7.21895,0.0014778438248180285
7.21995,0.0015153822890845107
7.22095,0.0015938450422540026
7.22195,0.0016840992332277395
7.22295,0.0016994074992523918
7.22395,0.0018113552821116877
7.22495,0.0019093938935513955
7.22595,0.001957139561297053
7.22695,0.001959687397453515
7.22795,0.002021635306280031
7.22895,0.002088113221944397
7.22995,0.002021159202095795
7.23095,0.001887249557445008
7.23195,0.0021067309081954583
7.23295,0.002141780918950311
7.23395,0.0020022376256925082
7.23495,0.00198226200793943
7.23595,0.0022344171283807993
7.23695,0.0020632040807686616
7.23795,0.001709294147737363
7.23895,0.0016394809675594239
7.23995,0.0016326659534321123
7.24095,0.001607098218608293
7.24195,0.0013501308100844205
7.24295,0.0011160353247157456
7.24395,0.000856528837781749
7.24495,0.0007021378562421033
7.24595,0.00044108670625338573
7.24695,0.00030283413969573115
7.24795,-0.0002200787708345933
7.24895,-0.0009731795799945933
7.24995,-0.0012984020723383056
7.25095,-0.0016737268171654425
7.25195,-0.0019377502308960274
7.25295,-0.0025224331571825523
7.25395,-0.002981979783900384
7.25495,-0.0034614126132813733
7.25595,-0.003998495202765199
7.25695,-0.004484419712632953
7.25795,-0.004800649988717077
7.25895,-0.00525841373868943
7.25995,-0.005476752831303826
7.26095,-0.005808791171426269
7.26195,-0.006101982095220212
7.26295,-0.0063839572611496045
7.26395,-0.00656174973240318
7.26495,-0.006715935598505028
7.26595,-0.0067763994269379015
7.26695,-0.006805615179866968
7.26795,-0.006957101374301178
7.26895,-0.007073523867021738
7.26995,-0.007131673994094263
7.27095,-0.007190295936980238
7.27195,-0.0072451022825379754
7.27295,-0.007284931113461202
7.27395,-0.0073580845610216146
7.27495,-0.007374886537955929
7.27595,-0.007373790944423282
7.27695,-0.007405959384464789
7.27795,-0.007428437663345358
7.27895,-0.007455168480151485
7.27995,-0.007484034976140609
7.28095,-0.007478338629731275
7.28195,-0.007480451931047724
7.28295,-0.007513675476686266
7.28395,-0.0075252758606116675
7.28495,-0.0075250672469434335
7.28595,-0.007531062762308331
7.28695,-0.007531021724242219
7.28795,-0.007515022368241339
7.28895,-0.007481253739062689
7.28995,-0.007475513392764866
7.29095,-0.007477890324984111
7.29195,-0.007485091275229881
7.29295,-0.007460301701365144
7.29395,-0.007422388330397383
7.29495,-0.007365793950372441
7.29595,-0.007208241594348891
7.29695,-0.007110001096594728
7.29795,-0.006948452475615565
7.29895,-0.006885471594861819
7.29995,-0.00669149594550899
7.30095,-0.006489441480590138
7.30195,-0.006165945365663496
7.30295,-0.005885927731769358
7.30395,-0.005368149544644097
7.30495,-0.004483516580708922
7.30595,-0.0038982684761229057
7.30695,-0.003308316646503576
7.30795,-0.0026224558516624863
7.30895,-0.0019154473296917572
7.30995,-0.0014286271619984743
7.31095,-0.0010577156781672703
7.31195,-0.0008454035707304662
7.31295,-0.000515797839213116
7.31395,-0.0004104443817205091
7.31495,-0.0003389131785740858
7.31595,-0.0003309418495085614
7.31695,-0.0003221750186985577
7.31795,-0.00035209095984605523
7.31895,-0.0004263057017189888
7.31995,-0.0004847123010457733
7.32095,-0.0004875141254977367
7.32195,-0.000583668677449444
7.32295,-0.0007936801811442378
7.32395,-0.0009168392326206418
7.32495,-0.0010838928155928833
7.32595,-0.0011918533818906455
7.32695,-0.0013618405136634963
7.32795,-0.0015386105389346616
7.32895,-0.0015502021283093437
7.32995,-0.0015096958489772066
7.33095,-0.0016094069193642413
7.33195,-0.0015173471357397355
7.33295,-0.001205478868665063
7.33395,-0.0010442490021125115
7.33495,-0.0009387081343672357
7.33595,-0.0006878626702726945
7.33695,-0.00045989151197543896
7.33795,-0.0003395518395957988
7.33895,-0.0001828303021549133
7.33995,5.047652483385283e-05
7.34095,0.00024566599241381345
7.34195,0.0004311140841298745
7.34295,0.0005165359356484074
7.34395,0.0006999053288172419
7.34495,0.0008423953144922719
7.34595,0.0008907149125266333
7.34695,0.0009568105857353313
7.34795,0.0010936012303470763
7.34895,0.0010817311268681322
7.34995,0.0010062235876106766
7.35095,0.0008874657622253896
7.35195,0.0006528724089744489
7.35295,0.0002869404938611714
7.35395,-2.7544542798556877e-05
7.35495,-0.0004475432612900883
7.35595,-0.0009871588701175628
7.35695,-0.0012592658034053157
7.35795,-0.0018188838496993715
7.35895,-0.00215733413216022
7.35995,-0.0022885410549973646
7.36095,-0.002379212953895349
7.36195,-0.002431866559046371
7.36295,-0.0025027948317208185
7.36395,-0.0024283920831672068
7.36495,-0.002270453369438049
7.36595,-0.0021805433742935797
7.36695,-0.0020622532153814713
7.36795,-0.0019307295483072672
7.36895,-0.001834836787464912
7.36995,-0.001872884263882131
7.37095,-0.001944821342509826
7.37195,-0.002190618615199006
7.37295,-0.0023822092896123533
7.37395,-0.0025859898372405043
7.37495,-0.002841562076992184
7.37595,-0.0031557044237945408
7.37695,-0.003489942310124868
7.37795,-0.0039179242937718815
7.37895,-0.004365195997444067
7.37995,-0.004829210741351929
7.38095,-0.005256353622463048
7.38195,-0.005643496465173214
7.38295,-0.005946957744846319
7.38395,-0.00622095014997006
7.38495,-0.00645268895727712
7.38595,-0.006646414323114442
7.38695,-0.006786527130896865
7.38795,-0.006902269053282663
7.38895,-0.006978183290078321
7.38995,-0.0070083248040072555
7.39095,-0.007025028092381555
7.39195,-0.007030621301651554
7.39295,-0.006982725703589916
7.39395,-0.006917389457321803
7.39495,-0.0068293876815517735
7.39595,-0.006710054580304538
7.39695,-0.0066254978817680355
7.39795,-0.00651886058140651
7.39895,-0.006420665944492859
7.39995,-0.006319145082359208
7.40095,-0.006224293896669467
7.40195,-0.006119106316902272
7.40295,-0.005998723346795285
7.40395,-0.005850363484521768
7.40495,-0.005723135329856457
7.40595,-0.0055941940351649086
7.40695,-0.005433831985372418
7.40795,-0.005292175038364855
7.40895,-0.005203092520198306
7.40995,-0.005106255001852504
7.41095,-0.005008384498821583
7.41195,-0.004913457040349056
7.41295,-0.004870522212171756
7.41395,-0.004896274849922135
7.41495,-0.005007941420020878
7.41595,-0.005173832666762929
7.41695,-0.005369743069603044
7.41795,-0.005579664824311727
7.41895,-0.005754593557341791
7.41995,-0.0059215060453553835
7.42095,-0.006048537860246721
7.42195,-0.006133364066766504
7.42295,-0.006167849594021623
7.42395,-0.006160213767872349
7.42495,-0.006115022638261079
7.42595,-0.006041337134407923
7.42695,-0.005971363885942192
7.42795,-0.005864267895495263
7.42895,-0.005745712156623924
7.42995,-0.005573769978158959
7.43095,-0.005344350970160386
7.43195,-0.005023795032515789
7.43295,-0.004649769962454133
7.43395,-0.004175534865452393
7.43495,-0.00363603018403786
7.43595,-0.003056103979899783
7.43695,-0.0024503833085444183
7.43795,-0.0018815291183629423
7.43895,-0.0012638953837152142
7.43995,-0.0006235276719357495
7.44095,-2.0414858148908567e-05
7.44195,0.0004850534673230788
7.44295,0.0008145963652932557
7.44395,0.0010223379695892007
7.44495,0.0011309854834711491
7.44595,0.001128027087565693
7.44695,0.0010071002753170902
7.44795,0.0007845754200070934
7.44895,0.0005436056531210419
7.44995,0.0002468813641164979
7.45095,-0.00010677884826074508
7.45195,-0.0004576565845882667
7.45295,-0.0008708851411198106
7.45395,-0.0012013044633284286
7.45495,-0.0014956043790164387
7.45595,-0.001749731707713065
7.45695,-0.0021055164144582962
7.45795,-0.0025004596370039383
7.45895,-0.002808371974681704
7.45995,-0.003091801341445878
7.46095,-0.0033644273255105392
7.46195,-0.0036932308409483748
7.46295,-0.004183594026316343
7.46395,-0.004589961237162644
7.46495,-0.004956115733795809
7.46595,-0.005311244454453854
7.46695,-0.005585901930751513
7.46795,-0.005832879751277413
7.46895,-0.006077262745959114
7.46995,-0.0062663505799918804
7.47095,-0.0063895693363955584
7.47195,-0.0064897082782425786
7.47295,-0.006610879995041855
7.47395,-0.006692426068871982
7.47495,-0.00673096367819031
7.47595,-0.006750209076973118
7.47695,-0.006731114421531622
7.47795,-0.006670261863754455
7.47895,-0.006561951787081396
7.47995,-0.006477797296973666
7.48095,-0.006403826257119473
7.48195,-0.006316071528854994
7.48295,-0.006200927457553198
7.48395,-0.006139352257027012
7.48495,-0.006021785353832968
7.48595,-0.00588923860144522
7.48695,-0.0058197767082595765
7.48795,-0.005773540760492484
7.48895,-0.005832688583104385
7.48995,-0.005866314235819761
7.49095,-0.005883937693493424
7.49195,-0.005889833212196441
7.49295,-0.005938479703723039
7.49395,-0.005918571836386643
7.49495,-0.0059127264104489085
7.49595,-0.005990672501223221
7.49695,-0.006016202052533379
7.49795,-0.005966031441870249
7.49895,-0.0059938861573959785
7.49995,-0.006009061278324899
7.50095,-0.005968586621240929
7.50195,-0.005858705769842113
7.50295,-0.0057329845905702784
7.50395,-0.005538260829705652
7.50495,-0.005267608880231813
7.50595,-0.004972554424807696
7.50695,-0.004485300004733856
7.50795,-0.003973132474497846
7.50895,-0.003331119525093632
7.50995,-0.002607344591579779
7.51095,-0.0018451376672873176
7.51195,-0.0011438738943787014
7.51295,-0.0004191523877410378
7.51395,0.0004790707311893508
7.51495,0.0013267904428771369
7.51595,0.0021170552479500442
7.51695,0.002973707543237414
7.51795,0.0035870178378185733
7.51895,0.004082266255449409
7.51995,0.004481085085005484
7.52095,0.004766499626097819
7.52195,0.005098436109983969
7.52295,0.005452277292730535
7.52395,0.005777113665227382
7.52495,0.006098249920917299
7.52595,0.0063023618698757776
7.52695,0.006515312945799635
7.52795,0.006760740797576988
7.52895,0.006805734161113908
7.52995,0.006778766503949433
7.53095,0.0066665386251654815
7.53195,0.006556296770832687
7.53295,0.006490550206011343
7.53395,0.006213275901730794
7.53495,0.0060377251204188475
7.53595,0.00600972514017074
7.53695,0.0060581782929369984
7.53795,0.00620698721340239
7.53895,0.006348485043390793
7.53995,0.006542216715931881
7.54095,0.00654909833216371
7.54195,0.006439822739495326
7.54295,0.006483152912917718
7.54395,0.00631295996796413
7.54495,0.006071289318677211
7.54595,0.005996028273043119
7.54695,0.005776399337403928
7.54795,0.005569149655280565
7.54895,0.005421332680896745
7.54995,0.005221922142975772
7.55095,0.005094145030605031
7.55195,0.004914222538354415
7.55295,0.004743741884235412
7.55395,0.004618375313386229
7.55495,0.004502437640073853
7.55595,0.004411938482564946
7.55695,0.004363993366792062
7.55795,0.004386570676604769
7.55895,0.004461791222956817
7.55995,0.004616406680519303
7.56095,0.0048565067865328085
7.56195,0.0050326287777825085
7.56295,0.00513615987947919
7.56395,0.005155700573808273
7.56495,0.005206339122271686
7.56595,0.005145120197786648
7.56695,0.0050403941998003595
7.56795,0.004876061113473889
7.56895,0.00471697737081245
7.56995,0.0045388618434518005
7.57095,0.004328117767392619
7.57195,0.004129944295579267
7.57295,0.003975910088704524
7.57395,0.003802519342623715
7.57495,0.0036627915060859426
7.57595,0.003548350455405219
7.57695,0.003448444143268387
7.57795,0.00344833919682727
7.57895,0.0034619926098004242
7.57995,0.00344085885566727
7.58095,0.0034385009238695084
7.58195,0.003410903525670967
7.58295,0.0033924028937234725
7.58395,0.0034657661967350466
7.58495,0.003514996158805545
7.58595,0.0036946572179004313
7.58695,0.0039001653138468926
7.58795,0.004117995362030854
7.58895,0.004381087639375236
7.58995,0.004580568745948381
7.59095,0.004875659452726074
7.59195,0.005238475034865714
7.59295,0.005554522242081635
7.59395,0.0056393787304169045
7.59495,0.005507766270847669
7.59595,0.005211819193916428
7.59695,0.004784082062610454
7.59795,0.004086084564818605
7.59895,0.0035273216813367326
7.59995,0.0030918496308415784
7.60095,0.0027686931557284944
7.60195,0.0026040552042368168
7.60295,0.0025453424601614956
7.60395,0.0026059422415766324
7.60495,0.0027529761511209854
7.60595,0.00301439328868948
7.60695,0.003294534671111461
7.60795,0.0036947373144994625
7.60895,0.004053357621877938
7.60995,0.004269617298228978
7.61095,0.004608472637251348
7.61195,0.005047872864614789
7.61295,0.005331902300908882
7.61395,0.005620138395273198
7.61495,0.005889147240827856
7.61595,0.006275365905404518
7.61695,0.0064117800032384605
7.61795,0.0063532634199044225
7.61895,0.006452274503081878
7.61995,0.006560850767157402
7.62095,0.006494915854052497
7.62195,0.006335291226067392
7.62295,0.006093726884403518
7.62394,0.005750629175928419
7.62494,0.005235999111207558
7.62594,0.0048106116027219255
7.62694,0.004444017746056584
7.62794,0.004203322068104323
7.62894,0.003995770775893205
7.62994,0.003836523254598922
7.63094,0.003744613960449504
7.63194,0.0036560729498905918
7.63294,0.003616147058889208
7.63394,0.0036515704878461236
7.63494,0.0037277425350754727
7.63594,0.003844725361316584
7.63694,0.004018673121526307
7.63794,0.004263984731626966
7.63894,0.004539804915574909
7.63994,0.004750321874900614
7.64094,0.004837381761749538
7.64194,0.004787855414027957
7.64294,0.004539991793480849
7.64394,0.0042707904430021515
7.64494,0.00400253975967638
7.64594,0.0038083358066128906
7.64694,0.003670682516389157
7.64794,0.003476478447055048
7.64894,0.003325613090599509
7.64994,0.003262081765119913
7.65094,0.003170802462305811
7.65194,0.0030922294203798322
7.65294,0.0029974186736314826
7.65394,0.002916766402923285
7.65494,0.00288246367778648
7.65594,0.002901037074775767
7.65694,0.0029244170905467896
7.65794,0.002988818499114092
7.65894,0.0030486828821984276
7.65994,0.0032311654768501104
7.66094,0.0032901639003978106
7.66194,0.0033714641322302565
7.66294,0.0033177087511601575
7.66394,0.0032063216066228794
7.66494,0.003253347190246033
7.66594,0.003191055828583222
7.66694,0.0031080267655311557
7.66794,0.0030228855252717405
7.66894,0.0030939192773072875
7.66994,0.0030796360733224525
7.67094,0.003086983858985787
7.67194,0.0030953832042361325
7.67294,0.0031082891070808834
7.67394,0.0031658681275774214
7.67494,0.003269013589739167
7.67594,0.00337296185732266
7.67694,0.003497688392268681
7.67794,0.0035945133181742627
7.67894,0.0037164374953284752
7.67994,0.003900300594206746
7.68094,0.0040636817393494545
7.68194,0.004307748234382036
7.68294,0.004653965121407871
7.68394,0.0050543749961485095
7.68494,0.005431892643240638
7.68594,0.00571374334081992
7.68694,0.006040971921927792
7.68794,0.006184917536961509
7.68894,0.006349591539185096
7.68994,0.006382614150341425
7.69094,0.0063350551251288864
7.69194,0.006272737442712294
7.69294,0.006102322050584076
7.69394,0.006007973602486749
7.69494,0.006070478775581866
7.69594,0.006150535830505975
7.69694,0.006323622793799692
7.69794,0.006637484957735295
7.69894,0.006787899527615752
7.69994,0.006884333315596149
7.70094,0.006882762177545486
7.70194,0.006583420726066745
7.70294,0.006296092908273009
7.70394,0.006041749169500821
7.70494,0.005775629965570125
7.70594,0.005567830070488355
7.70694,0.0054383996158978995
7.70794,0.0053529665649432795
7.70894,0.005271555918585883
7.70994,0.005205420687462366
7.71094,0.005238652204619502
7.71194,0.005268050476478328
7.71294,0.005344795609631728
7.71394,0.00544070399811585
7.71494,0.005587844045704095
7.71594,0.00578279960584141
7.71694,0.005995393976750003
7.71794,0.006193825951751028
7.71894,0.0064262425182409376
7.71994,0.0065886033363013
7.72094,0.006705827384401112
7.72194,0.006827324063821827
7.72294,0.006905127614057086
7.72394,0.006965953819212754
7.72494,0.00699219930705881
7.72594,0.006946033733136152
7.72694,0.0068591379170036305
7.72794,0.006601322837301902
7.72894,0.006275007347459308
7.72994,0.0060815200770726295
7.73094,0.005876070127284317
7.73194,0.005650704331521794
7.73294,0.005438720572723024
7.73394,0.005269804167802904
7.73494,0.0051441020088560645
7.73594,0.005040961860316357
7.73694,0.004996902200090638
7.73794,0.005006206014373049
7.73894,0.004957256290962857
7.73994,0.004945906415050999
7.74094,0.004962982844487284
7.74194,0.00494955518028076
7.74294,0.005009034800762206
7.74394,0.005116361671720812
7.74494,0.005257354602922801
7.74594,0.00543207381511603
7.74694,0.005627837726271325
7.74794,0.005850218943011593
7.74894,0.006058595587098421
7.74994,0.00628545716427047
7.75094,0.006636590523318867
7.75194,0.006885819009808353
7.75294,0.007088846207655471
7.75394,0.007229842377576747
7.75494,0.007458679557647741
7.75594,0.007731935718959178
7.75694,0.00797444216105986
7.75794,0.00800713838048242
7.75894,0.007987350585377539
7.75994,0.008081562470514468
7.76094,0.007956511299124083
7.76194,0.007941112406487611
7.76294,0.007750953753120518
7.76394,0.007600634420565444
7.76494,0.007443824839231545
7.76594,0.007432439337613431
7.76694,0.0075163220042379405
7.76794,0.007488392665455155
7.76894,0.007557999982780467
7.76994,0.007591987030556447
7.77094,0.007721543081407831
7.77194,0.00791486390168231
7.77294,0.008084229741643136
7.77394,0.008301453839680029
7.77494,0.008525059664147532
7.77594,0.008779034601770154
7.77694,0.008944975999757842
7.77794,0.009018457332801254
7.77894,0.009096309984020326
7.77994,0.00915922171149979
7.78094,0.009162799591036297
7.78194,0.009263124267352705
7.78294,0.009309768605568626
7.78394,0.00935472318533506
7.78494,0.009353630647211482
7.78594,0.009256773236052422
7.78694,0.008971736589665597
7.78794,0.008608964008030014
7.78894,0.008163936929042341
7.78994,0.007595600738178051
7.79094,0.006998622184669721
7.79194,0.006483930994247417
7.79294,0.006004990627063993
7.79394,0.005648038196355459
7.79494,0.005393314954596539
7.79594,0.005169611173976283
7.79694,0.00500913064959628
7.79794,0.004937138356610307
7.79894,0.004852105848465894
7.79994,0.004743629816285755
7.80094,0.004696163198614425
7.80194,0.0046563725525258035
7.80294,0.004652485782239855
7.80394,0.00469714747118259
7.80494,0.004719607377621949
7.80594,0.004768104364694523
7.80694,0.004836649325730052
7.80794,0.004892047744832103
7.80894,0.004925305565860236
7.80994,0.00494265903843991
7.81094,0.004996888884212976
7.81194,0.004992010341515443
7.81294,0.004933751848922005
7.81394,0.004859254518015349
7.81494,0.004789392233587038
7.81594,0.00471589231755417
7.81694,0.00463805291997755
7.81794,0.0045852777449637925
7.81894,0.0045542732960059205
7.81994,0.004530708974714216
7.82094,0.00450593874341076
7.82194,0.004490846893522626
7.82294,0.004472234147641523
7.82394,0.004470951250043653
7.82494,0.004487929325925949
7.82594,0.004525331498041337
7.82694,0.0045834646190239855
7.82794,0.004679433890583547
7.82894,0.0047886117587929615
7.82994,0.0048860248016986
7.83094,0.004953014481100418
7.83194,0.005092277832507889
7.83294,0.005225533949299579
7.83394,0.005342416221155077
7.83494,0.005466964023018157
7.83594,0.005584280039352884
7.83694,0.005736128996073148
7.83794,0.0058048718780405635
7.83894,0.005830677889246923
7.83994,0.005847813034237809
7.84094,0.005806221838499146
7.84194,0.00578293497149028
7.84294,0.0057485162274526
7.84394,0.00570521095987824
7.84494,0.00575571948899302
7.84594,0.0056962074219147
7.84694,0.005665143817411015
7.84794,0.005653947628321551
7.84894,0.005673594837040482
7.84994,0.005717742802603946
7.85094,0.00573710394540644
7.85194,0.005844369533402028
7.85294,0.005831690715086227
7.85394,0.005874964329053569
7.85494,0.005925747589966222
7.85594,0.0060914071337143565
7.85694,0.006299609752074103
7.85794,0.006534510011054956
7.85894,0.006808462463421652
7.85994,0.007160775143417017
7.86094,0.007372913320985001
7.86194,0.007525853895568611
7.86294,0.007738733110574365
7.86394,0.007886556091464032
7.86494,0.008141320461139962
7.86594,0.008544134826552554
7.86694,0.008635132049201794
7.86794,0.008711591742022995
7.86894,0.009052471181956309
7.86994,0.009198457132041996
7.87094,0.009324702515518549
7.87194,0.009677175044656565
7.87294,0.009981264021515036
7.87394,0.010115255304377655
7.87494,0.01036983680818531
7.87594,0.010206418184839132
7.87694,0.010561485989754578
7.87794,0.010901747636833315
7.87894,0.011170338056671756
7.87994,0.01136870310080167
7.88094,0.011586926963830735
7.88194,0.011590782791543248
7.88294,0.012039958660588986
7.88394,0.012279675417928883
7.88494,0.012111162040289978
7.88594,0.012182282188441865
7.88694,0.012414958659157446
7.88794,0.01245643091505706
7.88894,0.012877058745066583
7.88994,0.013074443992861699
7.89094,0.012957925243073437
7.89194,0.012935005633993983
7.89294,0.012888541530099757
7.89394,0.012845587157271894
7.89494,0.012962042123275891
7.89594,0.012895676914730992
7.89694,0.012830180631383767
7.89794,0.013264817472363407
7.89894,0.013256874670842004
7.89994,0.013409159801729898
7.90094,0.013563452382104003
7.90194,0.013656776518840319
7.90294,0.01411241976721104
7.90394,0.014614213870444197
7.90494,0.014444642257580916
7.90594,0.013933906392980836
7.90694,0.013722048283343955
7.90794,0.01305448609219693
7.90894,0.01229390095195521
7.90994,0.011401930358080887
7.91094,0.01072085965997632
7.91194,0.010175524134488677
7.91294,0.010041957632114339
7.91394,0.010316031322530552
7.91494,0.010757279089299717
7.91594,0.011177095121101484
7.91694,0.011527102969835628
7.91794,0.011610582977505267
7.91894,0.01152222656226668
7.91994,0.011553155022374875
7.92094,0.012115481174075847
7.92194,0.012392935373154276
7.92294,0.01255489881557214
7.92394,0.012678172703904011
7.92494,0.012899925648030984
7.92594,0.013498920467800813
7.92694,0.01386806265590467
7.92794,0.014446437043194446
7.92894,0.014653266505169397
7.92994,0.014812097581279982
7.93094,0.015154748852351666
7.93194,0.015311394499256071
7.93294,0.0152165329095168
7.93394,0.015214217024482758
7.93494,0.014601484318931782
7.93594,0.014192708412995258
7.93694,0.01374698146137483
7.93794,0.012817904718390744
7.93894,0.012418352353154267
7.93994,0.012192326849919647
7.94094,0.012546030168326276
7.94194,0.013356684926446082
7.94294,0.014009331902155368
7.94394,0.014952915486704866
7.94494,0.015965587183188898
7.94594,0.016676726046209803
7.94694,0.017519830198556564
7.94794,0.018402337777018992
7.94894,0.01858542018505104
7.94994,0.01870168065976237
7.95094,0.01891043141678189
7.95194,0.019317765281953874
7.95294,0.019769358209050257
7.95394,0.0201710833164287
7.95494,0.020982989851126777
7.95594,0.021204547505785404
7.95694,0.02103076918713252
7.95794,0.020701021073516155
7.95894,0.020477590349940403
7.95994,0.0202846803468736
7.96094,0.019736577101753812
7.96194,0.01891215632820787
7.96294,0.018098437143061065
7.96394,0.0164596158575574
7.96494,0.015251966588481887
7.96594,0.014377527496284003
7.96694,0.014415798024254632
7.96794,0.014589139554208487
7.96894,0.014833096062782847
7.96994,0.015647991642030356
7.97094,0.01625024050029807
7.97194,0.016529488624918386
7.97294,0.017131234385230638
7.97394,0.01691815533822649
7.97494,0.016483002756083637
7.97594,0.015671568481814065
7.97694,0.015286556464776405
7.97794,0.015252207887651482
7.97894,0.015682164317458353
7.97994,0.016102853398134862
7.98094,0.016562383104549282
7.98194,0.016740111233622037
7.98294,0.01716494912384683
7.98394,0.017968893831902227
7.98494,0.019086659399621966
7.98594,0.020179390585100206
7.98694,0.020616549899754096
7.98794,0.02137981920992387
7.98894,0.022152778101590373
7.98994,0.02263756328234383
7.99094,0.022794592457410383
7.99194,0.0227344916218114
7.99294,0.022910602174221514
7.99394,0.0232339577922288
7.99494,0.022877324143340264
7.99594,0.023002631909961328
7.99694,0.022925938905912647
7.99794,0.02248113185254806
7.99894,0.021562575010014483
7.99994,0.021401913316109838
8.00094,0.020802740484125018
8.00194,0.020022247567594582
8.00294,0.01926946954863013
8.00394,0.01863979790397639
8.00494,0.01810300723994356
8.00594,0.01735946716410735
8.00694,0.016411005746600503
8.00794,0.015733897426449102
8.00894,0.015231177056609578
8.00994,0.014496218804645314
8.01094,0.013982724440817128
8.01194,0.013999312677877348
8.01294,0.014295925735130523
8.01394,0.01443917784181276
8.01494,0.014959328489924501
8.01594,0.01577642633690213
8.01694,0.016492488399133882
8.01794,0.016975258952849563
8.01894,0.017482982517878453
8.01994,0.017604243953383666
8.02094,0.017450520792032975
8.02194,0.017288660187477885
8.02294,0.01766234327625119
8.02394,0.017816441493641928
8.02494,0.01798205145293638
8.02594,0.01816062916020499
8.02694,0.01817376986692117
8.02794,0.018396791958620918
8.02894,0.018685529409196155
8.02994,0.018503886294457764
8.03094,0.018315393706802432
8.03194,0.018629643950687134
8.03294,0.01827595080267359
8.03394,0.01787477097023285
8.03494,0.01826008489096344
8.03594,0.01815732538211133
8.03694,0.018112368578633162
8.03794,0.017919933459962997
8.03894,0.017422090609909718
8.03994,0.017139466154021107
8.04094,0.016930342912554262
8.04194,0.016622703183066443
8.04294,0.01680844716398033
8.04394,0.01711043121212205
8.04494,0.017451720259537375
8.04594,0.017659059534653306
8.04694,0.01808949634356825
8.04794,0.01865347627254305
8.04894,0.019402272989677217
8.04994,0.02009692071695837
8.05094,0.020379457118281073
8.05194,0.02085112162312399
8.05294,0.02139908574771707
8.05394,0.021488419144550436
8.05494,0.021206379223175576
8.05594,0.02061874290636452
8.05694,0.02009404286303991
8.05794,0.019942640116073652
8.05894,0.019479490135461863
8.05994,0.019616598492902797
8.06094,0.01994478462356698
8.06194,0.019622311812455173
8.06294,0.019742934309861383
8.06394,0.021059943602683713
8.06494,0.021623780975650802
8.06594,0.022042241904984376
8.06694,0.02267247051578453
8.06794,0.02341508194533385
8.06894,0.02406907999710357
8.06994,0.02435326801480872
8.07094,0.024733865018778955
8.07194,0.02446997290806208
8.07294,0.024441044406137327
8.07394,0.02459390068708466
8.07494,0.024921036026565854
8.07594,0.02476838253306156
8.07694,0.024414354179242877
8.07794,0.024050718988199264
8.07894,0.02354880065572481
8.07994,0.02339872278090855
8.08094,0.022994234962211972
8.08194,0.022198027511131077
8.08294,0.02176028651310906
8.08394,0.02164573261680815
8.08494,0.021110559027480987
8.08594,0.02034864903142221
8.08694,0.019953885409809902
8.08794,0.019845113491104228
8.08894,0.019192168497112066
8.08994,0.018650670778545986
8.09094,0.018237666000147923
8.09194,0.01828772038659658
8.09294,0.018739288831950533
8.09394,0.01900785022765442
8.09494,0.0197167128284882
8.09594,0.01993387191825482
8.09694,0.020201468594469925
8.09794,0.020315744585620504
8.09894,0.020519128433335268
8.09994,0.020683997859713147
8.10094,0.021506085278047756
8.10194,0.02222009306859999
8.10294,0.0225506235682671
8.10394,0.02213610330354387
8.10494,0.022511825057742445
8.10594,0.022880021130717906
8.10694,0.022850285076850742
8.10794,0.02259582355467597
8.10894,0.02236850992808364
8.10994,0.021987005948159936
8.11094,0.022054589688732404
8.11194,0.02192234967983133
8.11294,0.021236535704246905
8.11394,0.020798722612648948
8.11494,0.0206779326775863
8.11594,0.02105689629014984
8.11694,0.020894421058068338
8.11794,0.020578509365657305
8.11894,0.020347831993281593
8.11994,0.020312689735962338
8.12094,0.020802587485558372
8.12194,0.021217963277512616
8.12294,0.021350954366876746
8.12394,0.021091100065062818
8.12494,0.021494293942461287
8.12594,0.022485091982633973
8.12694,0.023055482097633844
8.12794,0.023617591904245793
8.12894,0.023923426715158864
8.12994,0.024054207889628903
8.13094,0.02426917046937256
8.13194,0.023973503962772223
8.13294,0.02386700360402209
8.13394,0.02420121970847468
8.13494,0.02471521719372324
8.13594,0.024734372146054343
8.13694,0.024382314511101916
8.13794,0.02483876964197772
8.13894,0.025283334841377018
8.13994,0.025039456841611046
8.14094,0.02434750829537019
8.14194,0.024184673558210586
8.14294,0.02379315573285978
8.14394,0.023865107804658045
8.14494,0.023885901651814465
8.14594,0.023280233340017456
8.14694,0.02260764351957247
8.14794,0.0223011991693082
8.14894,0.021636340068903248
8.14994,0.021009214996090698
8.15094,0.020303183422027398
8.15194,0.01919585345904783
8.15294,0.018056364700712417
8.15394,0.017533431213905135
8.15494,0.016186006773435107
8.15594,0.014983147857691078
8.15694,0.014088551132274372
8.15794,0.012938644480352491
8.15894,0.011515801840154062
8.15994,0.010454283924271496
8.16094,0.009726059832561964
8.16194,0.009189039852630792
8.16294,0.008560169197399275
8.16394,0.007676417828390731
8.16494,0.007061167356355157
8.16594,0.006529150758987289
8.16694,0.005931811853780053
8.16794,0.005597158169521188
8.16894,0.005141989741087749
8.16994,0.004782942022802448
8.17094,0.004555315114026812
8.17194,0.004277746083695071
8.17294,0.003995941455905944
8.17394,0.003803509192023543
8.17494,0.0037391798908271165
8.17594,0.0036047435947709782
8.17694,0.003505830588981386
8.17794,0.0034145700784204485
8.17894,0.003336622795194618
8.17994,0.0033387800813891753
8.18094,0.003373922922355739
8.18194,0.0033470673246453874
8.18294,0.003339715938505024
8.18394,0.0033778444560041126
8.18494,0.003512933734688249
8.18594,0.003558768959217584
8.18694,0.0036569533773619166
8.18794,0.0037606013206565605
8.18894,0.0038658117299418013
8.18994,0.003960633840773883
8.19094,0.0041632977857693505
8.19194,0.004345571986871799
8.19294,0.004445673046695289
8.19394,0.0046455335289843636
8.19494,0.004946959710808117
8.19594,0.005123078770883175
8.19694,0.005332285137955065
8.19794,0.00553195515359541
8.19894,0.005685853299049472
8.19994,0.0058293930082931765
8.20094,0.006033882429459811
8.20194,0.0062688139169710146
8.20294,0.006323261478874304
8.20394,0.006283505963463604
8.20494,0.006210421363655416
8.20594,0.00599417617400218
8.20694,0.005733668719470828
8.20794,0.005486099658984094
8.20894,0.0052426636727583185
8.20994,0.005024028295221559
8.21094,0.004867189701218902
8.21194,0.004756360615627624
8.21294,0.004730518231031751
8.21394,0.004858163496778188
8.21494,0.00491124427972898
8.21594,0.005108600568465453
8.21694,0.005357352564996863
8.21794,0.005764822241759502
8.21894,0.00626237139983397
8.21994,0.006711643017391546
8.22094,0.007244840001073616
8.22194,0.007776665151948782
8.22294,0.008377348976538607
8.22394,0.008974418060987047
8.22494,0.009588500291163992
8.22594,0.009810451821332559
8.22694,0.009775887121613256
8.22794,0.009641899488573307
8.22894,0.009408659238740062
8.22994,0.009165726004281831
8.23094,0.00903116389791227
8.23194,0.008925179670694656
8.23294,0.008911898422013759
8.23394,0.00907771488575222
8.23494,0.009261817631712254
8.23594,0.009549332659200566
8.23694,0.009878180448831169
8.23794,0.010375991474273571
8.23894,0.010646200024520058
8.23994,0.011090791342933911
8.24094,0.011921846172485756
8.24194,0.012708361149803324
8.24294,0.013189337139864699
8.24394,0.013618387355722536
8.24494,0.014004415874731484
8.24594,0.014517103008183213
8.24694,0.014967669210501416
8.24794,0.0153006732954938
8.24894,0.015280103559212657
8.24994,0.015696847632649343
8.25094,0.015958826021080383
8.25194,0.015951680878021995
8.25294,0.016093757324415158
8.25394,0.016082788927960383
8.25494,0.016221317740222264
8.25594,0.01636373572544867
8.25694,0.0161756074247148
8.25794,0.016424012468710864
8.25894,0.016911808514276025
8.25994,0.017165581606508346
8.26094,0.017408264366883443
8.26194,0.017777963467130096
8.26294,0.01793446014236171
8.26394,0.017340348635866774
8.26494,0.017613355834579045
8.26594,0.018112307386456958
8.26694,0.018274899235112593
8.26794,0.01877847272899447
8.26894,0.01920948081699562
8.26994,0.019976312947872797
8.27094,0.020283971580668105
8.27194,0.02028156922926989
8.27294,0.02030787714277315
8.27394,0.020549094704993134
8.27494,0.020662873062635513
8.27594,0.020608014743819483
8.27694,0.019845660837911564
8.27794,0.019970201354047094
8.27894,0.020524373204206796
8.27994,0.020451932476020257
8.28094,0.02048735530669746
8.28194,0.020950484228705782
8.28294,0.020788591731295308
8.28394,0.021075030390226474
8.28494,0.021301746611443417
8.28594,0.022060116928821764
8.28694,0.02239036010324727
8.28794,0.02218837867488678
8.28894,0.021961214164985903
8.28994,0.022312007525036617
8.29094,0.022693078379821607
8.29194,0.022765729739769605
8.29294,0.0227836658145293
8.29394,0.02294871457597965
8.29494,0.022404461619386175
8.29594,0.022885514195170185
8.29694,0.023216943533415947
8.29794,0.023632246384256334
8.29894,0.02313034970786757
8.29994,0.023802860967005977
8.30094,0.024047313736539913
8.30194,0.023848292513670794
8.30294,0.024017589339621594
8.30394,0.024160846065258736
8.30494,0.02420733471589358
8.30594,0.024261300539389255
8.30694,0.024361542198540826
8.30794,0.024598519544821614
8.30894,0.02441522857873234
8.30994,0.024798128827203204
8.31094,0.024872926296199735
8.31194,0.02477309208491865
8.31294,0.024905597626889948
8.31394,0.024845835063804222
8.31494,0.02467340348458597
8.31594,0.024584428931169668
8.31694,0.02485734980724501
8.31794,0.02519449614751987
8.31894,0.025260420968283542
8.31994,0.025159746285544047
8.32094,0.025195823219450648
8.32194,0.02570334199049234
8.32294,0.025411446898822066
8.32394,0.02533140222842375
8.32494,0.02579749412610529
8.32594,0.025936136964783647
8.32694,0.026027278981894924
8.32794,0.02608577101711843
8.32894,0.026177287292508324
8.32994,0.026111705688513176
8.33094,0.025905078618955
8.33194,0.025956979850703724
8.33294,0.02543367942784571
8.33394,0.025544078690318876
8.33494,0.025577659240447425
8.33594,0.025523521927017095
8.33694,0.025633010528871247
8.33794,0.02593865416140226
8.33894,0.026198810932797544
8.33994,0.026339650937085464
8.34094,0.02606587362699237
8.34194,0.02567109158012661
8.34294,0.025620123749039436
8.34394,0.026388911782308587
8.34494,0.02686776942184031
8.34594,0.026608555446900998
8.34694,0.026681065961260526
8.34794,0.026543900184928228
8.34894,0.026550400326291707
8.34994,0.026456308490458224
8.35094,0.026087207300987042
8.35194,0.025930524976280987
8.35294,0.0260970527800459
8.35394,0.02627652915407378
8.35494,0.026227729062270815
8.35594,0.026254307946901454
8.35694,0.02570667221258263
8.35794,0.025830815220121747
8.35894,0.026187858754736216
8.35994,0.0263677013658407
8.36094,0.026463759709204872
8.36194,0.0265714911495219
8.36294,0.026154848271777824
8.36394,0.026055057746362152
8.36494,0.02623275849374698
8.36594,0.026276353941746076
8.36694,0.026445753485430587
8.36794,0.026589406460911402
8.36894,0.026699242629376365
8.36994,0.02661843450680663
8.37094,0.02643996797228484
8.37194,0.026208465799099693
8.37294,0.02590327442121303
8.37394,0.025740466160530648
8.37494,0.026004874689707275
8.37594,0.025402646123603392
8.37694,0.02423404582752119
8.37794,0.023949783918020415
8.37894,0.02296163582947828
8.37994,0.0217563633873471
8.38094,0.02087517216298125
8.38194,0.020619739077370188
8.38294,0.01958183058838573
8.38394,0.01936875749840551
8.38494,0.01938172896228924
8.38594,0.01944283653201217
8.38694,0.01990473687038158
8.38794,0.020752106137529758
8.38894,0.02091135548390849
8.38994,0.021156552069275275
8.39094,0.021188180600406354
8.39194,0.02139814538118364
8.39294,0.021621483305205743
8.39394,0.021151887816241527
8.39494,0.021205153969467313
8.39594,0.02146899169533852
8.39694,0.022321808166989362
8.39794,0.022866190277773923
8.39894,0.023633569879902654
8.39994,0.023586151265766193
8.40094,0.023436107190744074
8.40194,0.023529754216920024
8.40294,0.023143880986161422
8.40394,0.022389242230182144
8.40494,0.021584132463558926
8.40594,0.019935362411527963
8.40694,0.0189843311122268
8.40794,0.01783647555041058
8.40894,0.01647537256485348
8.40994,0.014962833664594928
8.41094,0.013917668837274742
8.41194,0.012953417252260678
8.41294,0.011925338785788858
8.41394,0.010974183315686488
8.41494,0.010339916280168058
8.41594,0.01002909012340268
8.41694,0.009614637884398225
8.41794,0.009416976306193618
8.41894,0.009197557839512632
8.41994,0.009021866948076978
8.42094,0.009084255085020775
8.42194,0.009116901257216545
8.42294,0.009185154506647848
8.42394,0.009350963803230132
8.42494,0.009795215643676042
8.42594,0.010005601838042975
8.42694,0.010570363366693586
8.42794,0.011106326632199253
8.42894,0.011538918838859142
8.42994,0.012096639738479043
8.43094,0.012973234533846318
8.43194,0.013670801759025622
8.43294,0.014165821452487775
8.43394,0.014365817762015828
8.43494,0.01445173923849016
8.43594,0.014247105933400915
8.43694,0.014211853275290955
8.43794,0.01371471673711505
8.43894,0.012953328477623273
8.43994,0.01237047264296824
8.44094,0.01186496400193037
8.44194,0.011285385403634282
8.44294,0.010749205579405867
8.44394,0.010226144957911645
8.44494,0.009824926591915917
8.44594,0.00946841048220567
8.44694,0.00923554263822873
8.44794,0.009185501324085878
8.44894,0.00907481762994775
8.44994,0.009038242695085274
8.45094,0.0091148727413507
8.45194,0.00930996042693095
8.45294,0.009692220635784949
8.45394,0.009912990600855869
8.45494,0.010113751095373002
8.45594,0.010651109754568521
8.45694,0.011149488674149917
8.45794,0.011909862947765375
8.45894,0.012701233776174095
8.45994,0.013474986846844068
8.46094,0.014337197365577167
8.46194,0.01594275087777216
8.46294,0.01662409557917076
8.46394,0.017560332795334574
8.46494,0.018780309479052407
8.46594,0.02001231216687887
8.46694,0.020647311063797597
8.46794,0.020823978367569777
8.46894,0.02138588188485925
8.46994,0.022242296307907212
8.47094,0.022400087321350497
8.47194,0.022541592754312115
8.47294,0.02316921806476403
8.47394,0.023345840283818392
8.47494,0.023359158082751175
8.47594,0.02358030974343234
8.47694,0.02367817161001317
8.47794,0.023949967532773238
8.47894,0.024303963093231417
8.47994,0.024817191645647177
8.48094,0.02514617359105322
8.48194,0.02468612570088219
8.48294,0.0247880842424731
8.48394,0.0246650358724207
8.48494,0.02492526519197188
8.48594,0.02525107200583341
8.48694,0.02545446652685978
8.48794,0.025898085520553976
8.48894,0.025840980285049834
8.48994,0.025498306908403583
8.49094,0.025863457886137066
8.49194,0.02598760706540674
8.49294,0.026298616209810513
8.49394,0.026378006472792054
8.49494,0.026483861865509634
8.49594,0.026343067555147835
8.49694,0.02620995683690967
8.49794,0.026328355028169152
8.49894,0.026234997960442017
8.49994,0.02611027786636408
8.50094,0.025946842579536694
8.50194,0.0261640976506311
8.50294,0.026086918661146846
8.50394,0.026357770714036124
8.50494,0.0265184439631235
8.50594,0.026576447816734523
8.50694,0.026391293516100058
8.50794,0.02650158894322979
8.50894,0.02635763102193265
8.50994,0.026259572061378043
8.51094,0.02637493627870306
8.51194,0.02637303896155062
8.51294,0.026468191208618562
8.51394,0.026035897352490237
8.51494,0.026611941811499045
8.51594,0.026587300781550346
8.51694,0.026319021660982215
8.51794,0.02630598761140897
8.51894,0.02629969442870843
8.51994,0.02625978780532692
8.52094,0.02613049124557605
8.52194,0.026237903628326217
8.52294,0.026319773775079384
8.52394,0.02661467125957053
8.52494,0.026437066373097468
8.52594,0.026474812475100168
8.52694,0.026625976941604592
8.52794,0.02651267755331256
8.52894,0.026687930623298453
8.52994,0.026655756701029588
8.53094,0.026663573795121756
8.53194,0.026333068216492922
8.53294,0.026314573923413916
8.53394,0.026728136295250154
8.53494,0.026612711598757277
8.53594,0.026154611050883236
8.53694,0.026161912586239996
8.53794,0.026104859388198252
8.53894,0.02633455235891044
8.53994,0.02651247066947904
8.54094,0.026405425599433333
8.54194,0.026556884310652628
8.54294,0.0264467925026243
8.54394,0.026521788691519353
8.54494,0.0267111000829681
8.54594,0.02633256549000929
8.54694,0.02635885490383601
8.54794,0.02667164861810144
8.54894,0.02673760792017601
8.54994,0.026625078549131653
8.55094,0.02665284719516503
8.55194,0.026669083027942
8.55294,0.02683169249453928
8.55394,0.02696997173311369
8.55494,0.0268000456555329
8.55594,0.026592064191410213
8.55694,0.026096171457861632
8.55794,0.02608828646175728
8.55894,0.026401907944477387
8.55994,0.026518448100459387
8.56094,0.026189830926847093
8.56194,0.026190474707908584
8.56294,0.026348324125136127
8.56394,0.026149071021937045
8.56494,0.02647758288409971
8.56594,0.026651647116242395
8.56694,0.02659878269921419
8.56794,0.026487019838750507
8.56894,0.02642160251520591
8.56994,0.02629122985452752
8.57094,0.026416552395444794
8.57194,0.0264271219942704
8.57294,0.026632938006099883
8.57394,0.026284745212148394
8.57494,0.025986397140435945
8.57594,0.02605814190653198
8.57694,0.026150837381367874
8.57794,0.026178402990331272
8.57894,0.026452615063252735
8.57994,0.0264582615213488
8.58094,0.026812354818230466
8.58194,0.026913515912796747
8.58294,0.026889079639338537
8.58394,0.026572085348290933
8.58494,0.026355729047442048
8.58594,0.026120603488064907
8.58694,0.02619544401282033
8.58794,0.02605975328476723
8.58894,0.025916865209931857
8.58994,0.026059983792229815
8.59094,0.026235797823827553
8.59194,0.02647809757867822
8.59294,0.026403262402385313
8.59394,0.02624253875990344
8.59494,0.025669876266003304
8.59594,0.025591804585327966
8.59694,0.025331541705591463
8.59794,0.025780161265486986
8.59894,0.025740934719784937
8.59994,0.025548415236103968
8.60094,0.02581745135974242
8.60194,0.025961743302669975
8.60294,0.025529172137153236
8.60394,0.025927516663386968
8.60494,0.026117221362824194
8.60594,0.025569490588234087
8.60694,0.02586276534544056
8.60794,0.02612182936076832
8.60894,0.026164359587076965
8.60994,0.025992659057338385
8.61094,0.02560042148814505
8.61194,0.02549949234111207
8.61294,0.02555806541083477
8.61394,0.025492432089072852
8.61494,0.025855196456214886
8.61594,0.025762733547753804
8.61694,0.025771359130192902
8.61794,0.026062563908557514
8.61894,0.026251200751163436
8.61994,0.026358842534857076
8.62094,0.026194881337682087
8.62194,0.02593728090960803
8.62294,0.02561856540597299
8.62394,0.025958416291537088
8.62494,0.02639364562709923
8.62594,0.02654295899456795
8.62694,0.026543410522722913
8.62794,0.02633350320948046
8.62894,0.026289618272674346
8.62994,0.02624783217994437
8.63094,0.026519236084102733
8.63194,0.026029148883654485
8.63294,0.026043830167550634
8.63394,0.026075282773870837
8.63494,0.026292335698317962
8.63594,0.026472878458444836
8.63694,0.026225308389553028
8.63794,0.02596552160482467
8.63894,0.02613528031006914
8.63994,0.026377868060056955
8.64094,0.026508869899714137
8.64194,0.026281690627990663
8.64294,0.02635722132855077
8.64394,0.026246210883688812
8.64494,0.026039298817335983
8.64594,0.026295986247185384
8.64694,0.026212710695392757
8.64794,0.025899168850382612
8.64894,0.025478960691374588
8.64994,0.025363864527496633
8.65094,0.025087795907747155
8.65194,0.024838188816287726
8.65294,0.024437084937207868
8.65394,0.02403007889084325
8.65494,0.023269155264646783
8.65594,0.021869041201857144
8.65694,0.020475361775328865
8.65794,0.0187209787085335
8.65894,0.017318621015871016
8.65994,0.015700898193415153
8.66094,0.014190973638915869
8.66194,0.012816645900530105
8.66294,0.011777801549407432
8.66394,0.010909659142157187
8.66494,0.010216347508882975
8.66594,0.009613199108424302
8.66694,0.009050684807414784
8.66794,0.008619456981802654
8.66894,0.008340031998415305
8.66994,0.008161456657502194
8.67094,0.008117774086019696
8.67194,0.008033093107028742
8.67294,0.008082158448741024
8.67394,0.008076323055407147
8.67494,0.008060930136636174
8.67594,0.008010664905178365
8.67694,0.008164412575351164
8.67794,0.008263976412591939
8.67894,0.008362675797989376
8.67994,0.008648772524804286
8.68094,0.008906720119953575
8.68194,0.009191464131681292
8.68294,0.009778509947149447
8.68394,0.010273579341433428
8.68494,0.011133821250551946
8.68594,0.011639849122546638
8.68694,0.012519510337683056
8.68794,0.01316712348774936
8.68894,0.013916145967430923
8.68994,0.014836359538778815
8.69094,0.01579647872880937
8.69194,0.01644014442698462
8.69294,0.01701233340075315
8.69394,0.017736241486896603
8.69494,0.01843010533085566
8.69594,0.018980863107699645
8.69694,0.019350651537720906
8.69794,0.020230467753474382
8.69894,0.020320772589168184
8.69994,0.020677574373399083
8.70094,0.021382223602700905
8.70194,0.022098274828402927
8.70294,0.022229308558521208
8.70394,0.02243258938039195
8.70494,0.022852129792782956
8.70594,0.023104612998357203
8.70694,0.02319933549793328
8.70794,0.023268035868581817
8.70894,0.02290687650867369
8.70994,0.023157402487890052
8.71094,0.02302825334527219
8.71194,0.02268733014672148
8.71294,0.02281490151254312
8.71394,0.022781556243345585
8.71494,0.023084593613382238
8.71594,0.02300246801445155
8.71694,0.022899733937548166
8.71794,0.02315698108611862
8.71894,0.0231068509435918
8.71994,0.022681468907201165
8.72094,0.023434006461325242
8.72194,0.024208326141742956
8.72294,0.024221493184608096
8.72394,0.024164962803170632
8.72494,0.024584766019605145
8.72594,0.0244681817254357
8.72694,0.02457162253763778
8.72794,0.025100612044248533
8.72894,0.02516384499803065
8.72994,0.025306730756190644
8.73094,0.025589227633336
8.73194,0.02555982004155663
8.73294,0.025520794603535967
8.73394,0.026099610533943187
8.73494,0.02645554394176729
8.73594,0.02632321257992548
8.73694,0.025842819485832388
8.73794,0.02567608318816618
8.73894,0.02591729083684378
8.73994,0.026348353052417763
8.74094,0.026170495477459647
8.74194,0.026092970890706765
8.74294,0.025756759076880423
8.74394,0.02589867284512414
8.74494,0.02614302484136751
8.74594,0.02614246052796195
8.74694,0.026170635195142077
8.74794,0.026213901560213294
8.74894,0.02614602319217977
8.74994,0.025680450349831543
8.75094,0.026042946057273135
8.75194,0.025893863750228552
8.75294,0.026067868520852976
8.75394,0.025979674323657567
8.75494,0.02596919782667564
8.75594,0.025930638212797535
8.75694,0.02565840844984246
8.75794,0.025317608986249063
8.75894,0.02581289599790637
8.75994,0.02625706653060089
8.76094,0.02615835029999926
8.76194,0.02615855744775168
8.76294,0.026429037314513643
8.76394,0.02642181995671333
8.76494,0.025773439625122213
8.76594,0.02556889441248694
8.76694,0.025966535929819862
8.76794,0.026097824595653872
8.76894,0.026085350877350297
8.76994,0.02584140678128969
8.77094,0.026100027149862298
8.77194,0.025839850599512746
8.77294,0.02533392762825954
8.77394,0.02584267000118044
8.77494,0.025768379158073774
8.77594,0.025757427128509952
8.77694,0.026095490534671785
8.77794,0.025983608316384008
8.77894,0.025663261110282966
8.77994,0.025521639710477946
8.78094,0.025708908951282538
8.78194,0.025518103606150203
8.78294,0.025512264640958425
8.78394,0.025791343512649927
8.78494,0.025723156906783957
8.78594,0.02550679447201806
8.78694,0.025466090668614817
8.78794,0.02569289102334309
8.78894,0.025642613691517623
8.78994,0.025782154924845226
8.79094,0.025840818378658505
8.79194,0.02560489786951649
8.79294,0.025552648237052104
8.79394,0.025641106372597304
8.79494,0.02579991345309121
8.79594,0.025911253718302454
8.79694,0.025857961022783895
8.79794,0.025663010421999928
8.79894,0.025998934624738686
8.79994,0.026101843349014213
8.80094,0.02632333630576364
8.80194,0.02606191970877231
8.80294,0.02551507941306739
8.80394,0.02537359894152657
8.80494,0.025464514269745185
8.80594,0.025562610825236445
8.80694,0.02547698664966292
8.80794,0.025643775500823012
8.80894,0.025674227925529956
8.80994,0.025236545260676358
8.81094,0.02573160461785758
8.81194,0.026075971537849213
8.81294,0.026004991781677495
8.81394,0.025316237377407423
8.81494,0.025514197640909668
8.81594,0.02571756568467291
8.81694,0.025895577851456898
8.81794,0.025798858600276604
8.81894,0.025546490306721806
8.81994,0.025643076671904845
8.82094,0.02542639400147313
8.82194,0.02514128070417632
8.82294,0.025198331467663898
8.82394,0.02510634461559825
8.82494,0.02535662885141035
8.82594,0.025366188211755757
8.82694,0.025249391563567515
8.82794,0.02504433322962289
8.82894,0.02528955137467697
8.82994,0.02512375593405955
8.83094,0.02507321544924444
8.83194,0.025204655381736312
8.83294,0.025619669125608913
8.83394,0.0259872140450673
8.83494,0.02515316749479762
8.83594,0.02525156441238052
8.83694,0.02565307864409013
8.83794,0.02561257830745096
8.83894,0.02560834088633423
8.83994,0.02567923598122272
8.84094,0.025155191440725866
8.84194,0.024917644683925284
8.84294,0.024786512604367813
8.84394,0.02478390911078663
8.84494,0.024312913451936584
8.84594,0.023704597402068945
8.84694,0.02319688728967241
8.84794,0.02246878928089169
8.84894,0.02190751554024951
8.84994,0.021441535064260876
8.85094,0.020653541327763366
8.85194,0.019329947835529628
8.85294,0.017795308414461974
8.85394,0.016142987501245064
8.85494,0.014556879202941932
8.85594,0.013660719440216545
8.85694,0.01291947073904448
8.85794,0.012076191329776286
8.85894,0.0113599219649566
8.85994,0.010508043392458644
8.86094,0.010018239284906005
8.86194,0.00951112393428895
8.86294,0.009173888767074687
8.86394,0.008926046747950932
8.86494,0.008870913591427592
8.86594,0.008777486368450771
8.86694,0.008789944036841222
8.86794,0.00894695772922437
8.86894,0.009050785948684517
8.86994,0.00935775038273793
8.87094,0.00965525030393811
8.87194,0.009934514809365642
8.87294,0.01030755445016557
8.87394,0.010646091208806397
8.87494,0.011215901515042943
8.87594,0.011857077355435602
8.87694,0.012360023195469949
8.87794,0.012775937171442282
8.87894,0.012795293275852678
8.87994,0.012942750985031334
8.88094,0.012935967006662828
8.88194,0.012697745574322263
8.88294,0.012377035304089169
8.88394,0.012011703363770115
8.88494,0.011555473209239539
8.88594,0.011091038772025528
8.88694,0.01061002404680883
8.88794,0.01021631898209967
8.88894,0.009754479326035561
8.88994,0.009452591288752364
8.89094,0.009098561970804416
8.89194,0.009043463234379814
8.89294,0.00889091646927262
8.89394,0.008928774481905394
8.89494,0.008928351563820682
8.89594,0.009032943570999954
8.89694,0.009337975759146936
8.89794,0.009613787683396198
8.89894,0.009960840624364472
8.89994,0.010331811280812536
8.90094,0.01111531051826422
8.90194,0.011680582427456206
8.90294,0.012156296143540642
8.90394,0.012662363255217822
8.90494,0.013507678021243015
8.90594,0.014539340158108528
8.90694,0.015104783453394456
8.90794,0.015681439740819165
8.90894,0.01616862224335813
8.90994,0.016751786764291416
8.91094,0.017530051389838364
8.91194,0.01823919064573336
8.91294,0.019444563310074693
8.91394,0.01996777265690487
8.91494,0.020279928044384728
8.91594,0.021229175204244832
8.91694,0.0214827360475756
8.91794,0.021776158221397824
8.91894,0.021874464800462682
8.91994,0.02214213026785274
8.92094,0.022462335587770308
8.92194,0.02257920316077916
8.92294,0.02238514778293357
8.92394,0.023056793494961387
8.92494,0.02376754593116119
8.92594,0.023794510956582495
8.92694,0.024028198024596943
8.92794,0.02387934465123848
8.92894,0.024041293205108213
8.92994,0.02443183449287266
8.93094,0.024343027755834183
8.93194,0.024533116195183436
8.93294,0.024525271703512607
8.93394,0.02475060597587621
8.93494,0.0245218814544533
8.93594,0.024226261975007844
8.93694,0.024360617383133117
8.93794,0.024696182640341912
8.93894,0.024854708492922383
8.93994,0.02487348158799732
8.94094,0.024969656264501358
8.94194,0.025050463514603823
8.94294,0.02518057229888872
8.94394,0.025213392410135847
8.94494,0.025367563501329665
8.94594,0.025516216005307128
8.94694,0.025260016606312993
8.94794,0.025262355402024934
8.94894,0.02561402389555659
8.94994,0.02583182239457669
8.95094,0.025825979438657422
8.95194,0.02577474580170435
8.95294,0.0258354982188824
8.95394,0.025821548247139222
8.95494,0.025225301666082025
8.95594,0.024817950337690402
8.95694,0.024745487012939296
8.95794,0.024718270673352704
8.95894,0.024970887904197187
8.95994,0.024952600587674286
8.96094,0.025698436007499416
8.96194,0.025718185588691298
8.96293,0.02564202856932681
8.96393,0.025521632738669815
8.96493,0.025814029295646815
8.96593,0.025787816211855732
8.96693,0.025833932655069395
8.96793,0.025520750163195282
8.96893,0.025725742960143686
8.96993,0.025926374297297675
8.97093,0.025979985418194518
8.97193,0.025866508783589755
8.97293,0.02607635202265056
8.97393,0.026100550739081387
8.97493,0.025966134459198424
8.97593,0.02568517115823717
8.97693,0.02557092931612299
8.97793,0.025415808963722277
8.97893,0.02505706527335704
8.97993,0.026033689457654316
8.98093,0.026225599239013485
8.98193,0.026164432674861335
8.98293,0.025884100159414166
8.98393,0.026066664814177028
8.98493,0.02605789632775747
8.98593,0.02600896678678008
8.98693,0.025621009682966798
8.98793,0.025819953846234964
8.98893,0.025661381278356897
8.98993,0.025724594629300043
8.99093,0.02538760438982401
8.99193,0.02561755259693911
8.99293,0.02521231021942321
8.99393,0.025223055613978307
8.99493,0.02567270617338899
8.99593,0.025540544830695813
8.99693,0.025891357229964815
8.99793,0.0258246728203834
8.99893,0.02591940504663325
8.99993,0.02570183326297184
