ppm,global_mean,global_std
5.49996,5.7876521481481475,6.993401955151884
5.50096,5.914815740740742,7.131266645409675
5.50196,6.007768518518519,7.120516228321638
5.50296,6.1418016296296285,7.179868895536769
5.50396,6.299195074074072,7.299966629789917
5.50496,6.339531444444443,7.392762588379095
5.50596,6.437328037037037,7.459031781307662
5.50696,6.63185462962963,7.5663583917270865
5.50796,6.794481,7.747431858174547
5.50896,6.929797666666666,7.845396693088241
5.50996,7.040822407407409,7.90688949240864
5.51096,7.124160407407407,8.018462594850325
5.51196,7.259847822222223,8.178994019710922
5.51296,7.404171222222222,8.247894876046114
5.51396,7.512473925925927,8.393948602636204
5.51496,7.590698851851852,8.488354297693709
5.51596,7.6401052,8.583005993925662
5.51696,7.724516222222222,8.65757582322141
5.51796,7.8071194740740735,8.679535013743063
5.51896,7.903260518518518,8.787574790387767
5.51996,8.019328777777778,8.82624728241145
5.52096,8.128294629629629,9.042229836089703
5.52196,8.200200888888888,9.030759005472236
5.52296,8.147560777777777,8.999900574120257
5.52396,8.14509812222222,9.054697854817265
5.52496,8.27542174074074,9.193828450125796
5.52596,8.36612814814815,9.22257632855853
5.52696,8.35116762962963,9.182716217698843
5.52796,8.506071185185185,9.207096081605952
5.52896,8.542280740740742,9.217846361206362
5.52996,8.527866407407407,9.192820612069058
5.53096,8.619753185185184,9.270827929787748
5.53196,8.718095148148148,9.367043261669922
5.53296,8.735948851851852,9.302384970774954
5.53396,8.725486555555555,9.327185471827695
5.53496,8.787372988888889,9.369646529341189
5.53596,8.806016762962962,9.440063962590571
5.53696,8.865873296296298,9.506200213903
5.53796,8.931252592592593,9.524978381948253
5.53896,8.947034888888888,9.47348622705193
5.53996,8.953488444444444,9.457647258992989
5.54096,8.998087777777778,9.332650331582034
5.54196,8.966252962962963,9.296224466061163
5.54296,8.953352148148149,9.171290719095495
5.54396,8.96086428148148,9.14749735798841
5.54496,8.961172555555557,9.154693905046786
5.54596,9.013740925925926,9.177795262623262
5.54696,8.972712666666668,9.234969451576541
5.54796,8.88958831111111,9.145841470097228
5.54896,8.850143000000001,9.05956734638382
5.54996,8.785425481481482,8.968528490328346
5.55096,8.757963074074073,8.896799248318407
5.55196,8.678723245555558,8.83742299425781
5.55296,8.57667237037037,8.70632140640149
5.55396,8.462766981481481,8.659299608218193
5.55496,8.449555188888889,8.58736509794621
5.55596,8.410409185185184,8.474188638388924
5.55696,8.339279348148148,8.418248790978556
5.55796,8.249011455555555,8.313246505499581
5.55896,8.185789725925927,8.299306275648915
5.55996,8.123594111111112,8.249917935164829
5.56096,8.05531478888889,8.167387107086267
5.56196,8.004987925925926,8.119044066736985
5.56296,7.9705424074074065,8.104217452518649
5.56396,7.918980096296297,8.08010655573884
5.56496,7.853789274074073,7.914500156618067
5.56596,7.839792222222223,7.6596797265339225
5.56696,7.719047259259259,7.505031209479444
5.56796,7.647766629629628,7.487205117351517
5.56896,7.6257061111111115,7.4472523464336104
5.56996,7.5773442592592595,7.281881515655179
5.57096,7.532247985185187,7.163807844286031
5.57196,7.433014959259259,7.1354646289678865
5.57296,7.3294107814814815,7.044638414581594
5.57396,7.256912612555555,6.985744770424482
5.57496,7.189068977407407,6.8586761252257755
5.57596,6.997764911111112,6.750169004105067
5.57696,6.809838459259259,6.593277148227426
5.57796,6.761361988888889,6.425625845158135
5.57896,6.782447385185185,6.40719544876364
5.57996,6.626618037037037,6.332926334209599
5.58096,6.509417918148149,6.194250061424637
5.58196,6.490609407407407,6.131081889857892
5.58296,6.385360851851852,5.978328320063417
5.58396,6.23948311111111,5.884390544788735
5.58496,6.1764381851851855,5.81682352556367
5.58596,6.14742162962963,5.70990521956624
5.58696,6.097633185185186,5.553232537618754
5.58796,6.032439611111111,5.570346678066011
5.58896,5.885607407407408,5.4984636062113
5.58996,5.762945888888889,5.296910866903913
5.59096,5.669588222222223,5.17083432995145
5.59196,5.575128148148148,5.139151871674949
5.59296,5.519610481481481,5.08461967568823
5.59396,5.450124777777778,4.9887954694830965
5.59496,5.356467074074074,4.95688293802998
5.59596,5.2863138888888885,4.932634715203949
5.59696,5.194662222222222,4.868487178639242
5.59796,5.1198975155555555,4.781214499109117
5.59896,4.994815788888889,4.801530017625057
5.59996,5.021793888888889,4.765847432297906
5.60096,4.962875407407408,4.648329217799702
5.60196,4.917691111111111,4.592117970979971
5.60296,4.890646507407407,4.478520468679468
5.60396,4.816399725925925,4.5327014292471315
5.60496,4.690000592592592,4.45785194159461
5.60596,4.636511148148149,4.38840358646819
5.60696,4.553094714814815,4.283547413468197
5.60796,4.5177598111111115,4.290399872709755
5.60896,4.4388437666666665,4.305824865684173
5.60996,4.386277203703704,4.199696254286586
5.61096,4.278263592592592,4.083231650820057
5.61196,4.210047018518519,4.015955405587182
5.61296,4.246322888888889,4.104063092787072
5.61396,4.145247,4.182505005754389
5.61496,3.97420137037037,4.06815583654182
5.61596,3.899741944444444,4.001120177383552
5.61696,3.854026500740741,3.9484792754349876
5.61796,3.8335784703703695,3.9075725540996107
5.61896,3.8362554681481487,3.830086728248026
5.61996,3.8293892518518513,3.766281845320138
5.62096,3.732841203333333,3.7299152527362436
5.62196,3.7039387555555554,3.7207970755459012
5.62296,3.616341096296296,3.7647213194105063
5.62396,3.6083362703703705,3.738819176236013
5.62496,3.578110674074074,3.7941283631872933
5.62596,3.5287619,3.8074585923374946
5.62696,3.485978666666667,3.7533311057068386
5.62796,3.3584659555555554,3.6916872657131496
5.62896,3.2741862992592594,3.594524431908434
5.62996,3.3241539000000007,3.530850432028691
5.63096,3.2004577370370364,3.6653112069333966
5.63196,3.119099218518519,3.6504215110503555
5.63296,3.036449314814815,3.556479938555466
5.63396,2.9767509692592595,3.578926927258684
5.63496,3.0087603444444446,3.5899295785500804
5.63596,3.0126161925925925,3.6023733362425534
5.63696,2.888409900000001,3.642559521137796
5.63796,2.878569555555555,3.5719811665343406
5.63896,2.8381976962962963,3.513874495067532
5.63996,2.8049803888888882,3.557430189492665
5.64096,2.7618173777777772,3.5051600372438574
5.64196,2.7969088148148153,3.549862286832673
5.64296,2.755173974074074,3.5810558360126707
5.64396,2.637263074074074,3.540044328600594
5.64496,2.6367521074074074,3.4999929630196807
5.64596,2.568553888888889,3.4537322343123815
5.64696,2.5136879296296293,3.5268795275280977
5.64796,2.5178766925925924,3.474429057364082
5.64896,2.511229797407407,3.404408480497877
5.64996,2.5138533518518518,3.4078981166559843
5.65096,2.4944138518518515,3.225571492758508
5.65196,2.4069414592592597,3.217084384977742
5.65296,2.453396092592593,3.2118376788222442
5.65396,2.451461385185185,3.185686310377633
5.65496,2.4388949296296296,3.207905558109489
5.65596,2.420883344444445,3.181793279239737
5.65696,2.4759863481481483,3.150670821978204
5.65796,2.456852533333333,3.1733317744545007
5.65896,2.524361955555556,3.11162372446274
5.65996,2.535699796296296,3.088622035506812
5.66096,2.4927234777777776,3.0660287037800935
5.66196,2.439708474074074,2.9944086038341373
5.66296,2.435655062962963,2.980812295588055
5.66396,2.4951235925925923,2.9706221487259667
5.66496,2.4476252592592598,2.898577577246232
5.66596,2.388223074074074,3.0128202261723938
5.66696,2.427439296296296,2.9976338419977036
5.66796,2.418014296296296,2.9791710440581216
5.66896,2.338222814814815,2.990554921023299
5.66996,2.333635851851852,3.0342902016184166
5.67096,2.3357724074074073,3.0056723594265984
5.67196,2.3419937037037037,2.9871927567049728
5.67296,2.2803025925925926,3.0414083077660203
5.67396,2.3430945925925926,2.9671882984730433
5.67496,2.285144074074074,2.9496596427919277
5.67596,2.2619628888888887,2.9265948881985615
5.67696,2.2346497037037034,3.010680073629973
5.67796,2.1757567037037036,3.089563586821055
5.67896,2.172066185185185,3.0837334226913735
5.67996,2.2273674814814814,3.0807473439103887
5.68096,2.214898192592593,3.1844893352587236
5.68196,2.1968792444444443,3.189603672714808
5.68296,2.1649345185185185,3.189847015281493
5.68396,2.1056939888888886,3.230283860383033
5.68496,2.134844396296297,3.2772015851417855
5.68596,2.1223433703703702,3.211541036809059
5.68696,2.1265911111111104,3.1944336242352867
5.68796,2.2317415925925923,3.176025399501306
5.68896,2.165842703703704,3.1703325675976464
5.68996,2.163787485185185,3.1929849640572026
5.69096,2.2020742592592595,3.272658882828565
5.69196,2.1897142222222223,3.2944143465069984
5.69296,2.1793234074074075,3.2882688178610007
5.69396,2.1025540814814816,3.2574296282586372
5.69496,2.0695663703703704,3.161984274075275
5.69596,2.1543991259259263,3.0976601400148795
5.69696,2.258190374074074,3.1368836460419156
5.69796,2.2968231111111113,3.2487650432677557
5.69896,2.2654789259259256,3.3264715633026394
5.69996,2.146263125925926,3.2053616595399608
5.70096,2.187167555555556,3.1942978052768565
5.70196,2.174227962962963,3.207308903208033
5.70296,2.1990503703703705,3.095014517991739
5.70396,2.210489888888889,3.0507679930327725
5.70496,2.2738084814814816,3.0374698013207975
5.70596,2.306883111111111,3.0618504095651207
5.70696,2.2394982185185186,3.136382237860649
5.70796,2.1800281851851855,3.120880021509318
5.70896,2.2211003703703702,3.027787351489229
5.70996,2.228979444444444,3.100614364350769
5.71096,2.346104148148148,3.1509910655137947
5.71196,2.3549085185185183,3.1615881915121733
5.71296,2.3145052592592594,3.1817868441686405
5.71396,2.239648688888889,3.1922672578596143
5.71496,2.2333489444444448,3.1946722473006535
5.71596,2.2275395555555555,3.307556336590777
5.71696,2.185176917037037,3.297471261339896
5.71796,2.1501740000000003,3.2952347841841987
5.71896,2.1226869629629626,3.2853722141293775
5.71996,2.1113177999999997,3.2709910199878367
5.72096,2.1894568518518516,3.3365806992858964
5.72196,2.1265866666666664,3.360404999096389
5.72296,2.1020070777777784,3.357670426865559
5.72396,2.1452584444444445,3.3632280242163657
5.72496,2.165625925925926,3.241376852868934
5.72596,2.1352732148148146,3.2517424137018627
5.72696,2.107337962962963,3.3378934479066
5.72796,2.139542670370371,3.4077304846337655
5.72896,2.1306255925925925,3.413062119694639
5.72996,2.117514988888889,3.3926026903267084
5.73096,2.1859256148148147,3.3702200167012575
5.73196,2.1711552962962966,3.3676176606402315
5.73296,2.1218571111111113,3.3600939719786314
5.73396,2.1802945185185187,3.3305447029916824
5.73496,2.240305962962963,3.3258947018869587
5.73596,2.3142118333333332,3.3386871446228485
5.73696,2.326202037037037,3.357085455489169
5.73796,2.3416806296296295,3.378726081384106
5.73896,2.3369539444444447,3.367900741240725
5.73996,2.277815418518518,3.3622086856341684
5.74096,2.3565022407407406,3.3536799958900465
5.74196,2.313542474074074,3.359693264720466
5.74296,2.240527577777778,3.2670349019145943
5.74396,2.255648762962963,3.3169321489875743
5.74496,2.187504851851852,3.2642056666843358
5.74596,2.2045777037037038,3.2691897431570025
5.74696,2.250242074074074,3.22616252435977
5.74796,2.200082185185185,3.2735399512259584
5.74896,2.195788311111111,3.3891910166860457
5.74996,2.1481322592592593,3.3553005666655986
5.75096,2.1619188888888887,3.3541652826232546
5.75196,2.22149037037037,3.419143056634894
5.75296,2.181534111111111,3.453541163757607
5.75396,2.1562468148148146,3.501967274259787
5.75496,2.1233448851851855,3.5084752539102353
5.75596,2.2538402222222222,3.5457476919688453
5.75696,2.287427037037037,3.672526240635643
5.75796,2.2356086666666664,3.571970609926901
5.75896,2.2406895185185185,3.4953904161741822
5.75996,2.2968552962962963,3.5014464120041593
5.76096,2.2609893333333337,3.489460327043371
5.76196,2.231454111111111,3.4710126290911485
5.76296,2.177908748148148,3.426394224887633
5.76396,2.2798822740740743,3.445915354505898
5.76496,2.300204185185185,3.4757516279034713
5.76596,2.350296851851852,3.4913785966734383
5.76696,2.438500703703704,3.4718345047782666
5.76796,2.461172137037037,3.514090426518565
5.76896,2.4090772592592593,3.516055677081231
5.76996,2.4142484407407405,3.517239610342746
5.77096,2.443745237037037,3.4917329515439053
5.77196,2.421222259259259,3.4040375697631378
5.77296,2.366998333333333,3.329500266640303
5.77396,2.4608592222222225,3.3591359920787207
5.77496,2.4199002962962965,3.3557018017156213
5.77596,2.419670014814815,3.388171774336357
5.77696,2.3839199259259263,3.459184336772995
5.77796,2.4309625185185184,3.491224723877996
5.77896,2.5402182222222227,3.3569923621277904
5.77996,2.5474801481481477,3.1944848263646484
5.78096,2.4684778148148148,3.107547258517357
5.78196,2.3925515925925924,3.1423993917397564
5.78296,2.4630229629629627,3.2351411905926604
5.78396,2.552777222222222,3.234264781433977
5.78496,2.5592193333333335,3.136787442040084
5.78596,2.5528657777777775,3.132935183690413
5.78696,2.511039560666666,3.1188578354206293
5.78796,2.5636988518518518,3.2041646492356453
5.78896,2.5728361148148156,3.247019211666375
5.78996,2.561674388888889,3.350478980915792
5.79096,2.5669172888888885,3.283788214223809
5.79196,2.5721830000000008,3.2284139698480887
5.79296,2.5400129222222216,3.1686935810904195
5.79396,2.506276962962963,3.197153686099739
5.79496,2.61275925925926,3.246969935407216
5.79596,2.6154265925925926,3.338722910518146
5.79696,2.604786777777778,3.2918935020744553
5.79796,2.550717259259259,3.2309684080388927
5.79896,2.514425185185185,3.2539777876014395
5.79996,2.5738399629629636,3.235442938850505
5.80096,2.561474888888889,3.186595355286107
5.80196,2.529859037037037,3.1052715297869593
5.80296,2.541281333333333,3.207550167425993
5.80396,2.5649007037037035,3.2604130941810494
5.80496,2.619284814814815,3.2893965381706924
5.80596,2.6637901851851855,3.3940460621197417
5.80696,2.7654782222222227,3.303014212403207
5.80796,2.790834074074074,3.254649660637258
5.80896,2.7402227037037044,3.2572202649782795
5.80996,2.7264045555555554,3.287187325583652
5.81096,2.716082074074074,3.240304631376991
5.81196,2.8187779444444447,3.258882747433032
5.81296,2.8768471111111116,3.265643319118794
5.81396,2.8438617407407407,3.175880957895149
5.81496,2.8589041111111118,3.2121218993781495
5.81596,2.8684835333333334,3.3208683384776543
5.81696,2.8533931740740743,3.3991850947852966
5.81796,2.798024533333333,3.3614880134368827
5.81896,2.8556945185185185,3.322817498760289
5.81996,2.899673837037037,3.4150947796551243
5.82096,2.921025622222222,3.503467712769597
5.82196,2.8773527777777783,3.4679492370834026
5.82296,3.012763629629629,3.517170296422123
5.82396,3.0597584666666666,3.5628089316461784
5.82496,3.094186296296297,3.6655264023462433
5.82596,3.201576951851852,3.786917193925696
5.82696,3.238831411111111,3.785575623844268
5.82796,3.2393490000000007,3.740684025973978
5.82896,3.2323803014814816,3.734194012569455
5.82996,3.3525447777777777,3.7815981896272604
5.83096,3.335044348148148,3.672961451083779
5.83196,3.261058925925926,3.6916701481303162
5.83296,3.312658703703704,3.7095588032174973
5.83396,3.3741338518518518,3.715414833505532
5.83496,3.470553588888888,3.7439728734113644
5.83596,3.465871740740741,3.8229224379749605
5.83696,3.4609574148148146,3.827799238732576
5.83796,3.474032444444444,3.7157207842081448
5.83896,3.563221518518518,3.7992226941478373
5.83996,3.522468,3.9110504826668113
5.84096,3.602406703703704,4.062404889965165
5.84196,3.721375592592593,4.128929368266748
5.84296,3.692108740740741,4.161791538517077
5.84396,3.697501451851852,4.27243774148699
5.84496,3.8079155185185187,4.415695630045483
5.84596,3.8615491629629624,4.49839496049373
5.84696,3.9347207407407403,4.563852220019818
5.84796,4.048538544444444,4.699444358970211
5.84896,4.120924148148148,4.922614434979743
5.84996,4.272659481481481,5.183748193928879
5.85096,4.4067490000000005,5.524117842412669
5.85196,4.427379259259259,5.729605961330006
5.85296,4.514898,6.093809680319043
5.85396,4.6211738148148145,6.435999396592432
5.85496,4.754948777777778,6.755543872244135
5.85596,4.891754148148149,7.307468168595487
5.85696,5.111923148148149,7.992182360402694
5.85796,5.277675296296297,8.640202091587389
5.85896,5.514592296296295,9.568825527392805
5.85996,5.747661925925926,10.605617175865646
5.86096,6.057980548148148,11.909823103304394
5.86196,6.426969666666667,13.324753202171287
5.86296,6.807217662962962,14.870846605756197
5.86396,7.1577005555555555,16.603334705660387
5.86496,7.574153196296297,18.626773494266608
5.86596,8.089595814814816,20.78129558874943
5.86696,8.675714444444443,23.28174006833262
5.86796,9.208972688888887,26.03248972643361
5.86896,9.789937851851853,28.96313715712787
5.86996,10.504973185185188,32.41424830190219
5.87096,11.320418925925928,36.07054078259642
5.87196,12.089093444444442,39.870073354537595
5.87296,12.853128703703703,43.42160852210372
5.87396,13.51666562962963,46.742735499393234
5.87496,14.12744625925926,49.87961900117721
5.87596,14.881373666666665,53.10439676902982
5.87696,15.588093259259258,56.36936261643273
5.87796,16.383582555555556,60.01448985265147
5.87896,17.051677111111108,63.32077240999003
5.87996,17.635906333333335,65.90292415400882
5.88096,18.04571888888889,67.46174327109784
5.88196,18.20954248148148,68.15663799519204
5.88296,18.15277933333333,67.59445490472478
5.88396,17.673390481481484,64.54915660893444
5.88496,16.616858370370373,58.96791677285654
5.88596,15.2908842962963,51.935220732181754
5.88696,14.086269370370369,45.675912273256856
5.88796,13.089717240740738,40.66558524620079
5.88896,12.364907222222223,36.590813411751824
5.88996,11.897329796296296,33.704525501553285
5.89096,11.519273314814814,31.423639474446762
5.89196,11.201522481481483,29.7037800232219
5.89296,11.064410444444444,28.62934226387316
5.89396,10.98472748148148,28.071741002660474
5.89496,10.999650370370368,27.89798806579342
5.89596,11.031218555555556,28.10348195215373
5.89696,11.207391592592593,28.865184377017727
5.89796,11.45711111111111,30.062410962660262
5.89896,11.77071,31.61863915311482
5.89996,12.301718185185187,33.65112299281845
5.90096,12.740712518518523,35.998837542054055
5.90196,13.318662466666668,39.07511961769636
5.90296,14.03093288888889,42.31867489493609
5.90396,14.646035592592598,45.571483230326
5.90496,15.235967822222221,48.88407597830717
5.90596,15.830045074074073,51.821957162906024
5.90696,16.358274037037035,54.69267200532462
5.90796,16.951447333333334,57.66637258166529
5.90896,17.563523288888888,60.63443018770376
5.90996,18.250532555555555,63.90738698330031
5.91096,18.752269370370367,66.73443774389749
5.91196,19.13583918518518,68.63022868515527
5.91296,19.292563244444448,69.58200572889697
5.91396,19.37807104444444,69.7113796285419
5.91496,19.124386751851855,68.21646323581855
5.91596,18.34220285185185,63.962801125694654
5.91696,17.12259577777778,57.58509083026522
5.91796,15.56721737037037,50.068238467473265
5.91896,14.169326259259261,43.07860955042824
5.91996,13.075839329629629,37.2354864320685
5.92096,12.017004592592592,32.24033130617767
5.92196,11.174459814814814,28.394882132305426
5.92296,10.498476481481479,25.21423444664637
5.92396,9.948729000000002,22.61005228144208
5.92496,9.44649325925926,20.492816078951968
5.92596,8.951196999999999,18.701402784819084
5.92696,8.587581777777778,17.253031580409765
5.92796,8.270704925925926,16.25353493492079
5.92896,8.014414444444444,15.455581227248517
5.92996,7.861992592592593,14.86737458601415
5.93096,7.787442777777779,14.7337666717281
5.93196,7.69489325925926,14.54259772103143
5.93296,7.65729340740741,14.51396744683705
5.93396,7.634672222222222,14.653962881263105
5.93496,7.6225147407407405,14.707963716686455
5.93596,7.66548237037037,14.914245111482755
5.93696,7.72373337037037,15.239591811209777
5.93796,7.733871666666666,15.559469961798689
5.93896,7.816528762962964,15.905466930485986
5.93996,7.8476536259259255,16.278405964264866
5.94096,7.936803814814816,16.656600587858645
5.94196,8.045175314814815,17.09636226195646
5.94296,8.092087333333332,17.546031667668682
5.94396,8.224515777777778,18.055582852132655
5.94496,8.456031555555555,18.68589642092992
5.94596,8.702010962962962,19.367371161326247
5.94696,8.91199522222222,20.03214849740081
5.94796,9.181590703703703,20.82423965497632
5.94896,9.58034585185185,21.778975310372413
5.94996,10.038564814814814,23.020211756078073
5.95096,10.604396133703704,24.468530155569457
5.95196,11.209504022222223,26.38033259025804
5.95296,12.16317999259259,29.1945401520457
5.95396,13.230511093333334,32.89293050071363
5.95496,14.555345087037038,37.67504104440608
5.95596,16.051467874074074,43.30856761202022
5.95696,17.363409851851852,48.560467063712586
5.95796,18.28944562962963,52.234912931881745
5.95896,18.52137425925926,52.905526567064186
5.95996,18.113568666666666,51.08823550830063
5.96096,17.33872522222222,47.895984148072344
5.96196,16.570201444444447,45.0234636611048
5.96296,15.999058518518519,42.9364106584777
5.96396,15.458058074074074,41.65249517486044
5.96496,15.136032333333334,41.32309028934196
5.96596,15.034054703703704,41.61171162741901
5.96696,15.0196516,42.45281474041614
5.96796,15.162623962962963,43.55831806737606
5.96896,15.27604774814815,44.83979403243946
5.96996,15.323447703703701,46.11969417221402
5.97096,15.427432185185184,47.56458218600157
5.97196,15.584426629629629,48.936925816319565
5.97296,15.799814629629626,50.60081127763954
5.97396,16.130060999999998,52.35679746821146
5.97496,16.452576740740742,54.289195222717574
5.97596,16.723023925925926,56.12008762457699
5.97696,17.00290966666667,58.1965745871494
5.97796,17.35399137037037,60.21045228088644
5.97896,17.831802333333336,62.265893746833804
5.97996,18.282352185185182,64.51203643328493
5.98096,18.818300133333334,66.60815436011413
5.98196,19.517808333333328,68.81697063575292
5.98296,20.37073218518518,71.26376625429404
5.98396,21.284605692592596,73.77962154484523
5.98496,22.46472403703704,76.65385408496094
5.98596,23.843412370370373,79.83047453053403
5.98696,25.303435629629625,83.44985778231418
5.98796,26.85249159259259,87.54982138576254
5.98896,28.143086414814814,91.12800378196785
5.98996,28.918337925925925,93.63297298072776
5.99096,29.03973243333334,94.29209599761133
5.99196,28.54753322222222,93.42652200918613
5.99296,27.653133955555557,91.90595775480803
5.99396,26.71201598148148,90.5143290977999
5.99496,25.87724437037037,89.59601239952866
5.99596,25.236470922222225,88.94771875237055
5.99696,24.735421385185187,88.71930585990778
5.99796,24.330452177777776,88.60928582550486
5.99896,24.012411999999998,88.59029193389881
5.99996,23.85378603703704,88.51964545919891
6.00096,23.587329525925924,88.41637506084149
6.00196,23.323999888888896,88.3956486118365
6.00296,23.050180929629633,88.42909847538755
6.00396,22.838652375222225,88.39356543996959
6.00496,22.667412925925927,88.16355185468116
6.00596,22.395443500000003,88.06773392864255
6.00696,22.200045666666668,87.96505061639346
6.00796,22.02920337037037,87.76794529373794
6.00896,21.801218666666664,87.47717636993877
6.00996,21.544880000000003,87.16993671541107
6.01096,21.296767111111112,86.74879314494052
6.01196,21.139691185185185,86.27123931795175
6.01296,21.006861000000004,85.77044680152706
6.01396,20.823295592592597,85.03776262906425
6.01496,20.568971259259257,84.11068657203552
6.01596,20.341744666666667,83.162304917976
6.01696,20.040267666666665,82.02059305671652
6.01796,19.645940518518522,80.86032534707606
6.01896,19.347550203703708,79.59137141004645
6.01996,19.063586888888885,78.08654787858333
6.02096,18.741926925925927,76.61504382721616
6.02196,18.49856048148148,75.1642479698199
6.02296,18.179739851851853,73.46622737268666
6.02396,17.74893437037037,71.648842052648
6.02496,17.307163851851854,69.84480154069644
6.02596,17.032592777777776,68.28236009984984
6.02696,16.727307814814814,66.4586746683991
6.02796,16.462919888888887,64.6541492523487
6.02896,16.147117599999998,63.04112967507229
6.02996,15.779492344444442,61.47130518972195
6.03096,15.438062503703701,59.860109737148875
6.03196,15.138732881481483,58.38447310643731
6.03296,14.81988603,56.89737516066887
6.03396,14.616524807407405,55.48487158098341
6.03496,14.45267794814815,54.252887162582184
6.03596,14.211363625925927,53.0465956816334
6.03696,13.80037062962963,51.81389076271495
6.03796,13.661256085185183,50.793187023776824
6.03896,13.534525999999998,49.73160771494708
6.03996,13.322744437037036,48.47679735650485
6.04096,13.19462532962963,47.4968902816331
6.04196,12.982553666666664,46.59210192713251
6.04296,12.829815811111112,45.96171087394394
6.04396,12.70383333703704,45.2644281158578
6.04496,12.599258722222224,44.52383572271456
6.04596,12.52968637777778,43.910479116345826
6.04696,12.474332637037039,43.40314174627349
6.04796,12.410962555555555,42.92445631930091
6.04896,12.32465214814815,42.48766788878871
6.04996,12.222081866666667,42.14719377294147
6.05096,12.176053851111112,41.83830537767267
6.05196,12.09226651851852,41.5393493257897
6.05296,12.099257399999999,41.34092446584532
6.05396,12.038863018518521,41.13115061683519
6.05496,11.98115712962963,40.96081567452423
6.05596,11.976503855555555,40.881852146282576
6.05696,11.982216135555559,40.773567013755894
6.05796,11.95118299259259,40.66862065326179
6.05896,11.952699418518518,40.687773382863895
6.05996,11.987620314814816,40.69650489328662
6.06096,12.02229149444444,40.6626727706188
6.06196,12.08937621111111,40.79182120230948
6.06296,12.099680851851852,40.82995294185727
6.06396,12.052525699999999,40.877665425505626
6.06496,12.10040941851852,40.97872139813957
6.06596,12.124274925925928,41.05604151652943
6.06696,12.171845259259259,41.22455913836686
6.06796,12.275904037037037,41.39612676057549
6.06896,12.322817518518518,41.51513978690461
6.06996,12.372628862962962,41.638031232126636
6.07096,12.371566877777779,41.7566362890947
6.07196,12.459249814814815,41.854331851453516
6.07296,12.488663703703706,41.881902632813464
6.07396,12.40761862962963,42.02567297357558
6.07496,12.437193777777779,42.24155410642388
6.07596,12.500907407407409,42.41689153883092
6.07696,12.5391062,42.533279413836816
6.07796,12.54183151851852,42.62343876094278
6.07896,12.568491507407408,42.67905736365105
6.07996,12.54662914814815,42.704365581882286
6.08096,12.563627333333333,42.775661100723795
6.08196,12.449285592592593,42.80741207002551
6.08296,12.437027,42.77336282703288
6.08396,12.51130314814815,42.789721051586554
6.08496,12.467667592592592,42.733037140714934
6.08596,12.440929370370371,42.55538073245147
6.08696,12.445090814814815,42.49110803577036
6.08796,12.414939555555554,42.39926662900968
6.08896,12.451639285185186,42.157523533596176
6.08996,12.38495577777778,41.74685202337053
6.09096,12.328429185185186,41.46868308656767
6.09196,12.318458111111113,41.1990981067482
6.09296,12.211322037037034,40.75056944721675
6.09396,12.136330925925927,40.41061945170829
6.09496,12.072918185185186,40.03601264142531
6.09596,11.965679933333334,39.59457094542554
6.09696,11.848760985185185,39.18044583066703
6.09796,11.76729545925926,38.79866361377256
6.09896,11.612288244444445,38.34497728408404
6.09996,11.507068766666668,37.84675219730461
6.10096,11.464870944444444,37.413943917394995
6.10196,11.36233946666667,37.04135064197162
6.10296,11.249850629629627,36.509600097930694
6.10396,11.251247296296297,36.23069506511151
6.10496,11.148760000000001,35.771728580000044
6.10596,11.021541629629631,35.28942914098064
6.10696,10.93052896296296,34.83895635798347
6.10796,10.86573977777778,34.33013579389565
6.10896,10.824603862962963,33.8466954763456
6.10996,10.701217592592593,33.44465095167901
6.11096,10.624652074074074,32.90439598965182
6.11196,10.65219261851852,32.407352207233885
6.11296,10.60107845925926,32.02471966395389
6.11396,10.496685111111113,31.61274410234449
6.11496,10.420336296296295,31.22003734518738
6.11596,10.336105851851856,30.634318987250527
6.11696,10.260479925925926,30.181278034134497
6.11796,10.201012814814815,29.832534815106804
6.11896,10.235447777777775,29.58995630974888
6.11996,10.205164859259261,29.255151298155145
6.12096,10.119039022222223,28.918066642587494
6.12196,10.152778074074073,28.69182989309396
6.12296,10.218748937037036,28.377803993573462
6.12396,10.241077066666666,28.11396120220311
6.12496,10.258077000000002,27.828499024208625
6.12596,10.335269459259264,27.66444608995807
6.12696,10.456557851851855,27.446702779351824
6.12796,10.634173111111112,27.42919097846122
6.12896,10.826936633333336,27.36697865779355
6.12996,11.057883792592591,27.540748632240074
6.13096,11.213204344444446,27.6812704589621
6.13196,11.475394814814813,27.99980163763796
6.13296,11.776738333333334,28.50436011858795
6.13396,12.09613696296296,29.0496920104585
6.13496,12.37996974074074,29.67661240640912
6.13596,12.695348888888892,30.148734853541765
6.13696,12.788446962962963,30.537194786719652
6.13796,12.893862222222223,30.92722328520311
6.13896,12.957726888888885,31.090790582098126
6.13996,12.962801444444445,31.04653585325763
6.14096,12.882620399999999,30.668034536744454
6.14196,12.747826581481478,30.106503155748417
6.14296,12.511474437037036,29.4971971343875
6.14396,12.207305229629629,28.897307115893746
6.14496,12.070342040740742,28.220181358928627
6.14596,11.927009925925924,27.79447383993939
6.14696,11.739843192592593,27.47446416589028
6.14796,11.63229048148148,27.34050433639337
6.14896,11.462765611111113,27.101062887549197
6.14996,11.334163877777778,26.92848152928055
6.15096,11.294956999999997,26.970527708586626
6.15196,11.2481245962963,26.987485716925665
6.15296,11.238026485185186,27.090178419330634
6.15396,11.210037874074073,27.07058710126557
6.15496,11.227216259259261,27.275392056967668
6.15596,11.339341296296297,27.552716529916392
6.15696,11.535224356296299,27.893761119022912
6.15796,11.689232318518519,28.17690246772284
6.15896,11.828073177777778,28.69729690020753
6.15996,12.02137252962963,29.26714082195522
6.16096,12.31165905185185,29.74723682917028
6.16196,12.648109296296296,30.42330176505864
6.16296,12.934465814814814,31.29058555261268
6.16396,13.371276359259257,32.19396392637436
6.16496,13.736023455555555,33.056839037457394
6.16596,14.101818948148148,33.99934010969969
6.16696,14.501954074074073,34.99451148305294
6.16796,14.870260518518519,35.96365566984409
6.16896,15.134658404074075,36.830534807695145
6.16996,15.33032888888889,37.4116388750265
6.17096,15.455058481481482,37.754128002379645
6.17196,15.55621,38.104406400777705
6.17296,15.543396444444443,38.19459371724191
6.17396,15.382291798888888,38.121231446203545
6.17496,15.274329481481484,38.05383492064766
6.17596,15.106147248148147,37.986192802544394
6.17696,14.944141999999998,38.05303904332104
6.17796,14.737477851851853,38.092533683758276
6.17896,14.576504740740742,38.31574622112186
6.17996,14.443539007407407,38.59842814306007
6.18096,14.406244074074072,38.918910149726926
6.18196,14.314502114814816,39.223342967046364
6.18296,14.21524276814815,39.47870467906778
6.18396,14.086191474074077,39.82047104279951
6.18496,14.01619565925926,40.185768960030295
6.18596,13.991901685185185,40.604469861898366
6.18696,14.01050525555556,40.908705925590525
6.18796,14.03166624074074,41.103103272200165
6.18896,14.068942066666667,41.3193465595695
6.18996,14.058294855555557,41.48585675573239
6.19096,14.000517233333333,41.664437970731136
6.19196,13.922825814814814,41.77847684977929
6.19296,13.858486033333335,41.73414138966438
6.19396,13.795420174074078,41.62512255598737
6.19496,13.78519487037037,41.454539403780615
6.19596,13.7735682,41.27748219464004
6.19696,13.782833668518519,41.00632500235038
6.19796,13.810996589629626,40.742737914987536
6.19896,13.730852,40.4842239764676
6.19996,13.598089596296298,40.03037662228894
6.20096,13.508132437037037,39.544942557330224
6.20196,13.41790506296296,39.04056197581949
6.20296,13.325799777777778,38.51859469356312
6.20396,13.28471448888889,37.96220915200059
6.20496,13.224720214814816,37.45634853332178
6.20596,13.153958592592593,36.843858872408596
6.20696,12.96750285185185,36.17710900676515
6.20796,12.754799851851851,35.59031192520265
6.20896,12.661236370370373,34.97432722076968
6.20996,12.605631333333333,34.35882899438301
6.21096,12.45426667037037,33.56518522350221
6.21196,12.399493614814814,32.99869743664298
6.21296,12.316387468888891,32.38301417969928
6.21396,12.284489333333333,31.71383403692092
6.21496,12.133707259259257,31.143347128500807
6.21596,12.009237237037034,30.4983858268491
6.21696,11.959476781481483,29.934626836899607
6.21796,11.783085355555555,29.37435779741843
6.21896,11.647458985185185,28.653991125667673
6.21996,11.558085518518519,27.975971941410663
6.22096,11.421056925925924,27.411301920468436
6.22196,11.419878814814812,26.89705967836694
6.22296,11.351099207407408,26.421491224120874
6.22396,11.23788003703704,25.9033188910746
6.22496,11.120157811111111,25.477914950099347
6.22596,11.089193944444444,24.944208775247365
6.22696,10.98021182925926,24.35927083618726
6.22796,10.883812029629631,24.00717683378878
6.22896,10.75191002962963,23.51414286918395
6.22996,10.660382059259264,23.172138191525903
6.23096,10.558988759259258,22.743213943443475
6.23196,10.43873957777778,22.228172711683857
6.23296,10.328665044444445,21.84124471034484
6.23396,10.30382853296296,21.446237809148236
6.23496,10.259199648148147,20.98337355648629
6.23596,10.198011555555556,20.657132418108322
6.23696,10.044846222222224,20.286654283615157
6.23796,10.050034407407407,19.98141899613112
6.23896,9.94151095925926,19.604679813817615
6.23996,9.869763285185186,19.177274308250663
6.24096,9.87037848148148,18.871844293889417
6.24196,9.818406796296298,18.62766578054082
6.24296,9.710358470370371,18.31789097341827
6.24396,9.68721740740741,18.023718429983933
6.24496,9.602787448148149,17.737175688604168
6.24596,9.554766592592593,17.484555217104585
6.24696,9.50455574074074,17.17933148831226
6.24796,9.444209111111112,16.84705543504555
6.24896,9.403820444444445,16.645760774621085
6.24996,9.30905862962963,16.346429607707396
6.25096,9.34440774814815,16.178776488093447
6.25196,9.310124506296297,15.957657141414343
6.25296,9.298045570370371,15.732939189179422
6.25396,9.217221485185185,15.43263992841052
6.25496,9.22440174074074,15.220439883403836
6.25596,9.191347577777778,15.073828411486897
6.25696,9.172998237037037,14.820509957384623
6.25796,9.209981151851853,14.64252520272211
6.25896,9.217622370370371,14.540251150496161
6.25996,9.102667622222222,14.309281634547666
6.26096,9.035036385185185,14.094649316777375
6.26196,9.074314518518518,13.970336960475544
6.26296,9.04945974074074,13.742691782336093
6.26396,8.996745896296297,13.560389720191965
6.26496,8.938279570370371,13.33263583168099
6.26596,8.887224962962962,13.162763575605492
6.26696,8.901917829629628,13.033628444836323
6.26796,8.882078407407407,12.890008697031515
6.26896,8.879636825925926,12.857152691435198
6.26996,8.92181408888889,12.790448729865677
6.27096,8.99499962962963,12.718038196072161
6.27196,8.973281333333333,12.64309617891116
6.27296,8.980119611111112,12.492407344198073
6.27396,8.931841122222224,12.390680769941477
6.27496,8.953028714814817,12.279761663951879
6.27596,8.933591770370368,12.114054794084165
6.27696,8.953029537037038,12.03898572079896
6.27796,8.929210292592591,11.81021495906244
6.27896,9.052418296296297,11.787752646959184
6.27996,9.067472514814817,11.815632174422795
6.28096,9.1199337,11.780800872763836
6.28196,9.170866774074074,11.816854449424723
6.28296,9.188125592592591,11.988273012607477
6.28396,9.330151407407406,12.15037680543179
6.28495,9.404312407407408,12.316125937825602
6.28595,9.47287692962963,12.53188165608759
6.28695,9.582934611111112,12.831679126751443
6.28795,9.694271296296295,13.235344867010866
6.28895,9.87427251851852,13.83664390231453
6.28995,10.133386074074075,14.604727045828607
6.29095,10.319230896296299,15.308823578310987
6.29195,10.493917540740743,16.17143086600386
6.29295,10.672019185185185,17.120824793176475
6.29395,10.959459074074074,18.13264911683956
6.29495,11.280276503703703,19.310403114321705
6.29595,11.495082185185186,20.544430490813152
6.29695,11.726592555555555,21.859210018561352
6.29795,11.956177355555555,23.182021919074298
6.29895,12.181822444444444,24.39164291177289
6.29995,12.354007648148148,25.461891973515257
6.30095,12.568885051851852,26.517599274025034
6.30195,12.649431407407407,27.24336548690019
6.30295,12.764518303703706,27.651838983675315
6.30395,12.840429514814817,27.877968717370404
6.30495,12.847998825925927,28.01013442764581
6.30595,12.87094771111111,27.971918164786814
6.30695,12.885276870370367,27.78697457491873
6.30795,12.903280703703704,27.53605292841841
6.30895,12.857358837037038,27.448990609321825
6.30995,12.763051996296294,27.494040848202523
6.31095,12.758616214814815,27.59956945713207
6.31195,12.865207074074076,28.03623972163673
6.31295,12.917696974074074,28.579051522411252
6.31395,13.096240462962964,29.440799155791055
6.31495,13.346203492592595,30.49748815873656
6.31595,13.613451574074073,31.83992109186226
6.31695,14.008391122222223,33.35188199064261
6.31795,14.377864340740741,34.92394159416035
6.31895,14.730944159259256,36.794760836605285
6.31995,15.079941103703701,38.80862202492734
6.32095,15.4738953962963,40.83639496517051
6.32195,15.900461303703704,42.8776705897453
6.32295,16.30435735925926,44.70670034538301
6.32395,16.647793881481487,46.46681450012674
6.32495,16.94908385185185,47.84359923302986
6.32595,17.084056222222223,48.849847422626084
6.32695,17.187832851851848,49.528265121500326
6.32795,17.205656566666665,49.5020135296509
6.32895,17.144570618518518,48.961544200149696
6.32995,16.94014359259259,47.83510851839286
6.33095,16.653155370370367,46.46630911188034
6.33195,16.28588474074074,44.74594244339291
6.33295,15.964010618518515,42.69407365142019
6.33395,15.553182177777778,40.6097281125136
6.33495,15.191200111111113,38.50644058316995
6.33595,14.819356896296297,36.564222332739824
6.33695,14.476631222222224,34.972039028534
6.33795,14.095124851851848,33.48031235257586
6.33895,13.865952666666667,32.29007252782215
6.33995,13.749904555555556,31.454794164046703
6.34095,13.683617037037036,30.856933325565603
6.34195,13.588893962962961,30.612063729609037
6.34295,13.521617037037037,30.431595777335904
6.34395,13.546787464814814,30.403113323249382
6.34495,13.541990222222223,30.59595107833198
6.34595,13.684736670370372,30.862095271077454
6.34695,13.81554874074074,31.30585764102768
6.34795,13.88036734074074,31.66148744004372
6.34895,13.936043386666666,32.07475358307331
6.34995,13.958642148148147,32.35829954677247
6.35095,13.957481581481478,32.4137395157107
6.35195,13.944739921851852,32.18276722749825
6.35295,13.906369359259259,31.7069644602442
6.35395,13.65825241851852,30.84682563608128
6.35495,13.470889481481482,29.89884435797962
6.35595,13.15453248148148,28.665113214532084
6.35695,12.86969162962963,27.175179518451802
6.35795,12.62357285185185,25.67887827946263
6.35895,12.221517185185185,24.002200344787298
6.35995,11.885768444444444,22.48769823065004
6.36095,11.483143814814817,21.053133940863162
6.36195,11.169855425925926,19.569626566465946
6.36295,10.938495322222222,18.323213148215412
6.36395,10.699803533333332,17.19788876409127
6.36495,10.542054222222223,16.21621538085106
6.36595,10.321654925925927,15.4525858655879
6.36695,10.102386459259257,14.647536142141515
6.36795,9.95534462962963,13.973693125454894
6.36895,9.817412292592595,13.489760022427332
6.36995,9.730712537037038,13.047659768080523
6.37095,9.609060592592593,12.600159396962267
6.37195,9.371339925925927,12.285133170143567
6.37295,9.319254011111111,12.045913629682898
6.37395,9.234969888888887,11.743677298614184
6.37495,9.158361496296296,11.536523860818804
6.37595,9.042851481481481,11.47200681623973
6.37695,9.031230148148149,11.320578941068439
6.37795,9.0688709,11.1302712270882
6.37895,8.946550733333332,10.975110281499031
6.37995,8.883531607407408,10.925597091799816
6.38095,8.834363962962964,10.815581054276757
6.38195,8.712546962962962,10.727712544117788
6.38295,8.622918318518519,10.732371668945113
6.38395,8.607999833333334,10.754237566017423
6.38495,8.645476807407405,10.700169360798213
6.38595,8.635912970370372,10.777617169926796
6.38695,8.618853699999999,10.776545852828018
6.38795,8.64476974074074,10.839558099117614
6.38895,8.661715037037037,10.86926193928014
6.38995,8.551452255555557,10.841963817818861
6.39095,8.482276777777777,10.824856678294163
6.39195,8.402487999999998,10.813093666206642
6.39295,8.369500411111112,10.77608853167186
6.39395,8.379158592592592,10.760744097959407
6.39495,8.404438444444445,10.846687897784985
6.39595,8.337588666666667,10.960865243587751
6.39695,8.366565259259259,10.981516094676246
6.39795,8.340439707407407,11.003852224633107
6.39895,8.256914592592592,11.059050016653538
6.39995,8.204922555555557,11.110290923344902
6.40095,8.24747212962963,11.244060121082729
6.40195,8.246764925925927,11.269252471481453
6.40295,8.227752962962962,11.341412801120095
6.40395,8.243261592592592,11.56537476917881
6.40495,8.222439477777778,11.650085326270334
6.40595,8.271765244444444,11.710789421909105
6.40695,8.266823577777778,11.889296140059518
6.40795,8.350616037037037,12.098479272944315
6.40895,8.353674385185187,12.2559203699006
6.40995,8.352024555555555,12.408354761236314
6.41095,8.394300348148148,12.541053973741706
6.41195,8.421121877777777,12.787878453216361
6.41295,8.396275851851852,13.021457167114246
6.41395,8.43529114814815,13.28383443008204
6.41495,8.4382752,13.459432239058449
6.41595,8.475433307407407,13.668168342564234
6.41695,8.497288851851854,13.86774556552038
6.41795,8.601299185185185,14.142193232166617
6.41895,8.688954814814815,14.419693829796984
6.41995,8.696741022222222,14.837210422696469
6.42095,8.777315092592593,15.191402543168243
6.42195,8.819559092592591,15.58137643808146
6.42295,8.873893481481481,16.059439741244233
6.42395,8.950332959259258,16.33729911106605
6.42495,8.903214061111111,16.814463449210926
6.42595,8.936522003703702,17.235270699684044
6.42695,8.942662725925926,17.638574376844016
6.42795,9.017901603703704,18.166113946190173
6.42895,9.03028437037037,18.68558355088513
6.42995,9.039618311111111,19.152072283470332
6.43095,9.121069462962963,19.838422898060944
6.43195,9.152848244444446,20.443736643470032
6.43295,9.284966748148149,21.0446515602157
6.43395,9.313217922222222,21.620234962538596
6.43495,9.313230114814814,22.382136662621548
6.43595,9.388839062962964,23.18541700806658
6.43695,9.54838835925926,23.99816012140278
6.43795,9.685253555555555,24.798281217353587
6.43895,9.853239022222219,25.701821443159172
6.43995,10.043315292592593,26.73640591910834
6.44095,10.178612014814814,27.717600560705208
6.44195,10.318360585185188,28.698689042418952
6.44295,10.58731025185185,29.839017250970937
6.44395,10.78252822222222,31.065525505352948
6.44495,10.953181485185185,32.14767352549078
6.44595,11.233657596296293,33.331449533772435
6.44695,11.506757603333336,34.56168295628531
6.44795,11.671978377777778,35.92401152122999
6.44895,11.772716688888888,37.18973546517464
6.44995,12.032669222222225,38.466565464553625
6.45095,12.263558344444444,39.55409218209432
6.45195,12.460003333333331,40.68793754751927
6.45295,12.659800740740739,41.68507268527397
6.45395,12.722805333333334,42.550777510806846
6.45495,12.867690559259259,43.375258190336886
6.45595,12.89604072222222,44.167153390880294
6.45695,13.019890599259258,44.93806642136428
6.45795,13.082357792592594,45.40523941906057
6.45895,13.160555148148148,45.828889860052314
6.45995,13.143497962962964,46.12362706420171
6.46095,13.189647925925927,46.23337987802387
6.46195,13.132853000000003,46.26500640778697
6.46295,12.99461885925926,46.396444429902054
6.46395,12.962033333333332,46.282459717039686
6.46495,12.902211862962963,46.2623609663681
6.46595,12.832997537037038,46.239279736997965
6.46695,12.75555855925926,46.19223233449373
6.46795,12.703303185185186,46.31100119956718
6.46895,12.698647466666667,46.37885907203014
6.46995,12.76184937037037,46.55769860580204
6.47095,12.756596277777776,46.90777026800043
6.47195,12.770677592592593,47.203388620892405
6.47295,12.785134185185186,47.5936441266111
6.47395,12.988744277777771,48.163355763080865
6.47495,13.09395086296296,48.81312031141782
6.47595,13.133144381481483,49.442833578954314
6.47695,13.203484792592592,50.215331196496265
6.47795,13.337603364814814,51.01278779059865
6.47895,13.57422645925926,51.844994200697265
6.47995,13.751978585185187,52.80380924777322
6.48095,13.93057962962963,53.866096161152214
6.48195,14.039537966666668,54.91021747007777
6.48295,14.163930599999999,55.8098679980615
6.48395,14.402535211111111,56.858018289788525
6.48495,14.60166096296296,57.85912146939495
6.48595,14.864044011111112,58.778738408811314
6.48695,15.046475755555557,59.82800940267478
6.48795,15.05860930740741,60.63911905250816
6.48895,15.144744755555555,61.287146059561714
6.48995,15.24670602962963,61.79138270560533
6.49095,15.303409822592588,62.2971806522168
6.49195,15.268272244444447,62.65568850335939
6.49295,15.271313666666664,62.83384391614958
6.49395,15.1573074,62.68344078325499
6.49495,15.156442103703704,62.50863223140351
6.49595,15.159276851851855,62.2791275306006
6.49695,15.046624259259257,62.08557284824362
6.49795,14.881103037037034,61.818100811623914
6.49895,14.752146518518519,61.366373458664114
6.49995,14.626756177777779,60.83275133659578
6.50095,14.51915215185185,60.35007557586008
6.50195,14.489580414814814,59.901067356640475
6.50295,14.360605681481482,59.496720450249555
6.50395,14.184378481481478,58.90553272842771
6.50495,14.081866196296296,58.30306512640772
6.50595,14.008832444444446,57.801183474451065
6.50695,13.866751225925926,57.21784108156503
6.50795,13.729455899999998,56.715285277584876
6.50895,13.54476862962963,56.194289685638466
6.50995,13.39010905925926,55.73607588093828
6.51095,13.344406077777776,55.34126314491697
6.51195,13.27667474074074,54.959201531669045
6.51295,13.204199018518516,54.5310548596126
6.51395,13.133628337037036,54.190348066193
6.51495,12.998849307407406,53.841861359306144
6.51595,12.925812185185187,53.42796105605332
6.51695,12.866274544444446,53.057391200149155
6.51795,12.73449113592593,52.692059920087765
6.51895,12.683685192592593,52.22030361594623
6.51995,12.666292177777777,51.63927676367106
6.52095,12.566551037037037,50.974549410122926
6.52195,12.40122125925926,50.22576576231495
6.52295,12.22964699259259,49.42008503929138
6.52395,12.104150855555554,48.71510417230229
6.52495,12.007286085185182,47.933118242600294
6.52595,11.830152148148148,46.973821527764436
6.52695,11.646842188888888,46.052320623395225
6.52795,11.454212711111111,45.05930413348454
6.52895,11.22214552962963,43.981434430425175
6.52995,10.992126959259258,42.79873674151669
6.53095,10.74119293703704,41.635991025249425
6.53195,10.524015920259261,40.53737426492335
6.53295,10.26570421111111,39.411354438125414
6.53395,10.05251062962963,38.33515300933533
6.53495,9.771172259259258,37.33629796493948
6.53595,9.562552325925926,36.11571699178518
6.53695,9.416676518518518,35.011884910705476
6.53795,9.15997199148148,33.949615129368794
6.53895,8.908198666666667,32.91286896659805
6.53995,8.790101781481482,31.91041951806606
6.54095,8.573878977777778,31.009062085914234
6.54195,8.378069022222222,30.160862686362044
6.54295,8.198075191111112,29.300155590792162
6.54395,7.96791827074074,28.28407278137604
6.54495,7.776728185185186,27.525052903497937
6.54595,7.634681637037035,26.783311993659417
6.54695,7.494285125925926,26.09858980432134
6.54795,7.388450162962965,25.453192379702152
6.54895,7.3027752185185175,24.721653008417153
6.54995,7.151685000000001,24.018741317253646
6.55095,7.1073140592592585,23.399238376536676
6.55195,7.006916814814815,22.79308571427646
6.55295,6.7678597518518515,22.20679084107801
6.55395,6.678328129629629,21.696258768908418
6.55495,6.5773337629629625,21.214252124955532
6.55595,6.500481014814816,20.660346032143526
6.55695,6.534557907407407,20.221652960767102
6.55795,6.4411273518518515,19.786066888943033
6.55895,6.343431962962963,19.387020101881593
6.55995,6.307236813333333,18.795334574310434
6.56095,6.237201318518519,18.392448415264305
6.56195,6.200435896296296,17.99736500165181
6.56295,6.174938922222223,17.64532355883179
6.56395,6.130497577777778,17.355841884030326
6.56495,6.103591497777778,17.06940686236469
6.56595,6.0765679629629625,16.76707358931681
6.56695,5.956330611111111,16.28224777091331
6.56795,5.952626266666668,15.883684648123818
6.56895,5.895010818518518,15.681152325484835
6.56995,5.865240962962963,15.403443177179403
6.57095,5.8414195444444434,15.226004163572913
6.57195,5.850603811111112,15.041098304578911
6.57295,5.7220298877777775,14.778087384119562
6.57395,5.766298074074074,14.537716768827531
6.57495,5.732425351851852,14.413868845382572
6.57595,5.837873507407408,14.30547966901954
6.57695,5.974222422222223,14.25864124582708
6.57795,6.050289096296296,14.29719251066189
6.57895,6.168401503703705,14.511745329949681
6.57995,6.343901518518518,14.810909413450874
6.58095,6.585329222222222,15.27449596601464
6.58195,6.79290774074074,16.24226183068011
6.58295,7.10597925925926,17.513416230710334
6.58395,7.560729785185186,19.178547896331683
6.58495,8.024409033333335,21.057529598467767
6.58595,8.47562268888889,23.100248870253957
6.58695,8.887474481481481,25.19079272786407
6.58795,9.261621074074075,26.879457754567948
6.58895,9.576259222222225,28.242971215867605
6.58995,9.767757892592593,29.45720615326956
6.59095,9.892770822222221,30.37289671909057
6.59195,9.922751803703706,30.982131709061687
6.59295,9.954536411111114,31.332116533882402
6.59395,10.000823977777777,31.461456495023707
6.59495,9.950906416481484,31.269742257866103
6.59595,9.763914185185186,30.687994856739063
6.59695,9.584641074074073,29.764929038845054
6.59795,9.30923094074074,28.36114774074558
6.59895,8.945461840740741,26.763308425534373
6.59995,8.645673407407408,25.08036198905687
6.60095,8.190996763333333,23.46037466082285
6.60195,7.908963962962963,22.233818112566702
6.60295,7.645135044444445,21.26385144640228
6.60395,7.494518588888888,20.54757605947561
6.60495,7.5368099629629635,20.087377432721816
6.60595,7.535412481481482,19.99459203094457
6.60695,7.581627918518517,20.28190573020326
6.60795,7.758194566666667,20.999507534847037
6.60895,7.989486285185184,22.026728429277018
6.60995,8.295391303333334,23.401397445076043
6.61095,8.632722744444443,25.183029018168057
6.61195,9.032601333333332,27.21118189094325
6.61295,9.379727851851852,29.17925546546309
6.61395,9.763920722222222,31.120469083673186
6.61495,9.905214444814815,32.67445327759494
6.61595,10.041557785185185,33.892195292193726
6.61695,10.253915037037038,34.7800732514166
6.61795,10.376095074074076,35.32183787287849
6.61895,10.54694405185185,35.69399737806059
6.61995,10.577166044444446,35.79465540165836
6.62095,10.503830370370371,35.560702707824206
6.62195,10.269603507407407,34.866839321414844
6.62295,9.984753462962964,33.60789968186463
6.62395,9.651942740740742,31.894482936260278
6.62495,9.156064948148147,29.744235973317874
6.62595,8.632076524814815,27.414657663859153
6.62695,8.129380462962963,24.872517722501772
6.62795,7.702064851851852,22.501658245101357
6.62895,7.2980874351851845,20.577396991624248
6.62995,6.868253348148149,18.79094038100512
6.63095,6.548963955555557,17.23462882524012
6.63195,6.225861525925925,15.852749287483167
6.63295,5.964452444444444,14.634481509379757
6.63395,5.831960518518519,13.596951230598812
6.63495,5.547826848148147,12.60784220867479
6.63595,5.339927748148148,11.729255066497183
6.63695,5.105882185185186,10.905093153486748
6.63795,4.975470092592593,10.237793647698973
6.63895,4.83956638888889,9.668003749029863
6.63995,4.7395001555555565,9.03890848400281
6.64095,4.568998496296296,8.55449382935525
6.64195,4.332038144444445,8.146188161198237
6.64295,4.275310988888889,7.851649497287671
6.64395,4.1807584888888885,7.570296995592208
6.64495,4.085390248148148,7.273454765205117
6.64595,4.021764925925925,7.009866291098405
6.64695,3.994615818518518,6.698870541307606
6.64795,3.8328585592592592,6.495913219220727
6.64895,3.796060262962962,6.486850816599324
6.64995,3.7773429629629636,6.3695936512680325
6.65095,3.7188839333333337,6.366232395604404
6.65195,3.726118018518518,6.258705318621137
6.65295,3.747147381481481,6.08795313194281
6.65395,3.7021798888888893,6.036553110000124
6.65495,3.6680651222222225,5.9101399085501525
6.65595,3.6365696518518518,5.833863480100865
6.65695,3.517537148148148,5.721049550763688
6.65795,3.51706862962963,5.687557442533548
6.65895,3.523226666666667,5.53278921128952
6.65995,3.453626888888889,5.394612617551647
6.66095,3.434678777777778,5.4419701945800805
6.66195,3.43984737037037,5.537866401279622
6.66295,3.4182360762962967,5.555127222125698
6.66395,3.3062569851851857,5.4707178414124815
6.66495,3.284945244444444,5.424871379025581
6.66595,3.2816220370370366,5.444973943399801
6.66695,3.270266433333333,5.559732743124835
6.66795,3.254648074074074,5.526263218178299
6.66895,3.2627026296296293,5.437352861519032
6.66995,3.2963206296296295,5.466189609825559
6.67095,3.2741585925925922,5.5315044935719175
6.67195,3.2643501999999995,5.382724960655064
6.67295,3.2608593555555556,5.4092040859036175
6.67395,3.2627653703703703,5.401036168758191
6.67495,3.2842555555555553,5.370024034203719
6.67595,3.22040977037037,5.39065541321658
6.67695,3.197133962962963,5.477515156686973
6.67795,3.2669254296296293,5.565101333429826
6.67895,3.2839455222222225,5.497832885218096
6.67995,3.2685609111111114,5.422608946717363
6.68095,3.308472192592592,5.476398676436408
6.68195,3.3362753333333335,5.588804640087598
6.68295,3.3340328148148153,5.624426577139076
6.68395,3.323016637037037,5.589420072017973
6.68495,3.315164559259259,5.735781084358099
6.68595,3.3341912962962965,5.657687080857793
6.68695,3.415096751851852,5.655710602601666
6.68795,3.4602271407407406,5.862712774060904
6.68895,3.421336703703704,5.993266724176178
6.68995,3.396658037037037,5.934234978625632
6.69095,3.4133819999999995,6.004807096749194
6.69195,3.5445437407407407,6.20536327738761
6.69295,3.6078761148148146,6.318167864477264
6.69395,3.6380439148148147,6.442631547942016
6.69495,3.6258758,6.413127436638762
6.69595,3.712988166666666,6.505273971854424
6.69695,3.74508032962963,6.6342807707287275
6.69795,3.920825203703705,6.82156634416874
6.69895,3.9049522222222226,7.068487191222773
6.69995,3.951692222222223,7.285684454198569
6.70095,3.960512140740741,7.40552092581433
6.70195,4.09184662962963,7.728162762791336
6.70295,4.159197777777779,8.053368684834311
6.70395,4.202143962962962,8.383267252590027
6.70495,4.2265578259259255,8.758352428712376
6.70595,4.358114259259259,9.111764050425819
6.70695,4.487889752962963,9.544678153298678
6.70795,4.649021074074073,10.121665135666246
6.70895,4.820196862962963,10.546396715272724
6.70995,4.960031,11.280111661714734
6.71095,5.101239481481481,12.112331102707888
6.71195,5.294656681481481,12.862473828177183
6.71295,5.502793296296297,13.75922684895936
6.71395,5.7005084074074075,14.698528389150235
6.71495,5.91632817037037,15.87433535755075
6.71595,6.264468029629629,17.24441805902551
6.71695,6.587158814814814,18.681440331989
6.71795,6.959813866666666,20.250765700555988
6.71895,7.327145603703705,22.306829866851633
6.71995,7.711069011111111,24.475127806980293
6.72095,8.269182814814815,26.773183829183008
6.72195,8.859001666666666,29.51848390053993
6.72295,9.506944948148147,32.59789347452882
6.72395,10.15538304814815,36.01642342290299
6.72495,10.888703251851853,39.51652404335267
6.72595,11.675519337037038,43.44774733726142
6.72695,12.551320962962963,48.031912452180286
6.72795,13.479702444444447,52.840171917036734
6.72895,14.568666185185187,57.99077884171407
6.72995,15.716608637037039,63.81904083912886
6.73095,16.92722205555556,69.77900033764793
6.73195,18.150278277777776,75.9586595392446
6.73295,19.387112770370372,82.07507020442117
6.73395,20.547611581481473,87.93228755653715
6.73495,21.63473240740741,93.81624951358684
6.73595,22.773264118518508,99.34000142225231
6.73695,23.924150137037035,104.82520470379919
6.73795,25.030973217037037,110.30852092696118
6.73895,25.992181222222225,115.14783940619209
6.73995,26.844198437037043,119.21307306697959
6.74095,27.502202844444444,122.51141430743847
6.74195,27.943382144444445,124.55357103536109
6.74295,28.049649325925927,124.96018955072265
6.74395,27.71383448148148,123.33160842900456
6.74495,26.985197766666673,119.61929941965475
6.74595,25.872553707407405,113.92084469952913
6.74695,24.724877229629627,108.10682731506736
6.74795,23.66291533703704,102.44238726690685
6.74895,22.734498703703693,97.2469642067388
6.74995,21.918456625925927,92.91520209051356
6.75095,21.26823240740741,89.22153325937333
6.75195,20.75353511111111,86.18497214113401
6.75295,20.36209715185185,84.03339881557758
6.75395,20.172510229629626,82.87334371728448
6.75495,20.25638265185185,82.95736896572001
6.75595,20.520461907407405,83.95484543929369
6.75695,20.90216173703704,85.83535991864424
6.75795,21.463838444444445,88.52805708161188
6.75895,22.229841259259253,92.16090361144441
6.75995,23.116542325925927,96.39566463737937
6.76095,24.094017755555555,100.92470564682608
6.76195,25.144839603703694,105.63806185150624
6.76295,26.06320757777778,109.88966886727844
6.76395,26.914221059259262,113.92204468572547
6.76495,27.71258068888889,117.71740067388026
6.76595,28.43552388888889,120.94491759398186
6.76695,29.05350733333333,123.78939747896817
6.76795,29.45388703703704,125.7089735927903
6.76895,29.669278111111105,126.52947727108304
6.76995,29.62652014814815,125.9971187414985
6.77095,29.225181703703704,123.87805065915572
6.77195,28.551694,120.17504239115512
6.77295,27.465202888888893,113.93381328480116
6.77395,25.852824666666667,105.84777901697011
6.77495,24.05994428888889,96.35412093304528
6.77595,22.155460814814816,86.56988785637094
6.77695,20.435562337037045,77.69062368557326
6.77795,18.882799618518515,69.50728624873355
6.77895,17.495920270370366,62.47179844223326
6.77995,16.31852845185185,56.44132879853012
6.78095,15.248835885185185,50.936324401418354
6.78195,14.305139292592592,46.39205980068385
6.78295,13.407070540740742,42.4014591206901
6.78395,12.736378177777778,39.29689348188197
6.78495,12.154641703703703,36.958403494156116
6.78595,11.745393033333334,35.20538056405049
6.78695,11.429262114444445,33.94403857217752
6.78795,11.238537551851849,33.22451200766798
6.78895,10.983986437037036,32.78369941159552
6.78995,10.85911814074074,32.665933286485036
6.79095,10.858601281481482,32.789793511575816
6.79195,10.857525000000003,33.11497473521251
6.79295,10.887747323037038,33.62046408671312
6.79395,10.92448392962963,34.23788700078366
6.79495,10.984055762962964,34.957153720283515
6.79595,11.072676429629626,35.77275864014318
6.79695,11.226776722222224,36.573134435863224
6.79795,11.360886859259258,37.51114480810051
6.79895,11.444264433333334,38.480527238081365
6.79995,11.613560055555556,39.57709276891765
6.80095,11.875666925925925,40.65043615726289
6.80195,12.091721600000001,41.884858420982304
6.80295,12.317960555555556,43.024817182861405
6.80395,12.584511637037034,44.3240779914496
6.80495,12.753136651851854,45.569900178196974
6.80595,12.983586633333335,46.95918589266429
6.80695,13.328330488888891,48.50410847682062
6.80795,13.64508995925926,49.90693084365578
6.80895,13.949353785555559,51.383235238962016
6.80995,14.299295161111107,53.13375770703699
6.81095,14.642764185185184,54.88632701566547
6.81195,15.041241086296296,56.644851630882116
6.81295,15.397205237037035,58.50142486533292
6.81395,15.774818677777775,60.40854360367104
6.81495,16.237324074074074,62.4030838126753
6.81595,16.614419472337037,64.35237050998182
6.81695,17.11036254074074,66.45231902943719
6.81795,17.570128637037037,68.60912644306002
6.81895,17.992108262962958,70.701361290967
6.81995,18.519230722222222,72.90853920413244
6.82095,19.078344781481476,75.24059768699271
6.82195,19.61123951851852,77.49481739537578
6.82295,20.138149391481484,79.82193001454388
6.82395,20.729372597037038,82.16904823289815
6.82495,21.37060498888889,84.54575170973317
6.82595,22.052317625925927,87.06820464271487
6.82695,22.780604904296293,89.44403584593672
6.82795,23.40914932222222,91.95070825165848
6.82895,24.106788457037034,94.44699449833716
6.82995,24.85101484814815,96.91884183729131
6.83095,25.779288792592588,99.46635119488404
6.83195,26.686751470370368,101.83508523873417
6.83295,27.64597472962962,104.209461487873
6.83395,28.609441072592592,106.5144101673972
6.83495,29.62521704444445,108.68534192379286
6.83595,30.725899870370373,110.79103944009687
6.83695,31.699946177777775,112.75428147806272
6.83795,32.69211019074074,114.43941497251589
6.83895,33.53195806666666,115.97084502631779
6.83995,34.360819831481486,117.26327032872904
6.84095,35.09260804814815,118.38825718762433
6.84195,35.75908764318518,119.14968917008709
6.84295,36.40971778148148,119.71611125360941
6.84395,36.99695141481481,120.24846518760532
6.84495,37.85788437037037,120.98627739953069
6.84595,38.9842238,121.79189921766483
6.84695,40.11098687037037,122.92923423602998
6.84795,41.39552977777779,124.37416649074605
6.84895,42.44288627777778,125.64762874976913
6.84995,43.28409241111112,126.71021222497032
6.85095,43.85608777777778,127.28127948484082
6.85195,44.02522040740741,127.22577762916926
6.85295,43.94400949629629,126.90011904552715
6.85395,43.85159691481481,126.62445459577586
6.85495,43.75433591111112,126.41658675941757
6.85595,43.797453570370365,126.47576421333586
6.85695,43.95611052222221,126.97929074942869
6.85795,44.16108463703704,127.29623463290105
6.85895,44.580119711111124,127.61107928470429
6.85995,44.897179111111114,127.5703422125452
6.86095,44.871828588888896,126.9700226810612
6.86195,44.55395040740741,125.42935859256102
6.86295,43.801599288888895,122.96536251285588
6.86395,42.48184933333334,119.24190929725712
6.86495,40.93181733333334,115.12776947613591
6.86595,39.18534903703703,110.90228828941818
6.86695,37.418120585185186,106.70548006229262
6.86795,35.63978854444444,102.75364960568818
6.86895,33.90703153333333,98.90389157751486
6.86995,32.28004961851851,95.50055955604587
6.87095,30.8673323,92.42748401485336
6.87195,29.741399359259262,89.49248007755078
6.87295,28.950369296296298,86.9887334003857
6.87395,28.225016555555552,84.54670443119907
6.87495,27.88176600740741,82.55575158984286
6.87595,27.821469822222223,80.98432518288415
6.87695,28.081484148148153,79.9221509635353
6.87795,28.58687938518519,79.63996577318206
6.87895,29.396919703703702,79.84283763656492
6.87995,30.231259825925925,80.60579669881751
6.88095,30.971732700000004,81.73222137876031
6.88195,31.5959757962963,82.48604282883439
6.88295,31.806431751851854,82.62420844495072
6.88395,31.653307740740743,82.02122488655472
6.88495,31.146068740740745,80.94986853320717
6.88595,30.53070830740741,79.85518157257472
6.88695,29.930121888888888,79.08234174388163
6.88795,29.42488725925926,78.78650263345486
6.88895,29.088125629629626,78.96789552276589
6.88995,28.820407059259256,79.31156961366351
6.89095,28.58346498148148,79.58160615663381
6.89195,28.233877444444442,79.57780223513068
6.89295,27.841192037037032,78.83746160701774
6.89395,27.16672724074074,77.03755803048715
6.89495,26.226239185185182,74.18776371712035
6.89595,24.975068703703712,69.76605717737937
6.89695,23.584379444444444,64.34686495736369
6.89795,22.00666437037037,58.74347681258102
6.89895,20.523006592592587,53.41220108918729
6.89995,19.238409599999994,48.99500414511546
6.90095,18.193324903703704,45.51032940457925
6.90195,17.23831311111111,42.620988094412056
6.90295,16.553459777777775,40.61818809861803
6.90395,16.04812,39.12289502497149
6.90495,15.718384592592592,38.277320882090535
6.90595,15.462938740740741,37.833231497853106
6.90695,15.358948259259261,37.89608371244802
6.90795,15.458527222222221,38.63308309677359
6.90895,15.63670862962963,39.67974812639584
6.90995,15.900603592592594,41.134999435035105
6.91095,16.25376411111111,43.079241935077555
6.91195,16.618959592592592,45.350908819600924
6.91295,17.19493348148148,48.25091679219984
6.91395,17.69069588888889,51.09113269527789
6.91495,18.151805074074076,54.06633405146477
6.91595,18.672842555555555,56.95513398393958
6.91695,19.100354296296292,59.54634710667874
6.91795,19.477297037037033,61.89583373893622
6.91895,19.622039703703702,63.35883782208773
6.91995,19.50868151851852,63.69352671047573
6.92095,19.142581370370376,62.55578083476761
6.92195,18.50959711111111,59.86546290295105
6.92295,17.58628859259259,56.29579990687596
6.92395,16.661515455555556,52.384431134383334
6.92495,15.82608288888889,48.77523167891051
6.92595,15.152969925925925,45.59297516526009
6.92695,14.53765688888889,43.12002176740489
6.92795,13.969305703703704,41.11992487055675
6.92895,13.541485370370369,39.637002047062495
6.92995,13.282932555555556,38.68654315998094
6.93095,13.120782444444444,38.17564673356423
6.93195,13.060281222222224,38.30659635667694
6.93295,13.13871514814815,38.78660774203902
6.93395,13.26242151851852,39.625849608289116
6.93495,13.48952085185185,40.89938281127408
6.93595,13.803335148148145,42.5043610533819
6.93695,14.243368185185185,44.589088436824085
6.93795,14.67513260740741,46.95686385039012
6.93895,15.15897337037037,49.89257785903915
6.93995,15.842975703703704,53.36502968790051
6.94095,16.42699740740741,56.657284612554214
6.94195,17.104462962962963,60.002838665732064
6.94295,17.775711037037038,63.514872387093206
6.94395,18.36194125925926,66.77647561067374
6.94495,18.90571774074074,69.65964133714459
6.94595,19.176289222222223,71.79865092421925
6.94695,19.29270518518518,72.7217815762952
6.94795,19.139476792592593,72.07389006826071
6.94895,18.67653114814815,69.86035752140023
6.94995,17.89675366666667,66.37991049069508
6.95095,17.051564703703704,62.20448277594535
6.95195,16.23498351851852,58.11563763772595
6.95295,15.366378555555558,54.28623436000378
6.95395,14.792740318518517,51.37134838993589
6.95495,14.33953062962963,49.27466049128519
6.95595,14.012547148148148,47.580429666055785
6.95695,13.803365444444445,46.63171408095979
6.95795,13.648474851851851,46.03576471038241
6.95895,13.590369703703702,45.764139457230335
6.95995,13.574243814814814,45.768769448540844
6.96095,13.62277562962963,46.02244362140854
6.96195,13.671714222222223,46.260358480056446
6.96295,13.803257148148148,46.53305736633973
6.96395,13.851472,46.495025484394084
6.96495,13.8576749,45.9941199977342
6.96595,14.002262396296297,45.40852786081791
6.96695,14.057577431111111,44.70169615148586
6.96795,14.043207674074072,43.96274711161168
6.96895,14.153527874074076,43.198467347150036
6.96995,14.416636462962963,42.545585753110544
6.97095,14.843043292592593,42.43975339370904
6.97195,15.201751040740744,42.80151496577015
6.97295,15.34747111111111,43.068222460637486
6.97395,15.375966444444442,43.02165511145066
6.97495,15.239101629629634,42.550834188993946
6.97595,14.996102666666669,41.954333214502626
6.97695,14.704405333333334,41.61006591391304
6.97795,14.444853451851852,41.84366589034247
6.97895,14.364129329629632,42.561085973227684
6.97995,14.587156903703704,43.8934104806344
6.98095,14.716203337037038,45.60461756551793
6.98195,15.123714585185185,47.68460320465212
6.98295,15.627408937037037,50.22676749328792
6.98395,16.13581324814815,52.7888860639824
6.98495,16.720410633333337,55.584711711709076
6.98595,17.288421581481487,58.19536815509114
6.98695,17.75638616074074,60.439159571890585
6.98795,18.19204965074074,62.30312746733085
6.98895,18.51168217814815,63.532672081974816
6.98995,18.838286007407408,64.29838956512147
6.99095,19.058835862962965,64.5011341136694
6.99195,19.20151577814815,64.02360724362643
6.99295,19.304460287777776,62.97575813985346
6.99395,19.566158029629634,61.61198553307314
6.99495,19.806065192592584,60.57036227368663
6.99595,20.320814925925927,59.97138078854031
6.99695,20.804314581481478,60.21504859795551
6.99795,21.27533948148148,61.10126211975694
6.99895,21.611642407407412,61.84494467382945
6.99995,21.462491777777775,61.539563810206246
7.00095,20.772896185185186,59.47347917298313
7.00195,19.75075304814815,56.09393536689116
7.00295,18.665516737037038,52.13307359301091
7.00395,17.531930337037036,48.31722565257142
7.00495,16.640215277777777,45.38466562624212
7.00595,15.879592855555554,43.27832581722988
7.00695,15.373749037037035,42.16390798657046
7.00795,15.099421851851853,41.845119902568776
7.00895,15.005115129629631,41.97697271676216
7.00995,14.947949851851853,42.311562703907
7.01095,14.94741414814815,42.72163085267077
7.01195,14.87852711111111,43.234118358204974
7.01295,14.934359888888888,43.7666902165473
7.01395,14.882294077777779,44.11979139256
7.01495,14.813784592592592,44.262701429758195
7.01595,14.729583292592592,44.06762627922301
7.01695,14.582826444444445,43.32908349642615
7.01795,14.471731377777779,42.49819315087758
7.01895,14.399699444444444,41.70962829156004
7.01995,14.311738381481485,40.57230601265175
7.02095,14.266267540740742,39.52281456751644
7.02195,14.354425074074074,38.778262396082525
7.02295,14.533242966666668,38.41941145155819
7.02395,14.74367957777778,38.57873413914523
7.02495,14.986226637037035,39.16639949076901
7.02595,15.004524025925924,39.262156852574094
7.02695,14.803018426666666,38.728809270618164
7.02795,14.482769474074075,37.56036933637895
7.02895,14.133251411111113,36.164060464761825
7.02995,13.656115203703703,34.9933010266662
7.03095,13.222330933333334,34.33364329966736
7.03195,12.957494329629627,34.286653830832755
7.03295,12.91075358518519,34.77179215146953
7.03395,12.955716211111111,35.68640545850319
7.03495,13.118932637037037,37.061407779196294
7.03595,13.406851127037035,38.70061552066372
7.03695,13.798216629629628,40.703198674661316
7.03795,14.275940966296298,43.06750947860948
7.03895,14.755953855555557,45.78428355272866
7.03995,15.214550425925927,48.82099394754548
7.04095,15.758060496296297,52.157992136070106
7.04195,16.474083840740743,55.97583139367485
7.04295,17.162389559259257,59.93826628543443
7.04395,17.87237682592593,64.29211572053323
7.04495,18.603457777777777,68.72049011032179
7.04595,19.332931977777776,73.07560596329976
7.04695,20.154986370370374,77.81369761106873
7.04795,20.952308254074072,82.35443105141357
7.04895,21.73777237777778,86.511240931923
7.04995,22.449337622222224,90.27828183062256
7.05095,23.001409085555558,93.20320705319102
7.05195,23.46578247407407,95.29597756026398
7.05295,23.623479922222227,96.36285800562345
7.05395,23.510132148148152,96.18518291238448
7.05495,23.145136292592582,94.52078056300331
7.05595,22.66025909259259,91.67235956339313
7.05695,21.93223518518519,87.88948325924628
7.05795,20.98632113703704,83.068743629571
7.05895,20.08068996962963,78.30497293485139
7.05995,19.18799407037037,73.4534694017865
7.06095,18.30452740740741,68.68606826140852
7.06195,17.417953222222224,64.34896171201294
7.06295,16.655733211111112,60.17386317928543
7.06395,16.120065311111116,56.67561202925842
7.06495,15.711217344444439,53.76716079280801
7.06595,15.176098985185186,51.091795015733275
7.06695,14.766890444444448,49.00414738012596
7.06795,14.469857814814814,47.35694523654507
7.06895,14.08001574074074,45.883955538930124
7.06995,13.83014825925926,44.81080554899739
7.07095,13.62083796296296,44.19824192624312
7.07195,13.51667288888889,43.99562637781998
7.07295,13.428476888888888,44.19156205985343
7.07395,13.49781711111111,44.70383546645764
7.07495,13.655778851851851,45.543047815000754
7.07595,13.755730851851851,46.66939376521568
7.07695,13.959895592592595,48.185567917577
7.07795,14.335674888888889,49.92946557779938
7.07895,14.745365,51.94282938475719
7.07995,15.176214888888886,54.22573977905882
7.08095,15.741210185185185,56.72457873417031
7.08195,16.215876592592593,59.639372178785244
7.08295,16.783072333333333,62.528846973366576
7.08395,17.420305629629627,65.3716154760104
7.08495,18.00464633333333,68.0961799491045
7.08595,18.485567296296296,70.58718083079103
7.08695,18.95595662962963,72.94953976711842
7.08795,19.339568555555562,74.98119611169471
7.08895,19.626985074074074,76.60475424287706
7.08995,19.768001333333334,77.81310941438362
7.09095,19.863184444444446,78.60006928443686
7.09195,19.942933777777778,78.9414477045613
7.09295,19.834015111111107,78.88533024982381
7.09395,19.685902259259255,78.5592478241712
7.09495,19.613689814814816,78.07187899024768
7.09595,19.534512703703708,77.45808698851906
7.09695,19.40614137037037,76.94359833732882
7.09795,19.24129381481482,76.56934923316827
7.09895,19.24630996296296,76.50730605601092
7.09995,19.323945148148145,76.60864952273282
7.10095,19.386171218518516,77.14529128526661
7.10195,19.55568733333334,77.98085361345365
7.10295,19.80945048148148,79.18369782398116
7.10395,20.24217925925926,80.73287038179728
7.10495,20.573082185185186,82.39244200221462
7.10595,21.012716481481487,84.24184138613836
7.10695,21.482285148148147,85.89815737644693
7.10795,21.92403607407407,87.52309198787933
7.10895,22.335007333333333,89.17172164767395
7.10995,22.792155407407407,90.71764109951367
7.11095,23.37997325925926,92.41143544781394
7.11195,23.92873162962963,94.51257728460133
7.11295,24.485229629629625,96.58084257831689
7.11395,25.022939481481487,98.82246070784323
7.11495,25.63121033333333,101.23932990282466
7.11595,26.264184666666665,103.47586437356388
7.11695,26.66058555555556,105.5168936074381
7.11795,27.005628222222224,107.15248742498369
7.11895,27.26676422222222,108.39800986008062
7.11995,27.366548222222224,109.19137134026802
7.12095,27.349758,109.67510784147372
7.12195,27.384608074074073,110.20159259940837
7.12295,27.441456148148145,110.82988544187691
7.12395,27.58392974074074,111.55559236845154
7.12495,27.818032925925923,112.76179848215033
7.12595,28.147703259259263,114.3600976234226
7.12695,28.582993592592597,116.32281106856676
7.12795,29.121085925925925,118.79462603241484
7.12895,29.785243925925922,121.63804547872039
7.12995,30.523704629629638,124.56756775984941
7.13095,31.187176666666662,127.28980919868462
7.13195,31.781020555555557,129.36587959981725
7.13295,32.33060377777778,131.1087893686752
7.13395,32.81528681481481,132.15362294279703
7.13495,33.201146888888886,132.57427015491024
7.13595,33.40949644444444,132.3617398463139
7.13695,33.49774851851852,131.53731581671533
7.13795,33.51992696296296,130.2354728599743
7.13895,33.41901466666667,128.31410248892016
7.13995,33.14248396296296,126.08220031608438
7.14095,32.72979085185185,123.36855614847174
7.14195,32.23376177777778,120.23980220807252
7.14295,31.557712074074065,116.84574559723741
7.14395,30.85946118518519,113.28882530570118
7.14495,30.259461370370364,110.30337700287274
7.14595,29.712383629629624,107.99223423369988
7.14695,29.280264888888887,106.27231377778716
7.14795,28.96459348148148,105.3027689312956
7.14895,28.79506481481481,105.0934939962378
7.14995,28.842093962962963,105.65191165079605
7.15095,28.964938851851848,106.81005813943061
7.15195,29.240982777777774,108.4220277704631
7.15295,29.60068007407408,110.19337191966544
7.15395,29.96946088888889,112.1712133495186
7.15495,30.46611288888889,114.26957346062245
7.15595,30.85395318518519,116.0664374117856
7.15695,31.356874370370374,117.72499263973603
7.15795,31.88825366666667,118.98643907011613
7.15895,32.33476544444444,119.6976320579911
7.15995,32.81619233333333,120.00125159707208
7.16095,33.279968814814815,120.12179436413153
7.16195,33.720736037037035,119.9363235950118
7.16295,34.05619929629629,119.25533767192915
7.16395,34.35442040740741,118.15895422622795
7.16495,34.45658985185185,116.25220073029018
7.16595,34.24159092592592,113.48163055656856
7.16695,33.723893518518516,109.93808004718522
7.16795,32.84413670370371,105.52052437866855
7.16895,31.776952222222228,100.95658876896749
7.16995,30.635414962962958,96.11970776597221
7.17095,29.479451148148147,91.21149952127556
7.17195,28.33560655555555,86.87724172372488
7.17295,27.20482414814815,82.80683396416195
7.17395,26.150726259259258,79.36475408573463
7.17495,25.186149703703702,76.47074464958351
7.17595,24.36430314814815,74.02063117956205
7.17695,23.732165703703707,72.0500185917823
7.17795,23.098461333333333,70.45458720947886
7.17895,22.63385425925926,69.1280865830981
7.17995,22.145325962962964,68.13083128908094
7.18095,21.752837481481475,67.11118709413462
7.18195,21.437617888888887,66.14087598425135
7.18295,21.15080074074074,65.23246678302245
7.18395,20.883495703703712,64.01587995322939
7.18495,20.633279333333334,62.59348473019872
7.18595,20.381029925925926,60.933300743412396
7.18695,20.13061448148148,59.07745806429246
7.18795,19.90209240740741,57.23010800549803
7.18895,19.574429148148145,55.4023624435769
7.18995,19.384375259259258,53.61939608607094
7.19095,19.231626074074075,51.93934033168175
7.19195,19.069897185185184,50.21349383971788
7.19295,18.993664222222222,48.31964054754537
7.19395,18.885944666666667,46.535588224067546
7.19495,18.799237592592593,44.712749093356294
7.19595,18.809242481481483,43.15031619664677
7.19695,18.685699333333336,41.740117263960336
7.19795,18.563069814814813,40.41870295208534
7.19895,18.365903074074073,39.136003208438254
7.19995,18.248767851851852,37.73369483279407
7.20095,17.964212962962964,36.33965085672098
7.20195,17.75394982222222,34.90504913874661
7.20295,17.57679248148148,33.59438236855227
7.20395,17.411585925925927,32.66142165168383
7.20495,17.41600162962963,32.379045499100386
7.20595,17.68452011111111,33.29713339713746
7.20695,18.141459433333335,35.42363021020264
7.20795,18.824901407407406,39.208319333702754
7.20895,19.666912666666665,44.28039841499108
7.20995,20.67930265185185,50.29995501827966
7.21095,21.640935555555554,56.310853763189414
7.21195,22.38262507407407,61.141416924808496
7.21295,22.817198185185184,64.70046880501461
7.21395,23.047920703703703,67.05152332215103
7.21495,23.28429992592592,68.70891041605032
7.21595,23.407905222222226,69.90907043926879
7.21695,23.35454125925926,70.52070510740614
7.21795,23.019508,69.94582987410362
7.21895,22.358945925925926,67.33707526402436
7.21995,21.358909481481483,63.09605136249048
7.22095,20.015098037037028,57.48534459126914
7.22195,18.659034185185185,51.50087098316603
7.22295,17.401894370370368,45.897613489319625
7.22395,16.22969274074074,40.75992303870445
7.22495,15.360529925925926,36.58743519184989
7.22595,14.613503074074071,33.151108114050835
7.22695,13.885988259259259,30.301634557003105
7.22795,13.338795185185186,28.073726556850055
7.22895,12.833544925925924,26.07050579922031
7.22995,12.33840774074074,24.136002347003572
7.23095,11.949378518518518,22.330283074808367
7.23195,11.407843703703705,20.584785722241218
7.23295,10.978986407407406,19.078480376693555
7.23395,10.63370988888889,17.724296076160574
7.23495,10.240794814814812,16.550932223828365
7.23595,9.892622888888887,15.703975152607127
7.23695,9.650326814814816,14.790179048254924
7.23795,9.401043962962962,13.975277604511609
7.23895,9.193035148148148,13.327731871514201
7.23995,8.965714444444444,12.774472506962551
7.24095,8.829690592592593,12.339353286326679
7.24195,8.635267407407408,12.021004329566454
7.24295,8.47397874074074,11.771779687745207
7.24395,8.451890296296297,11.585418514950401
7.24495,8.381839444444445,11.43793176203915
7.24595,8.274008,11.270167250801165
7.24695,8.285410074074075,11.27867783736811
7.24795,8.279610666666665,11.350084118589702
7.24895,8.292537481481482,11.392471839790687
7.24995,8.313685703703705,11.543607059183367
7.25095,8.348750185185184,11.799577672146725
7.25195,8.362798185185184,12.211034253312244
7.25295,8.501887777777778,12.714247512725585
7.25395,8.63743362962963,13.350743012917553
7.25495,8.80142888888889,14.086471459030767
7.25595,8.919720296296296,15.10816198561189
7.25695,9.110232222222221,16.313398639639402
7.25795,9.395196333333335,17.613490046326028
7.25895,9.735058444444446,19.275743872734463
7.25995,10.003725296296297,21.174739632065734
7.26095,10.400397666666667,23.38710673172252
7.26195,10.977526333333332,26.149954714322106
7.26295,11.500254592592592,29.13268211703994
7.26395,12.103920518518521,32.66646777737603
7.26495,12.859613703703703,36.59697546609617
7.26595,13.671675851851852,40.95787478880835
7.26695,14.679536148148147,45.998296277957735
7.26795,15.781003925925926,51.5031321055172
7.26895,16.76205874074074,57.25741293729654
7.26995,17.980121333333333,63.54034266784284
7.27095,19.228178111111113,69.72064466869286
7.27195,20.443048962962962,76.22543419988932
7.27295,21.671709888888895,82.89007450918949
7.27395,23.06681914814815,89.57155320243184
7.27495,24.56420014814815,96.9054078305624
7.27595,25.92318274074074,104.01974498854672
7.27695,27.078080592592592,110.4796470484073
7.27795,28.278643814814814,116.31958167455302
7.27895,29.058307259259255,120.70426625801828
7.27995,29.723702740740737,123.97290340372118
7.28095,30.218552555555554,125.69916777593762
7.28195,30.11634485185185,125.22889268156169
7.28295,29.49846918518519,122.2301341305036
7.28395,28.53672751851852,117.66981244288121
7.28495,27.421831296296297,112.19348694712558
7.28595,26.2201977037037,105.47917240919492
7.28695,24.75004017777778,98.09125281043235
7.28795,23.053156814814812,89.22143076053321
7.28895,21.072463925925923,78.69485104702034
7.28995,19.071465444444442,68.2072112150655
7.29095,17.03100762962963,57.94605282372299
7.29195,15.284970962962966,49.00234759608965
7.29295,13.855072851851855,41.65346407711824
7.29395,12.574594999999999,35.112851943401424
7.29495,11.544960703703705,30.049324477255727
7.29595,10.66022162962963,25.67147468264999
7.29695,9.973753962962963,21.98822724122231
7.29795,9.43111874074074,19.23088490662866
7.29895,8.979805111111112,16.947151287708046
7.29995,8.650170666666666,15.108118948883861
7.30095,8.296249481481482,13.634491763490427
7.30195,8.029474555555556,12.59238732549299
7.30295,7.892623333333334,11.929652216174329
7.30395,7.808848074074073,11.664511871089102
7.30495,7.77167474074074,11.704601711361882
7.30595,7.9341591111111125,12.149688558102895
7.30695,8.21115062962963,13.209894252354246
7.30795,8.547117777777778,14.915614813308853
7.30895,9.008768037037036,17.290170253058744
7.30995,9.648178,20.617687221593
7.31095,10.396542592592594,24.3081114133708
7.31195,11.24210711111111,28.272749664875487
7.31295,11.921322777777778,32.06134381597563
7.31395,12.485284925925926,35.220212619045164
7.31495,13.045402703703703,37.99407131207486
7.31595,13.470698074074075,40.12085098371146
7.31695,13.713051518518515,41.466966167481836
7.31795,13.824378074074074,42.04377079829575
7.31895,13.76141385185185,41.73793641380483
7.31995,13.532083814814815,40.578747903375245
7.32095,13.020755740740741,38.353160573298304
7.32195,12.395283814814816,35.422306055291685
7.32295,11.726909407407407,31.946423412501005
7.32395,11.168710925925927,28.800605882792848
7.32495,10.726776259259259,26.106714232546597
7.32595,10.340099740740742,23.870419525357335
7.32695,10.08631014814815,22.361887004776808
7.32795,9.874598296296298,21.17479100096298
7.32895,9.750395740740741,20.292741782332502
7.32995,9.772486407407406,19.779961761971524
7.33095,9.78702274074074,19.57042578849437
7.33195,9.908367592592592,19.70065354998452
7.33295,10.120157814814815,20.251447790948756
7.33395,10.350466259259258,21.279708011120924
7.33495,10.828899962962964,22.943417813742627
7.33595,11.35510492592593,25.153122735820904
7.33695,12.007918481481484,27.743220095817268
7.33795,12.709507222222221,30.286709930573792
7.33895,13.357104666666668,32.808692749405736
7.33995,14.003200740740741,35.15600079587243
7.34095,14.609016,37.214887412631846
7.34195,15.122273777777778,38.99971769359989
7.34295,15.56799440740741,40.105994345198766
7.34395,15.915584518518516,40.52089597890386
7.34495,16.028368148148147,40.11936546138627
7.34595,15.946915851851852,38.964265798941454
7.34695,15.774157148148149,37.03884405266024
7.34795,15.234669555555556,34.4299013327907
7.34895,14.619177185185187,31.817464901029243
7.34995,14.11975174074074,29.241455463592345
7.35095,13.601416481481479,27.05671783385046
7.35195,13.198429962962962,25.272671069347453
7.35295,12.808202518518518,23.813820385065437
7.35395,12.564764629629629,22.813253711809228
7.35495,12.263534370370373,21.923670295690744
7.35595,12.008334999999999,21.306549255607152
7.35695,11.836531962962962,20.969156453398863
7.35795,11.827424296296295,20.96872280771647
7.35895,12.020115740740744,21.247530865887843
7.35995,12.139962925925927,21.74623075092072
7.36095,12.41366737037037,22.72911380833096
7.36195,12.768459296296296,23.984771359605343
7.36295,13.318248296296293,25.679419527115698
7.36395,14.10441674074074,28.028106312409694
7.36495,15.115059740740742,30.995373445108473
7.36595,16.367715925925925,34.79569372771946
7.36695,17.893680185185186,39.5246235657623
7.36795,19.54887185185185,44.95170132858222
7.36895,21.33505674074074,51.078554177048396
7.36995,23.13025162962963,56.7510036112859
7.37095,24.796119703703702,62.13013653428384
7.37195,26.446598777777776,67.54725412052682
7.37295,28.05319725925926,72.67132557010027
7.37395,29.781921962962965,78.35392138043703
7.37495,31.513410555555556,84.44689591261894
7.37595,33.14024937037036,90.19266925757066
7.37695,34.51599077777777,95.38720104537262
7.37795,35.50264985185185,99.81476484392157
7.37895,36.37939151851851,103.99754160864067
7.37995,37.26103690740741,108.98426524745068
7.38095,37.97349004814815,114.56218816545022
7.38195,38.66362264814815,120.35574637152489
7.38295,39.365641381481474,126.30695224352243
7.38395,39.82341867777779,131.92235081196992
7.38495,40.20764203407408,137.86961853769083
7.38595,40.71313187037037,144.24721572319854
7.38695,41.29883908148148,151.07173777276367
7.38795,41.95540862222222,157.85805529898366
7.38895,42.50548002592591,163.58931716363534
7.38995,42.9293947037037,168.39280795996643
7.39095,43.287593785185194,172.32337348395316
7.39195,43.33087544444444,174.03461559915633
7.39295,42.71051492592593,172.11563730230847
7.39395,41.47613166666667,166.11245895905805
7.39495,39.962185,158.36505673176393
7.39595,38.43069451851852,150.5975979830805
7.39695,37.24367592592593,144.19816754671072
7.39795,36.41762775185185,139.17318760721557
7.39895,35.86540225925926,135.07320430766714
7.39995,35.51630781481482,131.9799851529834
7.40095,35.41432674814815,129.7402348099094
7.40195,35.536071666666665,128.62573143415187
7.40295,36.01307311111111,128.73112328067933
7.40395,36.83243377037037,129.69439909996083
7.40495,37.8395958,131.1742414575498
7.40595,38.870612040740745,133.23936141043313
7.40695,40.17682926296296,136.35747830802038
7.40795,41.68651233333334,140.60234187613077
7.40895,43.421225929629635,145.79750747913096
7.40995,45.181126014814815,151.20968613166357
7.41095,46.78594716296295,156.10173507257127
7.41195,48.27087970370371,160.7295852520083
7.41295,49.623996737037025,164.9813813853239
7.41395,50.70241996296296,168.92128220517407
7.41495,51.45781096296296,172.66152280748165
7.41595,51.812906999999996,175.89924436244655
7.41695,51.76591965555555,178.42716634500192
7.41795,51.319653518518514,179.88378173487285
7.41895,50.65101722222222,180.14862416773497
7.41995,49.84155301481482,179.3827684385252
7.42095,48.85069061111111,177.24524451345556
7.42195,47.70341057407407,173.0647606684752
7.42295,46.10831677777777,165.86944946149464
7.42395,44.56257633333334,157.89533452339919
7.42495,43.46936637407407,150.85125307443616
7.42595,42.75746922222221,145.46584762990895
7.42695,42.41904879999999,141.80857890283536
7.42795,42.17864131481482,138.75065091938978
7.42895,41.94185614814815,135.95697174776384
7.42995,41.923167888888884,133.52386421284473
7.43095,42.20422555555555,131.25421256411394
7.43195,42.66688277777777,128.89180450785847
7.43295,42.957410296296295,125.99502116756557
7.43395,43.06205233703703,122.5415453589301
7.43495,42.99495255555556,119.54137973748027
7.43595,42.71845614814814,117.20333541060043
7.43695,42.380457703703705,115.26281891086633
7.43795,41.827605259259265,113.2222162363215
7.43895,40.79685932222222,110.69370948313137
7.43995,39.576203218518515,107.95197385147766
7.44095,38.29053925925926,105.38122040257244
7.44195,36.83820652962962,102.6857583863823
7.44295,35.215246533333335,99.31606958011162
7.44395,33.376779551851854,94.7475332355734
7.44495,31.243014851851846,88.65242001758199
7.44595,29.005032962962964,81.66291515476141
7.44695,26.816351481481483,74.05025874950873
7.44795,24.87755223703704,66.976706730022
7.44895,23.31019903333333,61.12119523040514
7.44995,22.190187137037036,56.51560070454047
7.45095,21.643233740740744,53.63290760040585
7.45195,21.43338948888889,52.44174681490873
7.45295,21.667297188888888,52.915677240463424
7.45395,22.13420091481481,54.51451194932593
7.45495,22.64405779259259,56.51796822863818
7.45595,23.085894151851853,58.23860245148813
7.45695,23.42090422222222,59.61406627855693
7.45795,23.77904333333333,61.08439447828348
7.45895,24.205913491481482,62.929693497482674
7.45995,24.91232041851852,65.31751150737715
7.46095,25.673844433333333,67.9311182875532
7.46195,26.207712759259262,70.09285247750003
7.46295,26.419391537777777,71.87329603641703
7.46395,26.41592484814815,73.58581823096623
7.46495,26.34157172122222,75.53447002485031
7.46595,26.27134131851852,78.06009321223007
7.46695,26.163176941111114,80.65671395999748
7.46795,25.995172148148157,83.55614008822072
7.46895,26.014939374074075,86.80580853747836
7.46995,26.060780894814812,89.91749844858076
7.47095,25.996483507407415,92.94177680897334
7.47195,25.995716770370375,95.49878527313577
7.47295,25.78215489259259,97.07948904410958
7.47395,25.47168955555556,97.5017982342018
7.47495,24.796757592592595,96.49754964308384
7.47595,23.827744962962967,93.71706715469395
7.47695,22.616564407407413,88.98484729523354
7.47795,21.167010037037038,82.9990588176484
7.47895,19.562045074074074,76.12129280672535
7.47995,18.071018703703704,69.14098702170774
7.48095,16.689588740740742,62.895716182897125
7.48195,15.384726555555558,57.279117683327804
7.48295,14.402970925925926,52.64965506778694
7.48395,13.49577225925926,48.84021891716558
7.48495,12.735655333333332,45.68842336594136
7.48595,12.28778237037037,43.475113541018985
7.48695,11.889345814814817,41.81978507728304
7.48795,11.669368037037039,40.954765771049146
7.48895,11.657856096296294,40.667327664321355
7.48995,11.659182140740741,40.756983921120444
7.49095,11.648161296296294,41.17891539428
7.49195,11.780412296296298,41.92102041098134
7.49295,11.920227148148147,42.94770744285663
7.49395,12.08699288888889,43.95119677542118
7.49495,12.318367444444444,45.060610419046135
7.49595,12.631667481481484,46.07697012120512
7.49695,12.76325458148148,46.93159409687366
7.49795,12.928044214814813,47.81981545807531
7.49895,13.172731807407407,48.43543476533083
7.49995,13.39721374074074,49.0109398779693
7.50095,13.593800703703705,49.42710522589978
7.50195,13.71137500740741,49.27655166918993
7.50295,13.844558296296295,48.59852434598372
7.50395,13.732070111111106,47.291960097889536
7.50495,13.663378074074073,45.487238073850165
7.50595,13.397320888888887,42.845506556566875
7.50695,13.034821962962962,39.86846105174249
7.50795,12.737464203703702,37.03240061367779
7.50895,12.335212777777778,34.2621435789946
7.50995,12.03229688888889,31.854584538033215
7.51095,11.763432481481482,29.80044064610705
7.51195,11.47784445925926,27.99487139215044
7.51295,11.273219444444443,26.42989056942246
7.51395,11.143125344444444,25.101883329187796
7.51495,11.074576703703704,24.069723893693332
7.51595,11.061715737037037,23.481112232577296
7.51695,11.227142077777778,23.368515851616415
7.51795,11.369589933333332,23.52901611516466
7.51895,11.593337074074075,23.981215038581688
7.51995,11.835356555555554,24.478523777382282
7.52095,12.029809925925925,24.916870179090566
7.52195,12.19489355555556,25.319365778536202
7.52295,12.262361074074077,25.38972840820639
7.52395,12.42605817777778,25.32386563076375
7.52495,12.499686814814815,24.980139115747438
7.52595,12.45457251851852,24.42317276742732
7.52695,12.38170013148148,23.878861683194717
7.52795,12.272904185185181,23.329083337104628
7.52895,12.270068914814816,23.144483233626943
7.52995,12.363002962962964,23.33915050818396
7.53095,12.594457629629629,23.912204129675988
7.53195,12.829514614814814,24.943991449579624
7.53295,12.959562592592594,25.91497368685874
7.53395,13.189917333333332,26.729649968843518
7.53495,13.355712703703706,27.32862092799926
7.53595,13.410900296296298,27.57463900710742
7.53695,13.293047074074074,27.40384052849771
7.53795,13.149693066666668,26.819398522922274
7.53895,13.06099477777778,26.156388799461684
7.53995,12.833157922222222,25.43187830043084
7.54095,12.755798629629627,25.077764217173804
7.54195,12.826348592592595,25.440721721130405
7.54295,12.862459666666666,26.459944574509425
7.54395,13.221715733333335,28.235052693865534
7.54495,13.734404966666663,30.67545925870805
7.54595,14.210384448148147,33.58248274104649
7.54695,14.967323518518517,36.97449749557827
7.54795,15.763441992592593,40.78808924235592
7.54895,16.62067366296296,44.967788152455974
7.54995,17.684533851851853,49.481589770615095
7.55095,18.598399011111113,53.837096168771154
7.55195,19.52030782962963,58.17909208392695
7.55295,20.40618262962963,62.25576805773999
7.55395,21.325389111111114,65.96861333624535
7.55495,22.05645025925926,69.41182015683879
7.55595,22.512546711111117,71.43046076848489
7.55695,22.634049370370366,71.37413518184421
7.55795,22.14395362962963,68.65649248043893
7.55895,21.193258740740745,63.90760201268516
7.55995,19.89401603703704,57.8760997493499
7.56095,18.56029203703704,52.02776820800093
7.56195,17.307725777777776,46.847119703220706
7.56295,16.15799648148148,42.41551934152143
7.56395,15.2868297037037,38.96042203483412
7.56495,14.496681481481485,36.50087111552426
7.56595,13.81479485185185,34.60586021167336
7.56695,13.285295333333332,33.42851148874348
7.56795,12.797250666666665,32.69892770843357
7.56895,12.457770259259261,32.56443089438807
7.56995,12.253252925925926,32.892829864985735
7.57095,12.265067074074071,33.72396244201906
7.57195,12.282357,34.85575665242823
7.57295,12.464666407407405,36.556203960116136
7.57395,12.794561999999999,38.7145637860165
7.57495,13.192772999999997,41.16404956209359
7.57595,13.655944777777778,44.17136366727572
7.57695,14.260065037037034,47.6846596635133
7.57795,14.952163740740737,51.252427974189196
7.57895,15.623608814814812,54.85307355348828
7.57995,16.244524666666663,58.11355028066882
7.58095,16.86898848148148,61.21010161223253
7.58195,17.438868503703706,63.989581717649884
7.58295,17.832111355555558,65.69842609511794
7.58395,17.870638603703703,65.73655741806517
7.58495,17.445986914814814,63.50751221162635
7.58595,16.6213197037037,59.23279438012341
7.58695,15.553353261111113,53.491109945515234
7.58795,14.420563207407408,47.66475135798938
7.58895,13.43054383703704,42.16775434024828
7.58995,12.476569466666668,37.189896480161295
7.59095,11.838947218518522,33.3614806460084
7.59195,11.294501618518519,30.324212941410703
7.59295,10.955841218518515,28.111965995550204
7.59395,10.89929468888889,26.89315149604556
7.59495,11.060938662962961,26.657367238561037
7.59595,11.382163777777775,27.623740630867555
7.59695,11.822679077777778,30.086515495730218
7.59795,12.595101133333335,34.006652876138126
7.59895,13.504505318518518,38.869349562785594
7.59995,14.469120792592593,44.35648224779183
7.60095,15.172205699999997,48.86075964517841
7.60195,15.595119603703706,51.57321059880841
7.60295,15.60779530185185,51.77629044151621
7.60395,15.043556414814814,49.557325839369454
7.60495,14.199764596296294,45.62081215568331
7.60595,13.212551237037038,40.8711523892372
7.60695,12.273338037037036,36.41808542301333
7.60795,11.455894211111112,32.40312236932516
7.60895,10.87869361111111,29.18793255929759
7.60995,10.430521418518516,26.814224270017498
7.61095,10.130765851851853,25.062967483560794
7.61195,9.848563885185184,23.884482047392186
7.61295,9.664214277777775,22.856394345550868
7.61395,9.63394544814815,22.015967343049056
7.61495,9.630562999999999,21.266608993001277
7.61595,9.58728511111111,20.625811569227565
7.61695,9.60941192592593,20.15120968665012
7.61795,9.74299533333333,19.947306043084335
7.61895,9.861760370370371,20.02389479406571
7.61995,10.040454785185183,20.45244069969112
7.62095,10.395484533333333,21.265407484391442
7.62195,10.892639274074076,22.603645061070313
7.62295,11.59977811111111,24.709056724289965
7.62394,12.607434841703705,27.86656472057715
7.62494,13.967456307407405,32.31363281066919
7.62594,15.681014966666666,38.14059356401224
7.62694,17.976071188888888,45.472417823127714
7.62794,20.44977515185185,53.982924239913174
7.62894,23.463337703703704,64.60978793693124
7.62994,26.74243155925926,76.65920235672311
7.63094,30.208808666666663,90.25708616688098
7.63194,33.601943525925925,104.76791832033923
7.63294,36.186759996296296,116.89260544770626
7.63394,37.42822958148149,123.40334495997611
7.63494,36.88338212629629,121.3994879658634
7.63594,35.17343974222223,112.86863350426148
7.63694,32.65233465185185,99.96918475480551
7.63794,30.037052218518514,86.75146772359163
7.63894,27.60623005407408,74.5490856997237
7.63994,25.49736818925926,64.91017019521657
7.64094,24.020893725925923,59.43810685666979
7.64194,22.920831159259254,56.836755262246086
7.64294,22.256277374074074,56.86917811026289
7.64394,21.948866385185184,58.55124067988291
7.64494,21.765816674074077,60.48973536275274
7.64594,21.715256518518526,62.688916001057116
7.64694,21.642768382185185,64.53901459490854
7.64794,21.450831233333336,65.43149769192433
7.64894,21.097854348148147,65.3279773754186
7.64994,20.58757324814815,64.14269616838766
7.65094,19.812856574074072,61.780058534378554
7.65194,18.949362755555555,58.439719135905065
7.65294,17.989145437037035,54.712342606342624
7.65394,16.904595325925925,50.795218941865386
7.65494,15.900139429629629,46.978646257985964
7.65594,15.069884144444446,43.73318629137057
7.65694,14.297606166666665,41.04774966965218
7.65794,13.627887485185186,38.8870443224787
7.65894,13.124293466666666,37.35062483980094
7.65994,12.741912043333334,36.42810013256214
7.66094,12.492176117407409,35.95748977428506
7.66194,12.372006125925923,35.90284647854993
7.66294,12.360460217777776,36.491288991116825
7.66394,12.526348548148148,37.42937043580542
7.66494,12.768133707037036,38.862948125609556
7.66594,13.07729232222222,40.70998329244532
7.66694,13.477268372962962,42.73427430359434
7.66794,13.960019318518519,45.13818413061547
7.66894,14.402356144444445,47.63992228250922
7.66994,14.950690882592589,50.452692745476824
7.67094,15.512148744444445,53.34613691728365
7.67194,16.09217452074074,55.826779174578625
7.67294,16.5682047,58.17799778541628
7.67394,16.96182894444444,59.881628617359326
7.67494,17.262747322222225,60.57695680561956
7.67594,17.387177132222224,60.25201833303216
7.67694,17.238810296296297,58.83872822351737
7.67794,16.909022694814812,56.44868946909608
7.67894,16.295480859259257,53.02157066304816
7.67994,15.705478037777777,49.150080489600164
7.68094,14.96088412962963,44.91174633324469
7.68194,14.284642518518517,40.74961460066746
7.68294,13.757717155555557,37.13136441928108
7.68394,13.188628531851853,33.67173416044051
7.68494,12.923510887777777,31.019872624627293
7.68594,12.796185048148148,28.96021179226879
7.68694,12.725870477777777,27.606535512479443
7.68794,12.887923211111111,27.222190294699423
7.68894,13.16141609925926,27.462310437661458
7.68994,13.55801228148148,28.411949326607953
7.69094,13.906245037037037,29.838385098752862
7.69194,14.293689168148148,31.10758120738938
7.69294,14.64355460740741,32.31464900764882
7.69394,14.854353296296294,32.9294547853795
7.69494,14.918442774074075,33.13968977225732
7.69594,14.887239755555559,32.88509558184579
7.69694,14.829970181481483,32.22212074398286
7.69794,14.765890892592589,31.459330735635398
7.69894,14.648155771111112,31.06108908341912
7.69994,14.871111751851853,31.87600014481297
7.70094,15.159575628518517,34.07269583634461
7.70194,15.81772245925926,38.16321104787362
7.70294,16.729654265185186,43.83146895246309
7.70394,17.71796461851852,49.965788193839145
7.70494,18.770422485185183,56.34829866601627
7.70594,19.747819014814812,62.59071504490209
7.70694,20.737492100370375,68.47001366407922
7.70794,21.887962759259263,74.51520461938281
7.70894,22.941475470370367,79.94747057516467
7.70994,23.975006351851853,84.84860200027254
7.71094,24.735567092592596,88.16475408581391
7.71194,25.13130009481482,89.13323641965782
7.71294,25.10722102222222,87.44082071407362
7.71394,24.604801014814818,83.37716776119747
7.71494,23.803203925185183,77.9578704598387
7.71594,22.6441587037037,71.6506029855335
7.71694,21.601624862962964,65.82203357125181
7.71794,20.694249285185183,60.52399656930119
7.71894,19.73473545925926,55.753674345553435
7.71994,18.77288912592592,51.68678367118647
7.72094,17.79234205674074,47.7921194552857
7.72194,16.686093948148148,44.31114618989506
7.72294,15.62876877777778,41.285823993702316
7.72394,14.84487983837037,38.882306486963465
7.72494,14.089154003703705,37.26941554968851
7.72594,13.530079773333332,36.52872718472464
7.72694,13.310937229259256,36.862015969344114
7.72794,13.289671764814816,38.117066133910214
7.72894,13.399238025925925,40.34898875920302
7.72994,13.859087696296298,43.72512735958008
7.73094,14.54581418888889,47.955744851145965
7.73194,15.407395848518517,52.99947337147946
7.73294,16.258443922222224,58.098853327672145
7.73394,17.112409375555558,63.049093221301696
7.73494,17.98537832592593,67.59440357988667
7.73594,18.565702462962964,71.06379462044285
7.73694,19.013144825185186,73.94511173131103
7.73794,19.338292988888885,76.11298594950154
7.73894,19.45752863,77.5434293046292
7.73994,19.394048974074074,77.80836687358361
7.74094,18.8855273,76.34332518758761
7.74194,18.19582297962963,73.03201678081442
7.74294,17.045158748148147,67.66192665844787
7.74394,15.75866857037037,61.54101577064867
7.74494,14.30947509259259,54.868848261316856
7.74594,12.944899551851849,48.50951354062077
7.74694,11.863329414814812,43.10528771315048
7.74794,10.922356992592594,38.36629789130529
7.74894,10.134169840740741,34.51479182614354
7.74994,9.56922532222222,31.430259639959324
7.75094,8.934784370370371,28.64648753076756
7.75194,8.461516292592593,26.471852224076294
7.75294,8.124753518518519,24.71423210321108
7.75394,7.910170314814814,23.25151357469717
7.75494,7.684526732592593,22.18937022178624
7.75594,7.555553844444445,21.426379064339265
7.75694,7.579579177407408,21.10878316250753
7.75794,7.597936925925927,21.053768953796254
7.75894,7.6617957555555565,21.34160958664697
7.75994,7.819072714814815,22.02115809129237
7.76094,8.09657037037037,23.13062672525222
7.76194,8.447489185185184,24.730173260508174
7.76294,9.01078271111111,26.737805541618844
7.76394,9.702152400000001,29.249422301197914
7.76494,10.370919803703703,31.863731091189987
7.76594,11.11937718888889,34.54290630809917
7.76694,11.949824511111112,37.33260546826628
7.76794,12.751922307407407,40.01891875890387
7.76894,13.602642448148147,42.83594876517011
7.76994,14.562667500000002,45.794652183122274
7.77094,15.416868777777777,48.50821321092176
7.77194,16.32202222037037,51.01114321580444
7.77294,17.0841375,52.82266007165423
7.77394,17.705542814814816,54.00146264506743
7.77494,18.035516174074072,54.35612649852993
7.77594,18.101758503703703,54.24459875074958
7.77694,18.086584740740737,53.89132680688542
7.77794,17.968572762962964,53.43941697789607
7.77894,17.883262103703704,52.98042140942965
7.77994,17.74622862962963,52.328303247406446
7.78094,17.531216999999998,51.41088821323109
7.78194,17.236877396296297,50.21832007020745
7.78294,16.878131411111113,48.64186425537219
7.78394,16.438788537037038,47.019914795303855
7.78494,16.00647366666667,45.40061050763885
7.78594,15.737272985185186,44.33530218332334
7.78694,15.520196629629629,43.894383054691964
7.78794,15.422525974074075,44.52994352583238
7.78894,15.579458318518519,46.639633506104154
7.78994,16.074187465266668,49.99745092944832
7.79094,16.916660185185183,55.49476426187666
7.79194,17.975972592592594,62.73254379956381
7.79294,19.343466977777776,71.1658065268162
7.79394,21.015317518518515,80.91212027282654
7.79494,22.61805665925926,90.34711156895814
7.79594,24.11735450037037,99.35472790743809
7.79694,25.53777577777778,107.78314181001947
7.79794,26.804201922222223,115.35695159939537
7.79894,28.103305407407408,122.82967098799958
7.79994,29.249146296296296,129.49812454678508
7.80094,30.07578514814815,134.44227904180445
7.80194,30.34671607407407,136.66850647842227
7.80294,29.918142296296296,135.10999924140359
7.80394,28.755514259259257,129.87310689494288
7.80494,27.055166333333336,121.59096529038155
7.80594,25.124823037037032,112.20609653991058
7.80694,23.249533666666668,102.48967009560114
7.80794,21.479471666666672,94.03519502811542
7.80894,19.982750314814812,87.22645604302592
7.80994,18.949180422222227,82.42653567929631
7.81094,18.44327262962963,79.97699462080809
7.81194,18.394008740740738,79.76206472578379
7.81294,18.814408592592592,82.14186926075584
7.81394,19.576654977777775,86.6921634731031
7.81494,20.799767285185187,93.25069542769269
7.81594,22.32076333333333,101.1019603232836
7.81694,23.837277111111106,109.15627852166836
7.81794,25.394632881481485,117.1978430903183
7.81894,26.68717211111111,124.19260959260382
7.81994,27.845001814814808,130.37733270488965
7.82094,28.92093741851852,136.0175152466266
7.82194,29.741642703703707,140.26355259089004
7.82294,30.133305340740744,142.37183177057366
7.82394,29.850119370370376,141.01460075696906
7.82494,28.83986195185185,135.9877404337478
7.82594,27.10936294444444,127.09692536973573
7.82694,24.98245661481481,116.23283514986026
7.82794,22.699202051851845,104.63144332433426
7.82894,20.364610955555555,93.04690537772002
7.82994,18.386708877777775,83.36560155842267
7.83094,16.692805377777777,74.95860568688504
7.83194,15.276459881481482,67.91794152826014
7.83294,14.045414703703704,62.01735719220576
7.83394,13.008133985185184,56.56842121396115
7.83494,12.102203996296295,51.9556475564198
7.83594,11.328184933333338,48.209846477067245
7.83694,10.720634448148147,44.98588835557626
7.83794,10.290121833333334,42.77579608153925
7.83894,9.966460707037037,41.159700354061926
7.83994,9.691444129629629,40.13234362745433
7.84094,9.615218433333334,39.89910167616295
7.84194,9.61997042222222,40.122114476844615
7.84294,9.838146014814814,40.9445412583803
7.84394,10.070138592592592,42.243849592048896
7.84494,10.339058999999999,43.80747524551498
7.84594,10.742135370370372,45.37837956146265
7.84694,11.009739666666668,46.73293766019337
7.84794,11.250416222222222,47.82890308579593
7.84894,11.476027444444444,48.50376364203926
7.84994,11.539449962962964,49.02177077292998
7.85094,11.641400555555553,49.2746923086539
7.85194,11.625667148148144,49.308390902797555
7.85294,11.499407925925924,48.678598204185114
7.85394,11.230266900000002,47.41072179469144
7.85494,10.837548562962963,45.215639181152035
7.85594,10.220651494444443,42.09305791642674
7.85694,9.59533775925926,38.707153684191
7.85794,8.785148325925928,35.11992701912322
7.85894,7.979622366666666,31.729998423442087
7.85994,7.277152500000001,28.77254319448705
7.86094,6.758028881481482,26.049383758587435
7.86194,6.271210533666669,23.795220780794185
7.86294,5.830764888888889,21.91158702675003
7.86394,5.408355774074074,20.177446630796588
7.86494,5.162946096296297,18.775549847525653
7.86594,4.804237377777778,17.523850382592414
7.86694,4.524419740740741,16.480368597259652
7.86794,4.487363962962963,15.728843262539653
7.86894,4.361616543703703,14.976499913636557
7.86994,4.2441898333333326,14.291723886293713
7.87094,4.158102203703704,13.825061811141616
7.87194,4.077482051851852,13.27704200921341
7.87294,4.014855259259259,12.82976393733688
7.87394,4.009155111111111,12.467012936058177
7.87494,3.9555476185185188,12.248948163269365
7.87594,4.047037911111111,12.050305852446817
7.87694,4.132492367777778,11.734993793322495
7.87794,4.154130538148148,11.488158345915789
7.87894,4.151117014814815,11.351496302467817
7.87994,4.192699840740741,11.205227518387272
7.88094,4.276616566666667,11.095653712469536
7.88194,4.273409588888889,11.101964915899876
7.88294,4.294486052222222,11.014882571223797
7.88394,4.321371307407407,10.985251621968324
7.88494,4.4269788629629625,11.112315510956858
7.88594,4.633792714814815,11.255183052586126
7.88694,4.727703622222221,11.38790003865593
7.88794,4.946534374074073,11.421987436100794
7.88894,5.048439807407408,11.56913969431034
7.88994,5.13134918888889,11.763897350017183
7.89094,5.328333710370371,11.970399254120723
7.89194,5.567083137037036,12.324435601475892
7.89294,5.650509622222222,12.622085438215864
7.89394,5.704774433333333,12.827875850938284
7.89494,5.717564374074073,12.889394557033087
7.89594,5.684045981481482,12.847817966978283
7.89694,5.661308462962962,12.569444395787817
7.89794,5.51179371851852,12.19880812164448
7.89894,5.404684548148147,11.78083917368919
7.89994,5.278855037037035,11.303777151496337
7.90094,5.103642511111111,10.837423932201796
7.90194,4.887109937037038,10.411635100481032
7.90294,4.719465281481482,10.061386850376604
7.90394,4.579590455555556,9.797199762463746
7.90494,4.54486636037037,9.604940031191717
7.90594,4.473453292592593,9.654929491441704
7.90694,4.487058533333333,10.009477349203614
7.90794,4.592541799999999,10.72029871020386
7.90894,4.710781425925926,11.747956499160642
7.90994,4.8719558222222235,12.797468792847377
7.91094,4.995900518518518,13.783269144393364
7.91194,5.209153337037037,14.296781016136636
7.91294,5.164749692592592,14.312975840573829
7.91394,4.941158029629629,13.864336305773689
7.91494,4.668962627777778,13.141032715396502
7.91594,4.381379055555555,12.330586531607489
7.91694,4.197744111111111,11.651796306063195
7.91794,4.052115648148149,11.134864845587982
7.91894,4.03808172962963,10.719238203737511
7.91994,3.963721244444445,10.433172640976673
7.92094,3.7407541740740733,10.267944311859344
7.92194,3.5791604370370376,10.045979218377983
7.92294,3.5061455111111113,9.740774493317616
7.92394,3.3568916555555557,9.282883002772273
7.92494,3.257404718518518,8.778525734498169
7.92594,3.085176703703704,8.302857483333646
7.92694,2.9668946296296297,7.749401563656705
7.92794,2.7373765925925926,7.389563178700334
7.92894,2.658149799999999,7.045153367140179
7.92994,2.566648666666666,6.805236004399483
7.93094,2.5817984444444444,6.66944340690733
7.93194,2.5494926111111114,6.6019111800733015
7.93294,2.5651731888888882,6.639059821231002
7.93394,2.514168474074074,6.83999228426213
7.93494,2.6256888148148145,7.151267466655037
7.93594,2.725991370370371,7.639466787154091
7.93694,2.8882010370370375,8.371499946714371
7.93794,3.009796,9.170808629553141
7.93894,3.1651417777777775,9.663525480137036
7.93994,3.182223259259259,9.608689821581095
7.94094,3.001386481481482,9.127092828852682
7.94194,2.8107336296296297,8.518247306683984
7.94294,2.6914183703703705,7.769783285675395
7.94394,2.6116606296296303,7.171047155353225
7.94494,2.5177796666666667,6.732126315419707
7.94594,2.4453656296296296,6.382535124630339
7.94694,2.303514925925926,6.067440490414236
7.94794,2.177936925925926,5.853537964229729
7.94894,2.0928608518518517,5.607692564114199
7.94994,2.0217552962962966,5.401614421609373
7.95094,1.9035557037037036,5.156637219301898
7.95194,1.7861170740740737,4.861432516598053
7.95294,1.6984216666666667,4.643886513657571
7.95394,1.6461225555555556,4.428226055059439
7.95494,1.6637353333333336,4.3348318720256165
7.95594,1.624761337037037,4.235023366993257
7.95694,1.5342673333333334,4.157106270372119
7.95794,1.530052925925926,4.132239063950035
7.95894,1.5994744814814814,4.204307028259274
7.95994,1.668618296296296,4.328777453515739
7.96094,1.5683063703703706,4.519952430959522
7.96194,1.586510777777778,4.847925963358888
7.96294,1.7400932407407408,5.241152452322142
7.96394,1.9486810370370373,5.733781929463941
7.96494,2.1172105185185184,6.451884619455387
7.96594,2.3043030000000004,7.037269711464494
7.96694,2.3685240740740734,7.402934387189372
7.96794,2.364923814814815,7.313089320122931
7.96894,2.2857585185185187,6.955893131595957
7.96994,2.1550122592592595,6.516925879735621
7.97094,2.092982777777778,6.229210135802941
7.97194,2.032557185185185,6.112001458254135
7.97294,1.8510334074074075,6.1394525635719726
7.97394,1.850898444444444,6.38346058059457
7.97494,1.993954703703704,6.620322360992662
7.97594,2.0934667777777776,6.81069754133115
7.97694,2.104633148148148,6.983397870652819
7.97794,2.113500740740741,7.123114813512221
7.97894,2.0460018148148147,7.084310660658874
7.97994,1.9148150851851855,6.891946095728274
7.98094,1.7802641481481478,6.604536417823264
7.98194,1.6879348814814816,6.230511530407963
7.98294,1.5681594481481482,5.905048935044046
7.98394,1.3828409962962964,5.403338428572164
7.98494,1.249727148148148,4.831252830556018
7.98594,1.1692857037037037,4.365579114885997
7.98694,1.0606428296296297,4.197725390392346
7.98794,0.9503102148148149,4.084062890178742
7.98894,0.8263715555555556,3.8861850735164083
7.98994,0.7545559555555555,3.7531621106344812
7.99094,0.7116706185185184,3.6261272761141217
7.99194,0.7133549555555554,3.5582741158863382
7.99294,0.7058012592592591,3.5911106899890166
7.99394,0.6927413814814815,3.538371930860775
7.99494,0.7920785851851851,3.508975522333838
7.99594,0.8161219037037039,3.627727742224583
7.99694,0.691136962962963,3.7599471632230914
7.99794,0.6754500962962964,3.7469265654919313
7.99894,0.776164777777778,3.882048760569321
7.99994,0.8737420740740741,3.9993236589336223
8.00094,0.9550053703703703,4.132512878073664
8.00194,0.9713406666666665,4.344993748783008
8.00294,0.9961708148148147,4.6436576929024795
8.00394,1.0697764407407406,4.941765590173788
8.00494,1.1085636296296297,5.387019320738525
8.00594,1.2488515925925925,5.759658413561398
8.00694,1.441183888888889,6.2079697919264225
8.00794,1.5867294888888888,6.876081615462642
8.00894,1.7886866296296295,7.501196124009049
8.00994,2.0021265074074073,8.056128812845559
8.01094,2.0692758888888885,8.343642543940721
8.01194,2.1335904074074077,8.523451658747291
8.01294,2.125191703703704,8.438858446656145
8.01394,1.9756775185185182,8.091399652642286
8.01494,1.876483111111111,7.6034453725869104
8.01594,1.7520931481481483,6.97228384575848
8.01694,1.5107144814814815,6.4557361214907125
8.01794,1.4219583703703704,6.053698298371728
8.01894,1.3339737407407408,5.773501750830315
8.01994,1.26579337037037,5.593491642153327
8.02094,1.240658811111111,5.426153615837188
8.02194,1.2146446,5.375381186825925
8.02294,1.158827225925926,5.268346544653581
8.02394,1.1107438814814816,5.156682671519442
8.02494,0.9964047148148147,5.061655973363283
8.02594,0.9459632777777778,4.94955396065267
8.02694,0.8670061481481482,4.890621720991527
8.02794,0.794331837037037,4.857555801645746
8.02894,0.8403426992592593,4.83351300309152
8.02994,0.9003103518518519,4.752802012129039
8.03094,0.9297780629629628,4.710948900409913
8.03194,0.9120195407407409,4.795310267868589
8.03294,0.9944326518518521,4.781227836144838
8.03394,1.0653734444444445,4.774350656430761
8.03494,1.113902085185185,4.912387121073962
8.03594,1.0728291,4.988638665243618
8.03694,0.9623709296296298,5.09005114862122
8.03794,1.060695814814815,5.2505409472287035
8.03894,1.1097504666666669,5.417579230342091
8.03994,1.162414188888889,5.621777689400179
8.04094,1.2538998814814815,5.762294449816599
8.04194,1.3301575222222224,5.877964567848171
8.04294,1.3068276292962964,5.922777476754132
8.04394,1.2858404296296297,5.837987437068027
8.04494,1.2107183592592594,5.678166364376421
8.04594,1.2068103333333335,5.346168598287497
8.04694,1.1595476481481481,5.060454551550005
8.04794,1.043935688888889,4.867216608145594
8.04894,1.0101311888888889,4.737170470542556
8.04994,0.9845570444444443,4.490413373557551
8.05094,0.974870337037037,4.3435263467361445
8.05194,0.9271435338148147,4.268497702130167
8.05294,0.8622599777777777,4.243162369708081
8.05394,0.8754382333333335,4.202593940197233
8.05494,0.894201051851852,4.291749618256638
8.05594,0.8874690755555554,4.305011405648224
8.05694,0.9175118340740738,4.318063074381676
8.05794,0.8967092814814814,4.370269116231627
8.05894,0.8264000040740741,4.518534435034457
8.05994,0.7974948962962962,4.6686009340304135
8.06094,0.7887751644444445,4.704434666195175
8.06194,0.8479989525925924,4.658767076417044
8.06294,0.8693923092592593,4.433226770975407
8.06394,0.671349662962963,4.180642704914123
8.06494,0.6451718444444445,4.03675994065051
8.06594,0.6078360222222222,3.8225170777702817
8.06694,0.4627700888888889,3.642983749231344
8.06794,0.4262821592592592,3.3465288605006904
8.06894,0.3498041407407409,3.0835865983980284
8.06994,0.34482849222222217,3.1417571561310993
8.07094,0.3165047596296297,3.0954095243490376
8.07194,0.3812517666666666,3.1148867279745627
8.07294,0.376849937037037,3.1793461179193825
8.07394,0.3439184,3.1708394007573584
8.07494,0.3177675148148148,3.197611837254407
8.07594,0.309181885111111,3.155575675560665
8.07694,0.3159057407407407,3.124505519978978
8.07794,0.2494711296296296,3.182572927886897
8.07894,0.2640796592592592,3.15363146734509
8.07994,0.2737696481481481,3.2390510820578475
8.08094,0.39023822740740743,3.418134206875222
8.08194,0.4928980333333333,3.4616696453281754
8.08294,0.4993495207037038,3.4943774254547426
8.08394,0.4736643181481482,3.522885295278465
8.08494,0.5538278814814815,3.7328058905621484
8.08594,0.598612625925926,3.859563037414609
8.08694,0.6300879325925927,3.9892198903205096
8.08794,0.6542517962962964,4.103568247454764
8.08894,0.7186526429629629,4.293759129059296
8.08994,0.6795412740740743,4.3826097427370065
8.09094,0.7433339444444443,4.47870820360814
8.09194,0.7948165111111111,4.497608006803713
8.09294,0.7153707333333335,4.467841626825023
8.09394,0.6118665370370368,4.414481029043062
8.09494,0.5847162222222222,4.273116782603547
8.09594,0.590975311111111,4.147278644166618
8.09694,0.6011646999999999,3.883874422656434
8.09794,0.5072427657777777,3.6471671585712704
8.09894,0.49165921333333323,3.611285980841163
8.09994,0.45436505925925924,3.584015564468295
8.10094,0.41877998518518517,3.5622672116903016
8.10194,0.3977500888888889,3.5163203693578917
8.10294,0.3321318333333333,3.4429431124723164
8.10394,0.2831939703703704,3.3556507551981354
8.10494,0.27451619629629637,3.2312379450900233
8.10594,0.18262569629629632,3.23878257592754
8.10694,0.16278297407407408,3.3401278095424725
8.10794,0.12669121222222218,3.401556826017631
8.10894,0.08247258518518522,3.3248404011735344
8.10994,0.13970111851851852,3.3073519154736895
8.11094,0.0857485259259259,3.3111649493089077
8.11194,0.18831166296296292,3.353385788834543
8.11294,0.190312962962963,3.3573993991556406
8.11394,0.2180763740740741,3.4115304304836824
8.11494,0.28857538888888895,3.4342687281431696
8.11594,0.23985287777777778,3.4819133378254055
8.11694,0.25573754814814814,3.47551943440197
8.11794,0.23208724814814816,3.48324556840937
8.11894,0.24225115185185184,3.467447809055606
8.11994,0.28956047407407404,3.4554695189334566
8.12094,0.351571611111111,3.38726052535469
8.12194,0.29760020740740745,3.3530080460613823
8.12294,0.2581970481481481,3.351747940371048
8.12394,0.3697835740740741,3.233641985670865
8.12494,0.3525468407407408,3.098929900006426
8.12594,0.24324879259259263,3.0719884560095148
8.12694,0.11939688148148145,3.033148756823777
8.12794,0.10843407037037041,3.132748032480126
8.12894,0.1614145074074074,3.137039987179559
8.12994,0.2168966851851852,3.066861974360732
8.13094,0.21548806666666673,2.9607562733107913
8.13194,0.2693753333333333,2.9055966659653127
8.13294,0.22512625555555546,2.917184298706763
8.13394,0.1852239962962963,2.8585949972995124
8.13494,0.15494191555555548,2.838989851889116
8.13594,0.12053963411481476,2.8719518925343253
8.13694,0.139130311111111,2.906187981251764
8.13794,0.11445898888888889,2.833066614271044
8.13894,0.069717974074074,2.839246961791579
8.13994,0.17004790666666664,2.8861679174084154
8.14094,0.17954654074074072,2.97737480092755
8.14194,0.1922392296296296,3.1164277451218507
8.14294,0.21812605925925924,3.114687324111843
8.14394,0.16841498148148146,3.0717328509034725
8.14494,0.1877187222222221,3.175785924546938
8.14594,0.15191749999999987,3.0834078417476567
8.14694,0.21100861111111105,3.1722721194904913
8.14794,0.22910469999999997,3.320165180187584
8.14894,0.2561505862962962,3.4422905997798874
8.14994,0.2992908307037036,3.5811446643002114
8.15094,0.42425469444444447,3.6604115624014693
8.15194,0.5114652218518518,3.774729153604636
8.15294,0.5849691074074074,4.0402512660593795
8.15394,0.5740918888888888,4.37478957342362
8.15494,0.6896570085185183,4.802077513709321
8.15594,0.7233117392592594,5.227984160847424
8.15694,0.8196164851851853,5.645083683470394
8.15794,1.0149663292592592,6.147153572881132
8.15894,1.148738552962963,6.854839700165813
8.15994,1.3648636333333333,7.706291631240548
8.16094,1.5690072777777775,8.710735615624058
8.16194,1.7306607851851852,9.748168453122778
8.16294,1.9144867814814814,11.02714579728156
8.16394,2.2304150740740747,12.420259000396605
8.16494,2.5731229629629637,14.084893443161237
8.16594,2.918252340740741,15.922345743660388
8.16694,3.2697747037037033,18.075808005712233
8.16794,3.8218436444444444,20.599155282477238
8.16894,4.33522424074074,23.11702402926511
8.16994,4.906506114814816,26.06427946506931
8.17094,5.598837651851853,29.287782624594698
8.17194,6.29104262962963,32.68067984897853
8.17294,7.017529481481482,36.45425821596047
8.17394,7.764474555555555,40.256669433940964
8.17494,8.496478251851853,44.0020582836782
8.17594,9.309025991481482,47.926181229023015
8.17694,10.05995341111111,51.623158134010936
8.17794,10.593787634444444,54.65354440356471
8.17894,11.013530782222219,56.8583912050576
8.17994,11.305535847037039,58.12301890275894
8.18094,11.347007248148147,58.681486209981415
8.18194,11.439827566296298,58.79216260948778
8.18294,11.315634326666666,58.26457937594254
8.18394,11.122644111111114,56.90406803290432
8.18494,10.743999674074074,55.05465430486926
8.18594,10.349073644444445,52.74162783422103
8.18694,9.856134377777778,50.059080025139984
8.18794,9.313323422222224,47.255743203740906
8.18894,8.650875996296296,44.312202213345564
8.18994,8.158242383666666,41.66400221639324
8.19094,7.812775726296296,39.453646352274745
8.19194,7.591840192592593,37.7702220876962
8.19294,7.4937285703703695,36.716875882422435
8.19394,7.503615796296297,36.17683946067568
8.19494,7.837020151851853,36.317801234450414
8.19594,8.21913294814815,36.860889980324295
8.19694,8.68062395925926,37.90028886145778
8.19794,9.261902904444444,39.49825277581203
8.19894,10.011377984814814,41.54691338333465
8.19994,10.879563499999998,44.19789724547672
8.20094,11.917744903703703,47.18210167974085
8.20194,13.065373714814815,50.532448106604555
8.20294,14.134795920000002,54.08444268688769
8.20394,15.084136955555554,57.16270193785514
8.20494,15.741051877777776,59.637511717027614
8.20594,16.027118448148148,61.308263932607225
8.20694,15.977646666666667,62.07043379920757
8.20794,15.690852459259261,62.142523956165526
8.20894,15.14789725185185,61.28128896471551
8.20994,14.406572851851852,59.53921567104896
8.21094,13.487408100629626,57.126242216330425
8.21194,12.559880959259262,53.98298409064631
8.21294,11.471443107407408,49.93651183796591
8.21394,10.3507126,45.57722590812934
8.21494,9.28817349222222,41.13463255962251
8.21594,8.274553829629628,36.55929945188365
8.21694,7.387150425925927,32.51976672580745
8.21794,6.504459433333332,28.909619950580637
8.21894,5.867072985185185,25.729775584266818
8.21994,5.3666417592592595,23.256797025645955
8.22094,5.030776688888888,21.138897741088154
8.22194,4.871080207407409,19.685386035826824
8.22294,4.852919079629629,18.75146923775358
8.22394,4.8013925851851855,18.18545182977949
8.22494,4.813323540740741,18.186255091106766
8.22594,5.068782324444445,18.792575452256767
8.22694,5.394498402222222,20.060702532373654
8.22794,5.854034559259259,22.209234300481906
8.22894,6.37671779037037,24.873644492270387
8.22994,6.896070961481481,27.758746833500503
8.23094,7.354734113703703,30.527734050824655
8.23194,7.63093004074074,32.150150166183856
8.23294,7.587031785185185,32.25707045483895
8.23394,7.181597481481481,30.747056838693496
8.23494,6.665706892222222,28.20452203384161
8.23594,6.038939159259258,25.079949937487054
8.23694,5.3586916148148145,21.85295606266043
8.23794,4.677348287777777,18.972940955694146
8.23894,4.10517274074074,16.31142619320489
8.23994,3.5659904962962963,14.054236730564881
8.24094,3.0710466074074074,12.222004774486889
8.24194,2.6090845888888885,10.718273342286759
8.24294,2.375923977777777,9.683962362755977
8.24394,2.116439641481482,8.797778317250094
8.24494,1.9390761259259262,8.115977838107115
8.24594,1.81227957,7.588602478020702
8.24694,1.6045354585185183,7.0031983560183
8.24794,1.5412442607407402,6.719812561500035
8.24894,1.4888747037037038,6.482196110515181
8.24994,1.413469148148148,6.235938189635344
8.25094,1.3145634696296296,5.897941073835152
8.25194,1.3458767222222223,5.735163466568063
8.25294,1.2312964555555554,5.710564657573774
8.25394,1.178081614814815,5.59024819667575
8.25494,1.2120109296296298,5.551414831628714
8.25594,1.1469071314814816,5.445621843319336
8.25694,1.0923909444444444,5.3577211099059845
8.25794,1.021017841851852,5.1695366115978025
8.25894,1.0043998444444446,5.057832958387552
8.25994,0.9465583074074075,4.8825729085788705
8.26094,0.8955553248148149,4.740409602055519
8.26194,0.8865776037037036,4.61017462722177
8.26294,0.853746944925926,4.5249311248707995
8.26394,0.830767139259259,4.459620142436082
8.26494,0.7257448622222223,4.422951864737115
8.26594,0.6342610185185185,4.206777071700428
8.26694,0.6255970407407409,4.042378885974949
8.26794,0.6213807148148148,3.957521907034785
8.26894,0.6099716740740742,3.855509883264906
8.26994,0.4532013962962963,3.801561215414946
8.27094,0.3809630925925926,3.7312751485698907
8.27194,0.313025088888889,3.650947248956409
8.27294,0.2882902185185185,3.7183419775216455
8.27394,0.2506870555555556,3.6716948742324043
8.27494,0.1699652666666667,3.632262499123795
8.27594,0.206945637037037,3.6119651117162377
8.27694,0.23940363703703688,3.5144828988153836
8.27794,0.2008153740740741,3.4842983404173204
8.27894,0.13330272259259265,3.5026237863258607
8.27994,0.14989923333333338,3.5171369330500832
8.28094,0.1525464,3.559798572691056
8.28194,0.10546814074074068,3.601139459832161
8.28294,0.026830604074074102,3.593275462948723
8.28394,0.1010547333333334,3.5088127596273138
8.28494,0.05471267407407404,3.389312956359782
8.28594,0.015046005555555565,3.291073710704295
8.28694,0.0061176259259258965,3.3453219414145186
8.28794,0.03656265555555555,3.320804707955128
8.28894,0.03109647777777776,3.3233724320685387
8.28994,-0.022093577777777696,3.2449575108994497
8.29094,-0.05385104814814817,3.147941712651858
8.29194,-0.08834331851851855,3.1253369343724002
8.29294,-0.09637778148148153,3.1282621439567246
8.29394,-0.07123038111111109,3.1581796203823127
8.29494,-0.1741707407407407,3.0661711586902376
8.29594,-0.19228324814814815,2.874003861584908
8.29694,-0.21288703925925923,2.8381268955643875
8.29794,-0.1898292296296297,2.9054784390988
8.29894,-0.1938155414814815,2.949502689970428
8.29994,-0.20520237407407416,2.8717669278534146
8.30094,-0.23094857407407418,2.89847074706858
8.30194,-0.3067315666666667,2.9717857987668728
8.30294,-0.271392937037037,2.9614620733967474
8.30394,-0.2809627625185185,2.8644963386283813
8.30494,-0.29129342025925925,2.793545306899675
8.30594,-0.30736638148148154,2.7009720488727074
8.30694,-0.31987759777777774,2.6265210350997577
8.30794,-0.35742310851851855,2.553767166932628
8.30894,-0.2805450207407406,2.5858242229279336
8.30994,-0.3004424222222223,2.6624678411515914
8.31094,-0.27911903592592596,2.7073667853488357
8.31194,-0.27795777259259263,2.7479973609482897
8.31294,-0.2734801592592593,2.7169213682426876
8.31394,-0.25669587370370384,2.7060631125623305
8.31494,-0.32204327596296295,2.626170019518094
8.31594,-0.39535931444444444,2.582292657652425
8.31694,-0.3771277511111112,2.65418459135222
8.31794,-0.2955328592592594,2.7134892275799856
8.31894,-0.34360842222222215,2.7056070801506644
8.31994,-0.36116829629629627,2.6810941258417214
8.32094,-0.3513367888888888,2.694738456950436
8.32194,-0.41125852592592593,2.6829889325542293
8.32294,-0.4399986666666665,2.588035790999445
8.32394,-0.4051991233333333,2.673827373403293
8.32494,-0.3857802037037037,2.6918004134148688
8.32594,-0.40962054444444457,2.623338917348112
8.32694,-0.3957429666666666,2.65199775410204
8.32794,-0.4629396333333334,2.58479077987414
8.32894,-0.49770649259259275,2.6539990243814544
8.32994,-0.4707292518518519,2.64662406514492
8.33094,-0.37720873703703706,2.657007900262257
8.33194,-0.3623202791851853,2.6611642624486223
8.33294,-0.36398839481481493,2.620175220064876
8.33394,-0.37467678148148154,2.5749770998272807
8.33494,-0.3934938703703703,2.520022449178
8.33594,-0.4096188666666667,2.542242030237842
8.33694,-0.43529027592592595,2.6694151564234674
8.33794,-0.41231442962962966,2.720746841947773
8.33894,-0.5016902333333333,2.5717859779319765
8.33994,-0.5157929525925926,2.541236384740181
8.34094,-0.47204924814814814,2.539598352949806
8.34194,-0.44172280740740744,2.589866862141932
8.34294,-0.3844957407407408,2.600958482314828
8.34394,-0.41989693333333344,2.6203721011401693
8.34494,-0.4821090481481481,2.6127722678054064
8.34594,-0.4456313444444443,2.3813869514961516
8.34694,-0.44658733259259253,2.5189856885564628
8.34794,-0.43798981222222233,2.593449367626122
8.34894,-0.4607030259259259,2.4857556033941735
8.34994,-0.44764773703703714,2.5309656274192482
8.35094,-0.4089337774074074,2.5676269444695765
8.35194,-0.43143308518518525,2.556417274553181
8.35294,-0.4011330388888888,2.542141384530656
8.35394,-0.40668429999999994,2.6026180493011695
8.35494,-0.3934739474074075,2.6324688055591934
8.35594,-0.3706688074074074,2.6245406183346622
8.35694,-0.27266613703703707,2.5449213451034107
8.35794,-0.31570755555555546,2.4925292893654354
8.35894,-0.41377388851851854,2.5544009068279667
8.35994,-0.3862482296296297,2.4950991556798963
8.36094,-0.3144453851851852,2.479663299768339
8.36194,-0.354521311111111,2.499747579360967
8.36294,-0.30540353333333353,2.4436907993387535
8.36394,-0.31292300370370363,2.41512793670958
8.36494,-0.29418421481481494,2.3724110624833754
8.36594,-0.2756684333333334,2.49158539096877
8.36694,-0.2676106555555555,2.5840934672624023
8.36794,-0.32975549629629636,2.5804340295400956
8.36894,-0.28010129814814805,2.546964043813001
8.36994,-0.2199051666666665,2.4777749606204282
8.37094,-0.21732162222222218,2.2690588753230436
8.37194,-0.18699944074074074,2.3898526188470126
8.37294,-0.0936369274444445,2.401260897034434
8.37394,-0.0015286481481482095,2.4300718874075242
8.37494,0.03804062222222224,2.42227000701183
8.37594,0.24241415555555554,2.425234620263688
8.37694,0.39804117814814816,2.550110452962539
8.37794,0.4623534555555555,2.6683403858927246
8.37894,0.5823400037037038,2.726499366174284
8.37994,0.7319706777777776,2.8269839527022635
8.38094,0.9027981851851851,2.914886359155616
8.38194,0.9901069518518519,3.0536425259590723
8.38294,1.0929300185185187,3.1803384770814986
8.38394,1.1795197592592592,3.2303770472965816
8.38494,1.186707425925926,3.215405303739946
8.38594,1.282551307407407,3.173938247202253
8.38694,1.2875627592592591,3.1001369932335288
8.38794,1.161086259925926,3.0221726462493557
8.38894,1.1288850740740743,2.945839347284484
8.38994,1.1825887407407407,3.0019763050245762
8.39094,1.1677054814814818,3.015473900886023
8.39194,1.1104489259259258,3.056575855256589
8.39294,1.1117693333333332,3.076765591421747
8.39394,1.094468074074074,3.0396410206101874
8.39494,0.9740388703703705,3.059803619640324
8.39594,0.9526118148148147,3.172616468320197
8.39694,0.9533093333333335,3.086195470319463
8.39794,0.9584644444444445,3.085171025551784
8.39894,0.8634091481481482,3.1665641185431244
8.39994,0.772965925925926,3.1543689232103196
8.40094,0.8542705555555556,3.165098306622886
8.40194,0.9219812222222222,3.196709285665511
8.40294,0.9072230740740742,3.366005687786043
8.40394,0.9078700740740742,3.402253895653781
8.40494,0.9168733333333334,3.617257585570265
8.40594,0.9682090925925925,3.947590402608744
8.40694,0.9783014074074075,4.435715340166757
8.40794,1.1047065925925927,5.094443612491098
8.40894,1.2485378703703705,5.95686636165278
8.40994,1.3659759629629629,7.006517901488131
8.41094,1.6004150666666666,8.440641168462337
8.41194,1.919748048148148,9.941808264509053
8.41294,2.239369425925926,11.791221581368971
8.41394,2.6074089433333336,13.93886427366006
8.41494,2.984648518518519,16.274717266473555
8.41594,3.4054837851851856,18.70940489948592
8.41694,3.935459988888889,20.973761754395053
8.41794,4.249406518518518,22.943420029808202
8.41894,4.525412777777778,24.3862194483445
8.41994,4.644749814814814,25.23832914526251
8.42094,4.6470257037037035,25.40812997983724
8.42194,4.486297103703705,24.849457915030932
8.42294,4.1962721444444435,23.66269354434848
8.42394,3.843991,21.993660916577856
8.42494,3.4220723,20.005369977801156
8.42594,3.0082589666666673,17.863710123706873
8.42694,2.4837938000000004,15.771160582509676
8.42794,2.0842932259259257,13.84661448953594
8.42894,1.7651045333333333,12.167957862961705
8.42994,1.4506491814814813,10.7094114858314
8.43094,1.1863225444444443,9.585742223580773
8.43194,1.0553914518518521,8.599619164610452
8.43294,0.947741088888889,7.907648092868991
8.43394,0.920376622592593,7.641202819368106
8.43494,0.8621210629629632,7.577646025530858
8.43594,0.8211148022222219,7.6480314425628375
8.43694,0.8038928740740743,7.903205846621031
8.43794,0.9406149651851847,8.48252459264441
8.43894,1.1686598777777777,9.285038997371037
8.43994,1.4245935851851852,10.36076282063481
8.44094,1.6268548262962965,11.72797335422228
8.44194,1.995545262962963,13.23950967201319
8.44294,2.4020684962962973,15.031711632491605
8.44394,2.8190669481481474,17.06994190346251
8.44494,3.227557885185186,19.184581073257938
8.44594,3.5611437625925935,21.272479585953413
8.44694,3.8697337555555555,22.902470749368863
8.44794,4.152585529629629,24.135506368497428
8.44894,4.327408744444445,24.693598568592982
8.44994,4.273455927814815,24.680883551577125
8.45094,4.101078892592593,24.003399604111962
8.45194,3.8285478803703694,22.705481805879657
8.45294,3.4593837077777776,21.039883892326102
8.45394,3.069810004444445,19.036197579180197
8.45494,2.6879045111111113,16.93583024849225
8.45594,2.3049715385185183,14.811721919346615
8.45694,1.9500225244444447,12.896359375764016
8.45794,1.5351262851851852,11.17065348975503
8.45894,1.2291586717777778,9.715800129432674
8.45994,0.952849321851852,8.495617678250197
8.46094,0.6578370503703704,7.451749628847893
8.46194,0.46919537555555557,6.594199532745415
8.46294,0.43937058518518524,5.9119340491661445
8.46394,0.2629878792592593,5.33114592891064
8.46494,0.1502902837037038,4.911257963356712
8.46594,0.06107457777777773,4.608593833609081
8.46694,0.005958944444444435,4.3385013577874325
8.46794,-0.04244203333333325,4.075753469975047
8.46894,-0.11535839000000003,3.833438527735515
8.46994,-0.1437635811111112,3.7046720750967164
8.47094,-0.18874600370370384,3.5594025432056937
8.47194,-0.17656417407407407,3.438457734358813
8.47294,-0.21060982407407405,3.424500329643613
8.47394,-0.23192805555555557,3.245075582589084
8.47494,-0.2713620296296298,3.077405446448333
8.47594,-0.2673092185185186,3.037970911602354
8.47694,-0.2997625914814815,3.0534760307064244
8.47794,-0.36692185555555556,2.9804656871130657
8.47894,-0.37078798555555564,2.9651889313224267
8.47994,-0.44636204074074076,2.9460849047599855
8.48094,-0.42209394444444437,2.865878103364599
8.48194,-0.45854745370370364,2.825333338487252
8.48294,-0.4943458444444446,2.7622634276550975
8.48394,-0.5052381385185185,2.6922759464193216
8.48494,-0.5068450328148147,2.7154699492749654
8.48594,-0.5558833703703703,2.8476662448730434
8.48694,-0.5311402533333335,2.762490147073018
8.48794,-0.5817875255555555,2.70580270262779
8.48894,-0.5954911407407407,2.607415055097636
8.48994,-0.5740742607407407,2.5303351160643364
8.49094,-0.556650374074074,2.557820120670344
8.49194,-0.6175546559259261,2.578912737712074
8.49294,-0.6438083999999997,2.6189689517788675
8.49394,-0.6275037125925925,2.6947470985487403
8.49494,-0.6169221592592592,2.703409690804713
8.49594,-0.6116118074074074,2.653374298832823
8.49694,-0.5980464296296297,2.5848580759350357
8.49794,-0.5640759962962962,2.554872887984165
8.49894,-0.5272164148148148,2.530058517697616
8.49994,-0.5414763814814815,2.4521960334875215
8.50094,-0.6494359685185186,2.409132780033335
8.50194,-0.6264013062962964,2.426308325450691
8.50294,-0.6339137125925924,2.4966060134572055
8.50394,-0.6776453888888889,2.513492301978422
8.50494,-0.5751703199999999,2.4963743667821348
8.50594,-0.6934965296296295,2.560647419631227
8.50694,-0.6267807925925927,2.557488996316288
8.50794,-0.5939158777777778,2.4635244049580223
8.50894,-0.6969743444444446,2.547092773522774
8.50994,-0.7777766074074073,2.526863384237812
8.51094,-0.7213551629629629,2.4502963392800896
8.51194,-0.7093541666666666,2.396555458263123
8.51294,-0.7769599333333334,2.3546532689507482
8.51394,-0.7572979033333335,2.2400390435688937
8.51494,-0.7728152166666667,2.396324126662839
8.51594,-0.8109362766666665,2.5679999076064983
8.51694,-0.7729139037037037,2.5567917513207514
8.51794,-0.7168599000000001,2.581683428769855
8.51894,-0.6846178777777778,2.4794461360487334
8.51994,-0.6711076222222222,2.4496891456071292
8.52094,-0.7280378059259257,2.4232952567964645
8.52194,-0.6901477407407407,2.439333443673951
8.52294,-0.649871871111111,2.477003903835305
8.52394,-0.7139071774074074,2.4898139551514595
8.52494,-0.6988213925925926,2.417391882836727
8.52594,-0.6173877955555557,2.400471869078953
8.52694,-0.6496381185185185,2.295258040836199
8.52794,-0.7522876296296295,2.278778542226706
8.52894,-0.8076833144444445,2.380380205549628
8.52994,-0.7624654037037037,2.4569352316354927
8.53094,-0.6463375755555556,2.3860647308815413
8.53194,-0.7067496322222223,2.3799893344576053
8.53294,-0.7402679518518519,2.3375007361077422
8.53394,-0.7935447748148148,2.373049316891842
8.53494,-0.7943660302962963,2.3944809105698255
8.53594,-0.7806392581851852,2.3623659937641004
8.53694,-0.7620049222222222,2.3547899215860753
8.53794,-0.7311506314814815,2.3838186645557053
8.53894,-0.6885220803703703,2.3669482791064165
8.53994,-0.7288797703703702,2.3197249939398863
8.54094,-0.7216214325925926,2.2301855974321794
8.54194,-0.6706633777777777,2.3176098354931796
8.54294,-0.6977889833333331,2.417538092668963
8.54394,-0.7161718777777777,2.4360697867768693
8.54494,-0.7950409455555557,2.3122930410482474
8.54594,-0.7798769592592593,2.3936666566097675
8.54694,-0.7769773259259258,2.4953722076457963
8.54794,-0.8041475703703704,2.423632710792275
8.54894,-0.8526724007407409,2.383055856225233
8.54994,-0.7660598674074074,2.3653063404045604
8.55094,-0.6740349796296295,2.3527822510238097
8.55194,-0.6330392807407408,2.4041869830046325
8.55294,-0.6518759148148149,2.519755886913597
8.55394,-0.7128763370370371,2.442098594996731
8.55494,-0.7214150481481483,2.4124708982204397
8.55594,-0.6960266333333335,2.252208039322163
8.55694,-0.7121099662962963,2.273030500325749
8.55794,-0.6878699259259261,2.352541025010927
8.55894,-0.6766693592592593,2.3819382609805153
8.55994,-0.7619649311111111,2.341269163795432
8.56094,-0.717773762962963,2.344043379655256
8.56194,-0.7568729,2.370274409902416
8.56294,-0.7162661929629629,2.385564461963948
8.56394,-0.6311806370370371,2.3306377659601867
8.56494,-0.7249953888888889,2.416840713212734
8.56594,-0.8566351259259259,2.401159423915575
8.56694,-0.7752437370370369,2.382772641939312
8.56794,-0.6794473703703702,2.3741972746975653
8.56894,-0.7547252333333333,2.4724642233936875
8.56994,-0.767284745925926,2.4100139187495824
8.57094,-0.7463446403555556,2.3857827937070266
8.57194,-0.7500793740740741,2.344553621822446
8.57294,-0.7339039259259258,2.256077647480061
8.57394,-0.720840274074074,2.21472070680216
8.57494,-0.679053674074074,2.27510854372661
8.57594,-0.7230740481481481,2.301181103017764
8.57694,-0.6598625740740741,2.1739080900386356
8.57794,-0.705671952962963,2.3306991033207365
8.57894,-0.7428166296296297,2.374373522036446
8.57994,-0.7227331703703703,2.3902308910174592
8.58094,-0.7419149481481481,2.4819217572978505
8.58194,-0.781413202962963,2.513524732517649
8.58294,-0.7422892962962963,2.474697030410677
8.58394,-0.7543309037037038,2.378474038801556
8.58494,-0.7784258962962961,2.3215890283747274
8.58594,-0.7499394937037037,2.3205287124425245
8.58694,-0.7108070666666667,2.2596741349939875
8.58794,-0.7162284874074074,2.308376005077867
8.58894,-0.7842420888888889,2.3449219651803306
8.58994,-0.7518424259259258,2.415710561392932
8.59094,-0.7852107974074073,2.3533049585451016
8.59194,-0.8668147851851851,2.3332020333685097
8.59294,-0.8423878111111113,2.3594881988796486
8.59394,-0.7798566851851852,2.4408339770086394
8.59494,-0.7213021407407405,2.3393669169923315
8.59594,-0.714964,2.426027439997023
8.59694,-0.7239620925925926,2.386568585727332
8.59794,-0.6806268292592593,2.335333878437853
8.59894,-0.7283775481481484,2.3003776023490836
8.59994,-0.7818782222222223,2.348049534231654
8.60094,-0.7168999835185185,2.3507359399205376
8.60194,-0.7816240592592594,2.3253796729414185
8.60294,-0.7297196666666665,2.3320764383547714
8.60394,-0.752911812962963,2.4243075678178947
8.60494,-0.7434678925925927,2.408473417603834
8.60594,-0.7102599333333335,2.4052011029431903
8.60694,-0.7088088074074073,2.427067216038658
8.60794,-0.7141189648148148,2.412831689149841
8.60894,-0.6755762222222222,2.394907200933194
8.60994,-0.7170386848148147,2.522907558278754
8.61094,-0.6885424740740741,2.613675296541532
8.61194,-0.6847733481481483,2.5282115187429572
8.61294,-0.6491443988888889,2.4471233980643916
8.61394,-0.6622816214814814,2.4471388492055683
8.61494,-0.7051742759259257,2.4501770669199465
8.61594,-0.6918270222222225,2.4824349636487595
8.61694,-0.662309585185185,2.446558202833805
8.61794,-0.7404682592592593,2.454637343858885
8.61894,-0.7979021000000002,2.4826503193867215
8.61994,-0.7699609759259259,2.4050171463148633
8.62094,-0.6685499777777778,2.400920269760305
8.62194,-0.6603930766666666,2.4231496366881533
8.62294,-0.583476256037037,2.463324330199187
8.62394,-0.6707612222222222,2.471577700156297
8.62494,-0.7044064296296297,2.461984295302687
8.62594,-0.6982587185185186,2.4250958218324663
8.62694,-0.6584741444444445,2.3238368307800985
8.62794,-0.6046134244444445,2.3485488936143417
8.62894,-0.5766860277777778,2.398822717071426
8.62994,-0.667372058888889,2.435645618632022
8.63094,-0.6861449185185186,2.4267537661085488
8.63194,-0.7584048814814816,2.442947838681301
8.63294,-0.8122214925925927,2.449353492523481
8.63394,-0.7794837518518518,2.4891693918375783
8.63494,-0.709560251851852,2.3986872569793154
8.63594,-0.7019563037037038,2.3323003310820245
8.63694,-0.710239585185185,2.2821666616878207
8.63794,-0.7964090925925925,2.2983404389301625
8.63894,-0.719154562962963,2.246655563503673
8.63994,-0.7308427851851851,2.265692436025381
8.64094,-0.7033593814814816,2.3361646250921293
8.64194,-0.7398229333333333,2.322510747113883
8.64294,-0.7592022777777777,2.278557235875931
8.64394,-0.8005096762962963,2.2653265419904365
8.64494,-0.7621311296296297,2.3245330848693904
8.64594,-0.7251141037037037,2.4263404894296006
8.64694,-0.7323844851851852,2.5045707926945386
8.64794,-0.7848452877777778,2.5473054524562095
8.64894,-0.6987440418518519,2.525836562027194
8.64994,-0.6733668253703705,2.5718320678422577
8.65094,-0.6617996333333332,2.6187653374693847
8.65194,-0.5983002222222221,2.7189205685540765
8.65294,-0.5632712185185186,2.860399637940016
8.65394,-0.5659496392592592,2.9666286140695335
8.65494,-0.5750837685185185,3.0932156693793376
8.65594,-0.4444847462962962,3.374139088603464
8.65694,-0.3106573888888888,3.6984338400609533
8.65794,-0.10858200318518521,4.209851845815686
8.65894,0.012507539259259124,4.984102630419566
8.65994,0.20644083333333332,5.9789278069531635
8.66094,0.426694925925926,7.357650698936729
8.66194,0.7277496962962962,8.852054559415368
8.66294,1.1129076629629626,10.71956198507189
8.66394,1.5538848777777774,13.238818223153439
8.66494,2.1180583999999993,16.17050017675196
8.66594,2.868884963333334,19.900738875556424
8.66694,3.7444250185185193,24.229005409212654
8.66794,4.63995304074074,28.82235688337967
8.66894,5.544673351851851,33.451366068195924
8.66994,6.2917091925925925,36.90967424943246
8.67094,6.78549315925926,39.379132805410705
8.67194,7.07753662962963,40.8708174655745
8.67294,7.163987861851853,41.55243242733204
8.67394,7.290307477777777,41.98399199154623
8.67494,7.297523329629631,42.18130279500511
8.67594,7.194400285185185,41.62901540003747
8.67694,6.930129480185184,40.12858268055026
8.67794,6.450750751851853,37.51794367908104
8.67894,5.7740135703703706,33.89234744571431
8.67994,4.870718681481484,29.64761423008528
8.68094,4.113533522222223,25.61995445890454
8.68194,3.342767622222222,21.70953685507235
8.68294,2.6742530555555555,18.32129920721648
8.68394,2.1550065259259257,15.491425084257074
8.68494,1.6218866796296287,13.084524541677544
8.68594,1.2031641666666664,11.203047084925709
8.68694,0.9030706777777782,9.682611097739912
8.68794,0.6464713148148148,8.372972252374623
8.68894,0.4494621296296298,7.4309834699551685
8.68994,0.30224110629629636,6.66849531500441
8.69094,0.1652723888888889,6.0142639208224145
8.69194,-0.001055407407407473,5.51437625508558
8.69294,-0.09590028148148155,5.193092586102536
8.69394,-0.12813334814814817,4.876180516187039
8.69494,-0.1877670037037038,4.6240700575503215
8.69594,-0.2589905074074073,4.39858219887032
8.69694,-0.26464681481481483,4.17056735736051
8.69794,-0.3349129629629631,4.012446851098336
8.69894,-0.3505839925925926,3.8664462833809363
8.69994,-0.3295737555555555,3.6769067272768043
8.70094,-0.4093225518518517,3.586730936577254
8.70194,-0.43984451111111106,3.5131560784614075
8.70294,-0.3910322296296296,3.4649732017435433
8.70394,-0.41139718148148147,3.4058041896342983
8.70494,-0.45290500740740747,3.419205318602237
8.70594,-0.49621334074074075,3.2165360347235765
8.70694,-0.5194744185185185,3.111476299824092
8.70794,-0.4957014111111111,2.987128818068097
8.70894,-0.5483149729629628,2.924357496020087
8.70994,-0.500939847037037,3.0145619408695485
8.71094,-0.49229074814814805,3.00137965262197
8.71194,-0.5462673259259261,2.8626342098786237
8.71294,-0.5413487518518519,2.7737856186929037
8.71394,-0.5484901888888889,2.7899804146711675
8.71494,-0.48372128522222224,2.8044147784038387
8.71594,-0.4365325222222222,2.781847828520878
8.71694,-0.4270928296296295,2.8160624031562356
8.71794,-0.3786949703703702,2.861535754721236
8.71894,-0.5224152794074073,2.7833217233801224
8.71994,-0.5299288925925926,2.661093794287529
8.72094,-0.5331262407407406,2.620102137836495
8.72194,-0.5199161703703703,2.6450460855204194
8.72294,-0.5459676777777778,2.735281480551056
8.72394,-0.5544156814814813,2.716556597874077
8.72494,-0.5377704925925926,2.6799453099173323
8.72594,-0.4877387703703704,2.6528532155991162
8.72694,-0.5290145814814815,2.5615165135931015
8.72794,-0.5825742,2.5040826902101054
8.72894,-0.6492627999999999,2.564371517187213
8.72994,-0.6087795814814814,2.560844705363698
8.73094,-0.6281923777777779,2.48618998483386
8.73194,-0.751121462962963,2.4521400926572827
8.73294,-0.7250569111111113,2.431577085147345
8.73394,-0.6953079555555556,2.3575840378434836
8.73494,-0.7533537777777776,2.512145059406139
8.73594,-0.7393217925925926,2.4817603683453267
8.73694,-0.7404774518518518,2.5015534806909296
8.73794,-0.7392302185185184,2.492979117215955
8.73894,-0.7811637037037038,2.3819420276460193
8.73994,-0.7493929033333333,2.352412877920384
8.74094,-0.7461367481481481,2.3677413706723445
8.74194,-0.7602652687777777,2.4392343078213203
8.74294,-0.8001505074074073,2.4370965896686694
8.74394,-0.8524985074074073,2.462928619694537
8.74494,-0.8810528148148149,2.524367294376055
8.74594,-0.7970142444444446,2.47484818958822
8.74694,-0.7651011274074074,2.3926557469724505
8.74794,-0.8439044444444442,2.4389049963752227
8.74894,-0.8784769518518517,2.407270129512299
8.74994,-0.8904308740740741,2.279485446395023
8.75094,-0.9060311222222223,2.282146492061671
8.75194,-0.8303898962962962,2.308219631766075
8.75294,-0.8588138074074075,2.3516753860255695
8.75394,-0.8164306674074072,2.2896467683988715
8.75494,-0.7929750703703703,2.276007011067284
8.75594,-0.7983316333333332,2.386164746841657
8.75694,-0.8586227296296296,2.3799767677965598
8.75794,-0.842297437037037,2.3927071592781437
8.75894,-0.794007825925926,2.380027796973561
8.75994,-0.7982238937037036,2.4501691710339384
8.76094,-0.8342911377777776,2.412685988755061
8.76194,-0.8421749944444444,2.351698890290886
8.76294,-0.855901574074074,2.331077653670186
8.76394,-0.7565500777777779,2.3431090340315843
8.76494,-0.7593775851851853,2.292834653416473
8.76594,-0.7704467666666667,2.2721445704861383
8.76694,-0.8115388296296296,2.2303704388735808
8.76794,-0.801035974074074,2.232969980575979
8.76894,-0.7892018037037039,2.229640915698641
8.76994,-0.7900838222222222,2.281185827878353
8.77094,-0.752505414814815,2.340800034269801
8.77194,-0.7153967222222222,2.3901628902222107
8.77294,-0.7650459518518518,2.3042722809696556
8.77394,-0.7648596288888888,2.2889476420269785
8.77494,-0.8406760368888888,2.32614403269561
8.77594,-0.8497827703703704,2.3362095092369146
8.77694,-0.8237646795555554,2.3897998079904728
8.77794,-0.8015920851851852,2.4383202889338595
8.77894,-0.8173442925925924,2.28068499134408
8.77994,-0.8308080544444444,2.279411279908177
8.78094,-0.8412847662962961,2.372115672913682
8.78194,-0.8441636292592593,2.2792104280635983
8.78294,-0.8143654740740741,2.208657118893917
8.78394,-0.7938338111111111,2.34853404935613
8.78494,-0.8129583259259261,2.4226566178454187
8.78594,-0.7827992000000001,2.4413390729567124
8.78694,-0.8047911481481482,2.339344981364466
8.78794,-0.7892637518518519,2.276973352885678
8.78894,-0.8007733444444441,2.2684714280250744
8.78994,-0.8692615551851852,2.3315498159729695
8.79094,-0.829831262962963,2.323891061845928
8.79194,-0.8358829037037038,2.367210203318615
8.79294,-0.8235910644444445,2.406615597806235
8.79394,-0.8161277777777777,2.3208415721882956
8.79494,-0.8526962555555556,2.4253441542262872
8.79594,-0.9350008246296297,2.4069149332441406
8.79694,-0.9048633555555555,2.376578505460045
8.79794,-0.8766105074074072,2.3235047438364336
8.79894,-0.8905137851851853,2.232294873051927
8.79994,-0.8022214292592593,2.342327350182437
8.80094,-0.8304774703703705,2.381605978409742
8.80194,-0.8351827137037037,2.3226179061953287
8.80294,-0.809118827037037,2.2430396778147905
8.80394,-0.7984508481481483,2.2220768385735448
8.80494,-0.7987924207407407,2.2875142645502837
8.80594,-0.8638196351851852,2.325182707173658
8.80694,-0.898041817037037,2.4414105669530883
8.80794,-0.8765359755555555,2.414254667613622
8.80894,-0.8440319474074073,2.327486571481175
8.80994,-0.8113648888888888,2.260212081480964
8.81094,-0.7524446296296295,2.234324176362283
8.81194,-0.7889074444444445,2.213181608883679
8.81294,-0.8535871759259258,2.2530414185616734
8.81394,-0.8181142962962964,2.3112946908956054
8.81494,-0.7624319037037037,2.321256674188208
8.81594,-0.7557050292592593,2.310353691408647
8.81694,-0.6675128651851852,2.270324933825005
8.81794,-0.7184768592592592,2.1971344110600626
8.81894,-0.7524260555555556,2.239557310594782
8.81994,-0.7496674,2.312044482966538
8.82094,-0.7701403925925925,2.39738679101726
8.82194,-0.7493817444444445,2.4103083358536495
8.82294,-0.6948179740740742,2.3433137472292014
8.82394,-0.6948539507407409,2.292362624090293
8.82494,-0.730320148148148,2.3613880754782586
8.82594,-0.7919172037037038,2.3895880540050958
8.82694,-0.7313138444444444,2.3530267663746858
8.82794,-0.7059083370000002,2.391041095788894
8.82894,-0.7657807629629629,2.3006430276786642
8.82994,-0.7570931851851852,2.243381252691885
8.83094,-0.7715585592592592,2.235996427143552
8.83194,-0.7716062185185185,2.3219981782085237
8.83294,-0.8357957618518519,2.445888846709925
8.83394,-0.8738504185185186,2.390317517982899
8.83494,-0.7740339983333333,2.326587148175902
8.83594,-0.730570021111111,2.3559180689028185
8.83694,-0.6577183074074076,2.34168538351996
8.83794,-0.6750480407407408,2.3274618561066425
8.83894,-0.6456863148148148,2.4145979330483045
8.83994,-0.6361898370370369,2.4557999348052983
8.84094,-0.6204562148148148,2.4436184989077203
8.84194,-0.6484378777777775,2.615904178470593
8.84294,-0.6197252999999999,2.6935564479534015
8.84394,-0.5396174111111111,2.691692938715962
8.84494,-0.5143374999999999,2.6973449677216217
8.84594,-0.5073626467037038,2.8433906949465255
8.84694,-0.5508454259259259,2.892214449621665
8.84794,-0.5054503629629628,3.0146894555924066
8.84894,-0.37557350740740736,3.17643289223714
8.84994,-0.41951795518518514,3.510237268605062
8.85094,-0.3143902592592593,3.7872410674475074
8.85194,-0.21776020000000007,4.082027386899559
8.85294,-0.1326715148148147,4.6304973696041065
8.85394,0.03104604814814791,5.329659080310342
8.85494,0.29706242222222207,6.250640641232532
8.85594,0.5105724,7.285312731093473
8.85694,0.7440986999999999,8.626246114508271
8.85794,0.9761861333333334,10.03740493442305
8.85894,1.3169104851851854,11.75985264606406
8.85994,1.7380108229629623,13.849730061810115
8.86094,2.173136385185185,16.06337783777513
8.86194,2.666565013333334,18.59972964478688
8.86294,3.255312070370371,21.221534907999153
8.86394,3.6629298481481474,23.510988084186987
8.86494,3.925099725925927,25.253972686709645
8.86594,4.05312495925926,26.107351863595103
8.86694,4.02039067962963,25.85201255340953
8.86794,3.87118041111111,24.66446183707037
8.86894,3.5148337518518513,23.00612874762063
8.86994,3.0184104074074076,20.874536233302475
8.87094,2.508980537037037,18.61942671034415
8.87194,2.1900071444444444,16.49703252950969
8.87294,1.859393292592593,14.4824005954282
8.87394,1.5377508185185182,12.875574585810593
8.87494,1.2166845925925924,11.492454336750733
8.87594,0.9412691703703705,10.311001992789036
8.87694,0.7706456629629629,9.358383605242926
8.87794,0.7105760703703703,8.765755087069323
8.87894,0.6461043814814813,8.439480860594749
8.87994,0.4742673077777777,8.25623318456619
8.88094,0.4938613540370371,8.334394891315181
8.88194,0.6280929703703704,8.63812199051008
8.88294,0.7212419444444446,9.10794848953899
8.88394,0.8973977148148149,9.799357774168648
8.88494,1.0092784296296295,10.786526991911249
8.88594,1.2952129555555556,12.050612212894501
8.88694,1.656571481851852,13.598111088889722
8.88794,1.9742103777777773,15.290985331974063
8.88894,2.4029681551851856,17.294110877310953
8.88994,2.7538710803703697,19.425963185378286
8.89094,3.165766129629629,21.540580101710194
8.89194,3.4886183222222225,23.45058277548784
8.89294,3.7945628444444455,24.54470082328007
8.89394,3.893350095185186,24.94658604746221
8.89494,3.72501815925926,24.35589651998789
8.89594,3.4692101740740746,23.00973520793231
8.89694,3.058599607407407,21.13123827319872
8.89794,2.678952911111111,18.975471217006564
8.89894,2.276434081481481,16.84239675980323
8.89994,1.8519213666666672,14.680400183050333
8.90094,1.400466388888889,12.739129981091455
8.90194,1.0761252962962962,11.197779690274698
8.90294,0.8102368888888886,9.815580585856297
8.90394,0.5609016962962964,8.684919863239232
8.90494,0.40095878888888886,7.63721297364184
8.90594,0.2195842074074074,6.866105670199467
8.90694,0.03764012592592591,6.197783957166569
8.90794,-0.08658139222222208,5.5491147642274194
8.90894,-0.06591249259259262,5.125585080267669
8.90994,-0.1073714185185185,4.83825127846419
8.91094,-0.21581889629629636,4.5550279703593
8.91194,-0.2199668962962963,4.289331978156633
8.91294,-0.24624298440740744,4.024018076979271
8.91394,-0.3478974777777778,3.9111091299080294
8.91494,-0.3682819407407407,3.7160205534847925
8.91594,-0.4617043962962962,3.5518702276043856
8.91694,-0.5478456925925926,3.4436528159498634
8.91794,-0.5537482703703703,3.232087448401679
8.91894,-0.5511586577777778,3.1351517826076507
8.91994,-0.6093205,3.1491350435503893
8.92094,-0.6129028629629629,3.077446140605093
8.92194,-0.594099625925926,2.944127505067804
8.92294,-0.5759035629629629,2.9036575667287536
8.92394,-0.6958275925925926,2.922598452810764
8.92494,-0.7530010407407408,2.9280889504234047
8.92594,-0.7185527785185186,2.843110443952277
8.92694,-0.7086609651851852,2.841351273093068
8.92794,-0.7348065185185185,2.7548280881802616
8.92894,-0.7251501037037036,2.7430261992746865
8.92994,-0.8003702555555555,2.641870799325657
8.93094,-0.7943609555555554,2.637862508630112
8.93194,-0.8506194148148147,2.6491786207101584
8.93294,-0.7912844370370371,2.668090756842675
8.93394,-0.7797808851851853,2.5818979389553416
8.93494,-0.760448607037037,2.5503070214131274
8.93594,-0.7523141455555554,2.4470453615114427
8.93694,-0.7820701392592592,2.4599798504377635
8.93794,-0.7613877696296297,2.4885383566421693
8.93894,-0.7828386259259261,2.4387419323170603
8.93994,-0.7528304703703704,2.3912815241816
8.94094,-0.7260848703703705,2.4727139885137075
8.94194,-0.799652148148148,2.441622909608912
8.94294,-0.799456185185185,2.441618078331587
8.94394,-0.8130592814814815,2.5144552050423523
8.94494,-0.8403658444444445,2.5577674730523343
8.94594,-0.8424322370370371,2.5733070432805234
8.94694,-0.8909600407407405,2.500827322769289
8.94794,-0.8408912629629628,2.507213037344336
8.94894,-0.8106822703703706,2.5544797674965523
8.94994,-0.7382139592592593,2.3992930698481247
8.95094,-0.7730459407407407,2.4751963800137333
8.95194,-0.806082648148148,2.4857208713530268
8.95294,-0.8127049844444444,2.5217649896852596
8.95394,-0.8659800814814814,2.5407441007108504
8.95494,-0.872164698148148,2.42209942568913
8.95594,-0.868249128888889,2.445351285197094
8.95694,-0.8543442481481482,2.3426216317696764
8.95794,-0.8539080148148147,2.3434349325654686
8.95894,-0.8687865288888889,2.402244130739145
8.95994,-0.8723726074074074,2.3417397068769934
8.96094,-0.8785378703703707,2.319676310463999
8.96194,-0.8872811466666667,2.3489745901435097
8.96293,-0.9128695666666666,2.3993972589206405
8.96393,-0.9090210259259257,2.33351408704482
8.96493,-0.8950059814814815,2.394242938269429
8.96593,-0.8455712985185185,2.377255846530474
8.96693,-0.8150762185185185,2.300293674858934
8.96793,-0.8899094333333333,2.3220926015493277
8.96893,-0.9110089407407406,2.2955190444672735
8.96993,-0.8632437399999999,2.2874876759262412
8.97093,-0.8099306348148146,2.303568222742471
8.97193,-0.8225494888888889,2.2830046437527387
8.97293,-0.8291275740740741,2.279588264544745
8.97393,-0.8417271185185187,2.282159190328381
8.97493,-0.8642343622222222,2.2633936546136133
8.97593,-0.9536425962962964,2.2398461962385374
8.97693,-0.9227543333333332,2.2584805148050813
8.97793,-0.9123020259259259,2.303824560315632
8.97893,-0.9757655951851852,2.3561967008738374
8.97993,-1.011573585185185,2.4133060787629192
8.98093,-0.9187313629629631,2.2775172888177817
8.98193,-0.9236075925925925,2.225987190276372
8.98293,-0.8896301814814817,2.1988966253265168
8.98393,-0.8693339,2.3370776526385906
8.98493,-0.9464574592592593,2.4091713864882323
8.98593,-0.9275152740740741,2.305698142962803
8.98693,-0.8885121370370371,2.1283106052383665
8.98793,-0.8633259814814814,2.1888883118385
8.98893,-0.8657648962962964,2.253289369018599
8.98993,-0.8529088851851852,2.206153568808692
8.99093,-0.9316892592592593,2.2432973267813767
8.99193,-0.9658379903703704,2.3139924072491387
8.99293,-0.8980538029629632,2.290740204932801
8.99393,-0.8365900925925925,2.267794906138846
8.99493,-0.8913375740740741,2.262861244783582
8.99593,-0.8799009481481482,2.2497756204920294
8.99693,-0.9046758981481482,2.2163209300472495
8.99793,-0.8945331703703703,2.2513371732934835
8.99893,-0.9136554444444445,2.1897548532971185
8.99993,-0.9446985718518518,2.1881295074667837
